k,m,n,fout_hz,fvco_hz,method,design_crossover_hz,window,high_hz,reference_fs,reference_buffer_fs,sampler_fs,charge_pump_fs,retimer_fs,output_buffer_fs,vco_fs,filter_resistor_fs,total_fs,below_200fs_in_hypothesis
9,14,126,216000000,3024000000,hybrid,200000,10k_to_10M,10000000,26.90084117640586,16.02458827878764,15.67275760850687,14.056395698751645,6.3213922517116385,6.3213922517116385,288.3585756387096,98.27399390277884,307.10263153966395,False
9,14,126,216000000,3024000000,hybrid,200000,10k_to_fout_over_2,108000000.0,26.90109643042509,16.02475536298946,15.6729210242621,14.05654226112288,20.783647418102536,20.783647418102536,289.4519463935479,98.27524451942669,309.3995177173692,False
10,12,120,240000000,2880000000,hybrid,200000,10k_to_10M,10000000,26.90084117640586,16.02458827878764,16.456395488932213,14.759215483689225,6.3213922517116385,6.3213922517116385,302.7765044206451,103.18769359791779,322.28918973326995,False
10,12,120,240000000,2880000000,hybrid,200000,10k_to_fout_over_2,120000000.0,26.90109647721873,16.024755393561364,16.456567106870914,14.759369402336825,21.907989410258544,21.907989410258544,303.9711353986231,103.18900703203758,324.7698595790312,False
11,12,132,264000000,3168000000,hybrid,200000,10k_to_10M,10000000,26.90084117640586,16.02458827878764,14.960359535392922,13.417468621535662,6.3213922517116385,6.3213922517116385,275.2513676551319,93.80699417992525,293.3040590585717,False
11,12,132,264000000,3168000000,hybrid,200000,10k_to_fout_over_2,132000000.0,26.90109650750927,16.024755413329554,14.96051557015617,13.417608564130934,22.977380181387108,22.977380181387108,276.3783460808534,93.80818838674422,296.0155357677353,False
12,10,120,288000000,2880000000,hybrid,200000,10k_to_10M,10000000,26.90084117640586,16.02458827878764,16.456395488932213,14.759215483689225,6.3213922517116385,6.3213922517116385,302.7765044206451,103.18769359791779,322.28918973326995,False
12,10,120,288000000,2880000000,hybrid,200000,10k_to_fout_over_2,144000000.0,26.90109652736975,16.024755426304186,16.45656714049603,14.759369432494122,23.999166652198586,23.999166652198586,304.0600651383038,103.1890073583777,325.14847965269513,False
13,10,130,312000000,3120000000,hybrid,200000,10k_to_10M,10000000,26.90084117640586,16.02458827878764,15.190518912860503,13.623891215713131,6.3213922517116385,6.3213922517116385,279.4860040805954,95.25017870577025,297.76122645942706,False
13,10,130,312000000,3120000000,hybrid,200000,10k_to_fout_over_2,156000000.0,26.90109654097476,16.024755435183696,15.190677368875216,13.624033329851509,24.979191339993395,24.979191339993395,280.71051297232407,95.25139149613611,300.858725019066,False
14,8,112,336000000,2688000000,hybrid,200000,10k_to_10M,10000000,26.90084117640586,16.02458827878764,17.631852309570228,15.813445161095597,6.3213922517116385,6.3213922517116385,324.4033975935483,110.55824314062619,345.0825980049008,False
14,8,112,336000000,2688000000,hybrid,200000,10k_to_fout_over_2,168000000.0,26.901096550330617,16.024755441295476,17.632036238454962,15.81361012103747,25.922191265400397,25.922191265400397,325.8700103969915,110.5596509185033,348.2815539716317,False
15,8,120,360000000,2880000000,hybrid,200000,10k_to_10M,10000000,26.90084117640586,16.02458827878764,16.456395488932213,14.759215483689225,6.3213922517116385,6.3213922517116385,302.7765044206451,103.18769359791779,322.28918973326995,False
15,8,120,360000000,2880000000,hybrid,200000,10k_to_fout_over_2,180000000.0,26.901096556980786,16.024755445636007,16.456567160348794,14.759369450299426,26.83207036365253,26.83207036365253,304.1870668615058,103.18900757659972,325.7096595171591,False
16,8,128,384000000,3072000000,hybrid,200000,10k_to_10M,10000000,26.90084117640586,16.02458827878764,15.42787077087395,13.836764515958649,6.3213922517116385,6.3213922517116385,283.85297289435476,96.73846274804792,302.35852614092846,False
16,8,128,384000000,3072000000,hybrid,200000,10k_to_fout_over_2,192000000.0,26.901096561699628,16.024755448718544,15.428031715794742,13.836908862317387,27.71209122386834,27.71209122386834,285.21406126104284,96.73969464060535,306.02531799358735,False
17,8,136,408000000,3264000000,hybrid,200000,10k_to_10M,10000000,26.90084117640586,16.02458827878764,14.52034896082254,13.022837191490492,6.3213922517116385,6.3213922517116385,267.1557391946868,91.04796493933921,284.78539009615235,False
17,8,136,408000000,3264000000,hybrid,200000,10k_to_fout_over_2,204000000.0,26.901096565136207,16.024755450961646,14.520500440427584,13.022973048709868,28.565013565549037,28.565013565549037,268.4728399483863,91.04912439523649,288.72206944885403,False
18,8,144,432000000,3456000000,hybrid,200000,10k_to_10M,10000000,26.90084117640586,16.02458827878764,13.71366290744351,12.299346236407688,6.3213922517116385,6.3213922517116385,252.31375368387089,85.98974466493148,269.17683340003475,False
18,8,144,432000000,3456000000,hybrid,200000,10k_to_fout_over_2,216000000.0,26.90109656762487,16.024755452587303,13.713805972906158,12.29947454725151,29.393196491705357,29.393196491705357,253.5914908264459,85.99083972709582,273.405918130547,False
19,6,114,456000000,2736000000,hybrid,200000,10k_to_10M,10000000,26.90084117640586,16.02458827878764,17.322521567297066,15.536016298620238,6.3213922517116385,6.3213922517116385,318.7121099164685,108.61862483991347,339.0829027109806,False
19,6,114,456000000,2736000000,hybrid,200000,10k_to_fout_over_2,228000000.0,26.901096569465242,16.024755453788565,17.32270228286424,15.536178376640231,30.198675467642627,30.198675467642627,320.3685182457045,108.62000809710109,343.1910900342367,False
20,6,120,480000000,2880000000,hybrid,200000,10k_to_10M,10000000,26.90084117640586,16.02458827878764,16.456395488932213,14.759215483689225,6.3213922517116385,6.3213922517116385,302.7765044206451,103.18769359791779,322.28918973326995,False
20,6,120,480000000,2880000000,hybrid,200000,10k_to_fout_over_2,240000000.0,26.90109657081434,16.024755454669823,16.456567169626023,14.759369458619886,30.983221265710906,30.983221265710906,304.39016800521205,103.18900770815077,326.63494158456575,False
21,6,126,504000000,3024000000,hybrid,200000,10k_to_10M,10000000,26.90084117640586,16.02458827878764,15.67275760850687,14.056395698751645,6.3213922517116385,6.3213922517116385,288.3585756387096,98.27399390277884,307.10263153966395,False
21,6,126,504000000,3024000000,hybrid,200000,10k_to_fout_over_2,252000000.0,26.9010965718204,16.0247554553265,15.672921114571812,14.056542342118778,31.748385785737202,31.748385785737202,289.9333788934683,98.27524544875868,311.7033793330544,False
22,6,132,528000000,3168000000,hybrid,200000,10k_to_10M,10000000,26.90084117640586,16.02458827878764,14.960359535392922,13.417468621535662,6.3213922517116385,6.3213922517116385,275.2513676551319,93.80699417992525,293.3040590585717,False
22,6,132,528000000,3168000000,hybrid,200000,10k_to_fout_over_2,264000000.0,26.901096572562004,16.024755455810926,14.960515609816259,13.417608599700811,32.49553815526063,32.49553815526063,276.79068900720273,93.80818884721315,298.17661351613,False
23,6,138,552000000,3312000000,hybrid,200000,10k_to_10M,10000000,26.90084117640586,16.02458827878764,14.30990912081062,12.834100420599329,6.3213922517116385,6.3213922517116385,263.2839168875175,89.72842921558069,280.71241906848985,False
23,6,138,552000000,3312000000,hybrid,200000,10k_to_fout_over_2,276000000.0,26.901096573116366,16.024755456172784,14.310058409712603,12.834234313047107,33.22589351695453,33.22589351695453,264.79071280384375,89.72957194860803,285.87303964453514,False
24,6,144,576000000,3456000000,hybrid,200000,10k_to_10M,10000000,26.90084117640586,16.02458827878764,13.71366290744351,12.299346236407688,6.3213922517116385,6.3213922517116385,252.31375368387089,85.98974466493148,269.17683340003475,False
24,6,144,576000000,3456000000,hybrid,200000,10k_to_fout_over_2,288000000.0,26.90109657352483,16.0247554564396,13.713805976202917,12.299474550208263,33.940536236188144,33.940536236188144,253.79062602945532,85.99083979033892,274.641281895369,False
25,6,150,600000000,3600000000,hybrid,200000,10k_to_10M,10000000,26.90084117640586,16.02458827878764,13.16511639114577,11.80737238695138,6.3213922517116385,6.3213922517116385,242.22120353651604,82.55015487833423,258.5705639296452,False
25,6,150,600000000,3600000000,hybrid,200000,10k_to_fout_over_2,300000000.0,26.901096573829157,16.02475545663824,13.165253737317999,11.807495568346301,34.64043879629701,34.64043879629701,243.6704539995374,82.55120620381413,264.35414587240604,False
26,6,156,624000000,3744000000,hybrid,200000,10k_to_10M,10000000,26.90084117640586,16.02458827878764,12.658765760717086,11.353242679760944,6.3213922517116385,6.3213922517116385,232.90500340049624,79.37514892147522,248.78637026719258,False
26,6,156,624000000,3744000000,hybrid,200000,10k_to_fout_over_2,312000000.0,26.901096574051923,16.024755456783755,12.658897824459187,11.353361123513004,35.326477322257865,35.326477322257865,234.3286779003913,79.3761598155175,254.9039668598178,False
27,6,162,648000000,3888000000,hybrid,200000,10k_to_10M,10000000,26.90084117640586,16.02458827878764,12.189922584394232,10.932752210140169,6.3213922517116385,6.3213922517116385,224.2788921634408,76.43532859105021,239.73289906870696,False
27,6,162,648000000,3888000000,hybrid,200000,10k_to_fout_over_2,324000000.0,26.901096574216346,16.02475545689107,12.190049756968259,10.932866267159813,35.99944444015768,35.99944444015768,225.67881733840395,76.43630204800743,246.19899172879718,False
28,4,112,672000000,2688000000,hybrid,200000,10k_to_10M,10000000,26.90084117640586,16.02458827878764,17.631852309570228,15.813445161095597,6.3213922517116385,6.3213922517116385,324.4033975935483,110.55824314062619,345.0825980049008,False
28,4,112,672000000,2688000000,hybrid,200000,10k_to_fout_over_2,336000000.0,26.901096574335064,16.02475545696862,17.63203625570013,15.813610136504105,36.660060010861955,36.660060010861955,326.4701177347283,110.55965118085685,350.76418716195803,False
29,4,116,696000000,2784000000,hybrid,200000,10k_to_10M,10000000,26.90084117640586,16.02458827878764,17.023857402343666,15.268153948644027,6.3213922517116385,6.3213922517116385,313.2170735385983,106.74588992888046,333.2910306386148,False
29,4,116,696000000,2784000000,hybrid,200000,10k_to_fout_over_2,348000000.0,26.90109657442119,16.02475545702483,17.0240350055633,15.268313235298905,37.30898015223679,37.30898015223679,315.2528366222198,106.74724941957895,339.21475085598416,False
30,4,120,720000000,2880000000,hybrid,200000,10k_to_10M,10000000,26.90084117640586,16.02458827878764,16.456395488932213,14.759215483689225,6.3213922517116385,6.3213922517116385,302.7765044206451,103.18769359791779,322.28918973326995,False
30,4,120,720000000,2880000000,hybrid,200000,10k_to_fout_over_2,360000000.0,26.90109657448197,16.024755457064536,16.456567172085293,14.75936946082551,37.946804872083746,37.946804872083746,304.78330690969455,103.1890077752686,328.4659417211963,False
31,4,124,744000000,2976000000,hybrid,200000,10k_to_10M,10000000,26.90084117640586,16.02458827878764,15.925544021547303,14.283111758408928,6.3213922517116385,6.3213922517116385,293.0095204070758,99.8590583205656,312.00064662952707,False
31,4,124,744000000,2976000000,hybrid,200000,10k_to_fout_over_2,372000000.0,26.901096574524843,16.024755457092517,15.925710166561958,14.283260768565757,38.57408456464001,38.57408456464001,294.9891714253727,99.86033010764754,318.4410751682326,False
32,4,128,768000000,3072000000,hybrid,200000,10k_to_10M,10000000,26.90084117640586,16.02458827878764,15.42787077087395,13.836764515958649,6.3213922517116385,6.3213922517116385,283.85297289435476,96.73846274804792,302.35852614092846,False
32,4,128,768000000,3072000000,hybrid,200000,10k_to_fout_over_2,384000000.0,26.901096574553993,16.02475545711156,15.428031723875236,13.836908869564517,39.19132557084538,39.19132557084538,285.80711693012046,96.73969479395114,309.07303769666737,False
33,4,132,792000000,3168000000,hybrid,200000,10k_to_10M,10000000,26.90084117640586,16.02458827878764,14.960359535392922,13.417468621535662,6.3213922517116385,6.3213922517116385,275.2513676551319,93.80699417992525,293.3040590585717,False
33,4,132,792000000,3168000000,hybrid,200000,10k_to_fout_over_2,396000000.0,26.901096574573646,16.02475545712439,14.960515611042508,13.417608600800582,39.79899496218464,39.79899496218464,277.1815039372754,93.80818889295922,300.3028362513325,False
34,4,136,816000000,3264000000,hybrid,200000,10k_to_10M,10000000,26.90084117640586,16.02458827878764,14.52034896082254,13.022837191490492,6.3213922517116385,6.3213922517116385,267.1557391946868,91.04796493933921,284.78539009615235,False
34,4,136,816000000,3264000000,hybrid,200000,10k_to_fout_over_2,408000000.0,26.901096574586205,16.0247554571326,14.520500446019279,13.022973053724876,40.397524676643215,40.397524676643215,269.0632382945409,91.04912451534808,292.0784035516718,False
35,4,140,840000000,3360000000,hybrid,200000,10k_to_10M,10000000,26.90084117640586,16.02458827878764,14.105481847656183,12.65075612887648,6.3213922517116385,6.3213922517116385,259.5227180748387,88.44659451250095,276.7565901872992,False
35,4,140,840000000,3360000000,hybrid,200000,10k_to_fout_over_2,420000000.0,26.90109657459403,16.0247554571377,14.105629004708938,12.650888109336769,40.987315110897384,40.987315110897384,261.40883621077296,88.44772095914297,284.35360823433786,False
36,4,144,864000000,3456000000,hybrid,200000,10k_to_10M,10000000,26.90084117640586,16.02458827878764,13.71366290744351,12.299346236407688,6.3213922517116385,6.3213922517116385,252.31375368387089,85.98974466493148,269.17683340003475,False
36,4,144,864000000,3456000000,hybrid,200000,10k_to_fout_over_2,432000000.0,26.901096574598494,16.024755457140618,13.71380597680285,12.299474550746314,41.56873825364435,41.56873825364435,254.17964508701866,85.99083982258179,277.08742996196446,False
37,4,148,888000000,3552000000,hybrid,200000,10k_to_10M,10000000,26.90084117640586,16.02458827878764,13.343023369404497,11.966931473261536,6.3213922517116385,6.3213922517116385,245.4944630437663,83.66569751182523,262.0097073245807,False
37,4,148,888000000,3552000000,hybrid,200000,10k_to_fout_over_2,444000000.0,26.901096574600864,16.024755457142156,13.34316257202568,11.967056319646218,42.14214042974081,42.14214042974081,247.3411907018347,83.66676307165865,270.2432683147699,False
38,4,152,912000000,3648000000,hybrid,200000,10k_to_10M,10000000,26.90084117640586,16.02458827878764,12.9918911754728,11.65201222396518,6.3213922517116385,6.3213922517116385,239.03408243735134,81.46396862993508,255.222632347312,False
38,4,152,912000000,3648000000,hybrid,200000,10k_to_fout_over_2,456000000.0,26.901096574601894,16.02475545714283,12.992026714867656,11.652133784919174,42.70784471265198,42.70784471265198,240.86262745781724,81.46500614962756,263.7883608067666,False
39,4,156,936000000,3744000000,hybrid,200000,10k_to_10M,10000000,26.90084117640586,16.02458827878764,12.658765760717086,11.353242679760944,6.3213922517116385,6.3213922517116385,232.90500340049624,79.37514892147522,248.78637026719258,False
39,4,156,936000000,3744000000,hybrid,200000,10k_to_fout_over_2,468000000.0,26.90109657460222,16.024755457143048,12.658897824743015,11.35336112376755,43.26615305293497,43.26615305293497,234.716273205339,79.37615983889432,257.6932904549405,False
40,4,160,960000000,3840000000,hybrid,200000,10k_to_10M,10000000,26.90084117640586,16.02458827878764,12.34229661669916,11.069411612766919,6.3213922517116385,6.3213922517116385,227.0823783154838,77.39077019843833,242.67460661975807,False
40,4,160,960000000,3840000000,hybrid,200000,10k_to_fout_over_2,480000000.0,26.901096574602263,16.02475545714307,12.342425379124458,11.06952709567338,43.817348162571335,43.817348162571335,228.8772138354125,77.39175584362205,251.93156722482865,False
41,4,164,984000000,3936000000,hybrid,200000,10k_to_10M,10000000,26.90084117640586,16.02458827878764,12.041264991901619,10.799425963675041,6.3213922517116385,6.3213922517116385,221.5437837224232,75.5031904375008,236.86359412442914,False
41,4,164,984000000,3936000000,hybrid,200000,10k_to_fout_over_2,492000000.0,26.901096574602295,16.02475545714309,12.04139061377997,10.799538629925257,44.361695188529396,44.361695188529396,223.3229657348205,75.50415204317608,246.479270745564,False
9,14,126,216000000,3024000000,hybrid,400000,10k_to_10M,10000000,37.63307615439975,22.866849231660858,22.364792095938075,20.058267681635435,6.3213922517116385,6.3213922517116385,184.54221147122973,98.45870263530702,216.0359303028756,False
9,14,126,216000000,3024000000,hybrid,400000,10k_to_fout_over_2,108000000.0,37.636023593246435,22.86874093200628,22.366642262723392,20.059927037129388,20.783647418102536,20.783647418102536,186.25096425620902,98.46869840186999,219.2978412887284,False
10,12,120,240000000,2880000000,hybrid,400000,10k_to_10M,10000000,37.63307615439975,22.866849231660858,23.48303170073498,21.061181065717207,6.3213922517116385,6.3213922517116385,193.7693220447912,103.38163776707238,226.38109579526994,False
10,12,120,240000000,2880000000,hybrid,400000,10k_to_fout_over_2,120000000.0,37.63602414594297,22.868741286190712,23.484974739588026,21.06292371520231,21.907989410258544,21.907989410258544,195.6359095460352,103.39213565330815,229.9084671218892,False
11,12,132,264000000,3168000000,hybrid,400000,10k_to_10M,10000000,37.63307615439975,22.866849231660858,21.348210637031798,19.1465282415611,6.3213922517116385,6.3213922517116385,176.1539291316284,93.98330706097488,206.6505882168318,False
11,12,132,264000000,3168000000,hybrid,400000,10k_to_fout_over_2,132000000.0,37.636024504168134,22.868741515566935,21.34997725013195,19.1481126604236,22.977380181387108,22.977380181387108,177.91444474926664,93.99285203428164,210.49001712670318,False
12,10,120,288000000,2880000000,hybrid,400000,10k_to_10M,10000000,37.63307615439975,22.866849231660858,23.48303170073498,21.061181065717207,6.3213922517116385,6.3213922517116385,193.7693220447912,103.38163776707238,226.38109579526994,False
12,10,120,288000000,2880000000,hybrid,400000,10k_to_fout_over_2,144000000.0,37.636024738795115,22.86874166591494,23.4849751295445,21.062924064941804,23.999166652198586,23.999166652198586,195.77405116569085,103.3921383179947,230.4429949169995,False
13,10,130,312000000,3120000000,hybrid,400000,10k_to_10M,10000000,37.63307615439975,22.866849231660858,21.676644646832283,19.441090214508186,6.3213922517116385,6.3213922517116385,178.86398957980725,95.42920409268218,209.68059969550887,False
13,10,130,312000000,3120000000,hybrid,400000,10k_to_fout_over_2,156000000.0,37.63602489969777,22.868741768948215,21.67843867878845,19.442699224466875,24.979191339993395,24.979191339993395,180.7761338693152,95.43889763117642,214.06526279342788,False
14,8,112,336000000,2688000000,hybrid,400000,10k_to_10M,10000000,37.63307615439975,22.866849231660858,25.160391107930334,22.56555114183986,6.3213922517116385,6.3213922517116385,207.60998790513344,110.76604046472039,241.93456427692823,False
14,8,112,336000000,2688000000,hybrid,400000,10k_to_fout_over_2,168000000.0,37.63602501023969,22.868741839780544,25.162473544387677,22.56741881258379,25.922191265400397,25.922191265400397,209.89978647961289,110.77729249997601,246.4859774844257,False
15,8,120,360000000,2880000000,hybrid,400000,10k_to_10M,10000000,37.63307615439975,22.866849231660858,23.48303170073498,21.061181065717207,6.3213922517116385,6.3213922517116385,193.7693220447912,103.38163776707238,226.38109579526994,False
15,8,120,360000000,2880000000,hybrid,400000,10k_to_fout_over_2,180000000.0,37.63602508889071,22.86874189014602,23.484975359817824,21.062924271466603,26.83207036365253,26.83207036365253,195.97123590168795,103.39214009571069,231.23412490601945,False
16,8,128,384000000,3072000000,hybrid,400000,10k_to_10M,10000000,37.63307615439975,22.866849231660858,22.01534221943904,19.74485724910988,6.3213922517116385,6.3213922517116385,181.65873941699175,96.92028540663034,212.80750744587536,False
16,8,128,384000000,3072000000,hybrid,400000,10k_to_fout_over_2,192000000.0,37.636025144649636,22.86874192587403,22.017164434226803,19.74649153535004,27.71209122386834,27.71209122386834,183.78307549149994,96.93013164379036,217.99476705012268,False
17,8,136,408000000,3264000000,hybrid,400000,10k_to_10M,10000000,37.63307615439975,22.866849231660858,20.7203220888838,18.58339505798577,6.3213922517116385,6.3213922517116385,170.97293121599225,91.2190921474168,200.86413695521145,False
17,8,136,408000000,3264000000,hybrid,400000,10k_to_fout_over_2,204000000.0,37.63602518529377,22.868741951901736,20.722037138150863,18.584933230893373,28.565013565549037,28.565013565549037,173.0282874522476,91.22835941846935,206.41602199782227,False
18,8,144,432000000,3456000000,hybrid,400000,10k_to_10M,10000000,37.63307615439975,22.866849231660858,19.569193083945812,17.550984221431005,6.3213922517116385,6.3213922517116385,161.474435037326,86.15136480589364,190.27901200149694,True
18,8,144,432000000,3456000000,hybrid,400000,10k_to_fout_over_2,216000000.0,37.636025214701974,22.868741970745017,19.570812868823907,17.552436954750963,29.393196491705357,29.393196491705357,163.46805742057805,86.16011739413744,196.2239693281944,True
19,6,114,456000000,2736000000,hybrid,400000,10k_to_10M,10000000,37.63307615439975,22.866849231660858,24.718980737615766,22.16966427970232,6.3213922517116385,6.3213922517116385,203.96770741556972,108.82277659691829,237.8377716264469,False
19,6,114,456000000,2736000000,hybrid,400000,10k_to_fout_over_2,228000000.0,37.636025236468164,22.868741984683837,24.72102679674012,22.17149932477822,30.198675467642627,30.198675467642627,206.5517749131766,108.83383266615722,243.66885963607365,False
20,6,120,480000000,2880000000,hybrid,400000,10k_to_10M,10000000,37.63307615439975,22.866849231660858,23.48303170073498,21.061181065717207,6.3213922517116385,6.3213922517116385,193.7693220447912,103.38163776707238,226.38109579526994,False
20,6,120,480000000,2880000000,hybrid,400000,10k_to_fout_over_2,240000000.0,37.636025252410796,22.868741994898983,23.48497546739352,21.06292436794781,30.983221265710906,30.983221265710906,196.28633905299827,103.39214116116905,232.53563676473988,False
21,6,126,504000000,3024000000,hybrid,400000,10k_to_10M,10000000,37.63307615439975,22.866849231660858,22.364792095938075,20.058267681635435,6.3213922517116385,6.3213922517116385,184.54221147122973,98.45870263530702,216.0359303028756,False
21,6,126,504000000,3024000000,hybrid,400000,10k_to_fout_over_2,252000000.0,37.63602526430949,22.868742002518818,22.36664330973209,20.059927976158047,31.748385785737202,31.748385785737202,186.99826367203065,98.46870596819969,222.53645515562837,False
22,6,132,528000000,3168000000,hybrid,400000,10k_to_10M,10000000,37.63307615439975,22.866849231660858,21.348210637031798,19.1465282415611,6.3213922517116385,6.3213922517116385,176.1539291316284,93.98330706097488,206.6505882168318,False
22,6,132,528000000,3168000000,hybrid,400000,10k_to_fout_over_2,264000000.0,37.63602527307344,22.86874200813422,21.349977709986756,19.148113072852688,32.49553815526063,32.49553815526063,178.55430938100668,93.99285577552465,213.51847666472457,False
23,6,138,552000000,3312000000,hybrid,400000,10k_to_10M,10000000,37.63307615439975,22.866849231660858,20.420027565856504,18.314070491928007,6.3213922517116385,6.3213922517116385,168.49506264764457,89.89707631919337,198.09975867166662,True
23,6,138,552000000,3312000000,hybrid,400000,10k_to_fout_over_2,276000000.0,37.63602527963009,22.868742012333065,20.4217178133021,18.315586420874126,33.22589351695453,33.22589351695453,170.84440238373278,89.90620993509457,205.355334567209,False
24,6,144,576000000,3456000000,hybrid,400000,10k_to_10M,10000000,37.63307615439975,22.866849231660858,19.569193083945812,17.550984221431005,6.3213922517116385,6.3213922517116385,161.474435037326,86.15136480589364,190.27901200149694,True
24,6,144,576000000,3456000000,hybrid,400000,10k_to_fout_over_2,288000000.0,37.63602528445717,22.868742015425976,19.57081290706139,17.552436989044924,33.940536236188144,33.940536236188144,163.77681012962248,86.16011790475345,197.94161759537442,True
25,6,150,600000000,3600000000,hybrid,400000,10k_to_10M,10000000,37.63307615439975,22.866849231660858,18.78642536058798,16.848944852573762,6.3213922517116385,6.3213922517116385,155.01545763583295,82.7053102136579,183.10062364362523,True
25,6,150,600000000,3600000000,hybrid,400000,10k_to_fout_over_2,300000000.0,37.63602528805667,22.868742017731055,18.7879803926727,16.85033951118158,34.64043879629701,34.64043879629701,157.27447351963596,82.71371322950334,191.18867719330427,True
26,6,156,624000000,3744000000,hybrid,400000,10k_to_10M,10000000,37.63307615439975,22.866849231660858,18.063870539026908,16.20090851209016,6.3213922517116385,6.3213922517116385,149.0533246498394,79.52433674390183,176.49036175899835,True
26,6,156,624000000,3744000000,hybrid,400000,10k_to_fout_over_2,312000000.0,37.636025290689275,22.868742019417887,18.065365763517818,16.202249531177394,35.326477322257865,35.326477322257865,151.27218605401245,79.53241660019546,185.0214032351369,True
27,6,162,648000000,3888000000,hybrid,400000,10k_to_10M,10000000,37.63307615439975,22.866849231660858,17.394838296840724,15.600874863494226,6.3213922517116385,6.3213922517116385,143.5328311442898,76.57899093857213,170.3849887166446,True
27,6,162,648000000,3888000000,hybrid,400000,10k_to_fout_over_2,324000000.0,37.636025292633896,22.868742020663195,17.396278143594095,15.602166216057467,35.99944444015768,35.99944444015768,145.7143992129453,76.58677156851071,179.37571620092567,True
28,4,112,672000000,2688000000,hybrid,400000,10k_to_10M,10000000,37.63307615439975,22.866849231660858,25.160391107930334,22.56555114183986,6.3213922517116385,6.3213922517116385,207.60998790513344,110.76604046472039,241.93456427692823,False
28,4,112,672000000,2688000000,hybrid,400000,10k_to_fout_over_2,336000000.0,37.6360252940368,22.86874202156212,25.16247374440197,22.567418991970197,36.660060010861955,36.660060010861955,210.83024743205596,110.77729462442173,249.98162029046625,False
29,4,116,696000000,2784000000,hybrid,400000,10k_to_10M,10000000,37.63307615439975,22.866849231660858,24.292791414553424,21.78742868867297,6.3213922517116385,6.3213922517116385,200.4510228049564,106.94652182800588,233.88472385528448,False
29,4,116,696000000,2784000000,hybrid,400000,10k_to_fout_over_2,348000000.0,37.63602529505552,22.868742022214477,24.29480223666736,21.78923213079968,37.30898015223679,37.30898015223679,203.62265211712682,106.95738794192724,242.2611093527595,False
30,4,120,720000000,2880000000,hybrid,400000,10k_to_10M,10000000,37.63307615439975,22.866849231660858,23.48303170073498,21.061181065717207,6.3213922517116385,6.3213922517116385,193.7693220447912,103.38163776707238,226.38109579526994,False
30,4,120,720000000,2880000000,hybrid,400000,10k_to_fout_over_2,360000000.0,37.63602529577371,22.868742022674674,23.484975495917706,21.062924393530214,37.946804872083746,37.946804872083746,196.8954480862385,103.39214170127893,235.10064453861705,False
31,4,124,744000000,2976000000,hybrid,400000,10k_to_10M,10000000,37.63307615439975,22.866849231660858,22.725514549098364,20.381788128113424,6.3213922517116385,6.3213922517116385,187.51869875302373,100.04674622619905,219.37078503283814,False
31,4,124,744000000,2976000000,hybrid,400000,10k_to_fout_over_2,372000000.0,37.636025296280906,22.868742022999445,22.72739564153344,20.383475219834853,38.57408456464001,38.57408456464001,190.60215503270666,100.05691134422378,228.44683702638346,False
32,4,128,768000000,3072000000,hybrid,400000,10k_to_10M,10000000,37.63307615439975,22.866849231660858,22.01534221943904,19.74485724910988,6.3213922517116385,6.3213922517116385,181.65873941699175,96.92028540663034,212.80750744587536,False
32,4,128,768000000,3072000000,hybrid,400000,10k_to_fout_over_2,384000000.0,37.6360252966254,22.868742023220186,22.017164527948047,19.74649161940563,39.19132557084538,39.19132557084538,184.7021015277933,96.93013288204904,222.25293293068995,False
33,4,132,792000000,3168000000,hybrid,400000,10k_to_10M,10000000,37.63307615439975,22.866849231660858,21.348210637031798,19.1465282415611,6.3213922517116385,6.3213922517116385,176.1539291316284,93.98330706097488,206.6505882168318,False
33,4,132,792000000,3168000000,hybrid,400000,10k_to_fout_over_2,396000000.0,37.6360252968579,22.868742023369066,21.34997772420983,19.14811308560891,39.79899496218464,39.79899496218464,179.15954516330643,93.99285614288289,216.47780757957656,False
34,4,136,816000000,3264000000,hybrid,400000,10k_to_10M,10000000,37.63307615439975,22.866849231660858,20.7203220888838,18.58339505798577,6.3213922517116385,6.3213922517116385,170.97293121599225,91.2190921474168,200.86413695521145,False
34,4,136,816000000,3264000000,hybrid,400000,10k_to_fout_over_2,408000000.0,37.63602529700632,22.868742023464186,20.722037202995725,18.584933289050653,40.397524676643215,40.397524676643215,173.94294771510715,91.22836038670809,211.08513716451245,False
35,4,140,840000000,3360000000,hybrid,400000,10k_to_10M,10000000,37.63307615439975,22.866849231660858,20.12831288634427,18.05244091347189,6.3213922517116385,6.3213922517116385,166.08799032410678,88.61283237177632,195.41636422792342,True
35,4,140,840000000,3360000000,hybrid,400000,10k_to_fout_over_2,420000000.0,37.63602529709893,22.86874202352348,20.12997899724803,18.053935195124588,40.987315110897384,40.987315110897384,169.02437474525544,88.62183581522827,206.04271264387768,False
36,4,144,864000000,3456000000,hybrid,400000,10k_to_10M,10000000,37.63307615439975,22.866849231660858,19.569193083945812,17.550984221431005,6.3213922517116385,6.3213922517116385,161.474435037326,86.15136480589364,190.27901200149694,True
36,4,144,864000000,3456000000,hybrid,400000,10k_to_fout_over_2,432000000.0,37.63602529715163,22.868742023557243,19.57081291402005,17.552436995285937,41.56873825364435,41.56873825364435,164.37899508148678,86.16011816322116,201.3218679388719,False
37,4,148,888000000,3552000000,hybrid,400000,10k_to_10M,10000000,37.63307615439975,22.866849231660858,19.0402959735689,17.076633296527465,6.3213922517116385,6.3213922517116385,157.11026111739827,83.82294954086949,185.42687644524392,True
37,4,148,888000000,3552000000,hybrid,400000,10k_to_fout_over_2,444000000.0,37.63602529717964,22.868742023575173,19.041872024466866,17.078046806237538,42.14214042974081,42.14214042974081,159.9846615851184,83.83146632926662,196.89700105446707,True
38,4,152,912000000,3648000000,hybrid,400000,10k_to_10M,10000000,37.63307615439975,22.866849231660858,18.539235553211824,16.62724820977674,6.3213922517116385,6.3213922517116385,152.97578056167728,81.61708244768872,180.83740608148696,True
38,4,152,912000000,3648000000,hybrid,400000,10k_to_fout_over_2,456000000.0,37.63602529719181,22.868742023582957,18.540770129092486,16.628624521868538,42.70784471265198,42.70784471265198,155.82155800374792,81.62537511732009,192.74517081924458,True
39,4,156,936000000,3744000000,hybrid,400000,10k_to_10M,10000000,37.63307615439975,22.866849231660858,18.063870539026908,16.20090851209016,6.3213922517116385,6.3213922517116385,149.0533246498394,79.52433674390183,176.49036175899835,True
39,4,156,936000000,3744000000,hybrid,400000,10k_to_fout_over_2,468000000.0,37.63602529719579,22.868742023585504,18.06536576681009,16.202249534130125,43.26615305293497,43.26615305293497,151.87190021235074,79.53241678733193,188.84575580698498,True
40,4,160,960000000,3840000000,hybrid,400000,10k_to_10M,10000000,37.63307615439975,22.866849231660858,17.612273775551234,15.795885799287904,6.3213922517116385,6.3213922517116385,145.3269915335934,77.53622832530428,172.36752763056714,True
40,4,160,960000000,3840000000,hybrid,400000,10k_to_fout_over_2,480000000.0,37.63602529719626,22.868742023585803,17.613731622640067,15.79719329577708,43.817348162571335,43.817348162571335,148.11968222161252,77.54410637323832,185.18016447305206,True
41,4,164,984000000,3936000000,hybrid,400000,10k_to_10M,10000000,37.63307615439975,22.866849231660858,17.182706122489005,15.410620291988195,6.3213922517116385,6.3213922517116385,141.78243076448135,75.6451008051749,168.45246442665078,True
41,4,164,984000000,3936000000,hybrid,400000,10k_to_fout_over_2,492000000.0,37.636025297196646,22.86874202358604,17.184128412331955,15.411895898319257,44.361695188529396,44.361695188529396,144.55045937132002,75.65278671053261,181.73158780991724,True
9,14,126,216000000,3024000000,hybrid,600000,10k_to_10M,10000000,45.97161465968289,28.153238518897695,27.535115132115198,24.69536526856105,6.3213922517116385,6.3213922517116385,145.28492503361693,98.55780752242349,187.5508162878999,True
9,14,126,216000000,3024000000,hybrid,600000,10k_to_fout_over_2,108000000.0,45.98395750868105,28.16109912594692,27.5428031542219,24.70226041002704,20.783647418102536,20.783647418102536,147.46043691090333,98.5914355408899,191.32472695150136,True
10,12,120,240000000,2880000000,hybrid,600000,10k_to_10M,10000000,45.97161465968289,28.153238518897695,28.911870888720955,25.930133531989103,6.3213922517116385,6.3213922517116385,152.5491712852978,103.48569789854466,196.14974286542702,True
10,12,120,240000000,2880000000,hybrid,600000,10k_to_fout_over_2,120000000.0,45.98395987863214,28.161100633299576,28.919944859903595,25.93737481885378,21.907989410258544,21.907989410258544,154.9248838801345,103.52101532501493,200.23716697303522,False
11,12,132,264000000,3168000000,hybrid,600000,10k_to_10M,10000000,45.97161465968289,28.153238518897695,26.283518989746323,23.57284866544464,6.3213922517116385,6.3213922517116385,138.68106480481617,94.07790718049515,179.76514432188492,True
11,12,132,264000000,3168000000,hybrid,600000,10k_to_fout_over_2,132000000.0,45.98396141037824,28.161101606902914,26.290859872492888,23.579432468706433,22.977380181387108,22.977380181387108,140.92112596459572,94.11001891000542,184.19052826206305,True
12,10,120,288000000,2880000000,hybrid,600000,10k_to_10M,10000000,45.97161465968289,28.153238518897695,28.911870888720955,25.930133531989103,6.3213922517116385,6.3213922517116385,152.5491712852978,103.48569789854466,196.14974286542702,True
12,10,120,288000000,2880000000,hybrid,600000,10k_to_fout_over_2,144000000.0,45.98396241642282,28.161102246746943,28.919946516827764,25.93737630489616,23.999166652198586,23.999166652198586,155.09927916452023,103.52102450738093,200.85067136506225,False
13,10,130,312000000,3120000000,hybrid,600000,10k_to_10M,10000000,45.97161465968289,28.153238518897695,26.6878808203578,23.935507875682248,6.3213922517116385,6.3213922517116385,140.8146196479672,95.52525959865659,182.2769816555595,True
13,10,130,312000000,3120000000,hybrid,600000,10k_to_fout_over_2,156000000.0,45.983963104649256,28.161102684212604,26.695335660998413,23.942193884139307,24.979191339993395,24.979191339993395,143.24633963794943,95.55787126581671,187.3290760714011,True
14,8,112,336000000,2688000000,hybrid,600000,10k_to_10M,10000000,45.97161465968289,28.153238518897695,30.977004523629592,27.78228592713118,6.3213922517116385,6.3213922517116385,163.44554066281904,110.8775334627264,209.10671104355643,False
14,8,112,336000000,2688000000,hybrid,600000,10k_to_fout_over_2,168000000.0,45.9839635786214,28.16110298565023,30.98565779533066,27.79004677012752,25.922191265400397,25.922191265400397,166.3568351966217,110.91538836898748,214.3844917664122,False
15,8,120,360000000,2880000000,hybrid,600000,10k_to_10M,10000000,45.97161465968289,28.153238518897695,28.911870888720955,25.930133531989103,6.3213922517116385,6.3213922517116385,152.5491712852978,103.48569789854466,196.14974286542702,True
15,8,120,360000000,2880000000,hybrid,600000,10k_to_fout_over_2,180000000.0,45.98396391510061,28.161103199536154,28.919947495291357,25.93737718244889,26.83207036365253,26.83207036365253,155.3480895445323,103.5210306196032,201.75786545925808,False
16,8,128,384000000,3072000000,hybrid,600000,10k_to_10M,10000000,45.97161465968289,28.153238518897695,27.104878958175895,24.309500186239784,6.3213922517116385,6.3213922517116385,143.01484807996667,97.01784177988561,184.87089779390735,True
16,8,128,384000000,3072000000,hybrid,600000,10k_to_fout_over_2,192000000.0,45.983964154173734,28.16110335157947,27.11245092321724,24.316291239830814,27.71209122386834,27.71209122386834,145.71456710474956,97.05096724575083,190.84413804436116,True
17,8,136,408000000,3264000000,hybrid,600000,10k_to_10M,10000000,45.97161465968289,28.153238518897695,25.51047431357731,22.879529587049205,6.3213922517116385,6.3213922517116385,134.60220995761568,91.31090991048056,174.97316526114116,True
17,8,136,408000000,3264000000,hybrid,600000,10k_to_fout_over_2,204000000.0,45.983964328076084,28.161103462123915,25.51760096907788,22.885921256736665,28.565013565549037,28.565013565549037,137.21371991326959,91.3420875887443,181.3432876398349,True
18,8,144,432000000,3456000000,hybrid,600000,10k_to_10M,10000000,45.97161465968289,28.153238518897695,24.09322574060079,21.60844460999092,6.3213922517116385,6.3213922517116385,127.1243094044148,86.23808158212053,166.22550753444784,True
18,8,144,432000000,3456000000,hybrid,600000,10k_to_fout_over_2,216000000.0,45.983964454165445,28.16110354231199,24.099956539419818,21.61448124846468,29.393196491705357,29.393196491705357,129.6568718562495,86.26752773236007,173.0216090697527,True
19,6,114,456000000,2736000000,hybrid,600000,10k_to_10M,10000000,45.97161465968289,28.153238518897695,30.433548303916794,27.294877402093793,6.3213922517116385,6.3213922517116385,160.57807503715557,108.93231357741543,205.69076914691433,False
19,6,114,456000000,2736000000,hybrid,600000,10k_to_fout_over_2,228000000.0,45.983964547303316,28.16110360151753,30.442050429583915,27.302502687040036,30.198675467642627,30.198675467642627,163.8600612380309,108.96950929019883,212.4337813596373,False
20,6,120,480000000,2880000000,hybrid,600000,10k_to_10M,10000000,45.97161465968289,28.153238518897695,28.911870888720955,25.930133531989103,6.3213922517116385,6.3213922517116385,152.5491712852978,103.48569789854466,196.14974286542702,True
20,6,120,480000000,2880000000,hybrid,600000,10k_to_fout_over_2,240000000.0,45.983964615657996,28.16110364498823,28.9199479527468,25.937377592726094,30.983221265710906,30.983221265710906,155.74539692094896,103.52103426284839,203.2482150061074,False
21,6,126,504000000,3024000000,hybrid,600000,10k_to_10M,10000000,45.97161465968289,28.153238518897695,27.535115132115198,24.69536526856105,6.3213922517116385,6.3213922517116385,145.28492503361693,98.55780752242349,187.5508162878999,True
21,6,126,504000000,3024000000,hybrid,600000,10k_to_fout_over_2,252000000.0,45.98396466657509,28.161103677355204,27.5428076057009,24.7022644024164,31.748385785737202,31.748385785737202,148.40316573700275,98.59146154532257,195.028399918069,True
22,6,132,528000000,3168000000,hybrid,600000,10k_to_10M,10000000,45.97161465968289,28.153238518897695,26.283518989746323,23.57284866544464,6.3213922517116385,6.3213922517116385,138.68106480481617,94.07790718049515,179.76514432188492,True
22,6,132,528000000,3168000000,hybrid,600000,10k_to_fout_over_2,264000000.0,45.98396470415115,28.161103701251943,26.290861827751467,23.579434222315427,32.49553815526063,32.49553815526063,141.728083273008,94.11003174236204,187.64391694980358,True
23,6,138,552000000,3312000000,hybrid,600000,10k_to_10M,10000000,45.97161465968289,28.153238518897695,25.140757294539963,22.547942201729658,6.3213922517116385,6.3213922517116385,132.65145329156329,89.98756339003884,172.6862796913405,True
23,6,138,552000000,3312000000,hybrid,600000,10k_to_fout_over_2,276000000.0,45.983964732209124,28.161103719087844,25.147780894646203,22.554241444325616,33.22589351695453,33.22589351695453,135.63316625744025,90.0182914457621,180.9868670651463,True
24,6,144,576000000,3456000000,hybrid,600000,10k_to_10M,10000000,45.97161465968289,28.153238518897695,24.09322574060079,21.60844460999092,6.3213922517116385,6.3213922517116385,127.1243094044148,86.23808158212053,166.22550753444784,True
24,6,144,576000000,3456000000,hybrid,600000,10k_to_fout_over_2,288000000.0,45.98396475290593,28.161103732250126,24.099956701966732,21.61448139424783,33.940536236188144,33.940536236188144,130.04592386490393,86.26752947286617,174.96718392893632,True
25,6,150,600000000,3600000000,hybrid,600000,10k_to_10M,10000000,45.97161465968289,28.153238518897695,23.12949671097676,20.74410682559128,6.3213922517116385,6.3213922517116385,122.03933702823821,82.78855831883571,160.30829969286717,True
25,6,150,600000000,3600000000,hybrid,600000,10k_to_fout_over_2,300000000.0,45.98396476830921,28.16110374204164,23.135958441932335,20.749902145692573,34.64043879629701,34.64043879629701,124.90545850291682,82.81682843299954,169.5090688647381,True
26,6,156,624000000,3744000000,hybrid,600000,10k_to_10M,10000000,45.97161465968289,28.153238518897695,22.239900683631504,19.94625656306854,6.3213922517116385,6.3213922517116385,117.345516373306,79.6043829988805,154.87158723396666,True
26,6,156,624000000,3744000000,hybrid,600000,10k_to_fout_over_2,312000000.0,45.983964779597265,28.1611037492204,22.246113892144322,19.951828991328934,35.326477322257865,35.326477322257865,120.1602384695254,79.63156591401416,164.54825141458744,True
27,6,162,648000000,3888000000,hybrid,600000,10k_to_10M,10000000,45.97161465968289,28.153238518897695,21.416200658311816,19.20750631999193,6.3213922517116385,6.3213922517116385,112.99938613725762,76.65607251744049,149.86163906879594,True
27,6,162,648000000,3888000000,hybrid,600000,10k_to_fout_over_2,324000000.0,45.983964787918524,28.16110375450999,21.422183752014618,19.21287236562927,35.99944444015768,35.99944444015768,115.76636335135284,76.68224875143777,160.0298577163233,True
28,4,112,672000000,2688000000,hybrid,600000,10k_to_10M,10000000,45.97161465968289,28.153238518897695,30.977004523629592,27.78228592713118,6.3213922517116385,6.3213922517116385,163.44554066281904,110.8775334627264,209.10671104355643,False
28,4,112,672000000,2688000000,hybrid,600000,10k_to_fout_over_2,336000000.0,45.98396479393416,28.161103758335745,30.985658645516335,27.79004753263197,36.660060010861955,36.660060010861955,167.52930326948402,110.91539563136848,218.39455810216901,False
29,4,116,696000000,2784000000,hybrid,600000,10k_to_10M,10000000,45.97161465968289,28.153238518897695,29.908831953849262,26.82427606757493,6.3213922517116385,6.3213922517116385,157.80948753651495,107.05417023987377,202.3966994078676,False
29,4,116,696000000,2784000000,hybrid,600000,10k_to_fout_over_2,348000000.0,45.98396479829308,28.161103761106553,29.917187660683485,26.831770034146743,37.30898015223679,37.30898015223679,161.83096910672685,107.0907269135971,212.04754452058475,False
30,4,120,720000000,2880000000,hybrid,600000,10k_to_10M,10000000,45.97161465968289,28.153238518897695,28.911870888720955,25.930133531989103,6.3213922517116385,6.3213922517116385,152.5491712852978,103.48569789854466,196.14974286542702,True
30,4,120,720000000,2880000000,hybrid,600000,10k_to_fout_over_2,360000000.0,45.98396480137288,28.161103763065242,28.91994807400551,25.93737770147921,37.946804872083746,37.946804872083746,156.51236542930832,103.52103609785829,206.17790664785545,False
31,4,124,744000000,2976000000,hybrid,600000,10k_to_10M,10000000,45.97161465968289,28.153238518897695,27.9792298923106,25.093677611602356,6.3213922517116385,6.3213922517116385,147.6282302760946,100.14744957923675,190.32091368696058,True
31,4,124,744000000,2976000000,hybrid,600000,10k_to_fout_over_2,372000000.0,45.98396480354278,28.161103764444533,27.987046524601897,25.100688099435082,38.57408456464001,38.57408456464001,151.5367558481233,100.18164790560152,200.74003848404604,False
32,4,128,768000000,3072000000,hybrid,600000,10k_to_10M,10000000,45.97161465968289,28.153238518897695,27.104878958175895,24.309500186239784,6.3213922517116385,6.3213922517116385,143.01484807996667,97.01784177988561,184.87089779390735,True
32,4,128,768000000,3072000000,hybrid,600000,10k_to_fout_over_2,384000000.0,45.983964805020236,28.161103765384198,27.11245132161276,24.316291597139106,39.19132557084538,39.19132557084538,146.87199438843317,97.05097146706463,195.69397956123976,True
33,4,132,792000000,3168000000,hybrid,600000,10k_to_10M,10000000,45.97161465968289,28.153238518897695,26.283518989746323,23.57284866544464,6.3213922517116385,6.3213922517116385,138.68106480481617,94.07790718049515,179.76514432188492,True
33,4,132,792000000,3168000000,hybrid,600000,10k_to_fout_over_2,396000000.0,45.9839648060148,28.16110376601635,26.290861888214664,23.57943427654299,39.79899496218464,39.79899496218464,142.48983065582533,94.11003298784583,191.00456034746225,True
34,4,136,816000000,3264000000,hybrid,600000,10k_to_10M,10000000,45.97161465968289,28.153238518897695,25.51047431357731,22.879529587049205,6.3213922517116385,6.3213922517116385,134.60220995761568,91.31090991048056,174.97316526114116,True
34,4,136,816000000,3264000000,hybrid,600000,10k_to_fout_over_2,408000000.0,45.983964806651485,28.161103766421306,25.51760124481059,22.885921504032584,40.397524676643215,40.397524676643215,138.36533665813198,91.3420908841015,186.64069791087383,True
35,4,140,840000000,3360000000,hybrid,600000,10k_to_10M,10000000,45.97161465968289,28.153238518897695,24.781603618903674,22.225828741704948,6.3213922517116385,6.3213922517116385,130.75643253025524,88.70202677018113,170.46795515837425,True
35,4,140,840000000,3360000000,hybrid,600000,10k_to_fout_over_2,420000000.0,45.98396480704743,28.161103766672962,24.7885269237518,22.232038032687473,40.987315110897384,40.987315110897384,134.47643271072636,88.73231689594239,182.57481311285514,True
36,4,144,864000000,3456000000,hybrid,600000,10k_to_10M,10000000,45.97161465968289,28.153238518897695,24.09322574060079,21.60844460999092,6.3213922517116385,6.3213922517116385,127.1243094044148,86.23808158212053,166.22550753444784,True
36,4,144,864000000,3456000000,hybrid,600000,10k_to_fout_over_2,432000000.0,45.98396480727356,28.161103766816794,24.099956731548435,21.614481420778773,41.56873825364435,41.56873825364435,130.80349161347553,86.267530347624,178.78234453342552,True
37,4,148,888000000,3552000000,hybrid,600000,10k_to_10M,10000000,45.97161465968289,28.153238518897695,23.44205747734131,21.024432593504677,6.3213922517116385,6.3213922517116385,123.68851725834956,83.9073226204416,162.2244097202083,True
37,4,148,888000000,3552000000,hybrid,600000,10k_to_fout_over_2,444000000.0,45.983964807393235,28.161103766892833,23.448606549677997,21.030306247301002,42.14214042974081,42.14214042974081,127.32900757027076,83.93597550133272,175.2413417745497,True
38,4,152,912000000,3648000000,hybrid,600000,10k_to_10M,10000000,45.97161465968289,28.153238518897695,22.825161227937595,20.471158051570345,6.3213922517116385,6.3213922517116385,120.43355627786669,81.69923518306157,158.44550166478479,True
38,4,152,912000000,3648000000,hybrid,600000,10k_to_fout_over_2,456000000.0,45.98396480744544,28.16110376692606,22.831537956292358,20.476877135554076,42.70784471265198,42.70784471265198,124.03731695309344,81.72713406519334,171.9321227894613,True
39,4,156,936000000,3744000000,hybrid,600000,10k_to_10M,10000000,45.97161465968289,28.153238518897695,22.239900683631504,19.94625656306854,6.3213922517116385,6.3213922517116385,117.345516373306,79.6043829988805,154.87158723396666,True
39,4,156,936000000,3744000000,hybrid,600000,10k_to_fout_over_2,468000000.0,45.98396480746244,28.16110376693687,22.246113906139552,19.951829003880853,43.26615305293497,43.26615305293497,120.91436229655474,79.63156654647747,168.83698424675717,True
40,4,160,960000000,3840000000,hybrid,600000,10k_to_10M,10000000,45.97161465968289,28.153238518897695,21.683903166540713,19.447600148991825,6.3213922517116385,6.3213922517116385,114.41187846397334,77.61427342390849,151.4871888127426,True
40,4,160,960000000,3840000000,hybrid,600000,10k_to_fout_over_2,480000000.0,45.98396480746446,28.161103766938155,21.689961058487064,19.453033278784726,43.817348162571335,43.817348162571335,117.94749151407954,77.64077740165688,165.93995531290247,True
41,4,164,984000000,3936000000,hybrid,600000,10k_to_10M,10000000,45.97161465968289,28.153238518897695,21.155027479551915,18.973268438040805,6.3213922517116385,6.3213922517116385,111.6213448429008,75.72124236478876,148.27833781846803,True
41,4,164,984000000,3936000000,hybrid,600000,10k_to_fout_over_2,492000000.0,45.98396480746607,28.16110376693918,21.16093761803692,18.978569052473595,44.361695188529396,44.361695188529396,115.12528658216738,75.7470999206875,163.22658761966852,True
9,14,126,216000000,3024000000,hybrid,800000,10k_to_10M,10000000,53.099541241147755,32.65854514538183,31.941504705465782,28.647315333318712,6.3213922517116385,6.3213922517116385,123.79657423852211,98.57829679488867,175.6424283647441,True
9,14,126,216000000,3024000000,hybrid,800000,10k_to_fout_over_2,108000000.0,53.13368977894966,32.68020072153798,31.962684818805574,28.666311100463563,20.783647418102536,20.783647418102536,126.36233570785036,98.65760707566967,179.7198888300937,True
10,12,120,240000000,2880000000,hybrid,800000,10k_to_10M,10000000,53.099541241147755,32.65854514538183,33.53857994073907,30.07968109998465,6.3213922517116385,6.3213922517116385,129.9864029504482,103.50721163463311,183.31910217684472,True
10,12,120,240000000,2880000000,hybrid,800000,10k_to_fout_over_2,120000000.0,53.133696497917036,32.680204977590115,33.56082343048386,30.099630575462047,21.907989410258544,21.907989410258544,132.78712046138654,103.59050676104988,187.741403484845,True
11,12,132,264000000,3168000000,hybrid,800000,10k_to_10M,10000000,53.099541241147755,32.65854514538183,30.48961812794461,27.34516463634968,6.3213922517116385,6.3213922517116385,118.16945722768021,94.09746512239373,168.70622471490165,True
11,12,132,264000000,3168000000,hybrid,800000,10k_to_fout_over_2,132000000.0,53.13370081684188,32.680207711892166,30.509842034969,27.363302812592227,22.977380181387108,22.977380181387108,120.8092615945382,94.17320004757414,173.4652017974108,True
12,10,120,288000000,2880000000,hybrid,800000,10k_to_10M,10000000,53.099541241147755,32.65854514538183,33.53857994073907,30.07968109998465,6.3213922517116385,6.3213922517116385,129.9864029504482,103.50721163463311,183.31910217684472,True
12,10,120,288000000,2880000000,hybrid,800000,10k_to_fout_over_2,144000000.0,53.133703668515395,32.680209518186835,33.56082809343395,30.09963475751305,23.999166652198586,23.999166652198586,132.9905327564111,103.59052899109604,188.39560306447729,True
13,10,130,312000000,3120000000,hybrid,800000,10k_to_10M,10000000,53.099541241147755,32.65854514538183,30.95868917606683,27.7658594769089,6.3213922517116385,6.3213922517116385,119.9874488773368,95.545118431969,170.94239609674236,True
13,10,130,312000000,3120000000,hybrid,800000,10k_to_fout_over_2,156000000.0,53.13370560999949,32.68021074737686,30.979227097612043,27.784279282745292,24.979191339993395,24.979191339993395,122.85118009175817,95.62203278961272,176.3711176409716,True
14,8,112,336000000,2688000000,hybrid,800000,10k_to_10M,10000000,53.099541241147755,32.65854514538183,35.934192793649,32.22822974998355,6.3213922517116385,6.3213922517116385,139.27114601833736,110.90058389424975,194.91377190165073,True
14,8,112,336000000,2688000000,hybrid,800000,10k_to_fout_over_2,168000000.0,53.13370695330951,32.68021159823033,35.95803238877937,32.2496107214004,25.922191265400397,25.922191265400397,142.69860122993936,110.98986449285857,200.62344165820704,False
15,8,120,360000000,2880000000,hybrid,800000,10k_to_10M,10000000,53.099541241147755,32.65854514538183,33.53857994073907,30.07968109998465,6.3213922517116385,6.3213922517116385,129.9864029504482,103.50721163463311,183.31910217684472,True
15,8,120,360000000,2880000000,hybrid,800000,10k_to_fout_over_2,180000000.0,53.133707902813505,32.680212199392095,33.56083084688845,30.099637226998443,26.83207036365253,26.83207036365253,133.28060368269408,103.5905437565221,189.36246932014924,True
16,8,128,384000000,3072000000,hybrid,800000,10k_to_10M,10000000,53.099541241147755,32.65854514538183,31.44241869444287,28.199701031235605,6.3213922517116385,6.3213922517116385,121.8622527660452,97.03801090746853,173.25326805787674,True
16,8,128,384000000,3072000000,hybrid,800000,10k_to_fout_over_2,192000000.0,53.13370858032263,32.68021262852016,31.46327933210626,28.218410270850605,27.71209122386834,27.71209122386834,125.03882675706258,97.11613727155526,179.66517810866523,True
17,8,136,408000000,3264000000,hybrid,800000,10k_to_10M,10000000,53.099541241147755,32.65854514538183,29.59286465359329,26.540895088221745,6.3213922517116385,6.3213922517116385,114.69388495627784,91.3298926187939,164.44468715543076,True
17,8,136,408000000,3264000000,hybrid,800000,10k_to_fout_over_2,204000000.0,53.133709071154755,32.68021293928633,29.612498476517864,26.558504036882947,28.565013565549037,28.565013565549037,117.76586282439088,91.40342516767674,171.2563754704345,True
18,8,144,432000000,3456000000,hybrid,800000,10k_to_10M,10000000,53.099541241147755,32.65854514538183,27.948816617282553,25.06640091665387,6.3213922517116385,6.3213922517116385,108.32200245870683,86.25600969552758,156.68209240852397,True
18,8,144,432000000,3456000000,hybrid,800000,10k_to_fout_over_2,216000000.0,53.133709428457564,32.68021316559635,27.96735986594046,25.083031764089093,29.393196491705357,29.393196491705357,111.30036486278432,86.32545845896838,163.9216126911454,True
19,6,114,456000000,2736000000,hybrid,800000,10k_to_10M,10000000,53.099541241147755,32.65854514538183,35.303768358672706,31.662822210510157,6.3213922517116385,6.3213922517116385,136.82779257941917,108.95495961540325,191.85405981798039,True
19,6,114,456000000,2736000000,hybrid,800000,10k_to_fout_over_2,228000000.0,53.13370969137003,32.680213332058564,35.32719158955408,31.6838297581311,30.198675467642627,30.198675467642627,140.68656664804766,109.04268575264395,199.12307835634815,True
20,6,120,480000000,2880000000,hybrid,800000,10k_to_10M,10000000,53.099541241147755,32.65854514538183,33.53857994073907,30.07968109998465,6.3213922517116385,6.3213922517116385,129.9864029504482,103.50721163463311,183.31910217684472,True
20,6,120,480000000,2880000000,hybrid,800000,10k_to_fout_over_2,240000000.0,53.133709885063226,32.680213454740105,33.56083213606377,30.099638383218608,30.983221265710906,30.983221265710906,133.7434727259551,103.59055251185708,190.94958556795333,True
21,6,126,504000000,3024000000,hybrid,800000,10k_to_10M,10000000,53.099541241147755,32.65854514538183,31.941504705465782,28.647315333318712,6.3213922517116385,6.3213922517116385,123.79657423852211,98.57829679488867,175.6424283647441,True
21,6,126,504000000,3024000000,hybrid,800000,10k_to_fout_over_2,252000000.0,53.133710028803655,32.68021354574933,31.96269736145275,28.666322349563185,31.748385785737202,31.748385785737202,127.46115359079117,98.65766988029097,183.65772801435114,True
22,6,132,528000000,3168000000,hybrid,800000,10k_to_10M,10000000,53.099541241147755,32.65854514538183,30.48961812794461,27.34516463634968,6.3213922517116385,6.3213922517116385,118.16945722768021,94.09746512239373,168.70622471490165,True
22,6,132,528000000,3168000000,hybrid,800000,10k_to_fout_over_2,264000000.0,53.133710135281035,32.68021361318992,30.509847544348414,27.363307753778653,32.49553815526063,32.49553815526063,121.74956016765307,94.17323097907465,177.12781192406317,True
23,6,138,552000000,3312000000,hybrid,800000,10k_to_10M,10000000,53.099541241147755,32.65854514538183,29.163982557164406,26.15624443476926,6.3213922517116385,6.3213922517116385,113.03165473952019,90.00627098663747,162.41315415517732,True
23,6,138,552000000,3312000000,hybrid,800000,10k_to_fout_over_2,276000000.0,53.13371021449163,32.68021366334213,29.183332478510334,26.173598761172595,33.22589351695453,33.22589351695453,116.53429109513503,90.07874318734574,171.26077387469337,True
24,6,144,576000000,3456000000,hybrid,800000,10k_to_10M,10000000,53.099541241147755,32.65854514538183,27.948816617282553,25.06640091665387,6.3213922517116385,6.3213922517116385,108.32200245870683,86.25600969552758,156.68209240852397,True
24,6,144,576000000,3456000000,hybrid,800000,10k_to_fout_over_2,288000000.0,53.13371027314069,32.6802137004893,27.967360323695853,25.083032174635278,33.940536236188144,33.940536236188144,111.75334142812775,86.32546262836279,165.9738958384766,True
25,6,150,600000000,3600000000,hybrid,800000,10k_to_10M,10000000,53.099541241147755,32.65854514538183,26.83086395259125,24.063744879987716,6.3213922517116385,6.3213922517116385,103.98912236035856,82.80576930770647,151.44488743118276,True
25,6,150,600000000,3600000000,hybrid,800000,10k_to_fout_over_2,300000000.0,53.13371031662484,32.68021372802121,26.848665933367062,24.07971090793617,34.64043879629701,34.64043879629701,107.3546195781397,82.87244445510031,161.19754115948004,True
26,6,156,624000000,3744000000,hybrid,800000,10k_to_10M,10000000,53.099541241147755,32.65854514538183,25.798907646722355,23.138216230757422,6.3213922517116385,6.3213922517116385,99.989540731114,79.62093202664084,146.64386659369274,True
26,6,156,624000000,3744000000,hybrid,800000,10k_to_fout_over_2,312000000.0,53.133710348613846,32.68021374828251,25.816024951935454,23.15356819506276,35.326477322257865,35.326477322257865,103.2940454264472,79.68504301452086,156.87264997861539,True
27,6,162,648000000,3888000000,hybrid,800000,10k_to_10M,10000000,53.099541241147755,32.65854514538183,24.843392548695604,22.28124525924789,6.3213922517116385,6.3213922517116385,96.28622440773941,76.67200861824674,142.22989773925414,True
27,6,162,648000000,3888000000,hybrid,800000,10k_to_fout_over_2,324000000.0,53.13371037210343,32.6802137631548,24.859875890954914,22.29602864242924,35.99944444015768,35.99944444015768,99.53406522707475,76.73374534782398,152.94878779441842,True
28,4,112,672000000,2688000000,hybrid,800000,10k_to_10M,10000000,53.099541241147755,32.65854514538183,35.934192793649,32.22822974998355,6.3213922517116385,6.3213922517116385,139.27114601833736,110.90058389424975,194.91377190165073,True
28,4,112,672000000,2688000000,hybrid,800000,10k_to_fout_over_2,336000000.0,53.13371038915268,32.680213773953625,35.95803478272742,32.24961286845595,36.660060010861955,36.660060010861955,144.06373182859542,110.98988193940582,204.90299673000263,False
29,4,116,696000000,2784000000,hybrid,800000,10k_to_10M,10000000,53.099541241147755,32.65854514538183,34.69508269731627,31.116911482742736,6.3213922517116385,6.3213922517116385,134.4686927073602,107.07642582893078,188.90543422929034,True
29,4,116,696000000,2784000000,hybrid,800000,10k_to_fout_over_2,348000000.0,53.133710401455595,32.68021378174305,34.718102557115415,31.137557259724026,37.30898015223679,37.30898015223679,139.1873406779028,107.16264486208777,199.26602803774574,True
30,4,120,720000000,2880000000,hybrid,800000,10k_to_10M,10000000,53.099541241147755,32.65854514538183,33.53857994073907,30.07968109998465,6.3213922517116385,6.3213922517116385,129.9864029504482,103.50721163463311,183.31910217684472,True
30,4,120,720000000,2880000000,hybrid,800000,10k_to_fout_over_2,360000000.0,53.133710410185564,32.6802137872726,33.560832477556794,30.099638689492817,37.946804872083746,37.946804872083746,134.63584275957854,103.59055689329051,194.06503784557373,True
31,4,124,744000000,2976000000,hybrid,800000,10k_to_10M,10000000,53.099541241147755,32.65854514538183,32.45669026523135,29.109368806436752,6.3213922517116385,6.3213922517116385,125.79329317785309,100.16826932383846,178.11369608813905,True
31,4,124,744000000,2976000000,hybrid,800000,10k_to_fout_over_2,372000000.0,53.133710416308716,32.68021379114932,32.47822498213351,29.12868260619038,38.57408456464001,38.57408456464001,130.37781073552466,100.24892618955833,189.25813995374,True
32,4,128,768000000,3072000000,hybrid,800000,10k_to_10M,10000000,53.099541241147755,32.65854514538183,31.44241869444287,28.199701031235605,6.3213922517116385,6.3213922517116385,121.8622527660452,97.03801090746853,173.25326805787674,True
32,4,128,768000000,3072000000,hybrid,800000,10k_to_fout_over_2,384000000.0,53.133710420497664,32.680213793802665,31.46328045399636,28.21841127703801,39.19132557084538,39.19132557084538,126.38574340380974,97.1161473849588,184.8086213552158,True
33,4,132,792000000,3168000000,hybrid,800000,10k_to_10M,10000000,53.099541241147755,32.65854514538183,30.48961812794461,27.34516463634968,6.3213922517116385,6.3213922517116385,118.16945722768021,94.09746512239373,168.70622471490165,True
33,4,132,792000000,3168000000,hybrid,800000,10k_to_fout_over_2,396000000.0,53.1337104233031,32.68021379557878,30.509847714624346,27.36330790649372,39.79899496218464,39.79899496218464,122.63547237172816,94.17323394666943,180.6841610657623,True
34,4,136,816000000,3264000000,hybrid,800000,10k_to_10M,10000000,53.099541241147755,32.65854514538183,29.59286465359329,26.540895088221745,6.3213922517116385,6.3213922517116385,114.69388495627784,91.3298926187939,164.44468715543076,True
34,4,136,816000000,3264000000,hybrid,800000,10k_to_fout_over_2,408000000.0,53.13371042510895,32.68021379672268,29.61249925346603,26.558504733702943,40.397524676643215,40.397524676643215,119.10567086934061,91.40343305007914,176.85618521737223,True
35,4,140,840000000,3360000000,hybrid,800000,10k_to_10M,10000000,53.099541241147755,32.65854514538183,28.7473542349192,25.782583799986842,6.3213922517116385,6.3213922517116385,111.41691681466989,88.7204671153998,160.44396059561223,True
35,4,140,840000000,3360000000,hybrid,800000,10k_to_fout_over_2,420000000.0,53.13371042622511,32.680213797429275,28.766427846846113,25.799690313297827,40.987315110897384,40.987315110897384,115.77744905597369,88.79190647946083,173.29933443322685,True
36,4,144,864000000,3456000000,hybrid,800000,10k_to_10M,10000000,53.099541241147755,32.65854514538183,27.948816617282553,25.06640091665387,6.3213922517116385,6.3213922517116385,108.32200245870683,86.25600969552758,156.68209240852397,True
36,4,144,864000000,3456000000,hybrid,800000,10k_to_fout_over_2,432000000.0,53.13371042686691,32.68021379783585,27.967360407003895,25.083032249351607,41.56873825364435,41.56873825364435,112.63401477825222,86.32546470893116,169.99101874756832,True
37,4,148,888000000,3552000000,hybrid,800000,10k_to_10M,10000000,53.099541241147755,32.65854514538183,27.193443195193836,24.388930621609173,6.3213922517116385,6.3213922517116385,105.39438077063369,83.92476619024305,153.13950182373415,True
37,4,148,888000000,3552000000,hybrid,800000,10k_to_fout_over_2,444000000.0,53.13371042720372,32.68021379804903,27.211485801586708,24.405112458987794,42.14214042974081,42.14214042974081,109.66039088266027,83.99234410739487,166.91104585529018,True
38,4,152,912000000,3648000000,hybrid,800000,10k_to_10M,10000000,53.099541241147755,32.65854514538183,26.477826269004527,23.747116657882618,6.3213922517116385,6.3213922517116385,102.62084443456439,81.71621971155244,149.7986680879965,True
38,4,152,912000000,3648000000,hybrid,800000,10k_to_fout_over_2,456000000.0,53.133710427352156,32.68021379814308,26.495394070042252,23.76287265750387,42.70784471265198,42.70784471265198,106.84317600276135,81.78201932031773,164.04130737103833,True
39,4,156,936000000,3744000000,hybrid,800000,10k_to_10M,10000000,53.099541241147755,32.65854514538183,25.798907646722355,23.138216230757422,6.3213922517116385,6.3213922517116385,99.989540731114,79.62093202664084,146.64386659369274,True
39,4,156,936000000,3744000000,hybrid,800000,10k_to_fout_over_2,468000000.0,53.133710427399755,32.680213798173185,25.816024991347014,23.153568230409725,43.26615305293497,43.26615305293497,104.17034290984414,79.68504451668595,161.3655139347063,True
40,4,160,960000000,3840000000,hybrid,800000,10k_to_10M,10000000,53.099541241147755,32.65854514538183,25.1539349555543,22.559760824988484,6.3213922517116385,6.3213922517116385,97.48980221283615,77.63040872597482,143.66094458036275,True
40,4,160,960000000,3840000000,hybrid,800000,10k_to_fout_over_2,480000000.0,53.133710427405546,32.68021379817685,25.170624366566166,22.57472902465202,43.817348162571335,43.817348162571335,101.6310666294555,77.69291844839897,158.86896978481215,True
41,4,164,984000000,3936000000,hybrid,800000,10k_to_10M,10000000,53.099541241147755,32.65854514538183,24.54042434688224,22.009522756086326,6.3213922517116385,6.3213922517116385,95.11200215886454,75.73698412290226,140.83712965269362,True
41,4,164,984000000,3936000000,hybrid,800000,10k_to_fout_over_2,492000000.0,53.13371042741018,32.680213798179786,24.556706699091144,22.024125877711267,44.361695188529396,44.361695188529396,99.21557796037624,75.7979692573472,156.53838051995527,True
9,14,126,216000000,3024000000,hybrid,1000000,10k_to_10M,10000000,59.47560299732809,36.68094488436136,35.8755899385322,32.17567072105093,6.3213922517116385,6.3213922517116385,110.0313668217344,98.5166625733265,170.57996745965892,True
9,14,126,216000000,3024000000,hybrid,1000000,10k_to_fout_over_2,108000000.0,59.55090123147262,36.728566609320616,35.92216609632175,32.21744338929291,20.783647418102536,20.783647418102536,112.94138508567879,98.67059554028613,174.8691682590051,True
10,12,120,240000000,2880000000,hybrid,1000000,10k_to_10M,10000000,59.47560299732809,36.68094488436136,37.669369435458805,33.78445425710346,6.3213922517116385,6.3213922517116385,115.53293516282112,103.44249570199281,177.6832542391493,True
10,12,120,240000000,2880000000,hybrid,1000000,10k_to_fout_over_2,120000000.0,59.55091642351714,36.72857620772207,37.71828425818302,33.828324399226524,21.907989410258544,21.907989410258544,118.70777057275916,103.60416381026666,182.33924977729552,True
11,12,132,264000000,3168000000,hybrid,1000000,10k_to_10M,10000000,59.47560299732809,36.68094488436136,34.24488130496255,30.71314023373042,6.3213922517116385,6.3213922517116385,105.02994105711011,94.0386324563571,164.174665709527,True
11,12,132,264000000,3168000000,hybrid,1000000,10k_to_fout_over_2,132000000.0,59.550926118404405,36.7285823301767,34.289355041469626,30.753027307477172,22.977380181387108,22.977380181387108,108.0209475905657,94.18562762997564,169.15137507479741,True
12,10,120,288000000,2880000000,hybrid,1000000,10k_to_10M,10000000,59.47560299732809,36.68094488436136,37.669369435458805,33.78445425710346,6.3213922517116385,6.3213922517116385,115.53293516282112,103.44249570199281,177.6832542391493,True
12,10,120,288000000,2880000000,hybrid,1000000,10k_to_fout_over_2,144000000.0,59.5509325643813,36.7285864026478,37.7182947278267,33.82833378911553,23.999166652198586,23.999166652198586,118.93524304049369,103.60420817229408,183.01276605924684,True
13,10,130,312000000,3120000000,hybrid,1000000,10k_to_10M,10000000,59.47560299732809,36.68094488436136,34.7717256327312,31.18565008348012,6.3213922517116385,6.3213922517116385,106.64578630414255,95.48538064799337,166.23825792528493,True
13,10,130,312000000,3120000000,hybrid,1000000,10k_to_fout_over_2,156000000.0,59.55093692517325,36.72858915662524,34.816890051705485,31.226156608270745,24.979191339993395,24.979191339993395,109.88776542832944,95.63466572771868,171.90643478120003,True
14,8,112,336000000,2688000000,hybrid,1000000,10k_to_10M,10000000,59.47560299732809,36.68094488436136,40.36003868084872,36.19762956118228,6.3213922517116385,6.3213922517116385,123.7852876744512,110.8312453949923,188.43652134903456,True
14,8,112,336000000,2688000000,hybrid,1000000,10k_to_fout_over_2,168000000.0,59.550939960994214,36.728591074572186,40.412463777474926,36.2446479558471,25.922191265400397,25.922191265400397,127.66396806590848,111.00453265966463,194.43806366011248,True
15,8,120,360000000,2880000000,hybrid,1000000,10k_to_10M,10000000,59.47560299732809,36.68094488436136,37.669369435458805,33.78445425710346,6.3213922517116385,6.3213922517116385,115.53293516282112,103.44249570199281,177.6832542391493,True
15,8,120,360000000,2880000000,hybrid,1000000,10k_to_fout_over_2,180000000.0,59.55094209452437,36.72859242198846,37.71830090936774,33.828339333142246,26.83207036365253,26.83207036365253,119.25947875527186,103.60423757610332,184.00791365557777,True
16,8,128,384000000,3072000000,hybrid,1000000,10k_to_10M,10000000,59.47560299732809,36.68094488436136,35.315033845742626,31.6729258660345,6.3213922517116385,6.3213922517116385,108.3121267151448,96.97733972061826,168.37222493865306,True
16,8,128,384000000,3072000000,hybrid,1000000,10k_to_fout_over_2,192000000.0,59.55094362545758,36.72859338917637,35.3609080337044,31.714068959959395,27.71209122386834,27.71209122386834,111.90438545317396,97.12897768359838,175.05436365743222,True
17,8,136,408000000,3264000000,hybrid,1000000,10k_to_10M,10000000,59.47560299732809,36.68094488436136,33.23767891364012,29.809812579797175,6.3213922517116385,6.3213922517116385,101.94082514366568,91.27279032528779,160.24600269538573,True
17,8,136,408000000,3264000000,hybrid,1000000,10k_to_fout_over_2,204000000.0,59.550944728641895,36.72859408589331,33.28085525127271,29.848536057933313,28.565013565549037,28.565013565549037,105.41367866495168,91.41551208874935,167.31591249126296,True
18,8,144,432000000,3456000000,hybrid,1000000,10k_to_10M,10000000,59.47560299732809,36.68094488436136,31.391141196215667,28.153711880919552,6.3213922517116385,6.3213922517116385,96.27744596901758,86.20207975166068,153.10434175296496,True
18,8,144,432000000,3456000000,hybrid,1000000,10k_to_fout_over_2,216000000.0,59.55094553594798,36.72859459591552,31.431919284895493,28.19028444617193,29.393196491705357,29.393196491705357,99.6434328626381,86.3368752117444,160.58876734156786,True
19,6,114,456000000,2736000000,hybrid,1000000,10k_to_10M,10000000,59.47560299732809,36.68094488436136,39.65196782679874,35.56258342852997,6.3213922517116385,6.3213922517116385,121.61361596086435,108.88683758104507,185.59620132866797,True
19,6,114,456000000,2736000000,hybrid,1000000,10k_to_fout_over_2,228000000.0,59.55094612696113,36.7285949691731,39.70347739493703,35.60878071493665,30.198675467642627,30.198675467642627,125.97331408247854,109.05710827145874,193.20016816694542,True
20,6,120,480000000,2880000000,hybrid,1000000,10k_to_10M,10000000,59.47560299732809,36.68094488436136,37.669369435458805,33.78445425710346,6.3213922517116385,6.3213922517116385,115.53293516282112,103.44249570199281,177.6832542391493,True
20,6,120,480000000,2880000000,hybrid,1000000,10k_to_fout_over_2,240000000.0,59.550946564582084,36.72859524564234,37.71830380910932,33.8283419338278,30.983221265710906,30.983221265710906,119.7765303897611,103.60425492517086,185.64081172116582,True
21,6,126,504000000,3024000000,hybrid,1000000,10k_to_10M,10000000,59.47560299732809,36.68094488436136,35.8755899385322,32.17567072105093,6.3213922517116385,6.3213922517116385,110.0313668217344,98.5166625733265,170.57996745965892,True
21,6,126,504000000,3024000000,hybrid,1000000,10k_to_fout_over_2,252000000.0,59.55094688773088,36.72859544972949,35.922194303519916,32.217468687427925,31.748385785737202,31.748385785737202,114.16937236521177,98.67072059977771,178.91380891671344,True
22,6,132,528000000,3168000000,hybrid,1000000,10k_to_10M,10000000,59.47560299732809,36.68094488436136,34.24488130496255,30.71314023373042,6.3213922517116385,6.3213922517116385,105.02994105711011,94.0386324563571,164.174665709527,True
22,6,132,528000000,3168000000,hybrid,1000000,10k_to_fout_over_2,264000000.0,59.55094712829897,36.72859560170931,34.289367431610025,30.75303841979828,32.49553815526063,32.49553815526063,109.07150213909921,94.18568910421897,172.90538378135315,True
23,6,138,552000000,3312000000,hybrid,1000000,10k_to_10M,10000000,59.47560299732809,36.68094488436136,32.75597342213809,29.377786310524755,6.3213922517116385,6.3213922517116385,100.46342188071402,89.94999626260245,158.3750869185824,True
23,6,138,552000000,3312000000,hybrid,1000000,10k_to_fout_over_2,276000000.0,59.55094730638119,36.72859571417858,32.79852546980084,29.415949882927215,33.22589351695453,33.22589351695453,104.4165349575793,90.09066015222226,167.5213606318359,True
24,6,144,576000000,3456000000,hybrid,1000000,10k_to_10M,10000000,59.47560299732809,36.68094488436136,31.391141196215667,28.153711880919552,6.3213922517116385,6.3213922517116385,96.27744596901758,86.20207975166068,153.10434175296496,True
24,6,144,576000000,3456000000,hybrid,1000000,10k_to_fout_over_2,288000000.0,59.5509474388936,36.72859579789388,31.431920313535084,28.190285368725892,33.940536236188144,33.940536236188144,100.14914914021239,86.33688344680142,162.68310425713125,True
25,6,150,600000000,3600000000,hybrid,1000000,10k_to_10M,10000000,59.47560299732809,36.68094488436136,30.135495548367036,27.02756340568277,6.3213922517116385,6.3213922517116385,92.42634813025688,82.75399656159425,148.297842603023,True
25,6,150,600000000,3600000000,hybrid,1000000,10k_to_fout_over_2,300000000.0,59.55094753665271,36.72859585963431,30.174643551716983,27.062673999468963,34.64043879629701,34.64043879629701,96.22286385930687,82.88340876196571,158.32441858758875,True
26,6,156,624000000,3744000000,hybrid,1000000,10k_to_10M,10000000,59.47560299732809,36.68094488436136,28.976438027276,25.988041736233434,6.3213922517116385,6.3213922517116385,88.87148858678547,79.57115053999448,143.90094101647742,True
26,6,156,624000000,3744000000,hybrid,1000000,10k_to_fout_over_2,312000000.0,59.550947608934365,36.728595905298754,29.014080374262438,26.021801954919077,35.326477322257865,35.326477322257865,92.59834780590006,79.69558587672856,154.3891724825916,True
27,6,162,648000000,3888000000,hybrid,1000000,10k_to_10M,10000000,59.47560299732809,36.68094488436136,27.903236618858372,25.02552167192849,6.3213922517116385,6.3213922517116385,85.5799519724601,76.62407089036505,139.867089902113,True
27,6,162,648000000,3888000000,hybrid,1000000,10k_to_fout_over_2,324000000.0,59.55094766173752,36.72859593864675,27.93948483021318,25.058031534895914,35.99944444015768,35.99944444015768,89.24209116514088,76.74389794835956,150.82944537407963,True
28,4,112,672000000,2688000000,hybrid,1000000,10k_to_10M,10000000,59.47560299732809,36.68094488436136,40.36003868084872,36.19762956118228,6.3213922517116385,6.3213922517116385,123.7852876744512,110.8312453949923,188.43652134903456,True
28,4,112,672000000,2688000000,hybrid,1000000,10k_to_fout_over_2,336000000.0,59.55094770026662,36.72859596298798,40.41246915619812,36.24465277985209,36.660060010861955,36.660060010861955,129.18805381897263,111.00456721563907,198.8507853746374,True
29,4,116,696000000,2784000000,hybrid,1000000,10k_to_10M,10000000,59.47560299732809,36.68094488436136,38.96831320909531,34.94943543838289,6.3213922517116385,6.3213922517116385,119.51682947878045,107.00947831240636,182.86074624883938,True
29,4,116,696000000,2784000000,hybrid,1000000,10k_to_fout_over_2,348000000.0,59.55094772791814,36.72859598045121,39.01893575557107,34.994837183392605,37.30898015223679,37.30898015223679,124.83512551647742,107.17682397135368,193.64147612089513,True
30,4,120,720000000,2880000000,hybrid,1000000,10k_to_10M,10000000,59.47560299732809,36.68094488436136,37.669369435458805,33.78445425710346,6.3213922517116385,6.3213922517116385,115.53293516282112,103.44249570199281,177.6832542391493,True
30,4,120,720000000,2880000000,hybrid,1000000,10k_to_fout_over_2,360000000.0,59.550947747650895,36.728595992917754,37.718304576521184,33.828342622094986,37.946804872083746,37.946804872083746,120.77215395195573,103.60426355075592,188.84387467436923,True
31,4,124,744000000,2976000000,hybrid,1000000,10k_to_10M,10000000,59.47560299732809,36.68094488436136,36.45422848592787,32.69463315203561,6.3213922517116385,6.3213922517116385,111.80606628660107,100.10564100192853,172.8651055009269,True
31,4,124,744000000,2976000000,hybrid,1000000,10k_to_fout_over_2,372000000.0,59.550947761409134,36.72859600160658,36.50158508268787,32.73710577106228,38.57408456464001,38.57408456464001,116.97109482930735,100.26219085370542,184.41814686114105,True
32,4,128,768000000,3072000000,hybrid,1000000,10k_to_10M,10000000,59.47560299732809,36.68094488436136,35.315033845742626,31.6729258660345,6.3213922517116385,6.3213922517116385,108.3121267151448,96.97733972061826,168.37222493865306,True
32,4,128,768000000,3072000000,hybrid,1000000,10k_to_fout_over_2,384000000.0,59.55094777088049,36.728596007590426,35.36091055461488,31.714071220883476,39.19132557084538,39.19132557084538,113.4074061605683,97.12899766107792,180.32937479087386,True
33,4,132,792000000,3168000000,hybrid,1000000,10k_to_10M,10000000,59.47560299732809,36.68094488436136,34.24488130496255,30.71314023373042,6.3213922517116385,6.3213922517116385,105.02994105711011,94.0386324563571,164.174665709527,True
33,4,132,792000000,3168000000,hybrid,1000000,10k_to_fout_over_2,396000000.0,59.55094777718108,36.728596011569344,34.28936781425033,30.753038762976153,39.79899496218464,39.79899496218464,110.05952068766032,94.18569493407952,176.54681676148311,True
34,4,136,816000000,3264000000,hybrid,1000000,10k_to_10M,10000000,59.47560299732809,36.68094488436136,33.23767891364012,29.809812579797175,6.3213922517116385,6.3213922517116385,101.94082514366568,91.27279032528779,160.24600269538573,True
34,4,136,816000000,3264000000,hybrid,1000000,10k_to_fout_over_2,408000000.0,59.5509477812663,36.72859601415042,33.280856998522935,29.84853762498619,40.397524676643215,40.397524676643215,106.90840592388322,91.41552763507431,173.04329440261168,True
35,4,140,840000000,3360000000,hybrid,1000000,10k_to_10M,10000000,59.47560299732809,36.68094488436136,32.28803094467897,28.958103648945826,6.3213922517116385,6.3213922517116385,99.02823013956095,88.66499631599385,156.56282992786643,True
35,4,140,840000000,3360000000,hybrid,1000000,10k_to_fout_over_2,420000000.0,59.55094778377085,36.728596015732,32.329975371385885,28.995722265520897,40.987315110897384,40.987315110897384,103.93720458972557,88.80365558883332,169.79468810393476,True
36,4,144,864000000,3456000000,hybrid,1000000,10k_to_10M,10000000,59.47560299732809,36.68094488436136,31.391141196215667,28.153711880919552,6.3213922517116385,6.3213922517116385,96.27744596901758,86.20207975166068,153.10434175296496,True
36,4,144,864000000,3456000000,hybrid,1000000,10k_to_fout_over_2,432000000.0,59.55094778522419,36.7285960166503,31.431920500744354,28.190285536627908,41.56873825364435,41.56873825364435,101.13093068706428,86.33688752674162,166.77951391556323,True
37,4,148,888000000,3552000000,hybrid,1000000,10k_to_10M,10000000,59.47560299732809,36.68094488436136,30.542731974696324,27.39280074900281,6.3213922517116385,6.3213922517116385,93.67535283471982,83.8722938124266,149.85198189188327,True
37,4,148,888000000,3552000000,hybrid,1000000,10k_to_fout_over_2,444000000.0,59.55094778597848,36.728596017126584,30.582409136255958,27.428385927885547,42.14214042974081,42.14214042974081,98.4762182143872,84.00345826358813,163.9785711757301,True
38,4,152,912000000,3648000000,hybrid,1000000,10k_to_10M,10000000,59.47560299732809,36.68094488436136,29.738975870099054,26.671937571397475,6.3213922517116385,6.3213922517116385,91.21021197064826,81.66512818578381,146.78914789060968,True
38,4,152,912000000,3648000000,hybrid,1000000,10k_to_fout_over_2,456000000.0,59.55094778631539,36.7285960173395,29.77760889600079,26.706586298359174,42.70784471265198,42.70784471265198,95.96110706092743,81.79284105385179,161.3746442504141,True
39,4,156,936000000,3744000000,hybrid,1000000,10k_to_10M,10000000,59.47560299732809,36.68094488436136,28.976438027276,25.988041736233434,6.3213922517116385,6.3213922517116385,88.87148858678547,79.57115053999448,143.90094101647742,True
39,4,156,936000000,3744000000,hybrid,1000000,10k_to_fout_over_2,468000000.0,59.550947786421226,36.728596017406296,29.014080462822765,26.021802034346013,43.26615305293497,43.26615305293497,93.57486350683114,79.69558881822114,158.95225116774466,True
40,4,160,960000000,3840000000,hybrid,1000000,10k_to_10M,10000000,59.47560299732809,36.68094488436136,28.2520270765941,25.3383406928276,6.3213922517116385,6.3213922517116385,86.64970137211584,77.58187177649461,141.17395364842997,True
40,4,160,960000000,3840000000,hybrid,1000000,10k_to_fout_over_2,480000000.0,59.55094778643452,36.728596017414695,28.28872845125866,25.371256983493158,43.817348162571335,43.817348162571335,91.30782660862847,77.70319918492028,156.6974293010174,True
41,4,164,984000000,3936000000,hybrid,1000000,10k_to_10M,10000000,59.47560299732809,36.68094488436136,27.562953245457656,24.720332383246436,6.3213922517116385,6.3213922517116385,84.53629402157641,75.68963100145815,138.59608775969875,True
41,4,164,984000000,3936000000,hybrid,1000000,10k_to_fout_over_2,492000000.0,59.55094778644512,36.72859601742141,27.598759464647642,24.75244583755883,44.361695188529396,44.361695188529396,89.15127761991381,75.80799928173558,154.59755270691113,True
9,14,126,216000000,3024000000,hybrid,1200000,10k_to_10M,10000000,65.33759846920934,40.37411204798855,39.487671120040346,35.41523096000566,6.3213922517116385,6.3213922517116385,100.43232858133322,98.37091559476346,168.98519198747306,True
9,14,126,216000000,3024000000,hybrid,1200000,10k_to_fout_over_2,108000000.0,65.48144351296285,40.4649131874975,39.57647865913852,35.49487960523952,20.783647418102536,20.783647418102536,103.65789015810468,98.63507894688394,173.46230073404556,True
10,12,120,240000000,2880000000,hybrid,1200000,10k_to_10M,10000000,65.33759846920934,40.37411204798855,41.462054676042364,37.18599250800594,6.3213922517116385,6.3213922517116385,105.45394501039989,103.28946137450163,175.6989984702328,True
10,12,120,240000000,2880000000,hybrid,1200000,10k_to_fout_over_2,120000000.0,65.48147329263203,40.464931968685505,41.555321879371476,37.26964088364333,21.907989410258544,21.907989410258544,108.97075462228351,103.56690077380357,180.55955602165935,True
11,12,132,264000000,3168000000,hybrid,1200000,10k_to_10M,10000000,65.33759846920934,40.37411204798855,37.69277697822033,33.80544773455085,6.3213922517116385,6.3213922517116385,95.86722273672717,93.89951034045603,162.94228078580812,True
11,12,132,264000000,3168000000,hybrid,1200000,10k_to_fout_over_2,132000000.0,65.4814921367426,40.46494384836175,37.77757643560348,33.881501659315866,22.977380181387108,22.977380181387108,99.1784596157433,94.15177074359178,168.09872609585395,True
12,10,120,288000000,2880000000,hybrid,1200000,10k_to_10M,10000000,65.33759846920934,40.37411204798855,41.462054676042364,37.18599250800594,6.3213922517116385,6.3213922517116385,105.45394501039989,103.28946137450163,175.6989984702328,True
12,10,120,288000000,2880000000,hybrid,1200000,10k_to_fout_over_2,144000000.0,65.48150476780087,40.46495181419476,41.55534225964848,37.26965916206282,23.999166652198586,23.999166652198586,109.2184815226579,103.56697913523273,181.23970213412508,True
13,10,130,312000000,3120000000,hybrid,1200000,10k_to_10M,10000000,65.33759846920934,40.37411204798855,38.27266585480833,34.32553154585163,6.3213922517116385,6.3213922517116385,97.34210308652297,95.34411819184764,164.887888190778,True
13,10,130,312000000,3120000000,hybrid,1200000,10k_to_fout_over_2,156000000.0,65.48151324980577,40.46495716153804,38.358782539462275,34.40276684968253,24.979191339993395,24.979191339993395,100.92744649682379,95.60030967798198,170.74506308320673,True
14,8,112,336000000,2688000000,hybrid,1200000,10k_to_10M,10000000,65.33759846920934,40.37411204798855,44.423630010045386,39.84213483000636,6.3213922517116385,6.3213922517116385,112.98636965399989,110.66728004410888,185.8844046939401,True
14,8,112,336000000,2688000000,hybrid,1200000,10k_to_fout_over_2,168000000.0,65.48151919709773,40.464960912157466,44.52359100296765,39.931786651724906,25.922191265400397,25.922191265400397,117.27384360993452,110.96466264414619,192.12592461653185,True
15,8,120,360000000,2880000000,hybrid,1200000,10k_to_10M,10000000,65.33759846920934,40.37411204798855,41.462054676042364,37.18599250800594,6.3213922517116385,6.3213922517116385,105.45394501039989,103.28946137450163,175.6989984702328,True
15,8,120,360000000,2880000000,hybrid,1200000,10k_to_fout_over_2,180000000.0,65.48152334880571,40.4649635295767,41.555354290719485,37.2696699523461,26.83207036365253,26.83207036365253,109.57144013641957,103.5670309674136,182.244531712445,True
16,8,128,384000000,3072000000,hybrid,1200000,10k_to_10M,10000000,65.33759846920934,40.37411204798855,38.870676258789715,34.86186797625557,6.3213922517116385,6.3213922517116385,98.86307344724989,96.83387003859528,166.90109552391968,True
16,8,128,384000000,3072000000,hybrid,1200000,10k_to_fout_over_2,192000000.0,65.48152634746995,40.46496542064185,38.95814646819591,34.940317213204054,27.71209122386834,27.71209122386834,102.83055464687706,97.09410023287556,173.78467691802098,True
17,8,136,408000000,3264000000,hybrid,1200000,10k_to_10M,10000000,65.33759846920934,40.37411204798855,36.58416589062561,32.811169860005236,6.3213922517116385,6.3213922517116385,93.04759853858813,91.13776003632495,159.24167688491323,True
17,8,136,408000000,3264000000,hybrid,1200000,10k_to_fout_over_2,204000000.0,65.4815284948363,40.46496677445036,36.666492020321705,32.885005536167725,28.565013565549037,28.565013565549037,96.88169850799255,91.38268904244175,166.49287882275536,True
18,8,144,432000000,3456000000,hybrid,1200000,10k_to_10M,10000000,65.33759846920934,40.37411204798855,34.5517122300353,30.988327090004947,6.3213922517116385,6.3213922517116385,87.87828750866656,86.07455114541801,152.52707858473036,True
18,8,144,432000000,3456000000,hybrid,1200000,10k_to_fout_over_2,216000000.0,65.48153007594861,40.46496777154891,34.62946553916515,31.05806154946108,29.393196491705357,29.393196491705357,91.59302223909519,86.30587768653311,160.17163829689824,True
19,6,114,456000000,2736000000,hybrid,1200000,10k_to_10M,10000000,65.33759846920934,40.37411204798855,43.64426808004459,39.1431500084273,6.3213922517116385,6.3213922517116385,111.00415264252621,108.72574881526488,183.19172848558838,True
19,6,114,456000000,2736000000,hybrid,1200000,10k_to_fout_over_2,228000000.0,65.48153122657794,40.46496849696854,43.742483570489846,39.231236344726916,30.198675467642627,30.198675467642627,115.81384768230149,109.01795556865923,191.0482172977226,True
20,6,120,480000000,2880000000,hybrid,1200000,10k_to_10M,10000000,65.33759846920934,40.37411204798855,41.462054676042364,37.18599250800594,6.3213922517116385,6.3213922517116385,105.45394501039989,103.28946137450163,175.6989984702328,True
20,6,120,480000000,2880000000,hybrid,1200000,10k_to_fout_over_2,240000000.0,65.48153208361694,40.464969037441605,41.55535994700228,37.26967502528547,30.983221265710906,30.983221265710906,110.133966673559,103.5670614051584,183.89308905825317,True
21,6,126,504000000,3024000000,hybrid,1200000,10k_to_10M,10000000,65.33759846920934,40.37411204798855,39.487671120040346,35.41523096000566,6.3213922517116385,6.3213922517116385,100.43232858133322,98.37091559476346,168.98519198747306,True
21,6,126,504000000,3024000000,hybrid,1200000,10k_to_fout_over_2,252000000.0,65.48153271281016,40.46496943412072,39.57653367082907,35.494928943467656,31.748385785737202,31.748385785737202,104.99441730401539,98.6352994166925,177.53902903827526,True
22,6,132,528000000,3168000000,hybrid,1200000,10k_to_10M,10000000,65.33759846920934,40.37411204798855,37.69277697822033,33.80544773455085,6.3213922517116385,6.3213922517116385,95.86722273672717,93.89951034045603,162.94228078580812,True
22,6,132,528000000,3168000000,hybrid,1200000,10k_to_fout_over_2,264000000.0,65.48153318393462,40.46496973122463,37.777600599527595,33.88152333116754,32.49553815526063,32.49553815526063,100.32159323821013,94.15187891296145,171.87573437358566,True
23,6,138,552000000,3312000000,hybrid,1200000,10k_to_10M,10000000,65.33759846920934,40.37411204798855,36.053960587862925,32.3356456591356,6.3213922517116385,6.3213922517116385,91.69908261773904,89.81692293434925,157.48102790489168,True
23,6,138,552000000,3312000000,hybrid,1200000,10k_to_fout_over_2,276000000.0,65.48153353068523,40.46496994983596,36.135096420854374,32.408413796202716,33.22589351695453,33.22589351695453,96.05466218032714,90.05832072165502,166.81191433013103,True
24,6,144,576000000,3456000000,hybrid,1200000,10k_to_10M,10000000,65.33759846920934,40.37411204798855,34.5517122300353,30.988327090004947,6.3213922517116385,6.3213922517116385,87.87828750866656,86.07455114541801,152.52707858473036,True
24,6,144,576000000,3456000000,hybrid,1200000,10k_to_fout_over_2,288000000.0,65.48153379020538,40.46497011349661,34.629467543377714,31.05806334697533,33.940536236188144,33.940536236188144,92.14293460125613,86.3058920865424,162.27136469750857,True
25,6,150,600000000,3600000000,hybrid,1200000,10k_to_10M,10000000,65.33759846920934,40.37411204798855,33.169643740833884,29.748794006404744,6.3213922517116385,6.3213922517116385,84.3631560083199,82.6315690996013,148.01798881103207,True
25,6,150,600000000,3600000000,hybrid,1200000,10k_to_fout_over_2,300000000.0,65.48153398055044,40.46497023350076,33.24428894023287,29.815740901518776,34.64043879629701,34.64043879629701,88.5438160014195,82.85365754060871,158.18995600556303,True
26,6,156,624000000,3744000000,hybrid,1200000,10k_to_10M,10000000,65.33759846920934,40.37411204798855,31.893888212340283,28.604609621543023,6.3213922517116385,6.3213922517116385,81.11841923876915,79.45343182653971,143.90093906260861,True
26,6,156,624000000,3744000000,hybrid,1200000,10k_to_fout_over_2,312000000.0,65.48153412212332,40.464970322780864,31.96566251305921,28.66898169932971,35.326477322257865,35.326477322257865,85.22126590322877,79.66697932357981,154.51333593731692,True
27,6,162,648000000,3888000000,hybrid,1200000,10k_to_10M,10000000,65.33759846920934,40.37411204798855,30.712633093364712,27.545179635559954,6.3213922517116385,6.3213922517116385,78.11403334103696,76.51071212926047,140.13095562865922,True
27,6,162,648000000,3888000000,hybrid,1200000,10k_to_fout_over_2,324000000.0,65.48153422492413,40.464970387591876,30.7817491359514,27.607167606534695,35.99944444015768,35.99944444015768,82.14457588064658,76.71635122025168,151.19512831835175,True
28,4,112,672000000,2688000000,hybrid,1200000,10k_to_10M,10000000,65.33759846920934,40.37411204798855,44.423630010045386,39.84213483000636,6.3213922517116385,6.3213922517116385,112.98636965399989,110.66728004410888,185.8844046939401,True
28,4,112,672000000,2688000000,hybrid,1200000,10k_to_fout_over_2,336000000.0,65.48153430039999,40.46497043518954,44.52360148115854,39.93179604927962,36.660060010861955,36.660060010861955,118.9311343163882,110.96472323862521,196.59056209400535,True
29,4,116,696000000,2784000000,hybrid,1200000,10k_to_10M,10000000,65.33759846920934,40.37411204798855,42.891780699354165,38.468268111730275,6.3213922517116385,6.3213922517116385,109.090287941793,106.8511669391396,180.60001661113932,True
29,4,116,696000000,2784000000,hybrid,1200000,10k_to_fout_over_2,348000000.0,65.48153435422343,40.46497046912235,42.988304914408744,38.554837597152705,37.30898015223679,37.30898015223679,114.94066821821183,107.13835425769246,191.6601659226641,True
30,4,120,720000000,2880000000,hybrid,1200000,10k_to_10M,10000000,65.33759846920934,40.37411204798855,41.462054676042364,37.18599250800594,6.3213922517116385,6.3213922517116385,105.45394501039989,103.28946137450163,175.6989984702328,True
30,4,120,720000000,2880000000,hybrid,1200000,10k_to_fout_over_2,360000000.0,65.48153439288785,40.46497049350573,41.555361442302214,37.26967636637225,37.946804872083746,37.946804872083746,111.21595803078492,103.56707643845667,187.1260822741079,True
31,4,124,744000000,2976000000,hybrid,1200000,10k_to_10M,10000000,65.33759846920934,40.37411204798855,40.12456904133131,35.98644436258639,6.3213922517116385,6.3213922517116385,102.05220484877408,99.95754326564673,171.14367907171163,True
31,4,124,744000000,2976000000,hybrid,1200000,10k_to_fout_over_2,372000000.0,65.4815344196594,40.46497051038353,40.21486592867884,36.067428756694156,38.57408456464001,38.57408456464001,107.73130356156207,100.22620356084177,182.9496807716067,True
32,4,128,768000000,3072000000,hybrid,1200000,10k_to_10M,10000000,65.33759846920934,40.37411204798855,38.870676258789715,34.86186797625557,6.3213922517116385,6.3213922517116385,98.86307344724989,96.83387003859528,166.90109552391968,True
32,4,128,768000000,3072000000,hybrid,1200000,10k_to_fout_over_2,384000000.0,65.48153443822454,40.46497052209169,38.9581513796798,34.94032161815711,39.19132557084538,39.19132557084538,104.4642125411285,97.09413516977935,179.09710106991093,True
33,4,132,792000000,3168000000,hybrid,1200000,10k_to_10M,10000000,65.33759846920934,40.37411204798855,37.69277697822033,33.80544773455085,6.3213922517116385,6.3213922517116385,95.86722273672717,93.89951034045603,162.94228078580812,True
33,4,132,792000000,3168000000,hybrid,1200000,10k_to_fout_over_2,396000000.0,65.48153445047788,40.464970529816455,37.777601345083085,33.88152399983245,39.79899496218464,39.79899496218464,101.3949200843436,94.15188905190497,175.5385372414272,True
34,4,136,816000000,3264000000,hybrid,1200000,10k_to_10M,10000000,65.33759846920934,40.37411204798855,36.58416589062561,32.811169860005236,6.3213922517116385,6.3213922517116385,93.04759853858813,91.13776003632495,159.24167688491323,True
34,4,136,816000000,3264000000,hybrid,1200000,10k_to_fout_over_2,408000000.0,65.48153445849044,40.46497053486974,36.6664954277478,32.88500859217938,40.397524676643215,40.397524676643215,98.50598279166876,91.38271618890236,172.24764246950124,True
35,4,140,840000000,3360000000,hybrid,1200000,10k_to_10M,10000000,65.33759846920934,40.37411204798855,35.53890400803631,31.87370786400509,6.3213922517116385,6.3213922517116385,90.38909572319992,88.53382403528711,155.7766486751095,True
35,4,140,840000000,3360000000,hybrid,1200000,10k_to_fout_over_2,420000000.0,65.48153446335647,40.464970537937255,35.61888127536945,31.945436920538793,40.987315110897384,40.987315110897384,95.78195172195846,88.77178173804529,169.20104121511662,True
36,4,144,864000000,3456000000,hybrid,1200000,10k_to_10M,10000000,65.33759846920934,40.37411204798855,34.5517122300353,30.988327090004947,6.3213922517116385,6.3213922517116385,87.87828750866656,86.07455114541801,152.52707858473036,True
36,4,144,864000000,3456000000,hybrid,1200000,10k_to_fout_over_2,432000000.0,65.48153446621035,40.46497053973722,34.62946790814957,31.058063674127578,41.56873825364435,41.56873825364435,93.20909189395086,86.30589916914634,166.37791802612762,True
37,4,148,888000000,3552000000,hybrid,1200000,10k_to_10M,10000000,65.33759846920934,40.37411204798855,33.61788216976407,30.150804736221026,6.3213922517116385,6.3213922517116385,85.50319865708099,83.74821192527159,149.47502703288427,True
37,4,148,888000000,3552000000,hybrid,1200000,10k_to_fout_over_2,444000000.0,65.48153446767269,40.46497054065898,33.69353634383196,30.21865654848816,42.14214042974081,42.14214042974081,90.77515355465037,83.97330752356618,163.75967657321436,True
38,4,152,912000000,3648000000,hybrid,1200000,10k_to_10M,10000000,65.33759846920934,40.37411204798855,32.733201060033444,29.357362506320477,6.3213922517116385,6.3213922517116385,83.25311448189466,81.54431161144866,146.60444641780734,True
38,4,152,912000000,3648000000,hybrid,1200000,10k_to_fout_over_2,456000000.0,65.48153446833616,40.46497054107753,32.80686433512306,29.423428744884898,42.70784471265198,42.70784471265198,88.46917490738402,81.76348383669725,161.32964979114595,True
39,4,156,936000000,3744000000,hybrid,1200000,10k_to_10M,10000000,65.33759846920934,40.37411204798855,31.893888212340283,28.604609621543023,6.3213922517116385,6.3213922517116385,81.11841923876915,79.45343182653971,143.90093906260861,True
39,4,156,936000000,3744000000,hybrid,1200000,10k_to_fout_over_2,468000000.0,65.48153446853968,40.464970541205744,31.96566268560581,28.668981854081263,43.26615305293497,43.26615305293497,86.28131832172492,79.66698442242462,159.07285628614468,True
40,4,160,960000000,3840000000,hybrid,1200000,10k_to_10M,10000000,65.33759846920934,40.37411204798855,31.096541007031774,27.88949438100445,6.3213922517116385,6.3213922517116385,79.09045875779992,77.46709603087622,141.35155142690687,True
40,4,160,960000000,3840000000,hybrid,1200000,10k_to_fout_over_2,480000000.0,65.48153446856614,40.464970541222456,31.166521118478535,27.952257307740773,43.817348162571335,43.817348162571335,84.2027291668937,77.67530996251682,156.97579208722928,True
41,4,164,984000000,3936000000,hybrid,1200000,10k_to_10M,10000000,65.33759846920934,40.37411204798855,30.338088787348063,27.20926281073605,6.3213922517116385,6.3213922517116385,77.16142317834137,75.57765466426947,138.94459839381497,True
41,4,164,984000000,3936000000,hybrid,1200000,10k_to_fout_over_2,492000000.0,65.48153446858733,40.46497054123583,30.406362066818378,27.27049493439026,44.361695188529396,44.361695188529396,82.22541635943891,75.78079034032166,155.02625334263803,True
9,14,126,216000000,3024000000,hybrid,1600000,10k_to_10M,10000000,76.04753770042711,47.1123144302425,46.07793171312692,41.32582518779064,6.3213922517116385,6.3213922517116385,88.06267072665428,97.82998739893335,170.99549172323208,True
9,14,126,216000000,3024000000,hybrid,1600000,10k_to_fout_over_2,108000000.0,76.4481719264408,47.364578388075955,46.32465704520431,41.547105257527804,20.783647418102536,20.783647418102536,91.87890313963894,98.44783091345215,175.94740786984488,True
10,12,120,240000000,2880000000,hybrid,1600000,10k_to_10M,10000000,76.04753770042711,47.1123144302425,48.38182829878327,43.39211644718017,6.3213922517116385,6.3213922517116385,92.46580426298698,102.72148676888001,177.2230911664186,True
10,12,120,240000000,2880000000,hybrid,1600000,10k_to_fout_over_2,120000000.0,76.44825942700297,47.36463344233398,48.640946435244366,43.62451122733306,21.907989410258544,21.907989410258544,96.61940216088081,103.3703905569985,182.58546228634265,True
11,12,132,264000000,3168000000,hybrid,1600000,10k_to_10M,10000000,76.04753770042711,47.1123144302425,43.98348027162116,39.447378588345615,6.3213922517116385,6.3213922517116385,84.0598220572609,93.38316978989094,165.40807253539424,True
11,12,132,264000000,3168000000,hybrid,1600000,10k_to_fout_over_2,132000000.0,76.44831374812853,47.36466760969291,44.21907411208676,39.65867517880482,22.977380181387108,22.977380181387108,87.96451176050066,93.97318873504197,170.99862272916775,True
12,10,120,288000000,2880000000,hybrid,1600000,10k_to_10M,10000000,76.04753770042711,47.1123144302425,48.38182829878327,43.39211644718017,6.3213922517116385,6.3213922517116385,92.46580426298698,102.72148676888001,177.2230911664186,True
12,10,120,288000000,2880000000,hybrid,1600000,10k_to_fout_over_2,144000000.0,76.44835083204417,47.364690941929766,48.641005484255324,43.624564186504884,23.999166652198586,23.999166652198586,96.8986441635227,103.37058497973689,183.2581768645745,True
13,10,130,312000000,3120000000,hybrid,1600000,10k_to_10M,10000000,76.04753770042711,47.1123144302425,44.66014919887686,40.05426133585861,6.3213922517116385,6.3213922517116385,85.35305008891105,94.81983394050462,167.20506872366087,True
13,10,130,312000000,3120000000,hybrid,1600000,10k_to_fout_over_2,156000000.0,76.44837532079109,47.364706345362656,44.89940427946841,40.26884157564386,24.979191339993395,24.979191339993395,89.56927638042811,95.4190541771212,173.49546614893524,True
14,8,112,336000000,2688000000,hybrid,1600000,10k_to_10M,10000000,76.04753770042711,47.1123144302425,51.83767317726779,46.49155333626447,6.3213922517116385,6.3213922517116385,99.07050456748605,110.05873582380002,186.70623251437846,True
14,8,112,336000000,2688000000,hybrid,1600000,10k_to_fout_over_2,168000000.0,76.44839277185733,47.36471732496627,52.11539204809651,46.740630520949416,25.922191265400397,25.922191265400397,104.10616455320569,110.75430236820287,193.4864409346125,True
15,8,120,360000000,2880000000,hybrid,1600000,10k_to_10M,10000000,76.04753770042711,47.1123144302425,48.38182829878327,43.39211644718017,6.3213922517116385,6.3213922517116385,92.46580426298698,102.72148676888001,177.2230911664186,True
15,8,120,360000000,2880000000,hybrid,1600000,10k_to_fout_over_2,180000000.0,76.44840477054953,47.36472487224392,48.641040328874105,43.624595437530466,26.83207036365253,26.83207036365253,97.29621324970361,103.37071305948577,184.25202662849287,True
16,8,128,384000000,3072000000,hybrid,1600000,10k_to_10M,10000000,76.04753770042711,47.1123144302425,45.357964030109315,40.68010916923141,6.3213922517116385,6.3213922517116385,86.68669149655031,96.30139384582502,169.06648184520782,True
16,8,128,384000000,3072000000,hybrid,1600000,10k_to_fout_over_2,192000000.0,76.44841356620658,47.36473040611397,45.60098063612137,40.89806300102015,27.71209122386834,27.71209122386834,91.33603773080632,96.91006484325273,176.37922517045953,True
17,8,136,408000000,3264000000,hybrid,1600000,10k_to_10M,10000000,76.04753770042711,47.1123144302425,42.68984849892641,38.287161571041324,6.3213922517116385,6.3213922517116385,81.58747434969439,90.63660597254119,161.99555049532677,True
17,8,136,408000000,3264000000,hybrid,1600000,10k_to_fout_over_2,204000000.0,76.44841977642082,47.36473431242311,42.91857355008834,38.492297763768605,28.565013565549037,28.565013565549037,86.07588207295842,91.20948869053889,169.62189772353872,True
18,8,144,432000000,3456000000,hybrid,1600000,10k_to_10M,10000000,76.04753770042711,47.1123144302425,40.318190248986056,36.1600970393168,6.3213922517116385,6.3213922517116385,77.05483688582248,85.60123897406667,155.82312808281748,True
18,8,144,432000000,3456000000,hybrid,1600000,10k_to_fout_over_2,216000000.0,76.44842441301103,47.3647372295598,40.53421084931409,36.353839015881405,29.393196491705357,29.393196491705357,81.39926611190859,86.14230636542563,163.78846497216628,True
19,6,114,456000000,2736000000,hybrid,1600000,10k_to_10M,10000000,76.04753770042711,47.1123144302425,50.928240314508706,45.67591204966334,6.3213922517116385,6.3213922517116385,97.3324255399863,108.12788080934739,184.19536485533578,True
19,6,114,456000000,2736000000,hybrid,1600000,10k_to_fout_over_2,228000000.0,76.44842774202317,47.36473932356415,51.20111070484995,45.92064078706331,30.198675467642627,30.198675467642627,102.95219790124192,108.81134611096407,192.5643365691005,True
20,6,120,480000000,2880000000,hybrid,1600000,10k_to_10M,10000000,76.04753770042711,47.1123144302425,48.38182829878327,43.39211644718017,6.3213922517116385,6.3213922517116385,92.46580426298698,102.72148676888001,177.2230911664186,True
20,6,120,480000000,2880000000,hybrid,1600000,10k_to_fout_over_2,240000000.0,76.44843025498504,47.36474090460276,48.64105679324958,43.62461020390292,30.983221265710906,30.983221265710906,97.9292291846818,103.37078760251869,185.88279600083766,True
21,6,126,504000000,3024000000,hybrid,1600000,10k_to_10M,10000000,76.04753770042711,47.1123144302425,46.07793171312692,41.32582518779064,6.3213922517116385,6.3213922517116385,88.06267072665428,97.82998739893335,170.99549172323208,True
21,6,126,504000000,3024000000,hybrid,1600000,10k_to_fout_over_2,252000000.0,76.44843207579105,47.36474204992314,46.32481711374513,41.54724881788924,31.748385785737202,31.748385785737202,93.38391634963132,98.44837605872236,179.96806022918258,True
22,6,132,528000000,3168000000,hybrid,1600000,10k_to_10M,10000000,76.04753770042711,47.1123144302425,43.98348027162116,39.447378588345615,6.3213922517116385,6.3213922517116385,84.0598220572609,93.38316978989094,165.40807253539424,True
22,6,132,528000000,3168000000,hybrid,1600000,10k_to_fout_over_2,264000000.0,76.44843345715958,47.36474291901464,44.21914441994809,39.65873823567988,32.49553815526063,32.49553815526063,89.25122302787862,93.97345519818275,174.71302525963395,True
23,6,138,552000000,3312000000,hybrid,1600000,10k_to_10M,10000000,76.04753770042711,47.1123144302425,42.07115504242024,37.73227517146102,6.3213922517116385,6.3213922517116385,80.40504718520607,89.32303197293915,160.3745631052009,True
23,6,138,552000000,3312000000,hybrid,1600000,10k_to_fout_over_2,276000000.0,76.44843446069025,47.36474355025405,42.29657348712349,37.934445774471115,33.22589351695453,33.22589351695453,85.47736852668031,89.88765706607477,170.02910277688903,True
24,6,144,576000000,3456000000,hybrid,1600000,10k_to_10M,10000000,76.04753770042711,47.1123144302425,40.318190248986056,36.1600970393168,6.3213922517116385,6.3213922517116385,77.05483688582248,85.60123897406667,155.82312808281748,True
24,6,144,576000000,3456000000,hybrid,1600000,10k_to_fout_over_2,288000000.0,76.44843522168988,47.36474402903924,40.53421666823232,36.3538442346833,33.940536236188144,33.940536236188144,82.01755918180946,86.14234138816242,165.8424250012779,True
25,6,150,600000000,3600000000,hybrid,1600000,10k_to_10M,10000000,76.04753770042711,47.1123144302425,38.705462639026614,34.71369315774413,6.3213922517116385,6.3213922517116385,73.97264341038958,82.17718941510401,151.69348675968112,True
25,6,150,600000000,3600000000,hybrid,1600000,10k_to_fout_over_2,300000000.0,76.44843577253282,47.364744375529064,38.912848286164234,34.89969072059951,34.64043879629701,34.64043879629701,78.83413737291535,82.69665047692106,162.0908934252494,True
26,6,156,624000000,3744000000,hybrid,1600000,10k_to_10M,10000000,76.04753770042711,47.1123144302425,37.21679099906405,33.378551113215515,6.3213922517116385,6.3213922517116385,71.12754174075921,79.01652828375386,147.93469607924365,True
26,6,156,624000000,3744000000,hybrid,1600000,10k_to_fout_over_2,312000000.0,76.44843618775376,47.36474463676731,37.41620048152539,33.55739510873777,35.326477322257865,35.326477322257865,75.89524938423567,79.51601228376599,158.7219529353902,True
27,6,162,648000000,3888000000,hybrid,1600000,10k_to_10M,10000000,76.04753770042711,47.1123144302425,35.83839133243205,32.14230847939272,6.3213922517116385,6.3213922517116385,68.49318834295332,76.08999019917039,144.50342524260807,True
27,6,162,648000000,3888000000,hybrid,1600000,10k_to_fout_over_2,324000000.0,76.44843648517839,47.364744823851815,36.03041542082131,32.3145287508671,35.99944444015768,35.99944444015768,73.17374703978679,76.57097661931688,155.69082764672814,True
28,4,112,672000000,2688000000,hybrid,1600000,10k_to_10M,10000000,76.04753770042711,47.1123144302425,51.83767317726779,46.49155333626447,6.3213922517116385,6.3213922517116385,99.07050456748605,110.05873582380002,186.70623251437846,True
28,4,112,672000000,2688000000,hybrid,1600000,10k_to_fout_over_2,336000000.0,76.44843670662169,47.36474496317463,52.115422458413434,46.74065779499129,36.660060010861955,36.660060010861955,105.96954179192295,110.75445057164411,197.9204410829189,True
29,4,116,696000000,2784000000,hybrid,1600000,10k_to_10M,10000000,76.04753770042711,47.1123144302425,50.05016720563786,44.88839632466914,6.3213922517116385,6.3213922517116385,95.6542802720555,106.26360700228966,181.78118998039045,True
29,4,116,696000000,2784000000,hybrid,1600000,10k_to_fout_over_2,348000000.0,76.44843686227694,47.36474506108336,50.31833902937884,45.128911067761344,37.30898015223679,37.30898015223679,102.43954400477755,106.93533346855224,193.31136063398245,True
30,4,120,720000000,2880000000,hybrid,1600000,10k_to_10M,10000000,76.04753770042711,47.1123144302425,48.38182829878327,43.39211644718017,6.3213922517116385,6.3213922517116385,92.46580426298698,102.72148676888001,177.2230911664186,True
30,4,120,720000000,2880000000,hybrid,1600000,10k_to_fout_over_2,360000000.0,76.44843697577902,47.36474513249474,48.641061135068554,43.62461409794172,37.946804872083746,37.946804872083746,99.14453915035239,103.37082392029068,189.08180574116892,True
31,4,124,744000000,2976000000,hybrid,1600000,10k_to_10M,10000000,76.04753770042711,47.1123144302425,46.82112416011284,41.99237075533564,6.3213922517116385,6.3213922517116385,89.48303638353578,99.40789042149677,172.9954840711505,True
31,4,124,744000000,2976000000,hybrid,1600000,10k_to_fout_over_2,372000000.0,76.44843705314464,47.36474518115792,47.07199469520294,42.217368525253775,38.57408456464001,38.57408456464001,96.06180861844877,100.03628254063827,185.19425045968578,True
32,4,128,768000000,3072000000,hybrid,1600000,10k_to_10M,10000000,76.04753770042711,47.1123144302425,45.357964030109315,40.68010916923141,6.3213922517116385,6.3213922517116385,86.68669149655031,96.30139384582502,169.06648184520782,True
32,4,128,768000000,3072000000,hybrid,1600000,10k_to_fout_over_2,384000000.0,76.44843710769058,47.36474521547674,45.600994894018704,40.89807578847287,39.19132557084538,39.19132557084538,93.17146453424752,96.91014983208224,181.61581678915718,True
33,4,132,792000000,3168000000,hybrid,1600000,10k_to_10M,10000000,76.04753770042711,47.1123144302425,43.98348027162116,39.447378588345615,6.3213922517116385,6.3213922517116385,84.0598220572609,93.38316978989094,165.40807253539424,True
33,4,132,792000000,3168000000,hybrid,1600000,10k_to_fout_over_2,396000000.0,76.44843714305777,47.36474523772233,44.21914658466516,39.65874017714552,39.79899496218464,39.79899496218464,90.45603486355576,93.97347958388222,178.317582808045,True
34,4,136,816000000,3264000000,hybrid,1600000,10k_to_10M,10000000,76.04753770042711,47.1123144302425,42.68984849892641,38.287161571041324,6.3213922517116385,6.3213922517116385,81.58747434969439,90.63660597254119,161.99555049532677,True
34,4,136,816000000,3264000000,hybrid,1600000,10k_to_fout_over_2,408000000.0,76.44843716663281,47.36474525255544,42.91858346326279,38.49230665457812,40.397524676643215,40.397524676643215,87.90009515878512,91.2095545333061,175.27399887955664,True
35,4,140,840000000,3360000000,hybrid,1600000,10k_to_10M,10000000,76.04753770042711,47.1123144302425,41.47013854181423,37.193242669011575,6.3213922517116385,6.3213922517116385,79.25640365398884,88.04698865904001,158.80704513425815,True
35,4,140,840000000,3360000000,hybrid,1600000,10k_to_fout_over_2,420000000.0,76.44843718064679,47.36474526136977,41.692338229214016,37.39252647140588,40.987315110897384,40.987315110897384,85.48998791737834,88.60356796836737,172.4624162964508,True
36,4,144,864000000,3456000000,hybrid,1600000,10k_to_10M,10000000,76.04753770042711,47.1123144302425,40.318190248986056,36.1600970393168,6.3213922517116385,6.3213922517116385,77.05483688582248,85.60123897406667,155.82312808281748,True
36,4,144,864000000,3456000000,hybrid,1600000,10k_to_fout_over_2,432000000.0,76.44843718906638,47.3647452666675,40.53421772738071,36.35384518459968,41.56873825364435,41.56873825364435,83.21356774157668,86.14235835823526,169.86268356853446,True
37,4,148,888000000,3552000000,hybrid,1600000,10k_to_10M,10000000,76.04753770042711,47.1123144302425,39.22850943144589,35.18279711933527,6.3213922517116385,6.3213922517116385,74.97227372674621,83.28769197476757,153.02648394597318,True
37,4,148,888000000,3552000000,hybrid,1600000,10k_to_fout_over_2,444000000.0,76.44843719325728,47.364745269303256,39.43869833153808,35.3713088302275,42.14214042974081,42.14214042974081,81.06000444040892,83.81418704265873,167.4568163069741,True
38,4,152,912000000,3648000000,hybrid,1600000,10k_to_10M,10000000,76.04753770042711,47.1123144302425,38.196180235881535,34.256934037247504,6.3213922517116385,6.3213922517116385,72.99931915498973,81.09591060701055,150.40163293591092,True
38,4,152,912000000,3648000000,hybrid,1600000,10k_to_fout_over_2,456000000.0,76.44843719522784,47.36474527054331,38.40083785013454,34.44048491454424,42.70784471265198,42.70784471265198,79.01960492713337,81.60855100549043,165.22871285867174,True
39,4,156,936000000,3744000000,hybrid,1600000,10k_to_10M,10000000,76.04753770042711,47.1123144302425,37.21679099906405,33.378551113215515,6.3213922517116385,6.3213922517116385,71.12754174075921,79.01652828375386,147.93469607924365,True
39,4,156,936000000,3744000000,hybrid,1600000,10k_to_fout_over_2,468000000.0,76.44843719580042,47.364745270903306,37.41620098246676,33.55739555801611,43.26615305293497,43.26615305293497,77.08367085357263,79.516024463428,163.16391756631026,True
40,4,160,960000000,3840000000,hybrid,1600000,10k_to_10M,10000000,76.04753770042711,47.1123144302425,36.28637122408745,32.54408733538513,6.3213922517116385,6.3213922517116385,69.34935319724025,77.04111507666002,145.61319555420835,True
40,4,160,960000000,3840000000,hybrid,1600000,10k_to_fout_over_2,480000000.0,76.44843719588175,47.36474527095451,36.48079595794453,32.71846066910108,43.817348162571335,43.817348162571335,75.2443724294108,77.5281242095963,161.2494167813026,True
41,4,164,984000000,3936000000,hybrid,1600000,10k_to_10M,10000000,76.04753770042711,47.1123144302425,35.401337779597505,31.750329107692806,6.3213922517116385,6.3213922517116385,67.65790555828315,75.1620634894244,143.42588416609362,True
41,4,164,984000000,3936000000,hybrid,1600000,10k_to_fout_over_2,492000000.0,76.44843719594688,47.36474527099552,35.59102044680597,31.920449433296973,44.361695188529396,44.361695188529396,73.49464356013017,75.63719466663306,159.47346588641722,True
9,14,126,216000000,3024000000,hybrid,2400000,10k_to_10M,10000000,95.35814021714364,59.24074553335148,57.94007491103517,51.964602535725355,6.3213922517116385,6.3213922517116385,76.41803200437536,95.88116889643524,183.77390238763635,True
9,14,126,216000000,3024000000,hybrid,2400000,10k_to_fout_over_2,108000000.0,97.07649604552617,60.319760266237495,58.99539914591227,52.911089134092855,20.783647418102536,20.783647418102536,81.50915808853448,97.94402229316283,190.90064010385123,True
10,12,120,240000000,2880000000,hybrid,2400000,10k_to_10M,10000000,95.35814021714364,59.24074553335148,60.837078656586925,54.56283266251162,6.3213922517116385,6.3213922517116385,80.23893360459414,100.675227341257,189.56424122407944,True
10,12,120,240000000,2880000000,hybrid,2400000,10k_to_fout_over_2,120000000.0,97.07691586966106,60.32002373646888,61.94543967305038,55.55688625624704,21.907989410258544,21.907989410258544,85.74964474027999,102.84185124054072,197.16897804871905,True
11,12,132,264000000,3168000000,hybrid,2400000,10k_to_10M,10000000,95.35814021714364,59.24074553335148,55.30643514235175,49.60257514773783,6.3213922517116385,6.3213922517116385,72.94448509508558,91.52293394659728,178.60325699841601,True
11,12,132,264000000,3168000000,hybrid,2400000,10k_to_fout_over_2,132000000.0,97.07716576791606,60.32018053232269,56.31418244909994,50.50639151891136,22.977380181387108,22.977380181387108,78.09921415567474,93.49298950958115,186.22843327840175,True
12,10,120,288000000,2880000000,hybrid,2400000,10k_to_10M,10000000,95.35814021714364,59.24074553335148,60.837078656586925,54.56283266251162,6.3213922517116385,6.3213922517116385,80.23893360459414,100.675227341257,189.56424122407944,True
12,10,120,288000000,2880000000,hybrid,2400000,10k_to_fout_over_2,144000000.0,97.0773434163921,60.320292018078256,61.945715183920846,55.55713335314672,23.999166652198586,23.999166652198586,86.06403714927589,102.84257586859422,197.7926915528393,True
13,10,130,312000000,3120000000,hybrid,2400000,10k_to_10M,10000000,95.35814021714364,59.24074553335148,56.157303375310995,50.36569168847225,6.3213922517116385,6.3213922517116385,74.06670794270227,92.93097908423721,180.26355859598794,True
13,10,130,312000000,3120000000,hybrid,2400000,10k_to_fout_over_2,156000000.0,97.07745647535239,60.32036295656896,57.18072741596165,51.28356802155559,24.979191339993395,24.979191339993395,79.58366588797288,94.9318038435632,188.56231314060997,True
14,8,112,336000000,2688000000,hybrid,2400000,10k_to_10M,10000000,95.35814021714364,59.24074553335148,65.18258427491456,58.46017785269101,6.3213922517116385,6.3213922517116385,85.97028600492227,107.86631500848964,198.43123371491492,True
14,8,112,336000000,2688000000,hybrid,2400000,10k_to_fout_over_2,168000000.0,97.07753997981024,60.32041536044934,66.37054483922371,59.525621738416454,25.922191265400397,25.922191265400397,92.53338943944271,110.1888597142709,207.5063447455814,False
15,8,120,360000000,2880000000,hybrid,2400000,10k_to_10M,10000000,95.35814021714364,59.24074553335148,60.837078656586925,54.56283266251162,6.3213922517116385,6.3213922517116385,80.23893360459414,100.675227341257,189.56424122407944,True
15,8,120,360000000,2880000000,hybrid,2400000,10k_to_fout_over_2,180000000.0,97.0775955022439,60.32045019812045,61.945877626367974,55.55727904258896,26.83207036365253,26.83207036365253,86.51116414093325,102.8430492693254,198.7141504124723,True
16,8,128,384000000,3072000000,hybrid,2400000,10k_to_10M,10000000,95.35814021714364,59.24074553335148,57.03476124055024,51.152655621104635,6.3213922517116385,6.3213922517116385,75.22400025430699,94.38302563242844,181.98605645946958,True
16,8,128,384000000,3072000000,hybrid,2400000,10k_to_fout_over_2,192000000.0,97.0776375580217,60.320476590389376,58.074285684203694,52.08497189138144,27.71209122386834,27.71209122386834,81.24005408484767,96.41543680825808,191.25871851298967,True
17,8,136,408000000,3264000000,hybrid,2400000,10k_to_10M,10000000,95.35814021714364,59.24074553335148,53.67977528522375,48.143675878686714,6.3213922517116385,6.3213922517116385,70.79905906287716,88.83108294816793,175.45757521616713,True
17,8,136,408000000,3264000000,hybrid,2400000,10k_to_fout_over_2,204000000.0,97.07766633880252,60.32049464905277,54.65816759567578,49.02116469130403,28.565013565549037,28.565013565549037,76.58768956611321,90.74399851799937,184.89265185294198,True
18,8,144,432000000,3456000000,hybrid,2400000,10k_to_10M,10000000,95.35814021714364,59.24074553335148,50.69756554715576,45.46902721875968,6.3213922517116385,6.3213922517116385,66.86577800382842,83.89602278438082,169.79343724874295,True
18,8,144,432000000,3456000000,hybrid,2400000,10k_to_fout_over_2,216000000.0,97.07768849788313,60.320508555015216,51.62161462981601,46.29777732613637,29.393196491705357,29.393196491705357,72.45122570633586,85.70270693616953,179.4239970608581,True
19,6,114,456000000,2736000000,hybrid,2400000,10k_to_10M,10000000,95.35814021714364,59.24074553335148,64.03903016482835,57.43456069738065,6.3213922517116385,6.3213922517116385,84.46203537325698,105.97392351711264,196.0780326017598,True
19,6,114,456000000,2736000000,hybrid,2400000,10k_to_fout_over_2,228000000.0,97.07770394046453,60.32051824458259,65.20626053310201,58.481412332420675,30.198675467642627,30.198675467642627,91.66565818936043,108.25609334768122,206.59252688067738,False
20,6,120,480000000,2880000000,hybrid,2400000,10k_to_10M,10000000,95.35814021714364,59.24074553335148,60.837078656586925,54.56283266251162,6.3213922517116385,6.3213922517116385,80.23893360459414,100.675227341257,189.56424122407944,True
20,6,120,480000000,2880000000,hybrid,2400000,10k_to_fout_over_2,240000000.0,97.07771594745832,60.32052577957064,61.94595524447685,55.55734865579155,30.983221265710906,30.983221265710906,87.2223572209188,102.84332028015247,200.22731394625146,False
21,6,126,504000000,3024000000,hybrid,2400000,10k_to_10M,10000000,95.35814021714364,59.24074553335148,57.94007491103517,51.964602535725355,6.3213922517116385,6.3213922517116385,76.41803200437536,95.88116889643524,183.77390238763635,True
21,6,126,504000000,3024000000,hybrid,2400000,10k_to_fout_over_2,252000000.0,97.07772439842627,60.320531082205164,58.99615303809433,52.911765275910895,31.748385785737202,31.748385785737202,83.20134439026646,97.94604405919404,194.6141394593844,True
22,6,132,528000000,3168000000,hybrid,2400000,10k_to_10M,10000000,95.35814021714364,59.24074553335148,55.30643514235175,49.60257514773783,6.3213922517116385,6.3213922517116385,72.94448509508558,91.52293394659728,178.60325699841601,True
22,6,132,528000000,3168000000,hybrid,2400000,10k_to_fout_over_2,264000000.0,97.07773099838403,60.320535224004075,56.314513584913705,50.50668850404588,32.49553815526063,32.49553815526063,79.54520939859299,93.49397008852726,189.645420800597,True
23,6,138,552000000,3312000000,hybrid,2400000,10k_to_10M,10000000,95.35814021714364,59.24074553335148,52.90180752746689,47.44594144566228,6.3213922517116385,6.3213922517116385,69.77298574312533,87.54367594891913,173.9667904357548,True
23,6,138,552000000,3312000000,hybrid,2400000,10k_to_fout_over_2,276000000.0,97.07773565693897,60.32053814705597,53.86605908280274,48.310747866682775,33.22589351695453,33.22589351695453,76.20635050165312,89.42902999658287,185.23232446333353,True
24,6,144,576000000,3456000000,hybrid,2400000,10k_to_10M,10000000,95.35814021714364,59.24074553335148,50.69756554715576,45.46902721875968,6.3213922517116385,6.3213922517116385,66.86577800382842,83.89602278438082,169.79343724874295,True
24,6,144,576000000,3456000000,hybrid,2400000,10k_to_fout_over_2,288000000.0,97.07773929370707,60.32054042930841,51.62164190747865,46.29780179060066,33.940536236188144,33.940536236188144,73.14521483122904,85.70283227841892,181.30100204129027,True
25,6,150,600000000,3600000000,hybrid,2400000,10k_to_10M,10000000,95.35814021714364,59.24074553335148,48.669662925269535,43.65026613000929,6.3213922517116385,6.3213922517116385,64.19114688367529,80.5401818730056,166.02369377253996,True
25,6,150,600000000,3600000000,hybrid,2400000,10k_to_fout_over_2,300000000.0,97.07774185046937,60.32054203356972,49.556777549172,44.44589090104197,34.64043879629701,34.64043879629701,70.32847884969405,82.27472862623188,177.7895190411612,True
26,6,156,624000000,3744000000,hybrid,2400000,10k_to_10M,10000000,95.35814021714364,59.24074553335148,46.79775281275917,41.971409740393554,6.3213922517116385,6.3213922517116385,61.72225661891856,77.4424825701977,162.60739469564984,True
26,6,156,624000000,3744000000,hybrid,2400000,10k_to_fout_over_2,312000000.0,97.0777438357043,60.320543279405406,47.65074862759358,42.73643444135497,35.326477322257865,35.326477322257865,67.72800108884711,79.11032370656919,174.64563668105947,True
27,6,162,648000000,3888000000,hybrid,2400000,10k_to_10M,10000000,95.35814021714364,59.24074553335148,45.0645027085829,40.41691308334194,6.3213922517116385,6.3213922517116385,59.43624711451417,74.57424247500518,159.50198185714333,True
27,6,162,648000000,3888000000,hybrid,2400000,10k_to_fout_over_2,324000000.0,97.07774521552149,60.32054414518048,45.885906744426954,41.153604126793404,35.99944444015768,35.99944444015768,65.31976849257647,76.18031808179992,171.82498436330917,True
28,4,112,672000000,2688000000,hybrid,2400000,10k_to_10M,10000000,95.35814021714364,59.24074553335148,65.18258427491456,58.46017785269101,6.3213922517116385,6.3213922517116385,85.97028600492227,107.86631500848964,198.43123371491492,True
28,4,112,672000000,2688000000,hybrid,2400000,10k_to_fout_over_2,336000000.0,97.07774627511967,60.32054481013449,66.37068727269497,59.52574948244725,36.660060010861955,36.660060010861955,94.62481684947483,110.18939644253935,211.64715679808378,False
29,4,116,696000000,2784000000,hybrid,2400000,10k_to_10M,10000000,95.35814021714364,59.24074553335148,62.93490895508992,56.44430965087408,6.3213922517116385,6.3213922517116385,83.00579338406288,104.14678690474861,193.8190874296693,True
29,4,116,696000000,2784000000,hybrid,2400000,10k_to_fout_over_2,348000000.0,97.07774699655704,60.32054526280263,64.08204336487718,57.47313786262849,37.30898015223679,37.30898015223679,91.50088831475269,106.38976858752248,207.2376472140607,False
30,4,120,720000000,2880000000,hybrid,2400000,10k_to_10M,10000000,95.35814021714364,59.24074553335148,60.837078656586925,54.56283266251162,6.3213922517116385,6.3213922517116385,80.23893360459414,100.675227341257,189.56424122407944,True
30,4,120,720000000,2880000000,hybrid,2400000,10k_to_fout_over_2,360000000.0,97.07774754031519,60.32054560404165,61.94597560314881,55.55736691483409,37.946804872083746,37.946804872083746,88.58479301242102,102.84344836306342,203.20074464840283,False
31,4,124,744000000,2976000000,hybrid,2400000,10k_to_10M,10000000,95.35814021714364,59.24074553335148,58.87459224830991,52.80274128630156,6.3213922517116385,6.3213922517116385,77.65058090767172,97.42763936250677,185.63045430053262,True
31,4,124,744000000,2976000000,hybrid,2400000,10k_to_fout_over_2,372000000.0,97.07774789831343,60.3205458286669,59.94771854886475,53.76519398876313,38.57408456464001,38.57408456464001,85.85645280417062,99.52592232954291,199.49872714782168,True
32,4,128,768000000,3072000000,hybrid,2400000,10k_to_10M,10000000,95.35814021714364,59.24074553335148,57.03476124055024,51.152655621104635,6.3213922517116385,6.3213922517116385,75.22400025430699,94.38302563242844,181.98605645946958,True
32,4,128,768000000,3072000000,hybrid,2400000,10k_to_fout_over_2,384000000.0,97.07774816013497,60.32054599297629,58.07435250240362,52.085031818490656,39.19132557084538,39.19132557084538,83.29827135722957,96.41574109355354,196.09858631964119,True
33,4,132,792000000,3168000000,hybrid,2400000,10k_to_10M,10000000,95.35814021714364,59.24074553335148,55.30643514235175,49.60257514773783,6.3213922517116385,6.3213922517116385,72.94448509508558,91.52293394659728,178.60325699841601,True
33,4,132,792000000,3168000000,hybrid,2400000,10k_to_fout_over_2,396000000.0,97.07774832335716,60.320546095388345,56.31452373430504,50.506697606710766,39.79899496218464,39.79899496218464,80.89480934695142,93.49405524583987,192.97134018534476,True
34,4,136,816000000,3264000000,hybrid,2400000,10k_to_10M,10000000,95.35814021714364,59.24074553335148,53.67977528522375,48.143675878686714,6.3213922517116385,6.3213922517116385,70.79905906287716,88.83108294816793,175.45757521616713,True
34,4,136,816000000,3264000000,hybrid,2400000,10k_to_fout_over_2,408000000.0,97.07774843687702,60.32054616663024,54.6582142772622,49.02120655852777,40.397524676643215,40.397524676643215,78.63241808728161,90.74423288525105,190.09142428850603,True
35,4,140,840000000,3360000000,hybrid,2400000,10k_to_10M,10000000,95.35814021714364,59.24074553335148,52.14606741993165,46.768142282152816,6.3213922517116385,6.3213922517116385,68.77622880393783,86.29305200679171,172.52736823485702,True
35,4,140,840000000,3360000000,hybrid,2400000,10k_to_fout_over_2,420000000.0,97.07774850123688,60.32054620701117,53.09655104774247,47.620600688734626,40.987315110897384,40.987315110897384,76.4990277185504,88.15154292556993,187.43622556471078,True
36,4,144,864000000,3456000000,hybrid,2400000,10k_to_10M,10000000,95.35814021714364,59.24074553335148,50.69756554715576,45.46902721875968,6.3213922517116385,6.3213922517116385,66.86577800382842,83.89602278438082,169.79343724874295,True
36,4,144,864000000,3456000000,hybrid,2400000,10k_to_fout_over_2,432000000.0,97.07774854202441,60.32054623260905,51.62164687387823,46.297806244805805,41.56873825364435,41.56873825364435,74.48389200998861,85.70289103302424,184.98566038808485,True
37,4,148,888000000,3552000000,hybrid,2400000,10k_to_10M,10000000,95.35814021714364,59.24074553335148,49.32736107290832,44.24013459122563,6.3213922517116385,6.3213922517116385,65.05859481453577,81.6285627091273,167.2386973917413,True
37,4,148,888000000,3552000000,hybrid,2400000,10k_to_fout_over_2,444000000.0,97.07774856106522,60.32054624455504,50.22646723858525,45.04651419305648,42.14214042974081,42.14214042974081,72.57743721822851,83.3865984874952,182.72184658004485,True
38,4,152,912000000,3648000000,hybrid,2400000,10k_to_10M,10000000,95.35814021714364,59.24074553335148,48.02927262362125,43.075920523035485,6.3213922517116385,6.3213922517116385,63.34652652994273,79.48044263783447,164.84789953164577,True
38,4,152,912000000,3648000000,hybrid,2400000,10k_to_fout_over_2,456000000.0,97.07774857075485,60.32054625063664,48.904718105658375,43.86107961345081,42.70784471265198,42.70784471265198,70.77108838409993,81.19221589125404,180.62880777383035,True
39,4,156,936000000,3744000000,hybrid,2400000,10k_to_10M,10000000,95.35814021714364,59.24074553335148,46.79775281275917,41.971409740393554,6.3213922517116385,6.3213922517116385,61.72225661891856,77.4424825701977,162.60739469564984,True
39,4,156,936000000,3744000000,hybrid,2400000,10k_to_fout_over_2,468000000.0,97.07774857325145,60.32054625220263,47.65075097598114,42.73643654754877,43.26615305293497,43.26615305293497,69.05715404192199,79.1103655817486,178.69223573625356,True
40,4,160,960000000,3840000000,hybrid,2400000,10k_to_10M,10000000,95.35814021714364,59.24074553335148,45.627808992440194,40.92212449688371,6.3213922517116385,6.3213922517116385,60.179200203445596,75.50642050594274,160.5049336891406,True
40,4,160,960000000,3840000000,hybrid,2400000,10k_to_fout_over_2,480000000.0,97.0777485736854,60.320546252475125,46.459482201791474,41.668025634048284,43.817348162571335,43.817348162571335,67.42870850857928,77.13260765556323,176.89928012830617,True
41,4,164,984000000,3936000000,hybrid,2400000,10k_to_10M,10000000,95.35814021714364,59.24074553335148,44.51493560238067,39.92402389939873,6.3213922517116385,6.3213922517116385,58.71141483262984,73.66480049360267,158.52949591932418,True
41,4,164,984000000,3936000000,hybrid,2400000,10k_to_fout_over_2,492000000.0,97.07774857403176,60.3205462526926,45.326324099472174,40.65173232604733,44.361695188529396,44.361695188529396,65.87950242907718,75.25132561311949,175.23837311713336,True
9,14,126,216000000,3024000000,hybrid,4000000,10k_to_10M,10000000,133.21259979802784,82.97139481526798,81.14970174308898,72.78057550749092,6.3213922517116385,6.3213922517116385,74.40568645453178,90.70118477718758,224.39912313440556,False
9,14,126,216000000,3024000000,hybrid,4000000,10k_to_fout_over_2,108000000.0,145.23294427774343,90.49999328489038,88.51300474303957,79.38448677840404,20.783647418102536,20.783647418102536,85.0668207875774,101.48834608343071,248.63522282153693,False
10,12,120,240000000,2880000000,hybrid,4000000,10k_to_10M,10000000,133.21259979802784,82.97139481526798,85.20718683024343,76.41960428286546,6.3213922517116385,6.3213922517116385,78.12597077725836,95.23624401604695,230.181665631708,False
10,12,120,240000000,2880000000,hybrid,4000000,10k_to_fout_over_2,120000000.0,145.23650381192687,90.50222168175065,92.94094342463706,83.35576355005276,21.907989410258544,21.907989410258544,89.47874571560111,106.56654068093134,255.3297671209847,False
11,12,132,264000000,3168000000,hybrid,4000000,10k_to_10M,10000000,133.21259979802784,82.97139481526798,77.46107893658494,69.4723675298777,6.3213922517116385,6.3213922517116385,71.0236097975076,86.57840365095177,219.2637015791319,False
11,12,132,264000000,3168000000,hybrid,4000000,10k_to_fout_over_2,132000000.0,145.23844167753126,90.50343472663458,84.49289923353051,75.77898255228632,22.977380181387108,22.977380181387108,81.48406560799748,96.88096234876714,243.40927400042665,False
12,10,120,288000000,2880000000,hybrid,4000000,10k_to_10M,10000000,133.21259979802784,82.97139481526798,85.20718683024343,76.41960428286546,6.3213922517116385,6.3213922517116385,78.12597077725836,95.23624401604695,230.181665631708,False
12,10,120,288000000,2880000000,hybrid,4000000,10k_to_fout_over_2,144000000.0,145.23994467281497,90.50437564924232,92.94315543410013,83.35774743068679,23.999166652198586,23.999166652198586,89.78087011252343,106.57076004474158,255.81727712111757,False
13,10,130,312000000,3120000000,hybrid,4000000,10k_to_10M,10000000,133.21259979802784,82.97139481526798,78.65278784330162,70.54117318418349,6.3213922517116385,6.3213922517116385,72.11628071746925,87.91037909173562,220.90966467956645,False
13,10,130,312000000,3120000000,hybrid,4000000,10k_to_fout_over_2,156000000.0,145.2408287960117,90.50492908698932,85.79420657084265,76.94608353833229,24.979191339993395,24.979191339993395,83.00891641317935,98.3741201041299,245.73004273339012,False
14,8,112,336000000,2688000000,hybrid,4000000,10k_to_10M,10000000,133.21259979802784,82.97139481526798,91.2934144609751,81.87814744592728,6.3213922517116385,6.3213922517116385,83.70639726134823,102.03883287433601,239.09615641513835,False
14,8,112,336000000,2688000000,hybrid,4000000,10k_to_fout_over_2,168000000.0,145.2415340866232,90.50537061917535,99.58304701610392,89.31285410717851,25.922191265400397,25.922191265400397,96.50245560183133,114.18516857925835,266.223198007215,False
15,8,120,360000000,2880000000,hybrid,4000000,10k_to_10M,10000000,133.21259979802784,82.97139481526798,85.20718683024343,76.41960428286546,6.3213922517116385,6.3213922517116385,78.12597077725836,95.23624401604695,230.181665631708,False
15,8,120,360000000,2880000000,hybrid,4000000,10k_to_fout_over_2,180000000.0,145.2419706120156,90.5056438736739,92.9444578327922,83.35891551047408,26.83207036365253,26.83207036365253,90.20947344123012,106.57345878390582,256.5335335835704,False
16,8,128,384000000,3072000000,hybrid,4000000,10k_to_10M,10000000,133.21259979802784,82.97139481526798,79.88173765335321,71.64337901518637,6.3213922517116385,6.3213922517116385,73.24309760367971,89.28397876504401,222.62033842502436,False
16,8,128,384000000,3072000000,hybrid,4000000,10k_to_fout_over_2,192000000.0,145.24232538511814,90.50586597113451,87.13564304532278,78.14917506574777,27.71209122386834,27.71209122386834,84.70165976158358,99.91306098783157,248.35351745680092,False
17,8,136,408000000,3264000000,hybrid,4000000,10k_to_10M,10000000,133.21259979802784,82.97139481526798,75.18281190903832,67.42906260252833,6.3213922517116385,6.3213922517116385,68.9346800975809,84.03198001415906,216.1533404271189,False
17,8,136,408000000,3264000000,hybrid,4000000,10k_to_fout_over_2,204000000.0,145.24255245433028,90.50600811143573,82.01014578132485,73.55228028211901,28.565013565549037,28.565013565549037,79.840361564196,94.03613985464874,241.3949821909194,False
18,8,144,432000000,3456000000,hybrid,4000000,10k_to_10M,10000000,133.21259979802784,82.97139481526798,71.00598902520285,63.68300356905454,6.3213922517116385,6.3213922517116385,65.10497564771529,79.36353668003912,210.58103744643665,False
18,8,144,432000000,3456000000,hybrid,4000000,10k_to_fout_over_2,216000000.0,145.2427392476759,90.50612504883617,77.45412664496689,69.46613224158708,29.393196491705357,29.393196491705357,75.51844817635157,88.81214048299302,235.43587141852316,False
19,6,114,456000000,2736000000,hybrid,4000000,10k_to_10M,10000000,133.21259979802784,82.97139481526798,89.69177561078256,80.44168871880575,6.3213922517116385,6.3213922517116385,82.23786397606143,100.24867791162836,236.7237053889268,False
19,6,114,456000000,2736000000,hybrid,4000000,10k_to_fout_over_2,228000000.0,145.24286135838193,90.50620148756379,97.8368741815233,87.74676746598955,30.198675467642627,30.198675467642627,95.53389733625728,112.18398390851294,264.7532855687713,False
20,6,120,480000000,2880000000,hybrid,4000000,10k_to_10M,10000000,133.21259979802784,82.97139481526798,85.20718683024343,76.41960428286546,6.3213922517116385,6.3213922517116385,78.12597077725836,95.23624401604695,230.181665631708,False
20,6,120,480000000,2880000000,hybrid,4000000,10k_to_fout_over_2,240000000.0,145.2429625418788,90.50626483094072,92.94509552270894,83.35948743419209,30.983221265710906,30.983221265710906,90.89165316395629,106.5749549111462,257.70900391293367,False
21,6,126,504000000,3024000000,hybrid,4000000,10k_to_10M,10000000,133.21259979802784,82.97139481526798,81.14970174308898,72.78057550749092,6.3213922517116385,6.3213922517116385,74.40568645453178,90.70118477718758,224.39912313440556,False
21,6,126,504000000,3024000000,hybrid,4000000,10k_to_fout_over_2,252000000.0,145.24302945537727,90.5063067174144,88.51917955988398,79.39002477440329,31.748385785737202,31.748385785737202,86.6905159284964,101.50008635487806,251.5129885843557,False
22,6,132,528000000,3168000000,hybrid,4000000,10k_to_10M,10000000,133.21259979802784,82.97139481526798,77.46107893658494,69.4723675298777,6.3213922517116385,6.3213922517116385,71.0236097975076,86.57840365095177,219.2637015791319,False
22,6,132,528000000,3168000000,hybrid,4000000,10k_to_fout_over_2,264000000.0,145.24308507968746,90.5063415395969,84.4956129985437,75.78141644144681,32.49553815526063,32.49553815526063,82.8708483029103,96.8865452212755,246.04020699791607,False
23,6,138,552000000,3312000000,hybrid,4000000,10k_to_10M,10000000,133.21259979802784,82.97139481526798,74.09320593934211,66.45182981118737,6.3213922517116385,6.3213922517116385,67.93562676283337,82.81412523134517,214.6831308595468,False
23,6,138,552000000,3312000000,hybrid,4000000,10k_to_fout_over_2,276000000.0,145.24312198235233,90.50636463990712,80.82191132276671,72.48659074938992,33.22589351695453,33.22589351695453,79.38259851600606,92.67416378595922,241.18762673990395,False
24,6,144,576000000,3456000000,hybrid,4000000,10k_to_10M,10000000,133.21259979802784,82.97139481526798,71.00598902520285,63.68300356905454,6.3213922517116385,6.3213922517116385,65.10497564771529,79.36353668003912,210.58103744643665,False
24,6,144,576000000,3456000000,hybrid,4000000,10k_to_fout_over_2,288000000.0,145.24315265152765,90.50638383956634,77.45434811517106,69.46633087113923,33.940536236188144,33.940536236188144,76.18464956519665,88.812800648775,236.87013417264203,False
25,6,150,600000000,3600000000,hybrid,4000000,10k_to_10M,10000000,133.21259979802784,82.97139481526798,68.16574946419473,61.13568342629236,6.3213922517116385,6.3213922517116385,62.50077662180668,76.18899521283757,206.89374171401747,False
25,6,150,600000000,3600000000,hybrid,4000000,10k_to_fout_over_2,300000000.0,145.24317289930255,90.5063965142484,74.35618460354094,66.68768697535987,34.64043879629701,34.64043879629701,73.24201496839976,85.26033646917296,233.01655434375985,False
26,6,156,624000000,3744000000,hybrid,4000000,10k_to_10M,10000000,133.21259979802784,82.97139481526798,65.54398986941801,58.78431098681958,6.3213922517116385,6.3213922517116385,60.09690059789104,73.25864924311304,203.56779234234563,False
26,6,156,624000000,3744000000,hybrid,4000000,10k_to_fout_over_2,312000000.0,145.2431896596281,90.50640700663456,71.49633963811222,64.122783371585,35.326477322257865,35.326477322257865,70.52538487371193,81.98113094495764,229.5672178759857,False
27,6,162,648000000,3888000000,hybrid,4000000,10k_to_10M,10000000,133.21259979802784,82.97139481526798,63.1164346890692,56.60711428360404,6.3213922517116385,6.3213922517116385,57.871089464635816,70.54536593781256,200.55804762970973,False
27,6,162,648000000,3888000000,hybrid,4000000,10k_to_fout_over_2,324000000.0,145.24320057691827,90.5064138406191,68.84833225754271,61.74787013140978,35.99944444015768,35.99944444015768,68.00960841887577,78.94482358366767,226.47163749236236,False
28,4,112,672000000,2688000000,hybrid,4000000,10k_to_10M,10000000,133.21259979802784,82.97139481526798,91.2934144609751,81.87814744592728,6.3213922517116385,6.3213922517116385,83.70639726134823,102.03883287433601,239.09615641513835,False
28,4,112,672000000,2688000000,hybrid,4000000,10k_to_fout_over_2,336000000.0,145.24320953804514,90.5064194505198,99.58420104509014,89.31388911891555,36.660060010861955,36.660060010861955,98.5098149050692,114.18808593392463,269.46615440141113,False
29,4,116,696000000,2784000000,hybrid,4000000,10k_to_10M,10000000,133.21259979802784,82.97139481526798,88.1453656864587,79.05476305124012,6.3213922517116385,6.3213922517116385,80.8199697695776,98.52025243039338,234.4507150940933,False
29,4,116,696000000,2784000000,hybrid,4000000,10k_to_fout_over_2,348000000.0,145.24321523468194,90.50642301648034,96.15026686634644,86.23410323658366,37.30898015223679,37.30898015223679,95.24648918245092,110.25059652891268,264.5358317789813,False
30,4,120,720000000,2880000000,hybrid,4000000,10k_to_10M,10000000,133.21259979802784,82.97139481526798,85.20718683024343,76.41960428286546,6.3213922517116385,6.3213922517116385,78.12597077725836,95.23624401604695,230.181665631708,False
30,4,120,720000000,2880000000,hybrid,4000000,10k_to_fout_over_2,360000000.0,145.2432198449295,90.50642590262429,92.94526093471714,83.35963578693868,37.946804872083746,37.946804872083746,92.20029275497741,106.57560205302717,260.0265936138306,False
31,4,124,744000000,2976000000,hybrid,4000000,10k_to_10M,10000000,133.21259979802784,82.97139481526798,82.45856790023556,73.95445575761173,6.3213922517116385,6.3213922517116385,75.60577817154034,92.1641071123035,226.24964614742544,False
31,4,124,744000000,2976000000,hybrid,4000000,10k_to_fout_over_2,372000000.0,145.243222661992,90.50642766603154,89.94702846352457,80.67061684945102,38.57408456464001,38.57408456464001,89.35029149422662,103.1377005727921,255.89451615840233,False
32,4,128,768000000,3072000000,hybrid,4000000,10k_to_10M,10000000,133.21259979802784,82.97139481526798,79.88173765335321,71.64337901518637,6.3213922517116385,6.3213922517116385,73.24309760367971,89.28397876504401,222.62033842502436,False
32,4,128,768000000,3072000000,hybrid,4000000,10k_to_fout_over_2,384000000.0,145.24322489114437,90.50642906154955,87.1361851675917,78.14966127789484,39.19132557084538,39.19132557084538,86.6780494332896,99.91466515446022,252.10124348791115,False
33,4,132,792000000,3168000000,hybrid,4000000,10k_to_10M,10000000,133.21259979802784,82.97139481526798,77.46107893658494,69.4723675298777,6.3213922517116385,6.3213922517116385,71.0236097975076,86.57840365095177,219.2637015791319,False
33,4,132,792000000,3168000000,hybrid,4000000,10k_to_fout_over_2,396000000.0,145.2432261680703,90.50642986086599,84.4956954541998,75.78149039329095,39.79899496218464,39.79899496218464,84.16748393038098,96.88696300204113,248.61322245873453,False
34,4,136,816000000,3264000000,hybrid,4000000,10k_to_10M,10000000,133.21259979802784,82.97139481526798,75.18281190903832,67.42906260252833,6.3213922517116385,6.3213922517116385,68.9346800975809,84.03198001415906,216.1533404271189,False
34,4,136,816000000,3264000000,hybrid,4000000,10k_to_fout_over_2,408000000.0,145.24322714134286,90.50643047016926,82.01052849294851,73.55262352394996,40.397524676643215,40.397524676643215,81.80429109959726,94.03735915749502,245.4009192269974,False
35,4,140,840000000,3360000000,hybrid,4000000,10k_to_10M,10000000,133.21259979802784,82.97139481526798,73.03473156878007,65.50251795674183,6.3213922517116385,6.3213922517116385,66.96511780907859,81.63106629946881,213.26598173386606,False
35,4,140,840000000,3360000000,hybrid,4000000,10k_to_fout_over_2,420000000.0,145.24322763945932,90.50643078197079,79.66737081046726,71.45112024084881,40.987315110897384,40.987315110897384,79.57589592667976,91.35058834688556,242.43831163287723,False
36,4,144,864000000,3456000000,hybrid,4000000,10k_to_10M,10000000,133.21259979802784,82.97139481526798,71.00598902520285,63.68300356905454,6.3213922517116385,6.3213922517116385,65.10497564771529,79.36353668003912,210.58103744643665,False
36,4,144,864000000,3456000000,hybrid,4000000,10k_to_fout_over_2,432000000.0,145.243227993588,90.50643100367104,77.45438847768285,69.46636707098673,41.56873825364435,41.56873825364435,77.47104327299508,88.81308136091634,239.70234405641415,False
37,4,148,888000000,3552000000,hybrid,4000000,10k_to_10M,10000000,133.21259979802784,82.97139481526798,69.08690824073793,61.96184131043146,6.3213922517116385,6.3213922517116385,63.34538171129056,77.21857622922725,208.0802385388913,False
37,4,148,888000000,3552000000,hybrid,4000000,10k_to_fout_over_2,444000000.0,145.24322813745738,90.50643109372504,75.36102670191896,67.58889775794081,42.14214042974081,42.14214042974081,75.47974948597276,86.41273591104513,237.17256659426408,False
38,4,152,912000000,3648000000,hybrid,4000000,10k_to_10M,10000000,133.21259979802784,82.97139481526798,67.26883170808692,60.331266539104305,6.3213922517116385,6.3213922517116385,61.67839798204607,75.18650843372129,205.74732652506003,False
38,4,152,912000000,3648000000,hybrid,4000000,10k_to_fout_over_2,456000000.0,145.2432282242674,90.50643114807379,73.3778418327737,65.8102425933033,42.70784471265198,42.70784471265198,73.5930427443345,84.13872359221031,234.83076006879597,False
39,4,156,936000000,3744000000,hybrid,4000000,10k_to_10M,10000000,133.21259979802784,82.97139481526798,65.54398986941801,58.78431098681958,6.3213922517116385,6.3213922517116385,60.09690059789104,73.25864924311304,203.56779234234563,False
39,4,156,936000000,3744000000,hybrid,4000000,10k_to_fout_over_2,468000000.0,145.24322824141782,90.50643115880767,71.49635871733572,64.12280048313112,43.26615305293497,43.26615305293497,71.80289362390303,81.9813265878318,232.66066647501086,False
40,4,160,960000000,3840000000,hybrid,4000000,10k_to_10M,10000000,133.21259979802784,82.97139481526798,63.905390122682576,57.314703212149084,6.3213922517116385,6.3213922517116385,58.59447808294377,71.42718301203521,201.52865436065645,False
40,4,160,960000000,3840000000,hybrid,4000000,10k_to_fout_over_2,480000000.0,145.24322824604923,90.5064311617077,69.70894975163598,62.519730473056114,43.817348162571335,43.817348162571335,70.10206208525982,79.93179884066504,230.6477300590074,False
41,4,164,984000000,3936000000,hybrid,4000000,10k_to_10M,10000000,133.21259979802784,82.97139481526798,62.34672207090981,55.916783621608865,6.3213922517116385,6.3213922517116385,57.165344471164644,69.6850565971075,199.618268872272,True
41,4,164,984000000,3936000000,hybrid,4000000,10k_to_fout_over_2,492000000.0,145.24322824969877,90.5064311639929,68.00873146672788,60.99485899964361,44.361695188529396,44.361695188529396,68.48401992232642,77.98224755392785,228.7788926732977,False
