k,m,n,fout_hz,fvco_hz,method,design_crossover_hz,window,high_hz,reference_fs,reference_buffer_fs,sampler_fs,charge_pump_fs,retimer_fs,output_buffer_fs,vco_fs,filter_resistor_fs,total_fs,below_200fs_in_hypothesis,vco_l1mhz_dbc_hz,reference_asd_as_sqrt_hz
9,14,126,216000000,3024000000,hybrid,1000000,10k_to_10M,10000000,29.737801498664044,36.68094488436136,35.8755899385322,32.17567072105093,6.3213922517116385,6.3213922517116385,65.34882970606157,98.5166625733265,136.41144616163712,True,-125,20
9,14,126,216000000,3024000000,hybrid,1000000,10k_to_fout_over_2,108000000.0,29.77545061573631,36.728566609320616,35.92216609632175,32.21744338929291,20.783647418102536,20.783647418102536,67.7857299239036,98.67059554028613,140.56543794877388,True,-125,20
10,12,120,240000000,2880000000,hybrid,1000000,10k_to_10M,10000000,29.737801498664044,36.68094488436136,37.669369435458805,33.78445425710346,6.3213922517116385,6.3213922517116385,68.61627119136463,103.44249570199281,142.40316670623093,True,-125,20
10,12,120,240000000,2880000000,hybrid,1000000,10k_to_fout_over_2,120000000.0,29.77545821175857,36.72857620772207,37.71828425818302,33.828324399226524,21.907989410258544,21.907989410258544,71.34899073961462,103.60416381026666,146.9251917112692,True,-125,20
11,12,132,264000000,3168000000,hybrid,1000000,10k_to_10M,10000000,29.737801498664044,36.68094488436136,34.24488130496255,30.71314023373042,6.3213922517116385,6.3213922517116385,62.37842835578604,94.0386324563571,130.99652725393528,True,-125,20
11,12,132,264000000,3168000000,hybrid,1000000,10k_to_fout_over_2,132000000.0,29.775463059202202,36.7285823301767,34.289355041469626,30.753027307477172,22.977380181387108,22.977380181387108,65.01862905716953,94.18562762997564,136.05642246742752,True,-125,20
12,10,120,288000000,2880000000,hybrid,1000000,10k_to_10M,10000000,29.737801498664044,36.68094488436136,37.669369435458805,33.78445425710346,6.3213922517116385,6.3213922517116385,68.61627119136463,103.44249570199281,142.40316670623093,True,-125,20
12,10,120,288000000,2880000000,hybrid,1000000,10k_to_fout_over_2,144000000.0,29.77546628219065,36.7285864026478,37.7182947278267,33.82833378911553,23.999166652198586,23.999166652198586,71.69002266271487,103.60420817229408,147.74235911196988,True,-125,20
13,10,130,312000000,3120000000,hybrid,1000000,10k_to_10M,10000000,29.737801498664044,36.68094488436136,34.7717256327312,31.18565008348012,6.3213922517116385,6.3213922517116385,63.338096484336575,95.48538064799337,132.7423768581157,True,-125,20
13,10,130,312000000,3120000000,hybrid,1000000,10k_to_fout_over_2,156000000.0,29.775468462586623,36.72858915662524,34.816890051705485,31.226156608270745,24.979191339993395,24.979191339993395,66.33044130458622,95.63466572771868,138.62356655891202,True,-125,20
14,8,112,336000000,2688000000,hybrid,1000000,10k_to_10M,10000000,29.737801498664044,36.68094488436136,40.36003868084872,36.19762956118228,6.3213922517116385,6.3213922517116385,73.51743341931926,110.8312453949923,151.4507432669801,True,-125,20
14,8,112,336000000,2688000000,hybrid,1000000,10k_to_fout_over_2,168000000.0,29.775469980497107,36.728591074572186,40.412463777474926,36.2446479558471,25.922191265400397,25.922191265400397,77.16923020406665,111.00453265966463,157.49103501523643,True,-125,20
15,8,120,360000000,2880000000,hybrid,1000000,10k_to_10M,10000000,29.737801498664044,36.68094488436136,37.669369435458805,33.78445425710346,6.3213922517116385,6.3213922517116385,68.61627119136463,103.44249570199281,142.40316670623093,True,-125,20
15,8,120,360000000,2880000000,hybrid,1000000,10k_to_fout_over_2,180000000.0,29.775471047262187,36.72859242198846,37.71830090936774,33.828339333142246,26.83207036365253,26.83207036365253,72.19013045764964,103.60423757610332,148.95559043598482,True,-125,20
16,8,128,384000000,3072000000,hybrid,1000000,10k_to_10M,10000000,29.737801498664044,36.68094488436136,35.315033845742626,31.6729258660345,6.3213922517116385,6.3213922517116385,64.32775424190434,96.97733972061826,134.54641871532593,True,-125,20
16,8,128,384000000,3072000000,hybrid,1000000,10k_to_fout_over_2,192000000.0,29.77547181272879,36.72859338917637,35.3609080337044,31.714068959959395,27.71209122386834,27.71209122386834,67.83250846887283,97.12897768359838,141.64374956920577,True,-125,20
17,8,136,408000000,3264000000,hybrid,1000000,10k_to_10M,10000000,29.737801498664044,36.68094488436136,33.23767891364012,29.809812579797175,6.3213922517116385,6.3213922517116385,60.54376869826291,91.27279032528779,127.66905248784873,True,-125,20
17,8,136,408000000,3264000000,hybrid,1000000,10k_to_fout_over_2,204000000.0,29.775472364320947,36.72859408589331,33.28085525127271,29.848536057933313,28.565013565549037,28.565013565549037,63.98678387575723,91.41551208874935,135.34084073299465,True,-125,20
18,8,144,432000000,3456000000,hybrid,1000000,10k_to_10M,10000000,29.737801498664044,36.68094488436136,31.391141196215667,28.153711880919552,6.3213922517116385,6.3213922517116385,57.180225992803855,86.20207975166068,121.60658120331266,True,-125,20
18,8,144,432000000,3456000000,hybrid,1000000,10k_to_fout_over_2,216000000.0,29.77547276797399,36.72859459591552,31.431919284895493,28.19028444617193,29.393196491705357,29.393196491705357,60.56772157688673,86.3368752117444,129.879371129442,True,-125,20
19,6,114,456000000,2736000000,hybrid,1000000,10k_to_10M,10000000,29.737801498664044,36.68094488436136,39.65196782679874,35.56258342852997,6.3213922517116385,6.3213922517116385,72.22765388564699,108.88683758104507,149.06341547293832,True,-125,20
19,6,114,456000000,2736000000,hybrid,1000000,10k_to_fout_over_2,228000000.0,29.775473063480565,36.7285949691731,39.70347739493703,35.60878071493665,30.198675467642627,30.198675467642627,76.67733319743817,109.05710827145874,157.0882113865391,True,-125,20
20,6,120,480000000,2880000000,hybrid,1000000,10k_to_10M,10000000,29.737801498664044,36.68094488436136,37.669369435458805,33.78445425710346,6.3213922517116385,6.3213922517116385,68.61627119136463,103.44249570199281,142.40316670623093,True,-125,20
20,6,120,480000000,2880000000,hybrid,1000000,10k_to_fout_over_2,240000000.0,29.775473282291042,36.72859524564234,37.71830380910932,33.8283419338278,30.983221265710906,30.983221265710906,73.0050231345664,103.60425492517086,150.95062344889226,True,-125,20
21,6,126,504000000,3024000000,hybrid,1000000,10k_to_10M,10000000,29.737801498664044,36.68094488436136,35.8755899385322,32.17567072105093,6.3213922517116385,6.3213922517116385,65.34882970606157,98.5166625733265,136.41144616163712,True,-125,20
21,6,126,504000000,3024000000,hybrid,1000000,10k_to_fout_over_2,252000000.0,29.77547344386544,36.72859544972949,35.922194303519916,32.217468687427925,31.748385785737202,31.748385785737202,69.68187706719219,98.67072059977771,145.50372149882676,True,-125,20
22,6,132,528000000,3168000000,hybrid,1000000,10k_to_10M,10000000,29.737801498664044,36.68094488436136,34.24488130496255,30.71314023373042,6.3213922517116385,6.3213922517116385,62.37842835578604,94.0386324563571,130.99652725393528,True,-125,20
22,6,132,528000000,3168000000,hybrid,1000000,10k_to_fout_over_2,264000000.0,29.775473564149486,36.72859560170931,34.289367431610025,30.75303841979828,32.49553815526063,32.49553815526063,66.66032333743341,94.18568910421897,140.65397751660126,True,-125,20
23,6,138,552000000,3312000000,hybrid,1000000,10k_to_10M,10000000,29.737801498664044,36.68094488436136,32.75597342213809,29.377786310524755,6.3213922517116385,6.3213922517116385,59.66632277509969,89.94999626260245,126.08262600400877,True,-125,20
23,6,138,552000000,3312000000,hybrid,1000000,10k_to_fout_over_2,276000000.0,29.775473653190595,36.72859571417858,32.79852546980084,29.415949882927215,33.22589351695453,33.22589351695453,63.90104456698402,90.09066015222226,136.3238808805353,True,-125,20
24,6,144,576000000,3456000000,hybrid,1000000,10k_to_10M,10000000,29.737801498664044,36.68094488436136,31.391141196215667,28.153711880919552,6.3213922517116385,6.3213922517116385,57.180225992803855,86.20207975166068,121.60658120331266,True,-125,20
24,6,144,576000000,3456000000,hybrid,1000000,10k_to_fout_over_2,288000000.0,29.7754737194468,36.72859579789388,31.431920313535084,28.190285368725892,33.940536236188144,33.940536236188144,61.371282779361934,86.33688344680142,132.44862468731088,True,-125,20
25,6,150,600000000,3600000000,hybrid,1000000,10k_to_10M,10000000,29.737801498664044,36.68094488436136,30.135495548367036,27.02756340568277,6.3213922517116385,6.3213922517116385,54.8930169530917,82.75399656159425,117.51533129045812,True,-125,20
25,6,150,600000000,3600000000,hybrid,1000000,10k_to_fout_over_2,300000000.0,29.775473768326354,36.72859585963431,30.174643551716983,27.062673999468963,34.64043879629701,34.64043879629701,59.04351058910577,82.88340876196571,128.97356946332954,True,-125,20
26,6,156,624000000,3744000000,hybrid,1000000,10k_to_10M,10000000,29.737801498664044,36.68094488436136,28.976438027276,25.988041736233434,6.3213922517116385,6.3213922517116385,52.78174707028049,79.57115053999448,113.76397343476448,True,-125,20
26,6,156,624000000,3744000000,hybrid,1000000,10k_to_fout_over_2,312000000.0,29.775473804467183,36.728595905298754,29.014080374262438,26.021801954919077,35.326477322257865,35.326477322257865,56.89443827843631,79.69558587672856,125.85230689047478,True,-125,20
27,6,162,648000000,3888000000,hybrid,1000000,10k_to_10M,10000000,29.737801498664044,36.68094488436136,27.903236618858372,25.02552167192849,6.3213922517116385,6.3213922517116385,50.82686754915899,76.62407089036505,110.31425387961023,True,-125,20
27,6,162,648000000,3888000000,hybrid,1000000,10k_to_fout_over_2,324000000.0,29.77547383086876,36.72859593864675,27.93948483021318,25.058031534895914,35.99944444015768,35.99944444015768,54.90422169811401,76.74389794835956,123.0451453371589,True,-125,20
28,4,112,672000000,2688000000,hybrid,1000000,10k_to_10M,10000000,29.737801498664044,36.68094488436136,40.36003868084872,36.19762956118228,6.3213922517116385,6.3213922517116385,73.51743341931926,110.8312453949923,151.4507432669801,True,-125,20
28,4,112,672000000,2688000000,hybrid,1000000,10k_to_fout_over_2,336000000.0,29.77547385013331,36.72859596298798,40.41246915619812,36.24465277985209,36.660060010861955,36.660060010861955,79.58377706267865,111.00456721563907,162.86780724605634,True,-125,20
29,4,116,696000000,2784000000,hybrid,1000000,10k_to_10M,10000000,29.737801498664044,36.68094488436136,38.96831320909531,34.94943543838289,6.3213922517116385,6.3213922517116385,70.98234950830825,107.00947831240636,146.76260905905266,True,-125,20
29,4,116,696000000,2784000000,hybrid,1000000,10k_to_fout_over_2,348000000.0,29.77547386395907,36.72859598045121,39.01893575557107,34.994837183392605,37.30898015223679,37.30898015223679,77.0019941904498,107.17682397135368,158.69084185736952,True,-125,20
30,4,120,720000000,2880000000,hybrid,1000000,10k_to_10M,10000000,29.737801498664044,36.68094488436136,37.669369435458805,33.78445425710346,6.3213922517116385,6.3213922517116385,68.61627119136463,103.44249570199281,142.40316670623093,True,-125,20
30,4,120,720000000,2880000000,hybrid,1000000,10k_to_fout_over_2,360000000.0,29.775473873825447,36.728595992917754,37.718304576521184,33.828342622094986,37.946804872083746,37.946804872083746,74.5919174407713,103.60426355075592,154.85578273378178,True,-125,20
31,4,124,744000000,2976000000,hybrid,1000000,10k_to_10M,10000000,29.737801498664044,36.68094488436136,36.45422848592787,32.69463315203561,6.3213922517116385,6.3213922517116385,66.40284308841738,100.10564100192853,138.3404326206402,True,-125,20
31,4,124,744000000,2976000000,hybrid,1000000,10k_to_fout_over_2,372000000.0,29.775473880704567,36.72859600160658,36.50158508268787,32.73710577106228,38.57408456464001,38.57408456464001,72.33694131578353,100.26219085370542,151.32981335676104,True,-125,20
32,4,128,768000000,3072000000,hybrid,1000000,10k_to_10M,10000000,29.737801498664044,36.68094488436136,35.315033845742626,31.6729258660345,6.3213922517116385,6.3213922517116385,64.32775424190434,96.97733972061826,134.54641871532593,True,-125,20
32,4,128,768000000,3072000000,hybrid,1000000,10k_to_fout_over_2,384000000.0,29.775473885440245,36.728596007590426,35.36091055461488,31.714071220883476,39.19132557084538,39.19132557084538,70.22253278091033,97.12899766107792,148.08413559614604,True,-125,20
33,4,132,792000000,3168000000,hybrid,1000000,10k_to_10M,10000000,29.737801498664044,36.68094488436136,34.24488130496255,30.71314023373042,6.3213922517116385,6.3213922517116385,62.37842835578604,94.0386324563571,130.99652725393528,True,-125,20
33,4,132,792000000,3168000000,hybrid,1000000,10k_to_fout_over_2,396000000.0,29.77547388859054,36.728596011569344,34.28936781425033,30.753038762976153,39.79899496218464,39.79899496218464,68.23592186873577,94.18569493407952,145.09336618888187,True,-125,20
34,4,136,816000000,3264000000,hybrid,1000000,10k_to_10M,10000000,29.737801498664044,36.68094488436136,33.23767891364012,29.809812579797175,6.3213922517116385,6.3213922517116385,60.54376869826291,91.27279032528779,127.66905248784873,True,-125,20
34,4,136,816000000,3264000000,hybrid,1000000,10k_to_fout_over_2,408000000.0,29.77547389063315,36.72859601415042,33.280856998522935,29.84853762498619,40.397524676643215,40.397524676643215,66.36583819698679,91.41552763507431,142.3350358270108,True,-125,20
35,4,140,840000000,3360000000,hybrid,1000000,10k_to_10M,10000000,29.737801498664044,36.68094488436136,32.28803094467897,28.958103648945826,6.3213922517116385,6.3213922517116385,58.813946735455396,88.66499631599385,124.54476772280452,True,-125,20
35,4,140,840000000,3360000000,hybrid,1000000,10k_to_fout_over_2,420000000.0,29.775473891885426,36.728596015732,32.329975371385885,28.995722265520897,40.987315110897384,40.987315110897384,64.60230061341007,88.80365558883332,139.78917811644922,True,-125,20
36,4,144,864000000,3456000000,hybrid,1000000,10k_to_10M,10000000,29.737801498664044,36.68094488436136,31.391141196215667,28.153711880919552,6.3213922517116385,6.3213922517116385,57.180225992803855,86.20207975166068,121.60658120331266,True,-125,20
36,4,144,864000000,3456000000,hybrid,1000000,10k_to_fout_over_2,432000000.0,29.775473892612094,36.7285960166503,31.431920500744354,28.190285536627908,41.56873825364435,41.56873825364435,62.936435101482495,86.33688752674162,137.43798400360066,True,-125,20
37,4,148,888000000,3552000000,hybrid,1000000,10k_to_10M,10000000,29.737801498664044,36.68094488436136,30.542731974696324,27.39280074900281,6.3213922517116385,6.3213922517116385,55.63481447948484,83.8722938124266,118.83924779491379,True,-125,20
37,4,148,888000000,3552000000,hybrid,1000000,10k_to_fout_over_2,444000000.0,29.77547389298924,36.728596017126584,30.582409136255958,27.428385927885547,42.14214042974081,42.14214042974081,61.36032757799735,84.00345826358813,135.26551487666498,True,-125,20
38,4,152,912000000,3648000000,hybrid,1000000,10k_to_10M,10000000,29.737801498664044,36.68094488436136,29.738975870099054,26.671937571397475,6.3213922517116385,6.3213922517116385,54.17074041423525,81.66512818578381,116.22912618541584,True,-125,20
38,4,152,912000000,3648000000,hybrid,1000000,10k_to_fout_over_2,456000000.0,29.775473893157695,36.7285960173395,29.77760889600079,26.706586298359174,42.70784471265198,42.70784471265198,59.86689597913611,81.79284105385179,133.25745921365635,True,-125,20
39,4,156,936000000,3744000000,hybrid,1000000,10k_to_10M,10000000,29.737801498664044,36.68094488436136,28.976438027276,25.988041736233434,6.3213922517116385,6.3213922517116385,52.78174707028049,79.57115053999448,113.76397343476448,True,-125,20
39,4,156,936000000,3744000000,hybrid,1000000,10k_to_fout_over_2,468000000.0,29.775473893210613,36.728596017406296,29.014080462822765,26.021802034346013,43.26615305293497,43.26615305293497,58.449784690452056,79.69558881822114,131.40092794434943,True,-125,20
40,4,160,960000000,3840000000,hybrid,1000000,10k_to_10M,10000000,29.737801498664044,36.68094488436136,28.2520270765941,25.3383406928276,6.3213922517116385,6.3213922517116385,51.462203393523474,77.58187177649461,111.43277033730583,True,-125,20
40,4,160,960000000,3840000000,hybrid,1000000,10k_to_fout_over_2,480000000.0,29.77547389321726,36.728596017414695,28.28872845125866,25.371256983493158,43.817348162571335,43.817348162571335,57.103273171753145,77.70319918492028,129.6842797712462,True,-125,20
41,4,164,984000000,3936000000,hybrid,1000000,10k_to_10M,10000000,29.737801498664044,36.68094488436136,27.562953245457656,24.720332383246436,6.3213922517116385,6.3213922517116385,50.20702770099851,75.68963100145815,109.22557233559684,True,-125,20
41,4,164,984000000,3936000000,hybrid,1000000,10k_to_fout_over_2,492000000.0,29.77547389322256,36.72859601742141,27.598759464647642,24.75244583755883,44.361695188529396,44.361695188529396,55.822198845827494,75.80799928173558,128.09697244270993,True,-125,20
9,14,126,216000000,3024000000,hybrid,1000000,10k_to_10M,10000000,59.47560299732809,36.68094488436136,35.8755899385322,32.17567072105093,6.3213922517116385,6.3213922517116385,65.34882970606157,98.5166625733265,145.81184162416665,True,-125,40
9,14,126,216000000,3024000000,hybrid,1000000,10k_to_fout_over_2,108000000.0,59.55090123147262,36.728566609320616,35.92216609632175,32.21744338929291,20.783647418102536,20.783647418102536,67.7857299239036,98.67059554028613,149.72766853137418,True,-125,40
10,12,120,240000000,2880000000,hybrid,1000000,10k_to_10M,10000000,59.47560299732809,36.68094488436136,37.669369435458805,33.78445425710346,6.3213922517116385,6.3213922517116385,68.61627119136463,103.44249570199281,151.43207190646385,True,-125,40
10,12,120,240000000,2880000000,hybrid,1000000,10k_to_fout_over_2,120000000.0,59.55091642351714,36.72857620772207,37.71828425818302,33.828324399226524,21.907989410258544,21.907989410258544,71.34899073961462,103.60416381026666,155.71366572832892,True,-125,40
11,12,132,264000000,3168000000,hybrid,1000000,10k_to_10M,10000000,59.47560299732809,36.68094488436136,34.24488130496255,30.71314023373042,6.3213922517116385,6.3213922517116385,62.37842835578604,94.0386324563571,140.7590162885236,True,-125,40
11,12,132,264000000,3168000000,hybrid,1000000,10k_to_fout_over_2,132000000.0,59.550926118404405,36.7285823301767,34.289355041469626,30.753027307477172,22.977380181387108,22.977380181387108,65.01862905716953,94.18562762997564,145.50286834219065,True,-125,40
12,10,120,288000000,2880000000,hybrid,1000000,10k_to_10M,10000000,59.47560299732809,36.68094488436136,37.669369435458805,33.78445425710346,6.3213922517116385,6.3213922517116385,68.61627119136463,103.44249570199281,151.43207190646385,True,-125,40
12,10,120,288000000,2880000000,hybrid,1000000,10k_to_fout_over_2,144000000.0,59.5509325643813,36.7285864026478,37.7182947278267,33.82833378911553,23.999166652198586,23.999166652198586,71.69002266271487,103.60420817229408,156.48495088325868,True,-125,40
13,10,130,312000000,3120000000,hybrid,1000000,10k_to_10M,10000000,59.47560299732809,36.68094488436136,34.7717256327312,31.18565008348012,6.3213922517116385,6.3213922517116385,63.338096484336575,95.48538064799337,142.38521386669282,True,-125,40
13,10,130,312000000,3120000000,hybrid,1000000,10k_to_fout_over_2,156000000.0,59.55093692517325,36.72858915662524,34.816890051705485,31.226156608270745,24.979191339993395,24.979191339993395,66.33044130458622,95.63466572771868,147.90614852673497,True,-125,40
14,8,112,336000000,2688000000,hybrid,1000000,10k_to_10M,10000000,59.47560299732809,36.68094488436136,40.36003868084872,36.19762956118228,6.3213922517116385,6.3213922517116385,73.51743341931926,110.8312453949923,159.96980386948832,True,-125,40
14,8,112,336000000,2688000000,hybrid,1000000,10k_to_fout_over_2,168000000.0,59.550939960994214,36.728591074572186,40.412463777474926,36.2446479558471,25.922191265400397,25.922191265400397,77.16923020406665,111.00453265966463,165.72013138978886,True,-125,40
15,8,120,360000000,2880000000,hybrid,1000000,10k_to_10M,10000000,59.47560299732809,36.68094488436136,37.669369435458805,33.78445425710346,6.3213922517116385,6.3213922517116385,68.61627119136463,103.44249570199281,151.43207190646385,True,-125,40
15,8,120,360000000,2880000000,hybrid,1000000,10k_to_fout_over_2,180000000.0,59.55094209452437,36.72859242198846,37.71830090936774,33.828339333142246,26.83207036365253,26.83207036365253,72.19013045764964,103.60423757610332,157.63091051691575,True,-125,40
16,8,128,384000000,3072000000,hybrid,1000000,10k_to_10M,10000000,59.47560299732809,36.68094488436136,35.315033845742626,31.6729258660345,6.3213922517116385,6.3213922517116385,64.32775424190434,96.97733972061826,144.06855764892506,True,-125,40
16,8,128,384000000,3072000000,hybrid,1000000,10k_to_fout_over_2,192000000.0,59.55094362545758,36.72859338917637,35.3609080337044,31.714068959959395,27.71209122386834,27.71209122386834,67.83250846887283,97.12897768359838,150.74046555930394,True,-125,40
17,8,136,408000000,3264000000,hybrid,1000000,10k_to_10M,10000000,59.47560299732809,36.68094488436136,33.23767891364012,29.809812579797175,6.3213922517116385,6.3213922517116385,60.54376869826291,91.27279032528779,137.66770673279524,True,-125,40
17,8,136,408000000,3264000000,hybrid,1000000,10k_to_fout_over_2,204000000.0,59.550944728641895,36.72859408589331,33.28085525127271,29.848536057933313,28.565013565549037,28.565013565549037,63.98678387575723,91.41551208874935,144.83397196054918,True,-125,40
18,8,144,432000000,3456000000,hybrid,1000000,10k_to_10M,10000000,59.47560299732809,36.68094488436136,31.391141196215667,28.153711880919552,6.3213922517116385,6.3213922517116385,57.180225992803855,86.20207975166068,132.06502605110754,True,-125,40
18,8,144,432000000,3456000000,hybrid,1000000,10k_to_fout_over_2,216000000.0,59.55094553594798,36.72859459591552,31.431919284895493,28.19028444617193,29.393196491705357,29.393196491705357,60.56772157688673,86.3368752117444,139.74400660009866,True,-125,40
19,6,114,456000000,2736000000,hybrid,1000000,10k_to_10M,10000000,59.47560299732809,36.68094488436136,39.65196782679874,35.56258342852997,6.3213922517116385,6.3213922517116385,72.22765388564699,108.88683758104507,157.7114845101005,True,-125,40
19,6,114,456000000,2736000000,hybrid,1000000,10k_to_fout_over_2,228000000.0,59.55094612696113,36.7285949691731,39.70347739493703,35.60878071493665,30.198675467642627,30.198675467642627,76.67733319743817,109.05710827145874,165.33735979833523,True,-125,40
20,6,120,480000000,2880000000,hybrid,1000000,10k_to_10M,10000000,59.47560299732809,36.68094488436136,37.669369435458805,33.78445425710346,6.3213922517116385,6.3213922517116385,68.61627119136463,103.44249570199281,151.43207190646385,True,-125,40
20,6,120,480000000,2880000000,hybrid,1000000,10k_to_fout_over_2,240000000.0,59.550946564582084,36.72859524564234,37.71830380910932,33.8283419338278,30.983221265710906,30.983221265710906,73.0050231345664,103.60425492517086,159.51748226185913,True,-125,40
21,6,126,504000000,3024000000,hybrid,1000000,10k_to_10M,10000000,59.47560299732809,36.68094488436136,35.8755899385322,32.17567072105093,6.3213922517116385,6.3213922517116385,65.34882970606157,98.5166625733265,145.81184162416665,True,-125,40
21,6,126,504000000,3024000000,hybrid,1000000,10k_to_fout_over_2,252000000.0,59.55094688773088,36.72859544972949,35.922194303519916,32.217468687427925,31.748385785737202,31.748385785737202,69.68187706719219,98.67072059977771,154.37314995305093,True,-125,40
22,6,132,528000000,3168000000,hybrid,1000000,10k_to_10M,10000000,59.47560299732809,36.68094488436136,34.24488130496255,30.71314023373042,6.3213922517116385,6.3213922517116385,62.37842835578604,94.0386324563571,140.7590162885236,True,-125,40
22,6,132,528000000,3168000000,hybrid,1000000,10k_to_fout_over_2,264000000.0,59.55094712829897,36.72859560170931,34.289367431610025,30.75303841979828,32.49553815526063,32.49553815526063,66.66032333743341,94.18568910421897,149.8108069170868,True,-125,40
23,6,138,552000000,3312000000,hybrid,1000000,10k_to_10M,10000000,59.47560299732809,36.68094488436136,32.75597342213809,29.377786310524755,6.3213922517116385,6.3213922517116385,59.66632277509969,89.94999626260245,136.19779401293027,True,-125,40
23,6,138,552000000,3312000000,hybrid,1000000,10k_to_fout_over_2,276000000.0,59.55094730638119,36.72859571417858,32.79852546980084,29.415949882927215,33.22589351695453,33.22589351695453,63.90104456698402,90.09066015222226,145.75299994218275,True,-125,40
24,6,144,576000000,3456000000,hybrid,1000000,10k_to_10M,10000000,59.47560299732809,36.68094488436136,31.391141196215667,28.153711880919552,6.3213922517116385,6.3213922517116385,57.180225992803855,86.20207975166068,132.06502605110754,True,-125,40
24,6,144,576000000,3456000000,hybrid,1000000,10k_to_fout_over_2,288000000.0,59.5509474388936,36.72859579789388,31.431920313535084,28.190285368725892,33.940536236188144,33.940536236188144,61.371282779361934,86.33688344680142,142.13505791046956,True,-125,40
25,6,150,600000000,3600000000,hybrid,1000000,10k_to_10M,10000000,59.47560299732809,36.68094488436136,30.135495548367036,27.02756340568277,6.3213922517116385,6.3213922517116385,54.8930169530917,82.75399656159425,128.30769112655705,True,-125,40
25,6,150,600000000,3600000000,hybrid,1000000,10k_to_fout_over_2,300000000.0,59.55094753665271,36.72859585963431,30.174643551716983,27.062673999468963,34.64043879629701,34.64043879629701,59.04351058910577,82.88340876196571,138.90254905687354,True,-125,40
26,6,156,624000000,3744000000,hybrid,1000000,10k_to_10M,10000000,59.47560299732809,36.68094488436136,28.976438027276,25.988041736233434,6.3213922517116385,6.3213922517116385,52.78174707028049,79.57115053999448,124.88095197261924,True,-125,40
26,6,156,624000000,3744000000,hybrid,1000000,10k_to_fout_over_2,312000000.0,59.550947608934365,36.728595905298754,29.014080374262438,26.021801954919077,35.326477322257865,35.326477322257865,56.89443827843631,79.69558587672856,136.00933670338878,True,-125,40
27,6,162,648000000,3888000000,hybrid,1000000,10k_to_10M,10000000,59.47560299732809,36.68094488436136,27.903236618858372,25.02552167192849,6.3213922517116385,6.3213922517116385,50.82686754915899,76.62407089036505,121.74664316907032,True,-125,40
27,6,162,648000000,3888000000,hybrid,1000000,10k_to_fout_over_2,324000000.0,59.55094766173752,36.72859593864675,27.93948483021318,25.058031534895914,35.99944444015768,35.99944444015768,54.90422169811401,76.74389794835956,133.41605719178185,True,-125,40
28,4,112,672000000,2688000000,hybrid,1000000,10k_to_10M,10000000,59.47560299732809,36.68094488436136,40.36003868084872,36.19762956118228,6.3213922517116385,6.3213922517116385,73.51743341931926,110.8312453949923,159.96980386948832,True,-125,40
28,4,112,672000000,2688000000,hybrid,1000000,10k_to_fout_over_2,336000000.0,59.55094770026662,36.72859596298798,40.41246915619812,36.24465277985209,36.660060010861955,36.660060010861955,79.58377706267865,111.00456721563907,170.83810806180944,True,-125,40
29,4,116,696000000,2784000000,hybrid,1000000,10k_to_10M,10000000,59.47560299732809,36.68094488436136,38.96831320909531,34.94943543838289,6.3213922517116385,6.3213922517116385,70.98234950830825,107.00947831240636,155.53865735482665,True,-125,40
29,4,116,696000000,2784000000,hybrid,1000000,10k_to_fout_over_2,348000000.0,59.55094772791814,36.72859598045121,39.01893575557107,34.994837183392605,37.30898015223679,37.30898015223679,77.0019941904498,107.17682397135368,166.86077975627043,True,-125,40
30,4,120,720000000,2880000000,hybrid,1000000,10k_to_10M,10000000,59.47560299732809,36.68094488436136,37.669369435458805,33.78445425710346,6.3213922517116385,6.3213922517116385,68.61627119136463,103.44249570199281,151.43207190646385,True,-125,40
30,4,120,720000000,2880000000,hybrid,1000000,10k_to_fout_over_2,360000000.0,59.550947747650895,36.728595992917754,37.718304576521184,33.828342622094986,37.946804872083746,37.946804872083746,74.5919174407713,103.60426355075592,163.2177992111302,True,-125,40
31,4,124,744000000,2976000000,hybrid,1000000,10k_to_10M,10000000,59.47560299732809,36.68094488436136,36.45422848592787,32.69463315203561,6.3213922517116385,6.3213922517116385,66.40284308841738,100.10564100192853,147.61804026469034,True,-125,40
31,4,124,744000000,2976000000,hybrid,1000000,10k_to_fout_over_2,372000000.0,59.550947761409134,36.72859600160658,36.50158508268787,32.73710577106228,38.57408456464001,38.57408456464001,72.33694131578353,100.26219085370542,159.87635517816162,True,-125,40
32,4,128,768000000,3072000000,hybrid,1000000,10k_to_10M,10000000,59.47560299732809,36.68094488436136,35.315033845742626,31.6729258660345,6.3213922517116385,6.3213922517116385,64.32775424190434,96.97733972061826,144.06855764892506,True,-125,40
32,4,128,768000000,3072000000,hybrid,1000000,10k_to_fout_over_2,384000000.0,59.55094777088049,36.728596007590426,35.36091055461488,31.714071220883476,39.19132557084538,39.19132557084538,70.22253278091033,97.12899766107792,156.80767758807403,True,-125,40
33,4,132,792000000,3168000000,hybrid,1000000,10k_to_10M,10000000,59.47560299732809,36.68094488436136,34.24488130496255,30.71314023373042,6.3213922517116385,6.3213922517116385,62.37842835578604,94.0386324563571,140.7590162885236,True,-125,40
33,4,132,792000000,3168000000,hybrid,1000000,10k_to_fout_over_2,396000000.0,59.55094777718108,36.728596011569344,34.28936781425033,30.753038762976153,39.79899496218464,39.79899496218464,68.23592186873577,94.18569493407952,153.98643267473722,True,-125,40
34,4,136,816000000,3264000000,hybrid,1000000,10k_to_10M,10000000,59.47560299732809,36.68094488436136,33.23767891364012,29.809812579797175,6.3213922517116385,6.3213922517116385,60.54376869826291,91.27279032528779,137.66770673279524,True,-125,40
34,4,136,816000000,3264000000,hybrid,1000000,10k_to_fout_over_2,408000000.0,59.5509477812663,36.72859601415042,33.280856998522935,29.84853762498619,40.397524676643215,40.397524676643215,66.36583819698679,91.41552763507431,151.39022082060578,True,-125,40
35,4,140,840000000,3360000000,hybrid,1000000,10k_to_10M,10000000,59.47560299732809,36.68094488436136,32.28803094467897,28.958103648945826,6.3213922517116385,6.3213922517116385,58.813946735455396,88.66499631599385,134.77540458499527,True,-125,40
35,4,140,840000000,3360000000,hybrid,1000000,10k_to_fout_over_2,420000000.0,59.55094778377085,36.728596015732,32.329975371385885,28.995722265520897,40.987315110897384,40.987315110897384,64.60230061341007,88.80365558883332,148.99916394037726,True,-125,40
36,4,144,864000000,3456000000,hybrid,1000000,10k_to_10M,10000000,59.47560299732809,36.68094488436136,31.391141196215667,28.153711880919552,6.3213922517116385,6.3213922517116385,57.180225992803855,86.20207975166068,132.06502605110754,True,-125,40
36,4,144,864000000,3456000000,hybrid,1000000,10k_to_fout_over_2,432000000.0,59.55094778522419,36.7285960166503,31.431920500744354,28.190285536627908,41.56873825364435,41.56873825364435,62.936435101482495,86.33688752674162,146.79555845993048,True,-125,40
37,4,148,888000000,3552000000,hybrid,1000000,10k_to_10M,10000000,59.47560299732809,36.68094488436136,30.542731974696324,27.39280074900281,6.3213922517116385,6.3213922517116385,55.63481447948484,83.8722938124266,129.5213392857824,True,-125,40
37,4,148,888000000,3552000000,hybrid,1000000,10k_to_fout_over_2,444000000.0,59.55094778597848,36.728596017126584,30.582409136255958,27.428385927885547,42.14214042974081,42.14214042974081,61.36032757799735,84.00345826358813,144.76358675960444,True,-125,40
38,4,152,912000000,3648000000,hybrid,1000000,10k_to_10M,10000000,59.47560299732809,36.68094488436136,29.738975870099054,26.671937571397475,6.3213922517116385,6.3213922517116385,54.17074041423525,81.66512818578381,127.13072125866019,True,-125,40
38,4,152,912000000,3648000000,hybrid,1000000,10k_to_fout_over_2,456000000.0,59.55094778631539,36.7285960173395,29.77760889600079,26.706586298359174,42.70784471265198,42.70784471265198,59.86689597913611,81.79284105385179,142.8890722650463,True,-125,40
39,4,156,936000000,3744000000,hybrid,1000000,10k_to_10M,10000000,59.47560299732809,36.68094488436136,28.976438027276,25.988041736233434,6.3213922517116385,6.3213922517116385,52.78174707028049,79.57115053999448,124.88095197261924,True,-125,40
39,4,156,936000000,3744000000,hybrid,1000000,10k_to_fout_over_2,468000000.0,59.550947786421226,36.728596017406296,29.014080462822765,26.021802034346013,43.26615305293497,43.26615305293497,58.449784690452056,79.69558881822114,141.1592731680491,True,-125,40
40,4,160,960000000,3840000000,hybrid,1000000,10k_to_10M,10000000,59.47560299732809,36.68094488436136,28.2520270765941,25.3383406928276,6.3213922517116385,6.3213922517116385,51.462203393523474,77.58187177649461,122.761039499381,True,-125,40
40,4,160,960000000,3840000000,hybrid,1000000,10k_to_fout_over_2,480000000.0,59.55094778643452,36.728596017414695,28.28872845125866,25.371256983493158,43.817348162571335,43.817348162571335,57.103273171753145,77.70319918492028,139.56270618071235,True,-125,40
41,4,164,984000000,3936000000,hybrid,1000000,10k_to_10M,10000000,59.47560299732809,36.68094488436136,27.562953245457656,24.720332383246436,6.3213922517116385,6.3213922517116385,50.20702770099851,75.68963100145815,120.76107057309709,True,-125,40
41,4,164,984000000,3936000000,hybrid,1000000,10k_to_fout_over_2,492000000.0,59.55094778644512,36.72859601742141,27.598759464647642,24.75244583755883,44.361695188529396,44.361695188529396,55.822198845827494,75.80799928173558,138.0889962512811,True,-125,40
9,14,126,216000000,3024000000,hybrid,1000000,10k_to_10M,10000000,118.95120599465618,36.68094488436136,35.8755899385322,32.17567072105093,6.3213922517116385,6.3213922517116385,65.34882970606157,98.5166625733265,178.5304881904444,True,-125,80
9,14,126,216000000,3024000000,hybrid,1000000,10k_to_fout_over_2,108000000.0,119.10180246294524,36.728566609320616,35.92216609632175,32.21744338929291,20.783647418102536,20.783647418102536,67.7857299239036,98.67059554028613,181.81667755264607,True,-125,80
10,12,120,240000000,2880000000,hybrid,1000000,10k_to_10M,10000000,118.95120599465618,36.68094488436136,37.669369435458805,33.78445425710346,6.3213922517116385,6.3213922517116385,68.61627119136463,103.44249570199281,183.14943204272237,True,-125,80
10,12,120,240000000,2880000000,hybrid,1000000,10k_to_fout_over_2,120000000.0,119.10183284703427,36.72857620772207,37.71828425818302,33.828324399226524,21.907989410258544,21.907989410258544,71.34899073961462,103.60416381026666,186.77708808950825,True,-125,80
11,12,132,264000000,3168000000,hybrid,1000000,10k_to_10M,10000000,118.95120599465618,36.68094488436136,34.24488130496255,30.71314023373042,6.3213922517116385,6.3213922517116385,62.37842835578604,94.0386324563571,174.42804454043562,True,-125,80
11,12,132,264000000,3168000000,hybrid,1000000,10k_to_fout_over_2,132000000.0,119.10185223680881,36.7285823301767,34.289355041469626,30.753027307477172,22.977380181387108,22.977380181387108,65.01862905716953,94.18562762997564,178.35364616537515,True,-125,80
12,10,120,288000000,2880000000,hybrid,1000000,10k_to_10M,10000000,118.95120599465618,36.68094488436136,37.669369435458805,33.78445425710346,6.3213922517116385,6.3213922517116385,68.61627119136463,103.44249570199281,183.14943204272237,True,-125,80
12,10,120,288000000,2880000000,hybrid,1000000,10k_to_fout_over_2,144000000.0,119.1018651287626,36.7285864026478,37.7182947278267,33.82833378911553,23.999166652198586,23.999166652198586,71.69002266271487,103.60420817229408,187.4205980163289,True,-125,80
13,10,130,312000000,3120000000,hybrid,1000000,10k_to_10M,10000000,118.95120599465618,36.68094488436136,34.7717256327312,31.18565008348012,6.3213922517116385,6.3213922517116385,63.338096484336575,95.48538064799337,175.74296908710514,True,-125,80
13,10,130,312000000,3120000000,hybrid,1000000,10k_to_fout_over_2,156000000.0,119.1018738503465,36.72858915662524,34.816890051705485,31.226156608270745,24.979191339993395,24.979191339993395,66.33044130458622,95.63466572771868,180.31963575276674,True,-125,80
14,8,112,336000000,2688000000,hybrid,1000000,10k_to_10M,10000000,118.95120599465618,36.68094488436136,40.36003868084872,36.19762956118228,6.3213922517116385,6.3213922517116385,73.51743341931926,110.8312453949923,190.269230843376,True,-125,80
14,8,112,336000000,2688000000,hybrid,1000000,10k_to_fout_over_2,168000000.0,119.10187992198843,36.728591074572186,40.412463777474926,36.2446479558471,25.922191265400397,25.922191265400397,77.16923020406665,111.00453265966463,195.19760577056957,True,-125,80
15,8,120,360000000,2880000000,hybrid,1000000,10k_to_10M,10000000,118.95120599465618,36.68094488436136,37.669369435458805,33.78445425710346,6.3213922517116385,6.3213922517116385,68.61627119136463,103.44249570199281,183.14943204272237,True,-125,80
15,8,120,360000000,2880000000,hybrid,1000000,10k_to_fout_over_2,180000000.0,119.10188418904875,36.72859242198846,37.71830090936774,33.828339333142246,26.83207036365253,26.83207036365253,72.19013045764964,103.60423757610332,188.3784702757406,True,-125,80
16,8,128,384000000,3072000000,hybrid,1000000,10k_to_10M,10000000,118.95120599465618,36.68094488436136,35.315033845742626,31.6729258660345,6.3213922517116385,6.3213922517116385,64.32775424190434,96.97733972061826,177.1095462100476,True,-125,80
16,8,128,384000000,3072000000,hybrid,1000000,10k_to_fout_over_2,192000000.0,119.10188725091515,36.72859338917637,35.3609080337044,31.714068959959395,27.71209122386834,27.71209122386834,67.83250846887283,97.12897768359838,182.65167017326445,True,-125,80
17,8,136,408000000,3264000000,hybrid,1000000,10k_to_10M,10000000,118.95120599465618,36.68094488436136,33.23767891364012,29.809812579797175,6.3213922517116385,6.3213922517116385,60.54376869826291,91.27279032528779,171.94312877447084,True,-125,80
17,8,136,408000000,3264000000,hybrid,1000000,10k_to_fout_over_2,204000000.0,119.10188945728379,36.72859408589331,33.28085525127271,29.848536057933313,28.565013565549037,28.565013565549037,63.98678387575723,91.41551208874935,177.80839262557444,True,-125,80
18,8,144,432000000,3456000000,hybrid,1000000,10k_to_10M,10000000,118.95120599465618,36.68094488436136,31.391141196215667,28.153711880919552,6.3213922517116385,6.3213922517116385,57.180225992803855,86.20207975166068,167.49093456532822,True,-125,80
18,8,144,432000000,3456000000,hybrid,1000000,10k_to_fout_over_2,216000000.0,119.10189107189596,36.72859459591552,31.431919284895493,28.19028444617193,29.393196491705357,29.393196491705357,60.56772157688673,86.3368752117444,173.68745701208462,True,-125,80
19,6,114,456000000,2736000000,hybrid,1000000,10k_to_10M,10000000,118.95120599465618,36.68094488436136,39.65196782679874,35.56258342852997,6.3213922517116385,6.3213922517116385,72.22765388564699,108.88683758104507,188.37450571154,True,-125,80
19,6,114,456000000,2736000000,hybrid,1000000,10k_to_fout_over_2,228000000.0,119.10189225392226,36.7285949691731,39.70347739493703,35.60878071493665,30.198675467642627,30.198675467642627,76.67733319743817,109.05710827145874,194.87274847687874,True,-125,80
20,6,120,480000000,2880000000,hybrid,1000000,10k_to_10M,10000000,118.95120599465618,36.68094488436136,37.669369435458805,33.78445425710346,6.3213922517116385,6.3213922517116385,68.61627119136463,103.44249570199281,183.14943204272237,True,-125,80
20,6,120,480000000,2880000000,hybrid,1000000,10k_to_fout_over_2,240000000.0,119.10189312916417,36.72859524564234,37.71830380910932,33.8283419338278,30.983221265710906,30.983221265710906,73.0050231345664,103.60425492517086,189.95992434557263,True,-125,80
21,6,126,504000000,3024000000,hybrid,1000000,10k_to_10M,10000000,118.95120599465618,36.68094488436136,35.8755899385322,32.17567072105093,6.3213922517116385,6.3213922517116385,65.34882970606157,98.5166625733265,178.5304881904444,True,-125,80
21,6,126,504000000,3024000000,hybrid,1000000,10k_to_fout_over_2,252000000.0,119.10189377546176,36.72859544972949,35.922194303519916,32.217468687427925,31.748385785737202,31.748385785737202,69.68187706719219,98.67072059977771,185.66102243632935,True,-125,80
22,6,132,528000000,3168000000,hybrid,1000000,10k_to_10M,10000000,118.95120599465618,36.68094488436136,34.24488130496255,30.71314023373042,6.3213922517116385,6.3213922517116385,62.37842835578604,94.0386324563571,174.42804454043562,True,-125,80
22,6,132,528000000,3168000000,hybrid,1000000,10k_to_fout_over_2,264000000.0,119.10189425659794,36.72859560170931,34.289367431610025,30.75303841979828,32.49553815526063,32.49553815526063,66.66032333743341,94.18568910421897,181.88519395701522,True,-125,80
23,6,138,552000000,3312000000,hybrid,1000000,10k_to_10M,10000000,118.95120599465618,36.68094488436136,32.75597342213809,29.377786310524755,6.3213922517116385,6.3213922517116385,59.66632277509969,89.94999626260245,170.76850163210992,True,-125,80
23,6,138,552000000,3312000000,hybrid,1000000,10k_to_fout_over_2,276000000.0,119.10189461276238,36.72859571417858,32.79852546980084,29.415949882927215,33.22589351695453,33.22589351695453,63.90104456698402,90.09066015222226,178.5577860733272,True,-125,80
24,6,144,576000000,3456000000,hybrid,1000000,10k_to_10M,10000000,118.95120599465618,36.68094488436136,31.391141196215667,28.153711880919552,6.3213922517116385,6.3213922517116385,57.180225992803855,86.20207975166068,167.49093456532822,True,-125,80
24,6,144,576000000,3456000000,hybrid,1000000,10k_to_fout_over_2,288000000.0,119.1018948777872,36.72859579789388,31.431920313535084,28.190285368725892,33.940536236188144,33.940536236188144,61.371282779361934,86.33688344680142,175.61697158823273,True,-125,80
25,6,150,600000000,3600000000,hybrid,1000000,10k_to_10M,10000000,118.95120599465618,36.68094488436136,30.135495548367036,27.02756340568277,6.3213922517116385,6.3213922517116385,54.8930169530917,82.75399656159425,164.54454004285682,True,-125,80
25,6,150,600000000,3600000000,hybrid,1000000,10k_to_fout_over_2,300000000.0,119.10189507330541,36.72859585963431,30.174643551716983,27.062673999468963,34.64043879629701,34.64043879629701,59.04351058910577,82.88340876196571,173.01116782461372,True,-125,80
26,6,156,624000000,3744000000,hybrid,1000000,10k_to_10M,10000000,118.95120599465618,36.68094488436136,28.976438027276,25.988041736233434,6.3213922517116385,6.3213922517116385,52.78174707028049,79.57115053999448,161.88667091911853,True,-125,80
26,6,156,624000000,3744000000,hybrid,1000000,10k_to_fout_over_2,312000000.0,119.10189521786873,36.728595905298754,29.014080374262438,26.021801954919077,35.326477322257865,35.326477322257865,56.89443827843631,79.69558587672856,170.6970584218191,True,-125,80
27,6,162,648000000,3888000000,hybrid,1000000,10k_to_10M,10000000,118.95120599465618,36.68094488436136,27.903236618858372,25.02552167192849,6.3213922517116385,6.3213922517116385,50.82686754915899,76.62407089036505,159.48130667455757,True,-125,80
27,6,162,648000000,3888000000,hybrid,1000000,10k_to_fout_over_2,324000000.0,119.10189532347503,36.72859593864675,27.93948483021318,25.058031534895914,35.99944444015768,35.99944444015768,54.90422169811401,76.74389794835956,168.63804558531214,True,-125,80
28,4,112,672000000,2688000000,hybrid,1000000,10k_to_10M,10000000,118.95120599465618,36.68094488436136,40.36003868084872,36.19762956118228,6.3213922517116385,6.3213922517116385,73.51743341931926,110.8312453949923,190.269230843376,True,-125,80
28,4,112,672000000,2688000000,hybrid,1000000,10k_to_fout_over_2,336000000.0,119.10189540053324,36.72859596298798,40.41246915619812,36.24465277985209,36.660060010861955,36.660060010861955,79.58377706267865,111.00456721563907,199.56103147192377,True,-125,80
29,4,116,696000000,2784000000,hybrid,1000000,10k_to_10M,10000000,118.95120599465618,36.68094488436136,38.96831320909531,34.94943543838289,6.3213922517116385,6.3213922517116385,70.98234950830825,107.00947831240636,186.5591487636817,True,-125,80
29,4,116,696000000,2784000000,hybrid,1000000,10k_to_fout_over_2,348000000.0,119.10189545583629,36.72859598045121,39.01893575557107,34.994837183392605,37.30898015223679,37.30898015223679,77.0019941904498,107.17682397135368,196.16693387711985,True,-125,80
30,4,120,720000000,2880000000,hybrid,1000000,10k_to_10M,10000000,118.95120599465618,36.68094488436136,37.669369435458805,33.78445425710346,6.3213922517116385,6.3213922517116385,68.61627119136463,103.44249570199281,183.14943204272237,True,-125,80
30,4,120,720000000,2880000000,hybrid,1000000,10k_to_fout_over_2,360000000.0,119.10189549530179,36.728595992917754,37.718304576521184,33.828342622094986,37.946804872083746,37.946804872083746,74.5919174407713,103.60426355075592,193.0776944969438,True,-125,80
31,4,124,744000000,2976000000,hybrid,1000000,10k_to_10M,10000000,118.95120599465618,36.68094488436136,36.45422848592787,32.69463315203561,6.3213922517116385,6.3213922517116385,66.40284308841738,100.10564100192853,180.00868831052315,True,-125,80
31,4,124,744000000,2976000000,hybrid,1000000,10k_to_fout_over_2,372000000.0,119.10189552281827,36.72859600160658,36.50158508268787,32.73710577106228,38.57408456464001,38.57408456464001,72.33694131578353,100.26219085370542,190.26138621091755,True,-125,80
32,4,128,768000000,3072000000,hybrid,1000000,10k_to_10M,10000000,118.95120599465618,36.68094488436136,35.315033845742626,31.6729258660345,6.3213922517116385,6.3213922517116385,64.32775424190434,96.97733972061826,177.1095462100476,True,-125,80
32,4,128,768000000,3072000000,hybrid,1000000,10k_to_fout_over_2,384000000.0,119.10189554176098,36.728596007590426,35.36091055461488,31.714071220883476,39.19132557084538,39.19132557084538,70.22253278091033,97.12899766107792,187.6901539553841,True,-125,80
33,4,132,792000000,3168000000,hybrid,1000000,10k_to_10M,10000000,118.95120599465618,36.68094488436136,34.24488130496255,30.71314023373042,6.3213922517116385,6.3213922517116385,62.37842835578604,94.0386324563571,174.42804454043562,True,-125,80
33,4,132,792000000,3168000000,hybrid,1000000,10k_to_fout_over_2,396000000.0,119.10189555436216,36.728596011569344,34.28936781425033,30.753038762976153,39.79899496218464,39.79899496218464,68.23592186873577,94.18569493407952,185.33960071008306,True,-125,80
34,4,136,816000000,3264000000,hybrid,1000000,10k_to_10M,10000000,118.95120599465618,36.68094488436136,33.23767891364012,29.809812579797175,6.3213922517116385,6.3213922517116385,60.54376869826291,91.27279032528779,171.94312877447084,True,-125,80
34,4,136,816000000,3264000000,hybrid,1000000,10k_to_fout_over_2,408000000.0,119.1018955625326,36.72859601415042,33.280856998522935,29.84853762498619,40.397524676643215,40.397524676643215,66.36583819698679,91.41552763507431,183.1882777501145,True,-125,80
35,4,140,840000000,3360000000,hybrid,1000000,10k_to_10M,10000000,118.95120599465618,36.68094488436136,32.28803094467897,28.958103648945826,6.3213922517116385,6.3213922517116385,58.813946735455396,88.66499631599385,169.63623356092444,True,-125,80
35,4,140,840000000,3360000000,hybrid,1000000,10k_to_fout_over_2,420000000.0,119.1018955675417,36.728596015732,32.329975371385885,28.995722265520897,40.987315110897384,40.987315110897384,64.60230061341007,88.80365558883332,181.21726463217468,True,-125,80
36,4,144,864000000,3456000000,hybrid,1000000,10k_to_10M,10000000,118.95120599465618,36.68094488436136,31.391141196215667,28.153711880919552,6.3213922517116385,6.3213922517116385,57.180225992803855,86.20207975166068,167.49093456532822,True,-125,80
36,4,144,864000000,3456000000,hybrid,1000000,10k_to_fout_over_2,432000000.0,119.10189557044838,36.7285960166503,31.431920500744354,28.190285536627908,41.56873825364435,41.56873825364435,62.936435101482495,86.33688752674162,179.4098161470502,True,-125,80
37,4,148,888000000,3552000000,hybrid,1000000,10k_to_10M,10000000,118.95120599465618,36.68094488436136,30.542731974696324,27.39280074900281,6.3213922517116385,6.3213922517116385,55.63481447948484,83.8722938124266,165.49265659258148,True,-125,80
37,4,148,888000000,3552000000,hybrid,1000000,10k_to_fout_over_2,444000000.0,119.10189557195696,36.728596017126584,30.582409136255958,27.428385927885547,42.14214042974081,42.14214042974081,61.36032757799735,84.00345826358813,177.75106806466883,True,-125,80
38,4,152,912000000,3648000000,hybrid,1000000,10k_to_10M,10000000,118.95120599465618,36.68094488436136,29.738975870099054,26.671937571397475,6.3213922517116385,6.3213922517116385,54.17074041423525,81.66512818578381,163.6284276751277,True,-125,80
38,4,152,912000000,3648000000,hybrid,1000000,10k_to_fout_over_2,456000000.0,119.10189557263078,36.7285960173395,29.77760889600079,26.706586298359174,42.70784471265198,42.70784471265198,59.86689597913611,81.79284105385179,176.2277875918296,True,-125,80
39,4,156,936000000,3744000000,hybrid,1000000,10k_to_10M,10000000,118.95120599465618,36.68094488436136,28.976438027276,25.988041736233434,6.3213922517116385,6.3213922517116385,52.78174707028049,79.57115053999448,161.88667091911853,True,-125,80
39,4,156,936000000,3744000000,hybrid,1000000,10k_to_fout_over_2,468000000.0,119.10189557284245,36.728596017406296,29.014080462822765,26.021802034346013,43.26615305293497,43.26615305293497,58.449784690452056,79.69558881822114,174.82816291466062,True,-125,80
40,4,160,960000000,3840000000,hybrid,1000000,10k_to_10M,10000000,118.95120599465618,36.68094488436136,28.2520270765941,25.3383406928276,6.3213922517116385,6.3213922517116385,51.462203393523474,77.58187177649461,160.2570275359428,True,-125,80
40,4,160,960000000,3840000000,hybrid,1000000,10k_to_fout_over_2,480000000.0,119.10189557286904,36.728596017414695,28.28872845125866,25.371256983493158,43.817348162571335,43.817348162571335,57.103273171753145,77.70319918492028,173.54162354683615,True,-125,80
41,4,164,984000000,3936000000,hybrid,1000000,10k_to_10M,10000000,118.95120599465618,36.68094488436136,27.562953245457656,24.720332383246436,6.3213922517116385,6.3213922517116385,50.20702770099851,75.68963100145815,158.73020576326323,True,-125,80
41,4,164,984000000,3936000000,hybrid,1000000,10k_to_fout_over_2,492000000.0,119.10189557289024,36.72859601742141,27.598759464647642,24.75244583755883,44.361695188529396,44.361695188529396,55.822198845827494,75.80799928173558,172.3586871395755,True,-125,80
9,14,126,216000000,3024000000,hybrid,1000000,10k_to_10M,10000000,178.42680899198427,36.68094488436136,35.8755899385322,32.17567072105093,6.3213922517116385,6.3213922517116385,65.34882970606157,98.5166625733265,222.62046620424934,False,-125,120
9,14,126,216000000,3024000000,hybrid,1000000,10k_to_fout_over_2,108000000.0,178.65270369441785,36.728566609320616,35.92216609632175,32.21744338929291,20.783647418102536,20.783647418102536,67.7857299239036,98.67059554028613,225.3638245674889,False,-125,120
10,12,120,240000000,2880000000,hybrid,1000000,10k_to_10M,10000000,178.42680899198427,36.68094488436136,37.669369435458805,33.78445425710346,6.3213922517116385,6.3213922517116385,68.61627119136463,103.44249570199281,226.34144829670657,False,-125,120
10,12,120,240000000,2880000000,hybrid,1000000,10k_to_fout_over_2,120000000.0,178.6527492705514,36.72857620772207,37.71828425818302,33.828324399226524,21.907989410258544,21.907989410258544,71.34899073961462,103.60416381026666,229.38447826651117,False,-125,120
11,12,132,264000000,3168000000,hybrid,1000000,10k_to_10M,10000000,178.42680899198427,36.68094488436136,34.24488130496255,30.71314023373042,6.3213922517116385,6.3213922517116385,62.37842835578604,94.0386324563571,219.34420320965654,False,-125,120
11,12,132,264000000,3168000000,hybrid,1000000,10k_to_fout_over_2,132000000.0,178.6527783552132,36.7285823301767,34.289355041469626,30.753027307477172,22.977380181387108,22.977380181387108,65.01862905716953,94.18562762997564,222.57939506675396,False,-125,120
12,10,120,288000000,2880000000,hybrid,1000000,10k_to_10M,10000000,178.42680899198427,36.68094488436136,37.669369435458805,33.78445425710346,6.3213922517116385,6.3213922517116385,68.61627119136463,103.44249570199281,226.34144829670657,False,-125,120
12,10,120,288000000,2880000000,hybrid,1000000,10k_to_fout_over_2,144000000.0,178.6527976931439,36.7285864026478,37.7182947278267,33.82833378911553,23.999166652198586,23.999166652198586,71.69002266271487,103.60420817229408,229.90878279708193,False,-125,120
13,10,130,312000000,3120000000,hybrid,1000000,10k_to_10M,10000000,178.42680899198427,36.68094488436136,34.7717256327312,31.18565008348012,6.3213922517116385,6.3213922517116385,63.338096484336575,95.48538064799337,220.39130641436404,False,-125,120
13,10,130,312000000,3120000000,hybrid,1000000,10k_to_fout_over_2,156000000.0,178.65281077551975,36.72858915662524,34.816890051705485,31.226156608270745,24.979191339993395,24.979191339993395,66.33044130458622,95.63466572771868,224.1578494751863,False,-125,120
14,8,112,336000000,2688000000,hybrid,1000000,10k_to_10M,10000000,178.42680899198427,36.68094488436136,40.36003868084872,36.19762956118228,6.3213922517116385,6.3213922517116385,73.51743341931926,110.8312453949923,232.14029586697959,False,-125,120
14,8,112,336000000,2688000000,hybrid,1000000,10k_to_fout_over_2,168000000.0,178.65281988298264,36.728591074572186,40.412463777474926,36.2446479558471,25.922191265400397,25.922191265400397,77.16923020406665,111.00453265966463,236.29150968613405,False,-125,120
15,8,120,360000000,2880000000,hybrid,1000000,10k_to_10M,10000000,178.42680899198427,36.68094488436136,37.669369435458805,33.78445425710346,6.3213922517116385,6.3213922517116385,68.61627119136463,103.44249570199281,226.34144829670657,False,-125,120
15,8,120,360000000,2880000000,hybrid,1000000,10k_to_fout_over_2,180000000.0,178.65282628357312,36.72859242198846,37.71830090936774,33.828339333142246,26.83207036365253,26.83207036365253,72.19013045764964,103.60423757610332,230.6903153258824,False,-125,120
16,8,128,384000000,3072000000,hybrid,1000000,10k_to_10M,10000000,178.42680899198427,36.68094488436136,35.315033845742626,31.6729258660345,6.3213922517116385,6.3213922517116385,64.32775424190434,96.97733972061826,221.48256842968004,False,-125,120
16,8,128,384000000,3072000000,hybrid,1000000,10k_to_fout_over_2,192000000.0,178.65283087637272,36.72859338917637,35.3609080337044,31.714068959959395,27.71209122386834,27.71209122386834,67.83250846887283,97.12897768359838,226.03806549007427,False,-125,120
17,8,136,408000000,3264000000,hybrid,1000000,10k_to_10M,10000000,178.42680899198427,36.68094488436136,33.23767891364012,29.809812579797175,6.3213922517116385,6.3213922517116385,60.54376869826291,91.27279032528779,217.37335690519473,False,-125,120
17,8,136,408000000,3264000000,hybrid,1000000,10k_to_fout_over_2,204000000.0,178.65283418592568,36.72859408589331,33.28085525127271,29.848536057933313,28.565013565549037,28.565013565549037,63.98678387575723,91.41551208874935,222.14274595056946,False,-125,120
18,8,144,432000000,3456000000,hybrid,1000000,10k_to_10M,10000000,178.42680899198427,36.68094488436136,31.391141196215667,28.153711880919552,6.3213922517116385,6.3213922517116385,57.180225992803855,86.20207975166068,213.86900177689606,False,-125,120
18,8,144,432000000,3456000000,hybrid,1000000,10k_to_fout_over_2,216000000.0,178.65283660784394,36.72859459591552,31.431919284895493,28.19028444617193,29.393196491705357,29.393196491705357,60.56772157688673,86.3368752117444,218.858192203198,False,-125,120
19,6,114,456000000,2736000000,hybrid,1000000,10k_to_10M,10000000,178.42680899198427,36.68094488436136,39.65196782679874,35.56258342852997,6.3213922517116385,6.3213922517116385,72.22765388564699,108.88683758104507,230.58987653742722,False,-125,120
19,6,114,456000000,2736000000,hybrid,1000000,10k_to_fout_over_2,228000000.0,178.6528383808834,36.7285949691731,39.70347739493703,35.60878071493665,30.198675467642627,30.198675467642627,76.67733319743817,109.05710827145874,236.02322771713375,False,-125,120
20,6,120,480000000,2880000000,hybrid,1000000,10k_to_10M,10000000,178.42680899198427,36.68094488436136,37.669369435458805,33.78445425710346,6.3213922517116385,6.3213922517116385,68.61627119136463,103.44249570199281,226.34144829670657,False,-125,120
20,6,120,480000000,2880000000,hybrid,1000000,10k_to_fout_over_2,240000000.0,178.65283969374624,36.72859524564234,37.71830380910932,33.8283419338278,30.983221265710906,30.983221265710906,73.0050231345664,103.60425492517086,231.98351027834764,False,-125,120
21,6,126,504000000,3024000000,hybrid,1000000,10k_to_10M,10000000,178.42680899198427,36.68094488436136,35.8755899385322,32.17567072105093,6.3213922517116385,6.3213922517116385,65.34882970606157,98.5166625733265,222.62046620424934,False,-125,120
21,6,126,504000000,3024000000,hybrid,1000000,10k_to_fout_over_2,252000000.0,178.65284066319265,36.72859544972949,35.922194303519916,32.217468687427925,31.748385785737202,31.748385785737202,69.68187706719219,98.67072059977771,228.47667633312136,False,-125,120
22,6,132,528000000,3168000000,hybrid,1000000,10k_to_10M,10000000,178.42680899198427,36.68094488436136,34.24488130496255,30.71314023373042,6.3213922517116385,6.3213922517116385,62.37842835578604,94.0386324563571,219.34420320965654,False,-125,120
22,6,132,528000000,3168000000,hybrid,1000000,10k_to_fout_over_2,264000000.0,178.6528413848969,36.72859560170931,34.289367431610025,30.75303841979828,32.49553815526063,32.49553815526063,66.66032333743341,94.18568910421897,225.4191657782637,False,-125,120
23,6,138,552000000,3312000000,hybrid,1000000,10k_to_10M,10000000,178.42680899198427,36.68094488436136,32.75597342213809,29.377786310524755,6.3213922517116385,6.3213922517116385,59.66632277509969,89.94999626260245,216.44541554201336,False,-125,120
23,6,138,552000000,3312000000,hybrid,1000000,10k_to_fout_over_2,276000000.0,178.65284191914358,36.72859571417858,32.79852546980084,29.415949882927215,33.22589351695453,33.22589351695453,63.90104456698402,90.09066015222226,222.74303489187946,False,-125,120
24,6,144,576000000,3456000000,hybrid,1000000,10k_to_10M,10000000,178.42680899198427,36.68094488436136,31.391141196215667,28.153711880919552,6.3213922517116385,6.3213922517116385,57.180225992803855,86.20207975166068,213.86900177689606,False,-125,120
24,6,144,576000000,3456000000,hybrid,1000000,10k_to_fout_over_2,288000000.0,178.65284231668082,36.72859579789388,31.431920313535084,28.190285368725892,33.940536236188144,33.940536236188144,61.371282779361934,86.33688344680142,220.39259836521617,False,-125,120
25,6,150,600000000,3600000000,hybrid,1000000,10k_to_10M,10000000,178.42680899198427,36.68094488436136,30.135495548367036,27.02756340568277,6.3213922517116385,6.3213922517116385,54.8930169530917,82.75399656159425,211.56947420975982,False,-125,120
25,6,150,600000000,3600000000,hybrid,1000000,10k_to_fout_over_2,300000000.0,178.65284260995813,36.72859585963431,30.174643551716983,27.062673999468963,34.64043879629701,34.64043879629701,59.04351058910577,82.88340876196571,218.32187465895962,False,-125,120
26,6,156,624000000,3744000000,hybrid,1000000,10k_to_10M,10000000,178.42680899198427,36.68094488436136,28.976438027276,25.988041736233434,6.3213922517116385,6.3213922517116385,52.78174707028049,79.57115053999448,209.5090236260813,False,-125,120
26,6,156,624000000,3744000000,hybrid,1000000,10k_to_fout_over_2,312000000.0,178.6528428268031,36.728595905298754,29.014080374262438,26.021801954919077,35.326477322257865,35.326477322257865,56.89443827843631,79.69558587672856,216.4926385803271,False,-125,120
27,6,162,648000000,3888000000,hybrid,1000000,10k_to_10M,10000000,178.42680899198427,36.68094488436136,27.903236618858372,25.02552167192849,6.3213922517116385,6.3213922517116385,50.82686754915899,76.62407089036505,207.65602312021485,False,-125,120
27,6,162,648000000,3888000000,hybrid,1000000,10k_to_fout_over_2,324000000.0,178.65284298521254,36.72859593864675,27.93948483021318,25.058031534895914,35.99944444015768,35.99944444015768,54.90422169811401,76.74389794835956,214.87290954396465,False,-125,120
28,4,112,672000000,2688000000,hybrid,1000000,10k_to_10M,10000000,178.42680899198427,36.68094488436136,40.36003868084872,36.19762956118228,6.3213922517116385,6.3213922517116385,73.51743341931926,110.8312453949923,232.14029586697959,False,-125,120
28,4,112,672000000,2688000000,hybrid,1000000,10k_to_fout_over_2,336000000.0,178.65284310079986,36.72859596298798,40.41246915619812,36.24465277985209,36.660060010861955,36.660060010861955,79.58377706267865,111.00456721563907,239.90869542836,False,-125,120
29,4,116,696000000,2784000000,hybrid,1000000,10k_to_10M,10000000,178.42680899198427,36.68094488436136,38.96831320909531,34.94943543838289,6.3213922517116385,6.3213922517116385,70.98234950830825,107.00947831240636,229.10925940893011,False,-125,120
29,4,116,696000000,2784000000,hybrid,1000000,10k_to_fout_over_2,348000000.0,178.6528431837544,36.72859598045121,39.01893575557107,34.994837183392605,37.30898015223679,37.30898015223679,77.0019941904498,107.17682397135368,237.0928991412786,False,-125,120
30,4,120,720000000,2880000000,hybrid,1000000,10k_to_10M,10000000,178.42680899198427,36.68094488436136,37.669369435458805,33.78445425710346,6.3213922517116385,6.3213922517116385,68.61627119136463,103.44249570199281,226.34144829670657,False,-125,120
30,4,120,720000000,2880000000,hybrid,1000000,10k_to_fout_over_2,360000000.0,178.65284324295268,36.728595992917754,37.718304576521184,33.828342622094986,37.946804872083746,37.946804872083746,74.5919174407713,103.60426355075592,234.54332862068875,False,-125,120
31,4,124,744000000,2976000000,hybrid,1000000,10k_to_10M,10000000,178.42680899198427,36.68094488436136,36.45422848592787,32.69463315203561,6.3213922517116385,6.3213922517116385,66.40284308841738,100.10564100192853,223.80765095669537,False,-125,120
31,4,124,744000000,2976000000,hybrid,1000000,10k_to_fout_over_2,372000000.0,178.6528432842274,36.72859600160658,36.50158508268787,32.73710577106228,38.57408456464001,38.57408456464001,72.33694131578353,100.26219085370542,232.23042862491195,False,-125,120
32,4,128,768000000,3072000000,hybrid,1000000,10k_to_10M,10000000,178.42680899198427,36.68094488436136,35.315033845742626,31.6729258660345,6.3213922517116385,6.3213922517116385,64.32775424190434,96.97733972061826,221.48256842968004,False,-125,120
32,4,128,768000000,3072000000,hybrid,1000000,10k_to_fout_over_2,384000000.0,178.65284331264147,36.728596007590426,35.36091055461488,31.714071220883476,39.19132557084538,39.19132557084538,70.22253278091033,97.12899766107792,230.1285962105676,False,-125,120
33,4,132,792000000,3168000000,hybrid,1000000,10k_to_10M,10000000,178.42680899198427,36.68094488436136,34.24488130496255,30.71314023373042,6.3213922517116385,6.3213922517116385,62.37842835578604,94.0386324563571,219.34420320965654,False,-125,120
33,4,132,792000000,3168000000,hybrid,1000000,10k_to_fout_over_2,396000000.0,178.65284333154324,36.728596011569344,34.28936781425033,30.753038762976153,39.79899496218464,39.79899496218464,68.23592186873577,94.18569493407952,228.21556585205963,False,-125,120
34,4,136,816000000,3264000000,hybrid,1000000,10k_to_10M,10000000,178.42680899198427,36.68094488436136,33.23767891364012,29.809812579797175,6.3213922517116385,6.3213922517116385,60.54376869826291,91.27279032528779,217.37335690519473,False,-125,120
34,4,136,816000000,3264000000,hybrid,1000000,10k_to_fout_over_2,408000000.0,178.6528433437989,36.72859601415042,33.280856998522935,29.84853762498619,40.397524676643215,40.397524676643215,66.36583819698679,91.41552763507431,226.4719011561669,False,-125,120
35,4,140,840000000,3360000000,hybrid,1000000,10k_to_10M,10000000,178.42680899198427,36.68094488436136,32.28803094467897,28.958103648945826,6.3213922517116385,6.3213922517116385,58.813946735455396,88.66499631599385,215.55321499855998,False,-125,120
35,4,140,840000000,3360000000,hybrid,1000000,10k_to_fout_over_2,420000000.0,178.65284335131255,36.728596015732,32.329975371385885,28.995722265520897,40.987315110897384,40.987315110897384,64.60230061341007,88.80365558883332,224.88057699697998,False,-125,120
36,4,144,864000000,3456000000,hybrid,1000000,10k_to_10M,10000000,178.42680899198427,36.68094488436136,31.391141196215667,28.153711880919552,6.3213922517116385,6.3213922517116385,57.180225992803855,86.20207975166068,213.86900177689606,False,-125,120
36,4,144,864000000,3456000000,hybrid,1000000,10k_to_fout_over_2,432000000.0,178.65284335567256,36.7285960166503,31.431920500744354,28.190285536627908,41.56873825364435,41.56873825364435,62.936435101482495,86.33688752674162,223.42663010597204,False,-125,120
37,4,148,888000000,3552000000,hybrid,1000000,10k_to_10M,10000000,178.42680899198427,36.68094488436136,30.542731974696324,27.39280074900281,6.3213922517116385,6.3213922517116385,55.63481447948484,83.8722938124266,212.30769214879854,False,-125,120
37,4,148,888000000,3552000000,hybrid,1000000,10k_to_fout_over_2,444000000.0,178.65284335793544,36.728596017126584,30.582409136255958,27.428385927885547,42.14214042974081,42.14214042974081,61.36032757799735,84.00345826358813,222.0968687513901,False,-125,120
38,4,152,912000000,3648000000,hybrid,1000000,10k_to_10M,10000000,178.42680899198427,36.68094488436136,29.738975870099054,26.671937571397475,6.3213922517116385,6.3213922517116385,54.17074041423525,81.66512818578381,210.85776984240684,False,-125,120
38,4,152,912000000,3648000000,hybrid,1000000,10k_to_fout_over_2,456000000.0,178.65284335894617,36.7285960173395,29.77760889600079,26.706586298359174,42.70784471265198,42.70784471265198,59.86689597913611,81.79284105385179,220.87962792152953,False,-125,120
39,4,156,936000000,3744000000,hybrid,1000000,10k_to_10M,10000000,178.42680899198427,36.68094488436136,28.976438027276,25.988041736233434,6.3213922517116385,6.3213922517116385,52.78174707028049,79.57115053999448,209.5090236260813,False,-125,120
39,4,156,936000000,3744000000,hybrid,1000000,10k_to_fout_over_2,468000000.0,178.65284335926367,36.728596017406296,29.014080462822765,26.021802034346013,43.26615305293497,43.26615305293497,58.449784690452056,79.69558881822114,219.76456370265987,False,-125,120
40,4,160,960000000,3840000000,hybrid,1000000,10k_to_10M,10000000,178.42680899198427,36.68094488436136,28.2520270765941,25.3383406928276,6.3213922517116385,6.3213922517116385,51.462203393523474,77.58187177649461,208.25237485833105,False,-125,120
40,4,160,960000000,3840000000,hybrid,1000000,10k_to_fout_over_2,480000000.0,178.65284335930357,36.728596017414695,28.28872845125866,25.371256983493158,43.817348162571335,43.817348162571335,57.103273171753145,77.70319918492028,218.74247876117946,False,-125,120
41,4,164,984000000,3936000000,hybrid,1000000,10k_to_10M,10000000,178.42680899198427,36.68094488436136,27.562953245457656,24.720332383246436,6.3213922517116385,6.3213922517116385,50.20702770099851,75.68963100145815,207.07973097608271,False,-125,120
41,4,164,984000000,3936000000,hybrid,1000000,10k_to_fout_over_2,492000000.0,178.65284335933538,36.72859601742141,27.598759464647642,24.75244583755883,44.361695188529396,44.361695188529396,55.822198845827494,75.80799928173558,217.805174281507,False,-125,120
9,14,126,216000000,3024000000,hybrid,1000000,10k_to_10M,10000000,29.737801498664044,36.68094488436136,35.8755899385322,32.17567072105093,6.3213922517116385,6.3213922517116385,110.0313668217344,98.5166625733265,162.6176951768056,True,-120,20
9,14,126,216000000,3024000000,hybrid,1000000,10k_to_fout_over_2,108000000.0,29.77545061573631,36.728566609320616,35.92216609632175,32.21744338929291,20.783647418102536,20.783647418102536,112.94138508567879,98.67059554028613,167.09127334928593,True,-120,20
10,12,120,240000000,2880000000,hybrid,1000000,10k_to_10M,10000000,29.737801498664044,36.68094488436136,37.669369435458805,33.78445425710346,6.3213922517116385,6.3213922517116385,115.53293516282112,103.44249570199281,170.05389828843187,True,-120,20
10,12,120,240000000,2880000000,hybrid,1000000,10k_to_fout_over_2,120000000.0,29.77545821175857,36.72857620772207,37.71828425818302,33.828324399226524,21.907989410258544,21.907989410258544,118.70777057275916,103.60416381026666,174.89387717752277,True,-120,20
11,12,132,264000000,3168000000,hybrid,1000000,10k_to_10M,10000000,29.737801498664044,36.68094488436136,34.24488130496255,30.71314023373042,6.3213922517116385,6.3213922517116385,105.02994105711011,94.0386324563571,155.8855681162086,True,-120,20
11,12,132,264000000,3168000000,hybrid,1000000,10k_to_fout_over_2,132000000.0,29.775463059202202,36.7285823301767,34.289355041469626,30.753027307477172,22.977380181387108,22.977380181387108,108.0209475905657,94.18562762997564,161.09765078524595,True,-120,20
12,10,120,288000000,2880000000,hybrid,1000000,10k_to_10M,10000000,29.737801498664044,36.68094488436136,37.669369435458805,33.78445425710346,6.3213922517116385,6.3213922517116385,115.53293516282112,103.44249570199281,170.05389828843187,True,-120,20
12,10,120,288000000,2880000000,hybrid,1000000,10k_to_fout_over_2,144000000.0,29.77546628219065,36.7285864026478,37.7182947278267,33.82833378911553,23.999166652198586,23.999166652198586,118.93524304049369,103.60420817229408,175.59594916651977,True,-120,20
13,10,130,312000000,3120000000,hybrid,1000000,10k_to_10M,10000000,29.737801498664044,36.68094488436136,34.7717256327312,31.18565008348012,6.3213922517116385,6.3213922517116385,106.64578630414255,95.48538064799337,158.0574195794418,True,-120,20
13,10,130,312000000,3120000000,hybrid,1000000,10k_to_fout_over_2,156000000.0,29.775468462586623,36.72858915662524,34.816890051705485,31.226156608270745,24.979191339993395,24.979191339993395,109.88776542832944,95.63466572771868,163.9880689339426,True,-120,20
14,8,112,336000000,2688000000,hybrid,1000000,10k_to_10M,10000000,29.737801498664044,36.68094488436136,40.36003868084872,36.19762956118228,6.3213922517116385,6.3213922517116385,123.7852876744512,110.8312453949923,181.26034333025888,True,-120,20
14,8,112,336000000,2688000000,hybrid,1000000,10k_to_fout_over_2,168000000.0,29.775469980497107,36.728591074572186,40.412463777474926,36.2446479558471,25.922191265400397,25.922191265400397,127.66396806590848,111.00453265966463,187.47379753505686,True,-120,20
15,8,120,360000000,2880000000,hybrid,1000000,10k_to_10M,10000000,29.737801498664044,36.68094488436136,37.669369435458805,33.78445425710346,6.3213922517116385,6.3213922517116385,115.53293516282112,103.44249570199281,170.05389828843187,True,-120,20
15,8,120,360000000,2880000000,hybrid,1000000,10k_to_fout_over_2,180000000.0,29.775471047262187,36.72859242198846,37.71830090936774,33.828339333142246,26.83207036365253,26.83207036365253,119.25947875527186,103.60423757610332,176.63288555537872,True,-120,20
16,8,128,384000000,3072000000,hybrid,1000000,10k_to_10M,10000000,29.737801498664044,36.68094488436136,35.315033845742626,31.6729258660345,6.3213922517116385,6.3213922517116385,108.3121267151448,96.97733972061826,160.30032943469126,True,-120,20
16,8,128,384000000,3072000000,hybrid,1000000,10k_to_fout_over_2,192000000.0,29.77547181272879,36.72859338917637,35.3609080337044,31.714068959959395,27.71209122386834,27.71209122386834,111.90438545317396,97.12897768359838,167.28506828314568,True,-120,20
17,8,136,408000000,3264000000,hybrid,1000000,10k_to_10M,10000000,29.737801498664044,36.68094488436136,33.23767891364012,29.809812579797175,6.3213922517116385,6.3213922517116385,101.94082514366568,91.27279032528779,151.7424491232685,True,-120,20
17,8,136,408000000,3264000000,hybrid,1000000,10k_to_fout_over_2,204000000.0,29.775472364320947,36.72859408589331,33.28085525127271,29.848536057933313,28.565013565549037,28.565013565549037,105.41367866495168,91.41551208874935,159.16933847078917,True,-120,20
18,8,144,432000000,3456000000,hybrid,1000000,10k_to_10M,10000000,29.737801498664044,36.68094488436136,31.391141196215667,28.153711880919552,6.3213922517116385,6.3213922517116385,96.27744596901758,86.20207975166068,144.18019610781104,True,-120,20
18,8,144,432000000,3456000000,hybrid,1000000,10k_to_fout_over_2,216000000.0,29.77547276797399,36.72859459591552,31.431919284895493,28.19028444617193,29.393196491705357,29.393196491705357,99.6434328626381,86.3368752117444,152.0822667526202,True,-120,20
19,6,114,456000000,2736000000,hybrid,1000000,10k_to_10M,10000000,29.737801498664044,36.68094488436136,39.65196782679874,35.56258342852997,6.3213922517116385,6.3213922517116385,121.61361596086435,108.88683758104507,178.30574705743393,True,-120,20
19,6,114,456000000,2736000000,hybrid,1000000,10k_to_fout_over_2,228000000.0,29.775473063480565,36.7285949691731,39.70347739493703,35.60878071493665,30.198675467642627,30.198675467642627,125.97331408247854,109.05710827145874,186.18960387538777,True,-120,20
20,6,120,480000000,2880000000,hybrid,1000000,10k_to_10M,10000000,29.737801498664044,36.68094488436136,37.669369435458805,33.78445425710346,6.3213922517116385,6.3213922517116385,115.53293516282112,103.44249570199281,170.05389828843187,True,-120,20
20,6,120,480000000,2880000000,hybrid,1000000,10k_to_fout_over_2,240000000.0,29.775473282291042,36.72859524564234,37.71830380910932,33.8283419338278,30.983221265710906,30.983221265710906,119.7765303897611,103.60425492517086,178.33332428051705,True,-120,20
21,6,126,504000000,3024000000,hybrid,1000000,10k_to_10M,10000000,29.737801498664044,36.68094488436136,35.8755899385322,32.17567072105093,6.3213922517116385,6.3213922517116385,110.0313668217344,98.5166625733265,162.6176951768056,True,-120,20
21,6,126,504000000,3024000000,hybrid,1000000,10k_to_fout_over_2,252000000.0,29.77547344386544,36.72859544972949,35.922194303519916,32.217468687427925,31.748385785737202,31.748385785737202,114.16937236521177,98.67072059977771,171.31962691024995,True,-120,20
22,6,132,528000000,3168000000,hybrid,1000000,10k_to_10M,10000000,29.737801498664044,36.68094488436136,34.24488130496255,30.71314023373042,6.3213922517116385,6.3213922517116385,105.02994105711011,94.0386324563571,155.8855681162086,True,-120,20
22,6,132,528000000,3168000000,hybrid,1000000,10k_to_fout_over_2,264000000.0,29.775473564149486,36.72859560170931,34.289367431610025,30.75303841979828,32.49553815526063,32.49553815526063,109.07150213909921,94.18568910421897,165.03495163955097,True,-120,20
23,6,138,552000000,3312000000,hybrid,1000000,10k_to_10M,10000000,29.737801498664044,36.68094488436136,32.75597342213809,29.377786310524755,6.3213922517116385,6.3213922517116385,100.46342188071402,89.94999626260245,149.7653419271184,True,-120,20
23,6,138,552000000,3312000000,hybrid,1000000,10k_to_fout_over_2,276000000.0,29.775473653190595,36.72859571417858,32.79852546980084,29.415949882927215,33.22589351695453,33.22589351695453,104.4165349575793,90.09066015222226,159.38528719466575,True,-120,20
24,6,144,576000000,3456000000,hybrid,1000000,10k_to_10M,10000000,29.737801498664044,36.68094488436136,31.391141196215667,28.153711880919552,6.3213922517116385,6.3213922517116385,96.27744596901758,86.20207975166068,144.18019610781104,True,-120,20
24,6,144,576000000,3456000000,hybrid,1000000,10k_to_fout_over_2,288000000.0,29.7754737194468,36.72859579789388,31.431920313535084,28.190285368725892,33.940536236188144,33.940536236188144,100.14914914021239,86.33688344680142,154.29211225815865,True,-120,20
25,6,150,600000000,3600000000,hybrid,1000000,10k_to_10M,10000000,29.737801498664044,36.68094488436136,30.135495548367036,27.02756340568277,6.3213922517116385,6.3213922517116385,92.42634813025688,82.75399656159425,139.06559461919093,True,-120,20
25,6,150,600000000,3600000000,hybrid,1000000,10k_to_fout_over_2,300000000.0,29.775473768326354,36.72859585963431,30.174643551716983,27.062673999468963,34.64043879629701,34.64043879629701,96.22286385930687,82.88340876196571,149.68929489684007,True,-120,20
26,6,156,624000000,3744000000,hybrid,1000000,10k_to_10M,10000000,29.737801498664044,36.68094488436136,28.976438027276,25.988041736233434,6.3213922517116385,6.3213922517116385,88.87148858678547,79.57115053999448,134.36692417223026,True,-120,20
26,6,156,624000000,3744000000,hybrid,1000000,10k_to_fout_over_2,312000000.0,29.775473804467183,36.728595905298754,29.014080374262438,26.021801954919077,35.326477322257865,35.326477322257865,92.59834780590006,79.69558587672856,145.52072037692048,True,-120,20
27,6,162,648000000,3888000000,hybrid,1000000,10k_to_10M,10000000,29.737801498664044,36.68094488436136,27.903236618858372,25.02552167192849,6.3213922517116385,6.3213922517116385,85.5799519724601,76.62407089036505,130.03765732957484,True,-120,20
27,6,162,648000000,3888000000,hybrid,1000000,10k_to_fout_over_2,324000000.0,29.77547383086876,36.72859593864675,27.93948483021318,25.058031534895914,35.99944444015768,35.99944444015768,89.24209116514088,76.74389794835956,141.73843891582206,True,-120,20
28,4,112,672000000,2688000000,hybrid,1000000,10k_to_10M,10000000,29.737801498664044,36.68094488436136,40.36003868084872,36.19762956118228,6.3213922517116385,6.3213922517116385,123.7852876744512,110.8312453949923,181.26034333025888,True,-120,20
28,4,112,672000000,2688000000,hybrid,1000000,10k_to_fout_over_2,336000000.0,29.77547385013331,36.72859596298798,40.41246915619812,36.24465277985209,36.660060010861955,36.660060010861955,129.18805381897263,111.00456721563907,192.0466045393935,True,-120,20
29,4,116,696000000,2784000000,hybrid,1000000,10k_to_10M,10000000,29.737801498664044,36.68094488436136,38.96831320909531,34.94943543838289,6.3213922517116385,6.3213922517116385,119.51682947878045,107.00947831240636,175.4566670285304,True,-120,20
29,4,116,696000000,2784000000,hybrid,1000000,10k_to_fout_over_2,348000000.0,29.77547386395907,36.72859598045121,39.01893575557107,34.994837183392605,37.30898015223679,37.30898015223679,124.83512551647742,107.17682397135368,186.64748790918478,True,-120,20
30,4,120,720000000,2880000000,hybrid,1000000,10k_to_10M,10000000,29.737801498664044,36.68094488436136,37.669369435458805,33.78445425710346,6.3213922517116385,6.3213922517116385,115.53293516282112,103.44249570199281,170.05389828843187,True,-120,20
30,4,120,720000000,2880000000,hybrid,1000000,10k_to_fout_over_2,360000000.0,29.775473873825447,36.728595992917754,37.718304576521184,33.828342622094986,37.946804872083746,37.946804872083746,120.77215395195572,103.60426355075592,181.66527590267845,True,-120,20
31,4,124,744000000,2976000000,hybrid,1000000,10k_to_10M,10000000,29.737801498664044,36.68094488436136,36.45422848592787,32.69463315203561,6.3213922517116385,6.3213922517116385,111.80606628660107,100.10564100192853,165.01313337405827,True,-120,20
31,4,124,744000000,2976000000,hybrid,1000000,10k_to_fout_over_2,372000000.0,29.775473880704567,36.72859600160658,36.50158508268787,32.73710577106228,38.57408456464001,38.57408456464001,116.97109482930733,100.26219085370542,177.06020545914836,True,-120,20
32,4,128,768000000,3072000000,hybrid,1000000,10k_to_10M,10000000,29.737801498664044,36.68094488436136,35.315033845742626,31.6729258660345,6.3213922517116385,6.3213922517116385,108.3121267151448,96.97733972061826,160.30032943469126,True,-120,20
32,4,128,768000000,3072000000,hybrid,1000000,10k_to_fout_over_2,384000000.0,29.775473885440245,36.728596007590426,35.36091055461488,31.714071220883476,39.19132557084538,39.19132557084538,113.4074061605683,97.12899766107792,172.79741571319823,True,-120,20
33,4,132,792000000,3168000000,hybrid,1000000,10k_to_10M,10000000,29.737801498664044,36.68094488436136,34.24488130496255,30.71314023373042,6.3213922517116385,6.3213922517116385,105.02994105711011,94.0386324563571,155.8855681162086,True,-120,20
33,4,132,792000000,3168000000,hybrid,1000000,10k_to_fout_over_2,396000000.0,29.77547388859054,36.728596011569344,34.28936781425033,30.753038762976153,39.79899496218464,39.79899496218464,110.05952068766032,94.18569493407952,168.8462080496399,True,-120,20
34,4,136,816000000,3264000000,hybrid,1000000,10k_to_10M,10000000,29.737801498664044,36.68094488436136,33.23767891364012,29.809812579797175,6.3213922517116385,6.3213922517116385,101.94082514366568,91.27279032528779,151.7424491232685,True,-120,20
34,4,136,816000000,3264000000,hybrid,1000000,10k_to_fout_over_2,408000000.0,29.77547389063315,36.72859601415042,33.280856998522935,29.84853762498619,40.397524676643215,40.397524676643215,106.90840592388322,91.41552763507431,165.17943334893,True,-120,20
35,4,140,840000000,3360000000,hybrid,1000000,10k_to_10M,10000000,29.737801498664044,36.68094488436136,32.28803094467897,28.958103648945826,6.3213922517116385,6.3213922517116385,99.02823013956095,88.66499631599385,147.84758774190462,True,-120,20
35,4,140,840000000,3360000000,hybrid,1000000,10k_to_fout_over_2,420000000.0,29.775473891885426,36.728596015732,32.329975371385885,28.995722265520897,40.987315110897384,40.987315110897384,103.93720458972557,88.80365558883332,161.77298776944633,True,-120,20
36,4,144,864000000,3456000000,hybrid,1000000,10k_to_10M,10000000,29.737801498664044,36.68094488436136,31.391141196215667,28.153711880919552,6.3213922517116385,6.3213922517116385,96.27744596901758,86.20207975166068,144.18019610781104,True,-120,20
36,4,144,864000000,3456000000,hybrid,1000000,10k_to_fout_over_2,432000000.0,29.775473892612094,36.7285960166503,31.431920500744354,28.190285536627908,41.56873825364435,41.56873825364435,101.13093068706428,86.33688752674162,158.60538996302324,True,-120,20
37,4,148,888000000,3552000000,hybrid,1000000,10k_to_10M,10000000,29.737801498664044,36.68094488436136,30.542731974696324,27.39280074900281,6.3213922517116385,6.3213922517116385,93.6753528347198,83.8722938124266,140.72173237635852,True,-120,20
37,4,148,888000000,3552000000,hybrid,1000000,10k_to_fout_over_2,444000000.0,29.77547389298924,36.728596017126584,30.582409136255958,27.428385927885547,42.14214042974081,42.14214042974081,98.4762182143872,84.00345826358813,155.65742920971596,True,-120,20
38,4,152,912000000,3648000000,hybrid,1000000,10k_to_10M,10000000,29.737801498664044,36.68094488436136,29.738975870099054,26.671937571397475,6.3213922517116385,6.3213922517116385,91.21021197064826,81.66512818578381,137.4556052859593,True,-120,20
38,4,152,912000000,3648000000,hybrid,1000000,10k_to_fout_over_2,456000000.0,29.775473893157695,36.7285960173395,29.77760889600079,26.706586298359174,42.70784471265198,42.70784471265198,95.96110706092743,81.79284105385179,152.911867656704,True,-120,20
39,4,156,936000000,3744000000,hybrid,1000000,10k_to_10M,10000000,29.737801498664044,36.68094488436136,28.976438027276,25.988041736233434,6.3213922517116385,6.3213922517116385,88.87148858678547,79.57115053999448,134.36692417223026,True,-120,20
39,4,156,936000000,3744000000,hybrid,1000000,10k_to_fout_over_2,468000000.0,29.775473893210613,36.728596017406296,29.014080462822765,26.021802034346013,43.26615305293497,43.26615305293497,93.57486350683114,79.69558881822114,150.35318957241307,True,-120,20
40,4,160,960000000,3840000000,hybrid,1000000,10k_to_10M,10000000,29.737801498664044,36.68094488436136,28.2520270765941,25.3383406928276,6.3213922517116385,6.3213922517116385,86.64970137211584,77.58187177649461,131.44228647892282,True,-120,20
40,4,160,960000000,3840000000,hybrid,1000000,10k_to_fout_over_2,480000000.0,29.77547389321726,36.728596017414695,28.28872845125866,25.371256983493158,43.817348162571335,43.817348162571335,91.30782660862847,77.70319918492028,147.96738766650697,True,-120,20
41,4,164,984000000,3936000000,hybrid,1000000,10k_to_10M,10000000,29.737801498664044,36.68094488436136,27.562953245457656,24.720332383246436,6.3213922517116385,6.3213922517116385,84.53629402157641,75.68963100145815,128.66959636360207,True,-120,20
41,4,164,984000000,3936000000,hybrid,1000000,10k_to_fout_over_2,492000000.0,29.77547389322256,36.72859601742141,27.598759464647642,24.75244583755883,44.361695188529396,44.361695188529396,89.15127761991381,75.80799928173558,145.7417811276788,True,-120,20
9,14,126,216000000,3024000000,hybrid,1000000,10k_to_10M,10000000,59.47560299732809,36.68094488436136,35.8755899385322,32.17567072105093,6.3213922517116385,6.3213922517116385,110.0313668217344,98.5166625733265,170.57996745965892,True,-120,40
9,14,126,216000000,3024000000,hybrid,1000000,10k_to_fout_over_2,108000000.0,59.55090123147262,36.728566609320616,35.92216609632175,32.21744338929291,20.783647418102536,20.783647418102536,112.94138508567879,98.67059554028613,174.8691682590051,True,-120,40
10,12,120,240000000,2880000000,hybrid,1000000,10k_to_10M,10000000,59.47560299732809,36.68094488436136,37.669369435458805,33.78445425710346,6.3213922517116385,6.3213922517116385,115.53293516282112,103.44249570199281,177.6832542391493,True,-120,40
10,12,120,240000000,2880000000,hybrid,1000000,10k_to_fout_over_2,120000000.0,59.55091642351714,36.72857620772207,37.71828425818302,33.828324399226524,21.907989410258544,21.907989410258544,118.70777057275916,103.60416381026666,182.33924977729552,True,-120,40
11,12,132,264000000,3168000000,hybrid,1000000,10k_to_10M,10000000,59.47560299732809,36.68094488436136,34.24488130496255,30.71314023373042,6.3213922517116385,6.3213922517116385,105.02994105711011,94.0386324563571,164.174665709527,True,-120,40
11,12,132,264000000,3168000000,hybrid,1000000,10k_to_fout_over_2,132000000.0,59.550926118404405,36.7285823301767,34.289355041469626,30.753027307477172,22.977380181387108,22.977380181387108,108.0209475905657,94.18562762997564,169.15137507479741,True,-120,40
12,10,120,288000000,2880000000,hybrid,1000000,10k_to_10M,10000000,59.47560299732809,36.68094488436136,37.669369435458805,33.78445425710346,6.3213922517116385,6.3213922517116385,115.53293516282112,103.44249570199281,177.6832542391493,True,-120,40
12,10,120,288000000,2880000000,hybrid,1000000,10k_to_fout_over_2,144000000.0,59.5509325643813,36.7285864026478,37.7182947278267,33.82833378911553,23.999166652198586,23.999166652198586,118.93524304049369,103.60420817229408,183.01276605924684,True,-120,40
13,10,130,312000000,3120000000,hybrid,1000000,10k_to_10M,10000000,59.47560299732809,36.68094488436136,34.7717256327312,31.18565008348012,6.3213922517116385,6.3213922517116385,106.64578630414255,95.48538064799337,166.23825792528493,True,-120,40
13,10,130,312000000,3120000000,hybrid,1000000,10k_to_fout_over_2,156000000.0,59.55093692517325,36.72858915662524,34.816890051705485,31.226156608270745,24.979191339993395,24.979191339993395,109.88776542832944,95.63466572771868,171.90643478120006,True,-120,40
14,8,112,336000000,2688000000,hybrid,1000000,10k_to_10M,10000000,59.47560299732809,36.68094488436136,40.36003868084872,36.19762956118228,6.3213922517116385,6.3213922517116385,123.7852876744512,110.8312453949923,188.43652134903456,True,-120,40
14,8,112,336000000,2688000000,hybrid,1000000,10k_to_fout_over_2,168000000.0,59.550939960994214,36.728591074572186,40.412463777474926,36.2446479558471,25.922191265400397,25.922191265400397,127.66396806590848,111.00453265966463,194.43806366011248,True,-120,40
15,8,120,360000000,2880000000,hybrid,1000000,10k_to_10M,10000000,59.47560299732809,36.68094488436136,37.669369435458805,33.78445425710346,6.3213922517116385,6.3213922517116385,115.53293516282112,103.44249570199281,177.6832542391493,True,-120,40
15,8,120,360000000,2880000000,hybrid,1000000,10k_to_fout_over_2,180000000.0,59.55094209452437,36.72859242198846,37.71830090936774,33.828339333142246,26.83207036365253,26.83207036365253,119.25947875527186,103.60423757610332,184.00791365557777,True,-120,40
16,8,128,384000000,3072000000,hybrid,1000000,10k_to_10M,10000000,59.47560299732809,36.68094488436136,35.315033845742626,31.6729258660345,6.3213922517116385,6.3213922517116385,108.3121267151448,96.97733972061826,168.37222493865306,True,-120,40
16,8,128,384000000,3072000000,hybrid,1000000,10k_to_fout_over_2,192000000.0,59.55094362545758,36.72859338917637,35.3609080337044,31.714068959959395,27.71209122386834,27.71209122386834,111.90438545317396,97.12897768359838,175.05436365743222,True,-120,40
17,8,136,408000000,3264000000,hybrid,1000000,10k_to_10M,10000000,59.47560299732809,36.68094488436136,33.23767891364012,29.809812579797175,6.3213922517116385,6.3213922517116385,101.94082514366568,91.27279032528779,160.24600269538573,True,-120,40
17,8,136,408000000,3264000000,hybrid,1000000,10k_to_fout_over_2,204000000.0,59.550944728641895,36.72859408589331,33.28085525127271,29.848536057933313,28.565013565549037,28.565013565549037,105.41367866495168,91.41551208874935,167.31591249126296,True,-120,40
18,8,144,432000000,3456000000,hybrid,1000000,10k_to_10M,10000000,59.47560299732809,36.68094488436136,31.391141196215667,28.153711880919552,6.3213922517116385,6.3213922517116385,96.27744596901758,86.20207975166068,153.10434175296496,True,-120,40
18,8,144,432000000,3456000000,hybrid,1000000,10k_to_fout_over_2,216000000.0,59.55094553594798,36.72859459591552,31.431919284895493,28.19028444617193,29.393196491705357,29.393196491705357,99.6434328626381,86.3368752117444,160.58876734156786,True,-120,40
19,6,114,456000000,2736000000,hybrid,1000000,10k_to_10M,10000000,59.47560299732809,36.68094488436136,39.65196782679874,35.56258342852997,6.3213922517116385,6.3213922517116385,121.61361596086435,108.88683758104507,185.59620132866797,True,-120,40
19,6,114,456000000,2736000000,hybrid,1000000,10k_to_fout_over_2,228000000.0,59.55094612696113,36.7285949691731,39.70347739493703,35.60878071493665,30.198675467642627,30.198675467642627,125.97331408247854,109.05710827145874,193.20016816694542,True,-120,40
20,6,120,480000000,2880000000,hybrid,1000000,10k_to_10M,10000000,59.47560299732809,36.68094488436136,37.669369435458805,33.78445425710346,6.3213922517116385,6.3213922517116385,115.53293516282112,103.44249570199281,177.6832542391493,True,-120,40
20,6,120,480000000,2880000000,hybrid,1000000,10k_to_fout_over_2,240000000.0,59.550946564582084,36.72859524564234,37.71830380910932,33.8283419338278,30.983221265710906,30.983221265710906,119.7765303897611,103.60425492517086,185.64081172116582,True,-120,40
21,6,126,504000000,3024000000,hybrid,1000000,10k_to_10M,10000000,59.47560299732809,36.68094488436136,35.8755899385322,32.17567072105093,6.3213922517116385,6.3213922517116385,110.0313668217344,98.5166625733265,170.57996745965892,True,-120,40
21,6,126,504000000,3024000000,hybrid,1000000,10k_to_fout_over_2,252000000.0,59.55094688773088,36.72859544972949,35.922194303519916,32.217468687427925,31.748385785737202,31.748385785737202,114.16937236521177,98.67072059977771,178.91380891671344,True,-120,40
22,6,132,528000000,3168000000,hybrid,1000000,10k_to_10M,10000000,59.47560299732809,36.68094488436136,34.24488130496255,30.71314023373042,6.3213922517116385,6.3213922517116385,105.02994105711011,94.0386324563571,164.174665709527,True,-120,40
22,6,132,528000000,3168000000,hybrid,1000000,10k_to_fout_over_2,264000000.0,59.55094712829897,36.72859560170931,34.289367431610025,30.75303841979828,32.49553815526063,32.49553815526063,109.07150213909921,94.18568910421897,172.90538378135312,True,-120,40
23,6,138,552000000,3312000000,hybrid,1000000,10k_to_10M,10000000,59.47560299732809,36.68094488436136,32.75597342213809,29.377786310524755,6.3213922517116385,6.3213922517116385,100.46342188071402,89.94999626260245,158.3750869185824,True,-120,40
23,6,138,552000000,3312000000,hybrid,1000000,10k_to_fout_over_2,276000000.0,59.55094730638119,36.72859571417858,32.79852546980084,29.415949882927215,33.22589351695453,33.22589351695453,104.4165349575793,90.09066015222226,167.5213606318359,True,-120,40
24,6,144,576000000,3456000000,hybrid,1000000,10k_to_10M,10000000,59.47560299732809,36.68094488436136,31.391141196215667,28.153711880919552,6.3213922517116385,6.3213922517116385,96.27744596901758,86.20207975166068,153.10434175296496,True,-120,40
24,6,144,576000000,3456000000,hybrid,1000000,10k_to_fout_over_2,288000000.0,59.5509474388936,36.72859579789388,31.431920313535084,28.190285368725892,33.940536236188144,33.940536236188144,100.14914914021239,86.33688344680142,162.68310425713125,True,-120,40
25,6,150,600000000,3600000000,hybrid,1000000,10k_to_10M,10000000,59.47560299732809,36.68094488436136,30.135495548367036,27.02756340568277,6.3213922517116385,6.3213922517116385,92.42634813025688,82.75399656159425,148.297842603023,True,-120,40
25,6,150,600000000,3600000000,hybrid,1000000,10k_to_fout_over_2,300000000.0,59.55094753665271,36.72859585963431,30.174643551716983,27.062673999468963,34.64043879629701,34.64043879629701,96.22286385930687,82.88340876196571,158.32441858758875,True,-120,40
26,6,156,624000000,3744000000,hybrid,1000000,10k_to_10M,10000000,59.47560299732809,36.68094488436136,28.976438027276,25.988041736233434,6.3213922517116385,6.3213922517116385,88.87148858678547,79.57115053999448,143.90094101647742,True,-120,40
26,6,156,624000000,3744000000,hybrid,1000000,10k_to_fout_over_2,312000000.0,59.550947608934365,36.728595905298754,29.014080374262438,26.021801954919077,35.326477322257865,35.326477322257865,92.59834780590006,79.69558587672856,154.3891724825916,True,-120,40
27,6,162,648000000,3888000000,hybrid,1000000,10k_to_10M,10000000,59.47560299732809,36.68094488436136,27.903236618858372,25.02552167192849,6.3213922517116385,6.3213922517116385,85.5799519724601,76.62407089036505,139.867089902113,True,-120,40
27,6,162,648000000,3888000000,hybrid,1000000,10k_to_fout_over_2,324000000.0,59.55094766173752,36.72859593864675,27.93948483021318,25.058031534895914,35.99944444015768,35.99944444015768,89.24209116514088,76.74389794835956,150.82944537407963,True,-120,40
28,4,112,672000000,2688000000,hybrid,1000000,10k_to_10M,10000000,59.47560299732809,36.68094488436136,40.36003868084872,36.19762956118228,6.3213922517116385,6.3213922517116385,123.7852876744512,110.8312453949923,188.43652134903456,True,-120,40
28,4,112,672000000,2688000000,hybrid,1000000,10k_to_fout_over_2,336000000.0,59.55094770026662,36.72859596298798,40.41246915619812,36.24465277985209,36.660060010861955,36.660060010861955,129.18805381897263,111.00456721563907,198.8507853746374,True,-120,40
29,4,116,696000000,2784000000,hybrid,1000000,10k_to_10M,10000000,59.47560299732809,36.68094488436136,38.96831320909531,34.94943543838289,6.3213922517116385,6.3213922517116385,119.51682947878045,107.00947831240636,182.86074624883938,True,-120,40
29,4,116,696000000,2784000000,hybrid,1000000,10k_to_fout_over_2,348000000.0,59.55094772791814,36.72859598045121,39.01893575557107,34.994837183392605,37.30898015223679,37.30898015223679,124.83512551647742,107.17682397135368,193.64147612089516,True,-120,40
30,4,120,720000000,2880000000,hybrid,1000000,10k_to_10M,10000000,59.47560299732809,36.68094488436136,37.669369435458805,33.78445425710346,6.3213922517116385,6.3213922517116385,115.53293516282112,103.44249570199281,177.6832542391493,True,-120,40
30,4,120,720000000,2880000000,hybrid,1000000,10k_to_fout_over_2,360000000.0,59.550947747650895,36.728595992917754,37.718304576521184,33.828342622094986,37.946804872083746,37.946804872083746,120.77215395195572,103.60426355075592,188.84387467436923,True,-120,40
31,4,124,744000000,2976000000,hybrid,1000000,10k_to_10M,10000000,59.47560299732809,36.68094488436136,36.45422848592787,32.69463315203561,6.3213922517116385,6.3213922517116385,111.80606628660107,100.10564100192853,172.8651055009269,True,-120,40
31,4,124,744000000,2976000000,hybrid,1000000,10k_to_fout_over_2,372000000.0,59.550947761409134,36.72859600160658,36.50158508268787,32.73710577106228,38.57408456464001,38.57408456464001,116.97109482930733,100.26219085370542,184.41814686114105,True,-120,40
32,4,128,768000000,3072000000,hybrid,1000000,10k_to_10M,10000000,59.47560299732809,36.68094488436136,35.315033845742626,31.6729258660345,6.3213922517116385,6.3213922517116385,108.3121267151448,96.97733972061826,168.37222493865306,True,-120,40
32,4,128,768000000,3072000000,hybrid,1000000,10k_to_fout_over_2,384000000.0,59.55094777088049,36.728596007590426,35.36091055461488,31.714071220883476,39.19132557084538,39.19132557084538,113.4074061605683,97.12899766107792,180.32937479087383,True,-120,40
33,4,132,792000000,3168000000,hybrid,1000000,10k_to_10M,10000000,59.47560299732809,36.68094488436136,34.24488130496255,30.71314023373042,6.3213922517116385,6.3213922517116385,105.02994105711011,94.0386324563571,164.174665709527,True,-120,40
33,4,132,792000000,3168000000,hybrid,1000000,10k_to_fout_over_2,396000000.0,59.55094777718108,36.728596011569344,34.28936781425033,30.753038762976153,39.79899496218464,39.79899496218464,110.05952068766032,94.18569493407952,176.54681676148311,True,-120,40
34,4,136,816000000,3264000000,hybrid,1000000,10k_to_10M,10000000,59.47560299732809,36.68094488436136,33.23767891364012,29.809812579797175,6.3213922517116385,6.3213922517116385,101.94082514366568,91.27279032528779,160.24600269538573,True,-120,40
34,4,136,816000000,3264000000,hybrid,1000000,10k_to_fout_over_2,408000000.0,59.5509477812663,36.72859601415042,33.280856998522935,29.84853762498619,40.397524676643215,40.397524676643215,106.90840592388322,91.41552763507431,173.04329440261168,True,-120,40
35,4,140,840000000,3360000000,hybrid,1000000,10k_to_10M,10000000,59.47560299732809,36.68094488436136,32.28803094467897,28.958103648945826,6.3213922517116385,6.3213922517116385,99.02823013956095,88.66499631599385,156.56282992786643,True,-120,40
35,4,140,840000000,3360000000,hybrid,1000000,10k_to_fout_over_2,420000000.0,59.55094778377085,36.728596015732,32.329975371385885,28.995722265520897,40.987315110897384,40.987315110897384,103.93720458972557,88.80365558883332,169.79468810393476,True,-120,40
36,4,144,864000000,3456000000,hybrid,1000000,10k_to_10M,10000000,59.47560299732809,36.68094488436136,31.391141196215667,28.153711880919552,6.3213922517116385,6.3213922517116385,96.27744596901758,86.20207975166068,153.10434175296496,True,-120,40
36,4,144,864000000,3456000000,hybrid,1000000,10k_to_fout_over_2,432000000.0,59.55094778522419,36.7285960166503,31.431920500744354,28.190285536627908,41.56873825364435,41.56873825364435,101.13093068706428,86.33688752674162,166.77951391556323,True,-120,40
37,4,148,888000000,3552000000,hybrid,1000000,10k_to_10M,10000000,59.47560299732809,36.68094488436136,30.542731974696324,27.39280074900281,6.3213922517116385,6.3213922517116385,93.6753528347198,83.8722938124266,149.85198189188327,True,-120,40
37,4,148,888000000,3552000000,hybrid,1000000,10k_to_fout_over_2,444000000.0,59.55094778597848,36.728596017126584,30.582409136255958,27.428385927885547,42.14214042974081,42.14214042974081,98.4762182143872,84.00345826358813,163.9785711757301,True,-120,40
38,4,152,912000000,3648000000,hybrid,1000000,10k_to_10M,10000000,59.47560299732809,36.68094488436136,29.738975870099054,26.671937571397475,6.3213922517116385,6.3213922517116385,91.21021197064826,81.66512818578381,146.78914789060968,True,-120,40
38,4,152,912000000,3648000000,hybrid,1000000,10k_to_fout_over_2,456000000.0,59.55094778631539,36.7285960173395,29.77760889600079,26.706586298359174,42.70784471265198,42.70784471265198,95.96110706092743,81.79284105385179,161.3746442504141,True,-120,40
39,4,156,936000000,3744000000,hybrid,1000000,10k_to_10M,10000000,59.47560299732809,36.68094488436136,28.976438027276,25.988041736233434,6.3213922517116385,6.3213922517116385,88.87148858678547,79.57115053999448,143.90094101647742,True,-120,40
39,4,156,936000000,3744000000,hybrid,1000000,10k_to_fout_over_2,468000000.0,59.550947786421226,36.728596017406296,29.014080462822765,26.021802034346013,43.26615305293497,43.26615305293497,93.57486350683114,79.69558881822114,158.95225116774466,True,-120,40
40,4,160,960000000,3840000000,hybrid,1000000,10k_to_10M,10000000,59.47560299732809,36.68094488436136,28.2520270765941,25.3383406928276,6.3213922517116385,6.3213922517116385,86.64970137211584,77.58187177649461,141.17395364842997,True,-120,40
40,4,160,960000000,3840000000,hybrid,1000000,10k_to_fout_over_2,480000000.0,59.55094778643452,36.728596017414695,28.28872845125866,25.371256983493158,43.817348162571335,43.817348162571335,91.30782660862847,77.70319918492028,156.69742930101742,True,-120,40
41,4,164,984000000,3936000000,hybrid,1000000,10k_to_10M,10000000,59.47560299732809,36.68094488436136,27.562953245457656,24.720332383246436,6.3213922517116385,6.3213922517116385,84.53629402157641,75.68963100145815,138.59608775969875,True,-120,40
41,4,164,984000000,3936000000,hybrid,1000000,10k_to_fout_over_2,492000000.0,59.55094778644512,36.72859601742141,27.598759464647642,24.75244583755883,44.361695188529396,44.361695188529396,89.15127761991381,75.80799928173558,154.59755270691113,True,-120,40
9,14,126,216000000,3024000000,hybrid,1000000,10k_to_10M,10000000,118.95120599465618,36.68094488436136,35.8755899385322,32.17567072105093,6.3213922517116385,6.3213922517116385,110.0313668217344,98.5166625733265,199.27259559263447,True,-120,80
9,14,126,216000000,3024000000,hybrid,1000000,10k_to_fout_over_2,108000000.0,119.10180246294524,36.728566609320616,35.92216609632175,32.21744338929291,20.783647418102536,20.783647418102536,112.94138508567879,98.67059554028613,203.02254928957538,False,-120,80
10,12,120,240000000,2880000000,hybrid,1000000,10k_to_10M,10000000,118.95120599465618,36.68094488436136,37.669369435458805,33.78445425710346,6.3213922517116385,6.3213922517116385,115.53293516282112,103.44249570199281,205.38593158418013,False,-120,80
10,12,120,240000000,2880000000,hybrid,1000000,10k_to_fout_over_2,120000000.0,119.10183284703427,36.72857620772207,37.71828425818302,33.828324399226524,21.907989410258544,21.907989410258544,118.70777057275916,103.60416381026666,209.49113811803383,False,-120,80
11,12,132,264000000,3168000000,hybrid,1000000,10k_to_10M,10000000,118.95120599465618,36.68094488436136,34.24488130496255,30.71314023373042,6.3213922517116385,6.3213922517116385,105.02994105711011,94.0386324563571,193.81786015876423,True,-120,80
11,12,132,264000000,3168000000,hybrid,1000000,10k_to_fout_over_2,132000000.0,119.10185223680881,36.7285823301767,34.289355041469626,30.753027307477172,22.977380181387108,22.977380181387108,108.0209475905657,94.18562762997564,198.11896954702186,True,-120,80
12,10,120,288000000,2880000000,hybrid,1000000,10k_to_10M,10000000,118.95120599465618,36.68094488436136,37.669369435458805,33.78445425710346,6.3213922517116385,6.3213922517116385,115.53293516282112,103.44249570199281,205.38593158418013,False,-120,80
12,10,120,288000000,2880000000,hybrid,1000000,10k_to_fout_over_2,144000000.0,119.1018651287626,36.7285864026478,37.7182947278267,33.82833378911553,23.999166652198586,23.999166652198586,118.93524304049369,103.60420817229408,210.0776362407933,False,-120,80
13,10,130,312000000,3120000000,hybrid,1000000,10k_to_10M,10000000,118.95120599465618,36.68094488436136,34.7717256327312,31.18565008348012,6.3213922517116385,6.3213922517116385,106.64578630414255,95.48538064799337,195.56891484517905,True,-120,80
13,10,130,312000000,3120000000,hybrid,1000000,10k_to_fout_over_2,156000000.0,119.1018738503465,36.72858915662524,34.816890051705485,31.226156608270745,24.979191339993395,24.979191339993395,109.88776542832944,95.63466572771868,200.47634420345176,False,-120,80
14,8,112,336000000,2688000000,hybrid,1000000,10k_to_10M,10000000,118.95120599465618,36.68094488436136,40.36003868084872,36.19762956118228,6.3213922517116385,6.3213922517116385,123.7852876744512,110.8312453949923,214.75652407741308,False,-120,80
14,8,112,336000000,2688000000,hybrid,1000000,10k_to_fout_over_2,168000000.0,119.10187992198843,36.728591074572186,40.412463777474926,36.2446479558471,25.922191265400397,25.922191265400397,127.66396806590848,111.00453265966463,220.10248510775102,False,-120,80
15,8,120,360000000,2880000000,hybrid,1000000,10k_to_10M,10000000,118.95120599465618,36.68094488436136,37.669369435458805,33.78445425710346,6.3213922517116385,6.3213922517116385,115.53293516282112,103.44249570199281,205.38593158418013,False,-120,80
15,8,120,360000000,2880000000,hybrid,1000000,10k_to_fout_over_2,180000000.0,119.10188418904875,36.72859242198846,37.71830090936774,33.828339333142246,26.83207036365253,26.83207036365253,119.25947875527186,103.60423757610332,210.9451502189959,False,-120,80
16,8,128,384000000,3072000000,hybrid,1000000,10k_to_10M,10000000,118.95120599465618,36.68094488436136,35.315033845742626,31.6729258660345,6.3213922517116385,6.3213922517116385,108.3121267151448,96.97733972061826,197.3860384791177,True,-120,80
16,8,128,384000000,3072000000,hybrid,1000000,10k_to_fout_over_2,192000000.0,119.10188725091515,36.72859338917637,35.3609080337044,31.714068959959395,27.71209122386834,27.71209122386834,111.90438545317396,97.12897768359838,203.18212248019216,False,-120,80
17,8,136,408000000,3264000000,hybrid,1000000,10k_to_10M,10000000,118.95120599465618,36.68094488436136,33.23767891364012,29.809812579797175,6.3213922517116385,6.3213922517116385,101.94082514366568,91.27279032528779,190.50150507420383,True,-120,80
17,8,136,408000000,3264000000,hybrid,1000000,10k_to_fout_over_2,204000000.0,119.10188945728379,36.72859408589331,33.28085525127271,29.848536057933313,28.565013565549037,28.565013565549037,105.41367866495168,91.41551208874935,196.5542154902948,True,-120,80
18,8,144,432000000,3456000000,hybrid,1000000,10k_to_10M,10000000,118.95120599465618,36.68094488436136,31.391141196215667,28.153711880919552,6.3213922517116385,6.3213922517116385,96.27744596901758,86.20207975166068,184.53449953679672,True,-120,80
18,8,144,432000000,3456000000,hybrid,1000000,10k_to_fout_over_2,216000000.0,119.10189107189596,36.72859459591552,31.431919284895493,28.19028444617193,29.393196491705357,29.393196491705357,99.6434328626381,86.3368752117444,190.86041375560447,True,-120,80
19,6,114,456000000,2736000000,hybrid,1000000,10k_to_10M,10000000,118.95120599465618,36.68094488436136,39.65196782679874,35.56258342852997,6.3213922517116385,6.3213922517116385,121.61361596086435,108.88683758104507,212.26867880900093,False,-120,80
19,6,114,456000000,2736000000,hybrid,1000000,10k_to_fout_over_2,228000000.0,119.10189225392226,36.7285949691731,39.70347739493703,35.60878071493665,30.198675467642627,30.198675467642627,125.97331408247854,109.05710827145874,219.0097041995735,False,-120,80
20,6,120,480000000,2880000000,hybrid,1000000,10k_to_10M,10000000,118.95120599465618,36.68094488436136,37.669369435458805,33.78445425710346,6.3213922517116385,6.3213922517116385,115.53293516282112,103.44249570199281,205.38593158418013,False,-120,80
20,6,120,480000000,2880000000,hybrid,1000000,10k_to_fout_over_2,240000000.0,119.10189312916417,36.72859524564234,37.71830380910932,33.8283419338278,30.983221265710906,30.983221265710906,119.7765303897611,103.60425492517086,212.37103542316328,False,-120,80
21,6,126,504000000,3024000000,hybrid,1000000,10k_to_10M,10000000,118.95120599465618,36.68094488436136,35.8755899385322,32.17567072105093,6.3213922517116385,6.3213922517116385,110.0313668217344,98.5166625733265,199.27259559263447,True,-120,80
21,6,126,504000000,3024000000,hybrid,1000000,10k_to_fout_over_2,252000000.0,119.10189377546176,36.72859544972949,35.922194303519916,32.217468687427925,31.748385785737202,31.748385785737202,114.16937236521177,98.67072059977771,206.51657765603778,False,-120,80
22,6,132,528000000,3168000000,hybrid,1000000,10k_to_10M,10000000,118.95120599465618,36.68094488436136,34.24488130496255,30.71314023373042,6.3213922517116385,6.3213922517116385,105.02994105711011,94.0386324563571,193.81786015876423,True,-120,80
22,6,132,528000000,3168000000,hybrid,1000000,10k_to_fout_over_2,264000000.0,119.10189425659794,36.72859560170931,34.289367431610025,30.75303841979828,32.49553815526063,32.49553815526063,109.07150213909921,94.18568910421897,201.3335979219797,False,-120,80
23,6,138,552000000,3312000000,hybrid,1000000,10k_to_10M,10000000,118.95120599465618,36.68094488436136,32.75597342213809,29.377786310524755,6.3213922517116385,6.3213922517116385,100.46342188071402,89.94999626260245,188.93043749527465,True,-120,80
23,6,138,552000000,3312000000,hybrid,1000000,10k_to_fout_over_2,276000000.0,119.10189461276238,36.72859571417858,32.79852546980084,29.415949882927215,33.22589351695453,33.22589351695453,104.4165349575793,90.09066015222226,196.7291342003105,True,-120,80
24,6,144,576000000,3456000000,hybrid,1000000,10k_to_10M,10000000,118.95120599465618,36.68094488436136,31.391141196215667,28.153711880919552,6.3213922517116385,6.3213922517116385,96.27744596901758,86.20207975166068,184.53449953679672,True,-120,80
24,6,144,576000000,3456000000,hybrid,1000000,10k_to_fout_over_2,288000000.0,119.1018948777872,36.72859579789388,31.431920313535084,28.190285368725892,33.940536236188144,33.940536236188144,100.14914914021239,86.33688344680142,192.62590280994465,True,-120,80
25,6,150,600000000,3600000000,hybrid,1000000,10k_to_10M,10000000,118.95120599465618,36.68094488436136,30.135495548367036,27.02756340568277,6.3213922517116385,6.3213922517116385,92.42634813025688,82.75399656159425,180.56658654468254,True,-120,80
25,6,150,600000000,3600000000,hybrid,1000000,10k_to_fout_over_2,300000000.0,119.10189507330541,36.72859585963431,30.174643551716983,27.062673999468963,34.64043879629701,34.64043879629701,96.22286385930687,82.88340876196571,188.95916907797172,True,-120,80
26,6,156,624000000,3744000000,hybrid,1000000,10k_to_10M,10000000,118.95120599465618,36.68094488436136,28.976438027276,25.988041736233434,6.3213922517116385,6.3213922517116385,88.87148858678547,79.57115053999448,176.97322645280292,True,-120,80
26,6,156,624000000,3744000000,hybrid,1000000,10k_to_fout_over_2,312000000.0,119.10189521786873,36.728595905298754,29.014080374262438,26.021801954919077,35.326477322257865,35.326477322257865,92.59834780590006,79.69558587672856,185.67434573259052,True,-120,80
27,6,162,648000000,3888000000,hybrid,1000000,10k_to_10M,10000000,118.95120599465618,36.68094488436136,27.903236618858372,25.02552167192849,6.3213922517116385,6.3213922517116385,85.5799519724601,76.62407089036505,173.70908120582845,True,-120,80
27,6,162,648000000,3888000000,hybrid,1000000,10k_to_fout_over_2,324000000.0,119.10189532347503,36.72859593864675,27.93948483021318,25.058031534895914,35.99944444015768,35.99944444015768,89.24209116514088,76.74389794835956,182.72511511580853,True,-120,80
28,4,112,672000000,2688000000,hybrid,1000000,10k_to_10M,10000000,118.95120599465618,36.68094488436136,40.36003868084872,36.19762956118228,6.3213922517116385,6.3213922517116385,123.7852876744512,110.8312453949923,214.75652407741308,False,-120,80
28,4,112,672000000,2688000000,hybrid,1000000,10k_to_fout_over_2,336000000.0,119.10189540053324,36.72859596298798,40.41246915619812,36.24465277985209,36.660060010861955,36.660060010861955,129.18805381897263,111.00456721563907,224.01022512401033,False,-120,80
29,4,116,696000000,2784000000,hybrid,1000000,10k_to_10M,10000000,118.95120599465618,36.68094488436136,38.96831320909531,34.94943543838289,6.3213922517116385,6.3213922517116385,119.51682947878045,107.00947831240636,209.88114392286357,False,-120,80
29,4,116,696000000,2784000000,hybrid,1000000,10k_to_fout_over_2,348000000.0,119.10189545583629,36.72859598045121,39.01893575557107,34.994837183392605,37.30898015223679,37.30898015223679,124.83512551647742,107.17682397135368,219.3991052856846,False,-120,80
30,4,120,720000000,2880000000,hybrid,1000000,10k_to_10M,10000000,118.95120599465618,36.68094488436136,37.669369435458805,33.78445425710346,6.3213922517116385,6.3213922517116385,115.53293516282112,103.44249570199281,205.38593158418013,False,-120,80
30,4,120,720000000,2880000000,hybrid,1000000,10k_to_fout_over_2,360000000.0,119.10189549530179,36.728595992917754,37.718304576521184,33.828342622094986,37.946804872083746,37.946804872083746,120.77215395195572,103.60426355075592,215.17656734635213,False,-120,80
31,4,124,744000000,2976000000,hybrid,1000000,10k_to_10M,10000000,118.95120599465618,36.68094488436136,36.45422848592787,32.69463315203561,6.3213922517116385,6.3213922517116385,111.80606628660107,100.10564100192853,201.2321712737154,False,-120,80
31,4,124,744000000,2976000000,hybrid,1000000,10k_to_fout_over_2,372000000.0,119.10189552281827,36.72859600160658,36.50158508268787,32.73710577106228,38.57408456464001,38.57408456464001,116.97109482930733,100.26219085370542,211.30309753892305,False,-120,80
32,4,128,768000000,3072000000,hybrid,1000000,10k_to_10M,10000000,118.95120599465618,36.68094488436136,35.315033845742626,31.6729258660345,6.3213922517116385,6.3213922517116385,108.3121267151448,96.97733972061826,197.3860384791177,True,-120,80
32,4,128,768000000,3072000000,hybrid,1000000,10k_to_fout_over_2,384000000.0,119.10189554176098,36.728596007590426,35.36091055461488,31.714071220883476,39.19132557084538,39.19132557084538,113.4074061605683,97.12899766107792,207.7441444510479,False,-120,80
33,4,132,792000000,3168000000,hybrid,1000000,10k_to_10M,10000000,118.95120599465618,36.68094488436136,34.24488130496255,30.71314023373042,6.3213922517116385,6.3213922517116385,105.02994105711011,94.0386324563571,193.81786015876423,True,-120,80
33,4,132,792000000,3168000000,hybrid,1000000,10k_to_fout_over_2,396000000.0,119.10189555436216,36.728596011569344,34.28936781425033,30.753038762976153,39.79899496218464,39.79899496218464,110.05952068766032,94.18569493407952,204.46937338411917,False,-120,80
34,4,136,816000000,3264000000,hybrid,1000000,10k_to_10M,10000000,118.95120599465618,36.68094488436136,33.23767891364012,29.809812579797175,6.3213922517116385,6.3213922517116385,101.94082514366568,91.27279032528779,190.50150507420383,True,-120,80
34,4,136,816000000,3264000000,hybrid,1000000,10k_to_fout_over_2,408000000.0,119.1018955625326,36.72859601415042,33.280856998522935,29.84853762498619,40.397524676643215,40.397524676643215,106.90840592388322,91.41552763507431,201.45204859382855,False,-120,80
35,4,140,840000000,3360000000,hybrid,1000000,10k_to_10M,10000000,118.95120599465618,36.68094488436136,32.28803094467897,28.958103648945826,6.3213922517116385,6.3213922517116385,99.02823013956095,88.66499631599385,187.4138782766884,True,-120,80
35,4,140,840000000,3360000000,hybrid,1000000,10k_to_fout_over_2,420000000.0,119.1018955675417,36.728596015732,32.329975371385885,28.995722265520897,40.987315110897384,40.987315110897384,103.93720458972557,88.80365558883332,198.66852356160675,True,-120,80
36,4,144,864000000,3456000000,hybrid,1000000,10k_to_10M,10000000,118.95120599465618,36.68094488436136,31.391141196215667,28.153711880919552,6.3213922517116385,6.3213922517116385,96.27744596901758,86.20207975166068,184.53449953679672,True,-120,80
36,4,144,864000000,3456000000,hybrid,1000000,10k_to_fout_over_2,432000000.0,119.10189557044838,36.7285960166503,31.431920500744354,28.190285536627908,41.56873825364435,41.56873825364435,101.13093068706428,86.33688752674162,196.09781336941788,True,-120,80
37,4,148,888000000,3552000000,hybrid,1000000,10k_to_10M,10000000,118.95120599465618,36.68094488436136,30.542731974696324,27.39280074900281,6.3213922517116385,6.3213922517116385,93.6753528347198,83.8722938124266,181.84514987376667,True,-120,80
37,4,148,888000000,3552000000,hybrid,1000000,10k_to_fout_over_2,444000000.0,119.10189557195696,36.728596017126584,30.582409136255958,27.428385927885547,42.14214042974081,42.14214042974081,98.4762182143872,84.00345826358813,193.72123773984873,True,-120,80
38,4,152,912000000,3648000000,hybrid,1000000,10k_to_10M,10000000,118.95120599465618,36.68094488436136,29.738975870099054,26.671937571397475,6.3213922517116385,6.3213922517116385,91.21021197064826,81.66512818578381,179.3295736741116,True,-120,80
38,4,152,912000000,3648000000,hybrid,1000000,10k_to_fout_over_2,456000000.0,119.10189557263078,36.7285960173395,29.77760889600079,26.706586298359174,42.70784471265198,42.70784471265198,95.96110706092743,81.79284105385179,191.52211870615125,True,-120,80
39,4,156,936000000,3744000000,hybrid,1000000,10k_to_10M,10000000,118.95120599465618,36.68094488436136,28.976438027276,25.988041736233434,6.3213922517116385,6.3213922517116385,88.87148858678547,79.57115053999448,176.97322645280292,True,-120,80
39,4,156,936000000,3744000000,hybrid,1000000,10k_to_fout_over_2,468000000.0,119.10189557284245,36.728596017406296,29.014080462822765,26.021802034346013,43.26615305293497,43.26615305293497,93.57486350683114,79.69558881822114,189.4855252996307,True,-120,80
40,4,160,960000000,3840000000,hybrid,1000000,10k_to_10M,10000000,118.95120599465618,36.68094488436136,28.2520270765941,25.3383406928276,6.3213922517116385,6.3213922517116385,86.64970137211584,77.58187177649461,174.76306029712458,True,-120,80
40,4,160,960000000,3840000000,hybrid,1000000,10k_to_fout_over_2,480000000.0,119.10189557286904,36.728596017414695,28.28872845125866,25.371256983493158,43.817348162571335,43.817348162571335,91.30782660862847,77.70319918492028,187.5980556837818,True,-120,80
41,4,164,984000000,3936000000,hybrid,1000000,10k_to_10M,10000000,118.95120599465618,36.68094488436136,27.562953245457656,24.720332383246436,6.3213922517116385,6.3213922517116385,84.53629402157641,75.68963100145815,172.6873405840204,True,-120,80
41,4,164,984000000,3936000000,hybrid,1000000,10k_to_fout_over_2,492000000.0,119.10189557289024,36.72859601742141,27.598759464647642,24.75244583755883,44.361695188529396,44.361695188529396,89.15127761991381,75.80799928173558,185.84765118170827,True,-120,80
9,14,126,216000000,3024000000,hybrid,1000000,10k_to_10M,10000000,178.42680899198427,36.68094488436136,35.8755899385322,32.17567072105093,6.3213922517116385,6.3213922517116385,110.0313668217344,98.5166625733265,239.57525772438302,False,-120,120
9,14,126,216000000,3024000000,hybrid,1000000,10k_to_fout_over_2,108000000.0,178.65270369441785,36.728566609320616,35.92216609632175,32.21744338929291,20.783647418102536,20.783647418102536,112.94138508567879,98.67059554028613,242.79560273497768,False,-120,120
10,12,120,240000000,2880000000,hybrid,1000000,10k_to_10M,10000000,178.42680899198427,36.68094488436136,37.669369435458805,33.78445425710346,6.3213922517116385,6.3213922517116385,115.53293516282112,103.44249570199281,244.68370941315328,False,-120,120
10,12,120,240000000,2880000000,hybrid,1000000,10k_to_fout_over_2,120000000.0,178.6527492705514,36.72857620772207,37.71828425818302,33.828324399226524,21.907989410258544,21.907989410258544,118.70777057275916,103.60416381026666,248.22992403091283,False,-120,120
11,12,132,264000000,3168000000,hybrid,1000000,10k_to_10M,10000000,178.42680899198427,36.68094488436136,34.24488130496255,30.71314023373042,6.3213922517116385,6.3213922517116385,105.02994105711011,94.0386324563571,235.05765181333962,False,-120,120
11,12,132,264000000,3168000000,hybrid,1000000,10k_to_fout_over_2,132000000.0,178.6527783552132,36.7285823301767,34.289355041469626,30.753027307477172,22.977380181387108,22.977380181387108,108.0209475905657,94.18562762997564,238.7104733818189,False,-120,120
12,10,120,288000000,2880000000,hybrid,1000000,10k_to_10M,10000000,178.42680899198427,36.68094488436136,37.669369435458805,33.78445425710346,6.3213922517116385,6.3213922517116385,115.53293516282112,103.44249570199281,244.68370941315328,False,-120,120
12,10,120,288000000,2880000000,hybrid,1000000,10k_to_fout_over_2,144000000.0,178.6527976931439,36.7285864026478,37.7182947278267,33.82833378911553,23.999166652198586,23.999166652198586,118.93524304049369,103.60420817229408,248.72511150858196,False,-120,120
13,10,130,312000000,3120000000,hybrid,1000000,10k_to_10M,10000000,178.42680899198427,36.68094488436136,34.7717256327312,31.18565008348012,6.3213922517116385,6.3213922517116385,106.64578630414255,95.48538064799337,236.5035670200342,False,-120,120
13,10,130,312000000,3120000000,hybrid,1000000,10k_to_fout_over_2,156000000.0,178.65281077551975,36.72858915662524,34.816890051705485,31.226156608270745,24.979191339993395,24.979191339993395,109.88776542832944,95.63466572771868,240.67059444084705,False,-120,120
14,8,112,336000000,2688000000,hybrid,1000000,10k_to_10M,10000000,178.42680899198427,36.68094488436136,40.36003868084872,36.19762956118228,6.3213922517116385,6.3213922517116385,123.7852876744512,110.8312453949923,252.60067575778854,False,-120,120
14,8,112,336000000,2688000000,hybrid,1000000,10k_to_fout_over_2,168000000.0,178.65281988298264,36.728591074572186,40.412463777474926,36.2446479558471,25.922191265400397,25.922191265400397,127.66396806590848,111.00453265966463,257.24827735438276,False,-120,120
15,8,120,360000000,2880000000,hybrid,1000000,10k_to_10M,10000000,178.42680899198427,36.68094488436136,37.669369435458805,33.78445425710346,6.3213922517116385,6.3213922517116385,115.53293516282112,103.44249570199281,244.68370941315328,False,-120,120
15,8,120,360000000,2880000000,hybrid,1000000,10k_to_fout_over_2,180000000.0,178.65282628357312,36.72859242198846,37.71830090936774,33.828339333142246,26.83207036365253,26.83207036365253,119.25947875527186,103.60423757610332,249.45827290880075,False,-120,120
16,8,128,384000000,3072000000,hybrid,1000000,10k_to_10M,10000000,178.42680899198427,36.68094488436136,35.315033845742626,31.6729258660345,6.3213922517116385,6.3213922517116385,108.3121267151448,96.97733972061826,238.00837158797302,False,-120,120
16,8,128,384000000,3072000000,hybrid,1000000,10k_to_fout_over_2,192000000.0,178.65283087637272,36.72859338917637,35.3609080337044,31.714068959959395,27.71209122386834,27.71209122386834,111.90438545317396,97.12897768359838,242.92910350340478,False,-120,120
17,8,136,408000000,3264000000,hybrid,1000000,10k_to_10M,10000000,178.42680899198427,36.68094488436136,33.23767891364012,29.809812579797175,6.3213922517116385,6.3213922517116385,101.94082514366568,91.27279032528779,232.33071298262706,False,-120,120
17,8,136,408000000,3264000000,hybrid,1000000,10k_to_fout_over_2,204000000.0,178.65283418592568,36.72859408589331,33.28085525127271,29.848536057933313,28.565013565549037,28.565013565549037,105.41367866495168,91.41551208874935,237.4134257310948,False,-120,120
18,8,144,432000000,3456000000,hybrid,1000000,10k_to_10M,10000000,178.42680899198427,36.68094488436136,31.391141196215667,28.153711880919552,6.3213922517116385,6.3213922517116385,96.27744596901758,86.20207975166068,227.4636636449324,False,-120,120
18,8,144,432000000,3456000000,hybrid,1000000,10k_to_fout_over_2,216000000.0,178.65283660784394,36.72859459591552,31.431919284895493,28.19028444617193,29.393196491705357,29.393196491705357,99.6434328626381,86.3368752117444,232.7214496132399,False,-120,120
19,6,114,456000000,2736000000,hybrid,1000000,10k_to_10M,10000000,178.42680899198427,36.68094488436136,39.65196782679874,35.56258342852997,6.3213922517116385,6.3213922517116385,121.61361596086435,108.88683758104507,250.48897932403673,False,-120,120
19,6,114,456000000,2736000000,hybrid,1000000,10k_to_fout_over_2,228000000.0,178.6528383808834,36.7285949691731,39.70347739493703,35.60878071493665,30.198675467642627,30.198675467642627,125.97331408247854,109.05710827145874,256.3139216988921,False,-120,120
20,6,120,480000000,2880000000,hybrid,1000000,10k_to_10M,10000000,178.42680899198427,36.68094488436136,37.669369435458805,33.78445425710346,6.3213922517116385,6.3213922517116385,115.53293516282112,103.44249570199281,244.68370941315328,False,-120,120
20,6,120,480000000,2880000000,hybrid,1000000,10k_to_fout_over_2,240000000.0,178.65283969374624,36.72859524564234,37.71830380910932,33.8283419338278,30.983221265710906,30.983221265710906,119.7765303897611,103.60425492517086,250.66518080977067,False,-120,120
21,6,126,504000000,3024000000,hybrid,1000000,10k_to_10M,10000000,178.42680899198427,36.68094488436136,35.8755899385322,32.17567072105093,6.3213922517116385,6.3213922517116385,110.0313668217344,98.5166625733265,239.57525772438302,False,-120,120
21,6,126,504000000,3024000000,hybrid,1000000,10k_to_fout_over_2,252000000.0,178.65284066319265,36.72859544972949,35.922194303519916,32.217468687427925,31.748385785737202,31.748385785737202,114.16937236521177,98.67072059977771,245.72479163260877,False,-120,120
22,6,132,528000000,3168000000,hybrid,1000000,10k_to_10M,10000000,178.42680899198427,36.68094488436136,34.24488130496255,30.71314023373042,6.3213922517116385,6.3213922517116385,105.02994105711011,94.0386324563571,235.05765181333962,False,-120,120
22,6,132,528000000,3168000000,hybrid,1000000,10k_to_fout_over_2,264000000.0,178.6528413848969,36.72859560170931,34.289367431610025,30.75303841979828,32.49553815526063,32.49553815526063,109.07150213909921,94.18568910421897,241.3851573141909,False,-120,120
23,6,138,552000000,3312000000,hybrid,1000000,10k_to_10M,10000000,178.42680899198427,36.68094488436136,32.75597342213809,29.377786310524755,6.3213922517116385,6.3213922517116385,100.46342188071402,89.94999626260245,231.04425327550302,False,-120,120
23,6,138,552000000,3312000000,hybrid,1000000,10k_to_fout_over_2,276000000.0,178.65284191914358,36.72859571417858,32.79852546980084,29.415949882927215,33.22589351695453,33.22589351695453,104.4165349575793,90.09066015222226,237.5582641556398,False,-120,120
24,6,144,576000000,3456000000,hybrid,1000000,10k_to_10M,10000000,178.42680899198427,36.68094488436136,31.391141196215667,28.153711880919552,6.3213922517116385,6.3213922517116385,96.27744596901758,86.20207975166068,227.4636636449324,False,-120,120
24,6,144,576000000,3456000000,hybrid,1000000,10k_to_fout_over_2,288000000.0,178.65284231668082,36.72859579789388,31.431920313535084,28.190285368725892,33.940536236188144,33.940536236188144,100.14914914021239,86.33688344680142,234.1715506582633,False,-120,120
25,6,150,600000000,3600000000,hybrid,1000000,10k_to_10M,10000000,178.42680899198427,36.68094488436136,30.135495548367036,27.02756340568277,6.3213922517116385,6.3213922517116385,92.42634813025688,82.75399656159425,224.25661402927952,False,-120,120
25,6,150,600000000,3600000000,hybrid,1000000,10k_to_fout_over_2,300000000.0,178.65284260995813,36.72859585963431,30.174643551716983,27.062673999468963,34.64043879629701,34.64043879629701,96.22286385930687,82.88340876196571,231.16475583705082,False,-120,120
26,6,156,624000000,3744000000,hybrid,1000000,10k_to_10M,10000000,178.42680899198427,36.68094488436136,28.976438027276,25.988041736233434,6.3213922517116385,6.3213922517116385,88.87148858678547,79.57115053999448,221.3735748471212,False,-120,120
26,6,156,624000000,3744000000,hybrid,1000000,10k_to_fout_over_2,312000000.0,178.6528428268031,36.728595905298754,29.014080374262438,26.021801954919077,35.326477322257865,35.326477322257865,92.59834780590006,79.69558587672856,228.4875039664878,False,-120,120
27,6,162,648000000,3888000000,hybrid,1000000,10k_to_10M,10000000,178.42680899198427,36.68094488436136,27.903236618858372,25.02552167192849,6.3213922517116385,6.3213922517116385,85.5799519724601,76.62407089036505,218.77289972218227,False,-120,120
27,6,162,648000000,3888000000,hybrid,1000000,10k_to_fout_over_2,324000000.0,178.65284298521254,36.72859593864675,27.93948483021318,25.058031534895914,35.99944444015768,35.99944444015768,89.24209116514088,76.74389794835956,226.09742265479383,False,-120,120
28,4,112,672000000,2688000000,hybrid,1000000,10k_to_10M,10000000,178.42680899198427,36.68094488436136,40.36003868084872,36.19762956118228,6.3213922517116385,6.3213922517116385,123.7852876744512,110.8312453949923,252.60067575778854,False,-120,120
28,4,112,672000000,2688000000,hybrid,1000000,10k_to_fout_over_2,336000000.0,178.65284310079986,36.72859596298798,40.41246915619812,36.24465277985209,36.660060010861955,36.660060010861955,129.18805381897263,111.00456721563907,260.5996120874113,False,-120,120
29,4,116,696000000,2784000000,hybrid,1000000,10k_to_10M,10000000,178.42680899198427,36.68094488436136,38.96831320909531,34.94943543838289,6.3213922517116385,6.3213922517116385,119.51682947878045,107.00947831240636,248.46897459008574,False,-120,120
29,4,116,696000000,2784000000,hybrid,1000000,10k_to_fout_over_2,348000000.0,178.6528431837544,36.72859598045121,39.01893575557107,34.994837183392605,37.30898015223679,37.30898015223679,124.83512551647742,107.17682397135368,256.6467305005562,False,-120,120
30,4,120,720000000,2880000000,hybrid,1000000,10k_to_10M,10000000,178.42680899198427,36.68094488436136,37.669369435458805,33.78445425710346,6.3213922517116385,6.3213922517116385,115.53293516282112,103.44249570199281,244.68370941315328,False,-120,120
30,4,120,720000000,2880000000,hybrid,1000000,10k_to_fout_over_2,360000000.0,178.65284324295268,36.728595992917754,37.718304576521184,33.828342622094986,37.946804872083746,37.946804872083746,120.77215395195572,103.60426355075592,253.04650170112302,False,-120,120
31,4,124,744000000,2976000000,hybrid,1000000,10k_to_10M,10000000,178.42680899198427,36.68094488436136,36.45422848592787,32.69463315203561,6.3213922517116385,6.3213922517116385,111.80606628660107,100.10564100192853,241.20763568969545,False,-120,120
31,4,124,744000000,2976000000,hybrid,1000000,10k_to_fout_over_2,372000000.0,178.6528432842274,36.72859600160658,36.50158508268787,32.73710577106228,38.57408456464001,38.57408456464001,116.97109482930733,100.26219085370542,249.76103764589467,False,-120,120
32,4,128,768000000,3072000000,hybrid,1000000,10k_to_10M,10000000,178.42680899198427,36.68094488436136,35.315033845742626,31.6729258660345,6.3213922517116385,6.3213922517116385,108.3121267151448,96.97733972061826,238.00837158797302,False,-120,120
32,4,128,768000000,3072000000,hybrid,1000000,10k_to_fout_over_2,384000000.0,178.65284331264147,36.728596007590426,35.36091055461488,31.714071220883476,39.19132557084538,39.19132557084538,113.4074061605683,97.12899766107792,246.75738379174905,False,-120,120
33,4,132,792000000,3168000000,hybrid,1000000,10k_to_10M,10000000,178.42680899198427,36.68094488436136,34.24488130496255,30.71314023373042,6.3213922517116385,6.3213922517116385,105.02994105711011,94.0386324563571,235.05765181333962,False,-120,120
33,4,132,792000000,3168000000,hybrid,1000000,10k_to_fout_over_2,396000000.0,178.65284333154324,36.728596011569344,34.28936781425033,30.753038762976153,39.79899496218464,39.79899496218464,110.05952068766032,94.18569493407952,244.0067653937019,False,-120,120
34,4,136,816000000,3264000000,hybrid,1000000,10k_to_10M,10000000,178.42680899198427,36.68094488436136,33.23767891364012,29.809812579797175,6.3213922517116385,6.3213922517116385,101.94082514366568,91.27279032528779,232.33071298262706,False,-120,120
34,4,136,816000000,3264000000,hybrid,1000000,10k_to_fout_over_2,408000000.0,178.6528433437989,36.72859601415042,33.280856998522935,29.84853762498619,40.397524676643215,40.397524676643215,106.90840592388322,91.41552763507431,241.48396383794469,False,-120,120
35,4,140,840000000,3360000000,hybrid,1000000,10k_to_10M,10000000,178.42680899198427,36.68094488436136,32.28803094467897,28.958103648945826,6.3213922517116385,6.3213922517116385,99.02823013956095,88.66499631599385,229.80578437060345,False,-120,120
35,4,140,840000000,3360000000,hybrid,1000000,10k_to_fout_over_2,420000000.0,178.65284335131255,36.728596015732,32.329975371385885,28.995722265520897,40.987315110897384,40.987315110897384,103.93720458972557,88.80365558883332,239.16680196857527,False,-120,120
36,4,144,864000000,3456000000,hybrid,1000000,10k_to_10M,10000000,178.42680899198427,36.68094488436136,31.391141196215667,28.153711880919552,6.3213922517116385,6.3213922517116385,96.27744596901758,86.20207975166068,227.4636636449324,False,-120,120
36,4,144,864000000,3456000000,hybrid,1000000,10k_to_fout_over_2,432000000.0,178.65284335567256,36.7285960166503,31.431920500744354,28.190285536627908,41.56873825364435,41.56873825364435,101.13093068706428,86.33688752674162,237.03571317179092,False,-120,120
37,4,148,888000000,3552000000,hybrid,1000000,10k_to_10M,10000000,178.42680899198427,36.68094488436136,30.542731974696324,27.39280074900281,6.3213922517116385,6.3213922517116385,93.6753528347198,83.8722938124266,225.28736158979618,False,-120,120
37,4,148,888000000,3552000000,hybrid,1000000,10k_to_fout_over_2,444000000.0,178.65284335793544,36.728596017126584,30.582409136255958,27.428385927885547,42.14214042974081,42.14214042974081,98.4762182143872,84.00345826358813,235.07338186723877,False,-120,120
38,4,152,912000000,3648000000,hybrid,1000000,10k_to_10M,10000000,178.42680899198427,36.68094488436136,29.738975870099054,26.671937571397475,6.3213922517116385,6.3213922517116385,91.21021197064826,81.66512818578381,223.2618031675314,False,-120,120
38,4,152,912000000,3648000000,hybrid,1000000,10k_to_fout_over_2,456000000.0,178.65284335894617,36.7285960173395,29.77760889600079,26.706586298359174,42.70784471265198,42.70784471265198,95.96110706092743,81.79284105385179,233.26443977798115,False,-120,120
39,4,156,936000000,3744000000,hybrid,1000000,10k_to_10M,10000000,178.42680899198427,36.68094488436136,28.976438027276,25.988041736233434,6.3213922517116385,6.3213922517116385,88.87148858678547,79.57115053999448,221.3735748471212,False,-120,120
39,4,156,936000000,3744000000,hybrid,1000000,10k_to_fout_over_2,468000000.0,178.65284335926367,36.728596017406296,29.014080462822765,26.021802034346013,43.26615305293497,43.26615305293497,93.57486350683114,79.69558881822114,231.59520981527731,False,-120,120
40,4,160,960000000,3840000000,hybrid,1000000,10k_to_10M,10000000,178.42680899198427,36.68094488436136,28.2520270765941,25.3383406928276,6.3213922517116385,6.3213922517116385,86.64970137211584,77.58187177649461,219.61071013021044,False,-120,120
40,4,160,960000000,3840000000,hybrid,1000000,10k_to_fout_over_2,480000000.0,178.65284335930357,36.728596017414695,28.28872845125866,25.371256983493158,43.817348162571335,43.817348162571335,91.30782660862847,77.70319918492028,230.05348814492805,False,-120,120
41,4,164,984000000,3936000000,hybrid,1000000,10k_to_10M,10000000,178.42680899198427,36.68094488436136,27.562953245457656,24.720332383246436,6.3213922517116385,6.3213922517116385,84.53629402157641,75.68963100145815,217.9625067699956,False,-120,120
41,4,164,984000000,3936000000,hybrid,1000000,10k_to_fout_over_2,492000000.0,178.65284335933538,36.72859601742141,27.598759464647642,24.75244583755883,44.361695188529396,44.361695188529396,89.15127761991381,75.80799928173558,228.62835861081948,False,-120,120
9,14,126,216000000,3024000000,hybrid,1000000,10k_to_10M,10000000,29.737801498664044,36.68094488436136,35.8755899385322,32.17567072105093,6.3213922517116385,6.3213922517116385,192.06216696331177,98.5166625733265,226.33048641002924,False,-115,20
9,14,126,216000000,3024000000,hybrid,1000000,10k_to_fout_over_2,108000000.0,29.77545061573631,36.728566609320616,35.92216609632175,32.21744338929291,20.783647418102536,20.783647418102536,196.37371047990882,98.67059554028613,231.78949788992006,False,-115,20
10,12,120,240000000,2880000000,hybrid,1000000,10k_to_10M,10000000,29.737801498664044,36.68094488436136,37.669369435458805,33.78445425710346,6.3213922517116385,6.3213922517116385,201.66527531147736,103.44249570199281,237.14837651185738,False,-115,20
10,12,120,240000000,2880000000,hybrid,1000000,10k_to_fout_over_2,120000000.0,29.77545821175857,36.72857620772207,37.71828425818302,33.828324399226524,21.907989410258544,21.907989410258544,206.2880065370037,103.60416381026666,243.00426975846017,False,-115,20
11,12,132,264000000,3168000000,hybrid,1000000,10k_to_10M,10000000,29.737801498664044,36.68094488436136,34.24488130496255,30.71314023373042,6.3213922517116385,6.3213922517116385,183.33206846497944,94.0386324563571,216.5171336317313,False,-115,20
11,12,132,264000000,3168000000,hybrid,1000000,10k_to_fout_over_2,132000000.0,29.775463059202202,36.7285823301767,34.289355041469626,30.753027307477172,22.977380181387108,22.977380181387108,187.6149218024886,94.18562762997564,222.44839143746404,False,-115,20
12,10,120,288000000,2880000000,hybrid,1000000,10k_to_10M,10000000,29.737801498664044,36.68094488436136,37.669369435458805,33.78445425710346,6.3213922517116385,6.3213922517116385,201.66527531147736,103.44249570199281,237.14837651185738,False,-115,20
12,10,120,288000000,2880000000,hybrid,1000000,10k_to_fout_over_2,144000000.0,29.77546628219065,36.7285864026478,37.7182947278267,33.82833378911553,23.999166652198586,23.999166652198586,206.45940094844985,103.60420817229408,243.54430719395282,False,-115,20
13,10,130,312000000,3120000000,hybrid,1000000,10k_to_10M,10000000,29.737801498664044,36.68094488436136,34.7717256327312,31.18565008348012,6.3213922517116385,6.3213922517116385,186.15256182597906,95.48538064799337,219.68523032297333,False,-115,20
13,10,130,312000000,3120000000,hybrid,1000000,10k_to_fout_over_2,156000000.0,29.775468462586623,36.72858915662524,34.816890051705485,31.226156608270745,24.979191339993395,24.979191339993395,190.65067268064143,95.63466572771868,226.19558960208096,False,-115,20
14,8,112,336000000,2688000000,hybrid,1000000,10k_to_10M,10000000,29.737801498664044,36.68094488436136,40.36003868084872,36.19762956118228,6.3213922517116385,6.3213922517116385,216.06993783372576,110.8312453949923,253.4141524363365,False,-115,20
14,8,112,336000000,2688000000,hybrid,1000000,10k_to_fout_over_2,168000000.0,29.775469980497107,36.728591074572186,40.412463777474926,36.2446479558471,25.922191265400397,25.922191265400397,221.3719095071619,111.00453265966463,260.4877316472491,False,-115,20
15,8,120,360000000,2880000000,hybrid,1000000,10k_to_10M,10000000,29.737801498664044,36.68094488436136,37.669369435458805,33.78445425710346,6.3213922517116385,6.3213922517116385,201.66527531147736,103.44249570199281,237.14837651185738,False,-115,20
15,8,120,360000000,2880000000,hybrid,1000000,10k_to_fout_over_2,180000000.0,29.775471047262187,36.72859242198846,37.71830090936774,33.828339333142246,26.83207036365253,26.83207036365253,206.68671593807935,103.60423757610332,244.32714039154283,False,-115,20
16,8,128,384000000,3072000000,hybrid,1000000,10k_to_10M,10000000,29.737801498664044,36.68094488436136,35.315033845742626,31.6729258660345,6.3213922517116385,6.3213922517116385,189.06119560451003,96.97733972061826,222.95473645276022,False,-115,20
16,8,128,384000000,3072000000,hybrid,1000000,10k_to_fout_over_2,192000000.0,29.77547181272879,36.72859338917637,35.3609080337044,31.714068959959395,27.71209122386834,27.71209122386834,193.83517536663575,97.12897768359838,230.2906376652308,False,-115,20
17,8,136,408000000,3264000000,hybrid,1000000,10k_to_10M,10000000,29.737801498664044,36.68094488436136,33.23767891364012,29.809812579797175,6.3213922517116385,6.3213922517116385,177.9399488042447,91.27279032528779,210.4672525962496,False,-115,20
17,8,136,408000000,3264000000,hybrid,1000000,10k_to_fout_over_2,204000000.0,29.775472364320947,36.72859408589331,33.28085525127271,29.848536057933313,28.565013565549037,28.565013565549037,182.49402922957964,91.41551208874935,218.0066635770513,False,-115,20
18,8,144,432000000,3456000000,hybrid,1000000,10k_to_10M,10000000,29.737801498664044,36.68094488436136,31.391141196215667,28.153711880919552,6.3213922517116385,6.3213922517116385,168.05439609289778,86.20207975166068,199.40125975910564,True,-115,20
18,8,144,432000000,3456000000,hybrid,1000000,10k_to_fout_over_2,216000000.0,29.77547276797399,36.72859459591552,31.431919284895493,28.19028444617193,29.393196491705357,29.393196491705357,172.41179052965106,86.3368752117444,207.18597361212542,False,-115,20
19,6,114,456000000,2736000000,hybrid,1000000,10k_to_10M,10000000,29.737801498664044,36.68094488436136,39.65196782679874,35.56258342852997,6.3213922517116385,6.3213922517116385,212.2792371699762,108.88683758104507,249.12956946155552,False,-115,20
19,6,114,456000000,2736000000,hybrid,1000000,10k_to_fout_over_2,228000000.0,29.775473063480565,36.7285949691731,39.70347739493703,35.60878071493665,30.198675467642627,30.198675467642627,217.85314931434334,109.05710827145874,257.4049094258472,False,-115,20
20,6,120,480000000,2880000000,hybrid,1000000,10k_to_10M,10000000,29.737801498664044,36.68094488436136,37.669369435458805,33.78445425710346,6.3213922517116385,6.3213922517116385,201.66527531147736,103.44249570199281,237.14837651185738,False,-115,20
20,6,120,480000000,2880000000,hybrid,1000000,10k_to_fout_over_2,240000000.0,29.775473282291042,36.72859524564234,37.71830380910932,33.8283419338278,30.983221265710906,30.983221265710906,207.02578359833254,103.60425492517086,245.59322545875386,False,-115,20
21,6,126,504000000,3024000000,hybrid,1000000,10k_to_10M,10000000,29.737801498664044,36.68094488436136,35.8755899385322,32.17567072105093,6.3213922517116385,6.3213922517116385,192.06216696331177,98.5166625733265,226.33048641002924,False,-115,20
21,6,126,504000000,3024000000,hybrid,1000000,10k_to_fout_over_2,252000000.0,29.77547344386544,36.72859544972949,35.922194303519916,32.217468687427925,31.748385785737202,31.748385785737202,197.22873166390136,98.67072059977771,234.97859811513064,False,-115,20
22,6,132,528000000,3168000000,hybrid,1000000,10k_to_10M,10000000,29.737801498664044,36.68094488436136,34.24488130496255,30.71314023373042,6.3213922517116385,6.3213922517116385,183.33206846497944,94.0386324563571,216.5171336317313,False,-115,20
22,6,132,528000000,3168000000,hybrid,1000000,10k_to_fout_over_2,264000000.0,29.775473564149486,36.72859560170931,34.289367431610025,30.75303841979828,32.49553815526063,32.49553815526063,188.32160948725257,94.18568910421897,225.3995813741868,False,-115,20
23,6,138,552000000,3312000000,hybrid,1000000,10k_to_10M,10000000,29.737801498664044,36.68094488436136,32.75597342213809,29.377786310524755,6.3213922517116385,6.3213922517116385,175.36110896650206,89.94999626260245,207.5771592553617,False,-115,20
23,6,138,552000000,3312000000,hybrid,1000000,10k_to_fout_over_2,276000000.0,29.775473653190595,36.72859571417858,32.79852546980084,29.415949882927215,33.22589351695453,33.22589351695453,180.18842392784495,90.09066015222226,216.72269174957077,False,-115,20
24,6,144,576000000,3456000000,hybrid,1000000,10k_to_10M,10000000,29.737801498664044,36.68094488436136,31.391141196215667,28.153711880919552,6.3213922517116385,6.3213922517116385,168.05439609289778,86.20207975166068,199.40125975910564,True,-115,20
24,6,144,576000000,3456000000,hybrid,1000000,10k_to_fout_over_2,288000000.0,29.7754737194468,36.72859579789388,31.431920313535084,28.190285368725892,33.940536236188144,33.940536236188144,172.7325042281025,86.33688344680142,208.8365912585416,False,-115,20
25,6,150,600000000,3600000000,hybrid,1000000,10k_to_10M,10000000,29.737801498664044,36.68094488436136,30.135495548367036,27.02756340568277,6.3213922517116385,6.3213922517116385,161.3322202491819,82.75399656159425,191.8976161098002,True,-115,20
25,6,150,600000000,3600000000,hybrid,1000000,10k_to_fout_over_2,300000000.0,29.775473768326354,36.72859585963431,30.174643551716983,27.062673999468963,34.64043879629701,34.64043879629701,165.87263332904843,82.88340876196571,201.6476530112349,False,-115,20
26,6,156,624000000,3744000000,hybrid,1000000,10k_to_10M,10000000,29.737801498664044,36.68094488436136,28.976438027276,25.988041736233434,6.3213922517116385,6.3213922517116385,155.1271348549826,79.57115053999448,184.98853152612108,True,-115,20
26,6,156,624000000,3744000000,hybrid,1000000,10k_to_fout_over_2,312000000.0,29.775473804467183,36.728595905298754,29.014080374262438,26.021801954919077,35.326477322257865,35.326477322257865,159.54008276457563,79.69558587672856,195.07655946105643,True,-115,20
27,6,162,648000000,3888000000,hybrid,1000000,10k_to_10M,10000000,29.737801498664044,36.68094488436136,27.903236618858372,25.02552167192849,6.3213922517116385,6.3213922517116385,149.38168541590915,76.62407089036505,178.60781640749374,True,-115,20
27,6,162,648000000,3888000000,hybrid,1000000,10k_to_fout_over_2,324000000.0,29.77547383086876,36.72859593864675,27.93948483021318,25.058031534895914,35.99944444015768,35.99944444015768,153.6762984591272,76.74389794835956,189.05565037540043,True,-115,20
28,4,112,672000000,2688000000,hybrid,1000000,10k_to_10M,10000000,29.737801498664044,36.68094488436136,40.36003868084872,36.19762956118228,6.3213922517116385,6.3213922517116385,216.06993783372576,110.8312453949923,253.4141524363365,False,-115,20
28,4,112,672000000,2688000000,hybrid,1000000,10k_to_fout_over_2,336000000.0,29.77547385013331,36.72859596298798,40.41246915619812,36.24465277985209,36.660060010861955,36.660060010861955,222.3466298040754,111.00456721563907,263.8756693043278,False,-115,20
29,4,116,696000000,2784000000,hybrid,1000000,10k_to_10M,10000000,29.737801498664044,36.68094488436136,38.96831320909531,34.94943543838289,6.3213922517116385,6.3213922517116385,208.61925032221794,107.00947831240636,244.99543073515665,False,-115,20
29,4,116,696000000,2784000000,hybrid,1000000,10k_to_fout_over_2,348000000.0,29.77547386395907,36.72859598045121,39.01893575557107,34.994837183392605,37.30898015223679,37.30898015223679,214.7417584655855,107.17682397135368,255.67068468830456,False,-115,20
30,4,120,720000000,2880000000,hybrid,1000000,10k_to_10M,10000000,29.737801498664044,36.68094488436136,37.669369435458805,33.78445425710346,6.3213922517116385,6.3213922517116385,201.66527531147736,103.44249570199281,237.14837651185738,False,-115,20
30,4,120,720000000,2880000000,hybrid,1000000,10k_to_fout_over_2,360000000.0,29.775473873825447,36.728595992917754,37.718304576521184,33.828342622094986,37.946804872083746,37.946804872083746,207.64357114692106,103.60426355075592,248.05687238463653,False,-115,20
31,4,124,744000000,2976000000,hybrid,1000000,10k_to_10M,10000000,29.737801498664044,36.68094488436136,36.45422848592787,32.69463315203561,6.3213922517116385,6.3213922517116385,195.15994384981678,100.10564100192853,229.817626414739,False,-115,20
31,4,124,744000000,2976000000,hybrid,1000000,10k_to_fout_over_2,372000000.0,29.775473880704567,36.72859600160658,36.50158508268787,32.73710577106228,38.57408456464001,38.57408456464001,201.00306172620546,100.26219085370542,240.9778208777268,False,-115,20
32,4,128,768000000,3072000000,hybrid,1000000,10k_to_10M,10000000,29.737801498664044,36.68094488436136,35.315033845742626,31.6729258660345,6.3213922517116385,6.3213922517116385,189.06119560451003,96.97733972061826,222.95473645276022,False,-115,20
32,4,128,768000000,3072000000,hybrid,1000000,10k_to_fout_over_2,384000000.0,29.775473885440245,36.728596007590426,35.36091055461488,31.714071220883476,39.19132557084538,39.19132557084538,194.77734567972635,97.12899766107792,234.3841323450275,False,-115,20
33,4,132,792000000,3168000000,hybrid,1000000,10k_to_10M,10000000,29.737801498664044,36.68094488436136,34.24488130496255,30.71314023373042,6.3213922517116385,6.3213922517116385,183.33206846497944,94.0386324563571,216.5171336317313,False,-115,20
33,4,132,792000000,3168000000,hybrid,1000000,10k_to_fout_over_2,396000000.0,29.77547388859054,36.728596011569344,34.28936781425033,30.753038762976153,39.79899496218464,39.79899496218464,188.92873476512622,94.18569493407952,228.23236119949374,False,-115,20
34,4,136,816000000,3264000000,hybrid,1000000,10k_to_10M,10000000,29.737801498664044,36.68094488436136,33.23767891364012,29.809812579797175,6.3213922517116385,6.3213922517116385,177.9399488042447,91.27279032528779,210.4672525962496,False,-115,20
34,4,136,816000000,3264000000,hybrid,1000000,10k_to_fout_over_2,408000000.0,29.77547389063315,36.72859601415042,33.280856998522935,29.84853762498619,40.397524676643215,40.397524676643215,183.42397160090306,91.41552763507431,222.4841371921529,False,-115,20
35,4,140,840000000,3360000000,hybrid,1000000,10k_to_10M,10000000,29.737801498664044,36.68094488436136,32.28803094467897,28.958103648945826,6.3213922517116385,6.3213922517116385,172.85595026698056,88.66499631599385,204.7718202761972,False,-115,20
35,4,140,840000000,3360000000,hybrid,1000000,10k_to_fout_over_2,420000000.0,29.775473891885426,36.728596015732,32.329975371385885,28.995722265520897,40.987315110897384,40.987315110897384,178.23359844066752,88.80365558883332,217.10544140356336,False,-115,20
36,4,144,864000000,3456000000,hybrid,1000000,10k_to_10M,10000000,29.737801498664044,36.68094488436136,31.391141196215667,28.153711880919552,6.3213922517116385,6.3213922517116385,168.05439609289778,86.20207975166068,199.40125975910564,True,-115,20
36,4,144,864000000,3456000000,hybrid,1000000,10k_to_fout_over_2,432000000.0,29.775473892612094,36.7285960166503,31.431920500744354,28.190285536627908,41.56873825364435,41.56873825364435,173.33142851474733,86.33688752674162,212.0660007984633,False,-115,20
37,4,148,888000000,3552000000,hybrid,1000000,10k_to_10M,10000000,29.737801498664044,36.68094488436136,30.542731974696324,27.39280074900281,6.3213922517116385,6.3213922517116385,163.51238538768433,83.8722938124266,194.32919083211567,True,-115,20
37,4,148,888000000,3552000000,hybrid,1000000,10k_to_fout_over_2,444000000.0,29.77547389298924,36.728596017126584,30.582409136255958,27.428385927885547,42.14214042974081,42.14214042974081,168.69410510758456,84.00345826358813,207.338782702173,False,-115,20
38,4,152,912000000,3648000000,hybrid,1000000,10k_to_10M,10000000,29.737801498664044,36.68094488436136,29.738975870099054,26.671937571397475,6.3213922517116385,6.3213922517116385,159.20942787748214,81.66512818578381,189.5320093859453,True,-115,20
38,4,152,912000000,3648000000,hybrid,1000000,10k_to_fout_over_2,456000000.0,29.775473893157695,36.7285960173395,29.77760889600079,26.706586298359174,42.70784471265198,42.70784471265198,164.30072872193608,81.79284105385179,202.89956791590714,False,-115,20
39,4,156,936000000,3744000000,hybrid,1000000,10k_to_10M,10000000,29.737801498664044,36.68094488436136,28.976438027276,25.988041736233434,6.3213922517116385,6.3213922517116385,155.1271348549826,79.57115053999448,184.98853152612108,True,-115,20
39,4,156,936000000,3744000000,hybrid,1000000,10k_to_fout_over_2,468000000.0,29.775473893210613,36.728596017406296,29.014080462822765,26.021802034346013,43.26615305293497,43.26615305293497,160.1325425922436,79.69558881822114,198.72659039829725,True,-115,20
40,4,160,960000000,3840000000,hybrid,1000000,10k_to_10M,10000000,29.737801498664044,36.68094488436136,28.2520270765941,25.3383406928276,6.3213922517116385,6.3213922517116385,151.24895648360803,77.58187177649461,180.67969106767566,True,-115,20
40,4,160,960000000,3840000000,hybrid,1000000,10k_to_fout_over_2,480000000.0,29.77547389321726,36.728596017414695,28.28872845125866,25.371256983493158,43.817348162571335,43.817348162571335,156.1726647304135,77.70319918492028,194.8002305487782,True,-115,20
41,4,164,984000000,3936000000,hybrid,1000000,10k_to_10M,10000000,29.737801498664044,36.68094488436136,27.562953245457656,24.720332383246436,6.3213922517116385,6.3213922517116385,147.5599575449834,75.68963100145815,176.58828129903517,True,-115,20
41,4,164,984000000,3936000000,hybrid,1000000,10k_to_fout_over_2,492000000.0,29.77547389322256,36.72859601742141,27.598759464647642,24.75244583755883,44.361695188529396,44.361695188529396,152.40585950712122,75.80799928173558,191.10275371409395,True,-115,20
9,14,126,216000000,3024000000,hybrid,1000000,10k_to_10M,10000000,59.47560299732809,36.68094488436136,35.8755899385322,32.17567072105093,6.3213922517116385,6.3213922517116385,192.06216696331177,98.5166625733265,232.1174263008322,False,-115,40
9,14,126,216000000,3024000000,hybrid,1000000,10k_to_fout_over_2,108000000.0,59.55090123147262,36.728566609320616,35.92216609632175,32.21744338929291,20.783647418102536,20.783647418102536,196.37371047990882,98.67059554028613,237.4575829704575,False,-115,40
10,12,120,240000000,2880000000,hybrid,1000000,10k_to_10M,10000000,59.47560299732809,36.68094488436136,37.669369435458805,33.78445425710346,6.3213922517116385,6.3213922517116385,201.66527531147736,103.44249570199281,242.6774876170666,False,-115,40
10,12,120,240000000,2880000000,hybrid,1000000,10k_to_fout_over_2,120000000.0,59.55091642351714,36.72857620772207,37.71828425818302,33.828324399226524,21.907989410258544,21.907989410258544,206.2880065370037,103.60416381026666,248.41660342256316,False,-115,40
11,12,132,264000000,3168000000,hybrid,1000000,10k_to_10M,10000000,59.47560299732809,36.68094488436136,34.24488130496255,30.71314023373042,6.3213922517116385,6.3213922517116385,183.33206846497944,94.0386324563571,222.55938459211922,False,-115,40
11,12,132,264000000,3168000000,hybrid,1000000,10k_to_fout_over_2,132000000.0,59.550926118404405,36.7285823301767,34.289355041469626,30.753027307477172,22.977380181387108,22.977380181387108,187.6149218024886,94.18562762997564,228.34846497028389,False,-115,40
12,10,120,288000000,2880000000,hybrid,1000000,10k_to_10M,10000000,59.47560299732809,36.68094488436136,37.669369435458805,33.78445425710346,6.3213922517116385,6.3213922517116385,201.66527531147736,103.44249570199281,242.6774876170666,False,-115,40
12,10,120,288000000,2880000000,hybrid,1000000,10k_to_fout_over_2,144000000.0,59.5509325643813,36.7285864026478,37.7182947278267,33.82833378911553,23.999166652198586,23.999166652198586,206.45940094844985,103.60420817229408,248.9449030278549,False,-115,40
13,10,130,312000000,3120000000,hybrid,1000000,10k_to_10M,10000000,59.47560299732809,36.68094488436136,34.7717256327312,31.18565008348012,6.3213922517116385,6.3213922517116385,186.15256182597906,95.48538064799337,225.6426620477158,False,-115,40
13,10,130,312000000,3120000000,hybrid,1000000,10k_to_fout_over_2,156000000.0,59.55093692517325,36.72858915662524,34.816890051705485,31.226156608270745,24.979191339993395,24.979191339993395,190.65067268064143,95.63466572771868,232.00038862452902,False,-115,40
14,8,112,336000000,2688000000,hybrid,1000000,10k_to_10M,10000000,59.47560299732809,36.68094488436136,40.36003868084872,36.19762956118228,6.3213922517116385,6.3213922517116385,216.06993783372576,110.8312453949923,258.59571374821473,False,-115,40
14,8,112,336000000,2688000000,hybrid,1000000,10k_to_fout_over_2,168000000.0,59.550939960994214,36.728591074572186,40.412463777474926,36.2446479558471,25.922191265400397,25.922191265400397,221.3719095071619,111.00453265966463,265.54395902827036,False,-115,40
15,8,120,360000000,2880000000,hybrid,1000000,10k_to_10M,10000000,59.47560299732809,36.68094488436136,37.669369435458805,33.78445425710346,6.3213922517116385,6.3213922517116385,201.66527531147736,103.44249570199281,242.6774876170666,False,-115,40
15,8,120,360000000,2880000000,hybrid,1000000,10k_to_fout_over_2,180000000.0,59.55094209452437,36.72859242198846,37.71830090936774,33.828339333142246,26.83207036365253,26.83207036365253,206.68671593807935,103.60423757610332,249.7108078561433,False,-115,40
16,8,128,384000000,3072000000,hybrid,1000000,10k_to_10M,10000000,59.47560299732809,36.68094488436136,35.315033845742626,31.6729258660345,6.3213922517116385,6.3213922517116385,189.06119560451003,96.97733972061826,228.82706356688146,False,-115,40
16,8,128,384000000,3072000000,hybrid,1000000,10k_to_fout_over_2,192000000.0,59.55094362545758,36.72859338917637,35.3609080337044,31.714068959959395,27.71209122386834,27.71209122386834,193.83517536663575,97.12897768359838,235.99473291001738,False,-115,40
17,8,136,408000000,3264000000,hybrid,1000000,10k_to_10M,10000000,59.47560299732809,36.68094488436136,33.23767891364012,29.809812579797175,6.3213922517116385,6.3213922517116385,177.9399488042447,91.27279032528779,216.67827516697508,False,-115,40
17,8,136,408000000,3264000000,hybrid,1000000,10k_to_fout_over_2,204000000.0,59.550944728641895,36.72859408589331,33.28085525127271,29.848536057933313,28.565013565549037,28.565013565549037,182.49402922957964,91.41551208874935,224.02375237361093,False,-115,40
18,8,144,432000000,3456000000,hybrid,1000000,10k_to_10M,10000000,59.47560299732809,36.68094488436136,31.391141196215667,28.153711880919552,6.3213922517116385,6.3213922517116385,168.05439609289778,86.20207975166068,205.94628646188346,False,-115,40
18,8,144,432000000,3456000000,hybrid,1000000,10k_to_fout_over_2,216000000.0,59.55094553594798,36.72859459591552,31.431919284895493,28.19028444617193,29.393196491705357,29.393196491705357,172.41179052965106,86.3368752117444,213.50822934321155,False,-115,40
19,6,114,456000000,2736000000,hybrid,1000000,10k_to_10M,10000000,59.47560299732809,36.68094488436136,39.65196782679874,35.56258342852997,6.3213922517116385,6.3213922517116385,212.2792371699762,108.88683758104507,254.39841370185832,False,-115,40
19,6,114,456000000,2736000000,hybrid,1000000,10k_to_fout_over_2,228000000.0,59.55094612696113,36.7285949691731,39.70347739493703,35.60878071493665,30.198675467642627,30.198675467642627,217.85314931434334,109.05710827145874,262.5205206931275,False,-115,40
20,6,120,480000000,2880000000,hybrid,1000000,10k_to_10M,10000000,59.47560299732809,36.68094488436136,37.669369435458805,33.78445425710346,6.3213922517116385,6.3213922517116385,201.66527531147736,103.44249570199281,242.6774876170666,False,-115,40
20,6,120,480000000,2880000000,hybrid,1000000,10k_to_fout_over_2,240000000.0,59.550946564582084,36.72859524564234,37.71830380910932,33.8283419338278,30.983221265710906,30.983221265710906,207.02578359833254,103.60425492517086,250.94973364956493,False,-115,40
21,6,126,504000000,3024000000,hybrid,1000000,10k_to_10M,10000000,59.47560299732809,36.68094488436136,35.8755899385322,32.17567072105093,6.3213922517116385,6.3213922517116385,192.06216696331177,98.5166625733265,232.1174263008322,False,-115,40
21,6,126,504000000,3024000000,hybrid,1000000,10k_to_fout_over_2,252000000.0,59.55094688773088,36.72859544972949,35.922194303519916,32.217468687427925,31.748385785737202,31.748385785737202,197.22873166390136,98.67072059977771,240.5715652951759,False,-115,40
22,6,132,528000000,3168000000,hybrid,1000000,10k_to_10M,10000000,59.47560299732809,36.68094488436136,34.24488130496255,30.71314023373042,6.3213922517116385,6.3213922517116385,183.33206846497944,94.0386324563571,222.55938459211922,False,-115,40
22,6,132,528000000,3168000000,hybrid,1000000,10k_to_fout_over_2,264000000.0,59.55094712829897,36.72859560170931,34.289367431610025,30.75303841979828,32.49553815526063,32.49553815526063,188.32160948725257,94.18568910421897,231.22436671243528,False,-115,40
23,6,138,552000000,3312000000,hybrid,1000000,10k_to_10M,10000000,59.47560299732809,36.68094488436136,32.75597342213809,29.377786310524755,6.3213922517116385,6.3213922517116385,175.36110896650206,89.94999626260245,213.87212898937443,False,-115,40
23,6,138,552000000,3312000000,hybrid,1000000,10k_to_fout_over_2,276000000.0,59.55094730638119,36.72859571417858,32.79852546980084,29.415949882927215,33.22589351695453,33.22589351695453,180.18842392784495,90.09066015222226,222.77446355674388,False,-115,40
24,6,144,576000000,3456000000,hybrid,1000000,10k_to_10M,10000000,59.47560299732809,36.68094488436136,31.391141196215667,28.153711880919552,6.3213922517116385,6.3213922517116385,168.05439609289778,86.20207975166068,205.94628646188346,False,-115,40
24,6,144,576000000,3456000000,hybrid,1000000,10k_to_fout_over_2,288000000.0,59.5509474388936,36.72859579789388,31.431920313535084,28.190285368725892,33.940536236188144,33.940536236188144,172.7325042281025,86.33688344680142,215.11033995170845,False,-115,40
25,6,150,600000000,3600000000,hybrid,1000000,10k_to_10M,10000000,59.47560299732809,36.68094488436136,30.135495548367036,27.02756340568277,6.3213922517116385,6.3213922517116385,161.3322202491819,82.75399656159425,198.68997353300463,True,-115,40
25,6,150,600000000,3600000000,hybrid,1000000,10k_to_fout_over_2,300000000.0,59.55094753665271,36.72859585963431,30.174643551716983,27.062673999468963,34.64043879629701,34.64043879629701,165.87263332904843,82.88340876196571,208.13820523710743,False,-115,40
26,6,156,624000000,3744000000,hybrid,1000000,10k_to_10M,10000000,59.47560299732809,36.68094488436136,28.976438027276,25.988041736233434,6.3213922517116385,6.3213922517116385,155.1271348549826,79.57115053999448,192.02543401881044,True,-115,40
26,6,156,624000000,3744000000,hybrid,1000000,10k_to_fout_over_2,312000000.0,59.550947608934365,36.728595905298754,29.014080374262438,26.021801954919077,35.326477322257865,35.326477322257865,159.54008276457563,79.69558587672856,201.7785929478264,False,-115,40
27,6,162,648000000,3888000000,hybrid,1000000,10k_to_10M,10000000,59.47560299732809,36.68094488436136,27.903236618858372,25.02552167192849,6.3213922517116385,6.3213922517116385,149.38168541590915,76.62407089036505,185.88642391464427,True,-115,40
27,6,162,648000000,3888000000,hybrid,1000000,10k_to_fout_over_2,324000000.0,59.55094766173752,36.72859593864675,27.93948483021318,25.058031534895914,35.99944444015768,35.99944444015768,153.6762984591272,76.74389794835956,195.9637095597649,True,-115,40
28,4,112,672000000,2688000000,hybrid,1000000,10k_to_10M,10000000,59.47560299732809,36.68094488436136,40.36003868084872,36.19762956118228,6.3213922517116385,6.3213922517116385,216.06993783372576,110.8312453949923,258.59571374821473,False,-115,40
28,4,112,672000000,2688000000,hybrid,1000000,10k_to_fout_over_2,336000000.0,59.55094770026662,36.72859596298798,40.41246915619812,36.24465277985209,36.660060010861955,36.660060010861955,222.3466298040754,111.00456721563907,268.8681933212014,False,-115,40
29,4,116,696000000,2784000000,hybrid,1000000,10k_to_10M,10000000,59.47560299732809,36.68094488436136,38.96831320909531,34.94943543838289,6.3213922517116385,6.3213922517116385,208.61925032221794,107.00947831240636,250.3512963717719,False,-115,40
29,4,116,696000000,2784000000,hybrid,1000000,10k_to_fout_over_2,348000000.0,59.55094772791814,36.72859598045121,39.01893575557107,34.994837183392605,37.30898015223679,37.30898015223679,214.7417584655855,107.17682397135368,260.8203127451088,False,-115,40
30,4,120,720000000,2880000000,hybrid,1000000,10k_to_10M,10000000,59.47560299732809,36.68094488436136,37.669369435458805,33.78445425710346,6.3213922517116385,6.3213922517116385,201.66527531147736,103.44249570199281,242.6774876170666,False,-115,40
30,4,120,720000000,2880000000,hybrid,1000000,10k_to_fout_over_2,360000000.0,59.550947747650895,36.728595992917754,37.718304576521184,33.828342622094986,37.946804872083746,37.946804872083746,207.64357114692106,103.60426355075592,253.36130026205745,False,-115,40
31,4,124,744000000,2976000000,hybrid,1000000,10k_to_10M,10000000,59.47560299732809,36.68094488436136,36.45422848592787,32.69463315203561,6.3213922517116385,6.3213922517116385,195.15994384981678,100.10564100192853,235.51889929435893,False,-115,40
31,4,124,744000000,2976000000,hybrid,1000000,10k_to_fout_over_2,372000000.0,59.550947761409134,36.72859600160658,36.50158508268787,32.73710577106228,38.57408456464001,38.57408456464001,201.00306172620546,100.26219085370542,246.43467022608516,False,-115,40
32,4,128,768000000,3072000000,hybrid,1000000,10k_to_10M,10000000,59.47560299732809,36.68094488436136,35.315033845742626,31.6729258660345,6.3213922517116385,6.3213922517116385,189.06119560451003,96.97733972061826,228.82706356688146,False,-115,40
32,4,128,768000000,3072000000,hybrid,1000000,10k_to_fout_over_2,384000000.0,59.55094777088049,36.728596007590426,35.36091055461488,31.714071220883476,39.19132557084538,39.19132557084538,194.77734567972635,97.12899766107792,239.990954059604,False,-115,40
33,4,132,792000000,3168000000,hybrid,1000000,10k_to_10M,10000000,59.47560299732809,36.68094488436136,34.24488130496255,30.71314023373042,6.3213922517116385,6.3213922517116385,183.33206846497944,94.0386324563571,222.55938459211922,False,-115,40
33,4,132,792000000,3168000000,hybrid,1000000,10k_to_fout_over_2,396000000.0,59.55094777718108,36.728596011569344,34.28936781425033,30.753038762976153,39.79899496218464,39.79899496218464,188.92873476512622,94.18569493407952,233.98663900865492,False,-115,40
34,4,136,816000000,3264000000,hybrid,1000000,10k_to_10M,10000000,59.47560299732809,36.68094488436136,33.23767891364012,29.809812579797175,6.3213922517116385,6.3213922517116385,177.9399488042447,91.27279032528779,216.67827516697508,False,-115,40
34,4,136,816000000,3264000000,hybrid,1000000,10k_to_fout_over_2,408000000.0,59.5509477812663,36.72859601415042,33.280856998522935,29.84853762498619,40.397524676643215,40.397524676643215,183.42397160090306,91.41552763507431,228.38329150437437,False,-115,40
35,4,140,840000000,3360000000,hybrid,1000000,10k_to_10M,10000000,59.47560299732809,36.68094488436136,32.28803094467897,28.958103648945826,6.3213922517116385,6.3213922517116385,172.85595026698056,88.66499631599385,211.1504413756908,False,-115,40
35,4,140,840000000,3360000000,hybrid,1000000,10k_to_fout_over_2,420000000.0,59.55094778377085,36.728596015732,32.329975371385885,28.995722265520897,40.987315110897384,40.987315110897384,178.23359844066752,88.80365558883332,223.1468333261647,False,-115,40
36,4,144,864000000,3456000000,hybrid,1000000,10k_to_10M,10000000,59.47560299732809,36.68094488436136,31.391141196215667,28.153711880919552,6.3213922517116385,6.3213922517116385,168.05439609289778,86.20207975166068,205.94628646188346,False,-115,40
36,4,144,864000000,3456000000,hybrid,1000000,10k_to_fout_over_2,432000000.0,59.55094778522419,36.7285960166503,31.431920500744354,28.190285536627908,41.56873825364435,41.56873825364435,173.33142851474733,86.33688752674162,218.2469363616422,False,-115,40
37,4,148,888000000,3552000000,hybrid,1000000,10k_to_10M,10000000,59.47560299732809,36.68094488436136,30.542731974696324,27.39280074900281,6.3213922517116385,6.3213922517116385,163.51238538768433,83.8722938124266,201.0394113684843,False,-115,40
37,4,148,888000000,3552000000,hybrid,1000000,10k_to_fout_over_2,444000000.0,59.55094778597848,36.728596017126584,30.582409136255958,27.428385927885547,42.14214042974081,42.14214042974081,168.69410510758456,84.00345826358813,213.65651721647802,False,-115,40
38,4,152,912000000,3648000000,hybrid,1000000,10k_to_10M,10000000,59.47560299732809,36.68094488436136,29.738975870099054,26.671937571397475,6.3213922517116385,6.3213922517116385,159.20942787748214,81.66512818578381,196.40619413805638,True,-115,40
38,4,152,912000000,3648000000,hybrid,1000000,10k_to_fout_over_2,456000000.0,59.55094778631539,36.7285960173395,29.77760889600079,26.706586298359174,42.70784471265198,42.70784471265198,164.30072872193608,81.79284105385179,209.35131047392122,False,-115,40
39,4,156,936000000,3744000000,hybrid,1000000,10k_to_10M,10000000,59.47560299732809,36.68094488436136,28.976438027276,25.988041736233434,6.3213922517116385,6.3213922517116385,155.1271348549826,79.57115053999448,192.02543401881044,True,-115,40
39,4,156,936000000,3744000000,hybrid,1000000,10k_to_fout_over_2,468000000.0,59.550947786421226,36.728596017406296,29.014080462822765,26.021802034346013,43.26615305293497,43.26615305293497,160.1325425922436,79.69558881822114,205.30950846959917,False,-115,40
40,4,160,960000000,3840000000,hybrid,1000000,10k_to_10M,10000000,59.47560299732809,36.68094488436136,28.2520270765941,25.3383406928276,6.3213922517116385,6.3213922517116385,151.24895648360803,77.58187177649461,187.878048952592,True,-115,40
40,4,160,960000000,3840000000,hybrid,1000000,10k_to_fout_over_2,480000000.0,59.55094778643452,36.728596017414695,28.28872845125866,25.371256983493158,43.817348162571335,43.817348162571335,156.1726647304135,77.70319918492028,201.51145465842413,False,-115,40
41,4,164,984000000,3936000000,hybrid,1000000,10k_to_10M,10000000,59.47560299732809,36.68094488436136,27.562953245457656,24.720332383246436,6.3213922517116385,6.3213922517116385,147.5599575449834,75.68963100145815,183.9468173306323,True,-115,40
41,4,164,984000000,3936000000,hybrid,1000000,10k_to_fout_over_2,492000000.0,59.55094778644512,36.72859601742141,27.598759464647642,24.75244583755883,44.361695188529396,44.361695188529396,152.40585950712122,75.80799928173558,197.9393821699148,True,-115,40
9,14,126,216000000,3024000000,hybrid,1000000,10k_to_10M,10000000,118.95120599465618,36.68094488436136,35.8755899385322,32.17567072105093,6.3213922517116385,6.3213922517116385,192.06216696331177,98.5166625733265,253.94988018939802,False,-115,80
9,14,126,216000000,3024000000,hybrid,1000000,10k_to_fout_over_2,108000000.0,119.10180246294524,36.728566609320616,35.92216609632175,32.21744338929291,20.783647418102536,20.783647418102536,196.37371047990882,98.67059554028613,258.89193348309163,False,-115,80
10,12,120,240000000,2880000000,hybrid,1000000,10k_to_10M,10000000,118.95120599465618,36.68094488436136,37.669369435458805,33.78445425710346,6.3213922517116385,6.3213922517116385,201.66527531147736,103.44249570199281,263.63688105388223,False,-115,80
10,12,120,240000000,2880000000,hybrid,1000000,10k_to_fout_over_2,120000000.0,119.10183284703427,36.72857620772207,37.71828425818302,33.828324399226524,21.907989410258544,21.907989410258544,206.2880065370037,103.60416381026666,268.9790768752194,False,-115,80
11,12,132,264000000,3168000000,hybrid,1000000,10k_to_10M,10000000,118.95120599465618,36.68094488436136,34.24488130496255,30.71314023373042,6.3213922517116385,6.3213922517116385,183.33206846497944,94.0386324563571,245.24420834284788,False,-115,80
11,12,132,264000000,3168000000,hybrid,1000000,10k_to_fout_over_2,132000000.0,119.10185223680881,36.7285823301767,34.289355041469626,30.753027307477172,22.977380181387108,22.977380181387108,187.6149218024886,94.18562762997564,250.56328513763535,False,-115,80
12,10,120,288000000,2880000000,hybrid,1000000,10k_to_10M,10000000,118.95120599465618,36.68094488436136,37.669369435458805,33.78445425710346,6.3213922517116385,6.3213922517116385,201.66527531147736,103.44249570199281,263.63688105388223,False,-115,80
12,10,120,288000000,2880000000,hybrid,1000000,10k_to_fout_over_2,144000000.0,119.1018651287626,36.7285864026478,37.7182947278267,33.82833378911553,23.999166652198586,23.999166652198586,206.45940094844985,103.60420817229408,269.467076748553,False,-115,80
13,10,130,312000000,3120000000,hybrid,1000000,10k_to_10M,10000000,118.95120599465618,36.68094488436136,34.7717256327312,31.18565008348012,6.3213922517116385,6.3213922517116385,186.15256182597906,95.48538064799337,248.04566714955337,False,-115,80
13,10,130,312000000,3120000000,hybrid,1000000,10k_to_fout_over_2,156000000.0,119.1018738503465,36.72858915662524,34.816890051705485,31.226156608270745,24.979191339993395,24.979191339993395,190.65067268064143,95.63466572771868,253.89588926946098,False,-115,80
14,8,112,336000000,2688000000,hybrid,1000000,10k_to_10M,10000000,118.95120599465618,36.68094488436136,40.36003868084872,36.19762956118228,6.3213922517116385,6.3213922517116385,216.06993783372576,110.8312453949923,278.35909402179766,False,-115,80
14,8,112,336000000,2688000000,hybrid,1000000,10k_to_fout_over_2,168000000.0,119.10187992198843,36.728591074572186,40.412463777474926,36.2446479558471,25.922191265400397,25.922191265400397,221.3719095071619,111.00453265966463,284.87284448876756,False,-115,80
15,8,120,360000000,2880000000,hybrid,1000000,10k_to_10M,10000000,118.95120599465618,36.68094488436136,37.669369435458805,33.78445425710346,6.3213922517116385,6.3213922517116385,201.66527531147736,103.44249570199281,263.63688105388223,False,-115,80
15,8,120,360000000,2880000000,hybrid,1000000,10k_to_fout_over_2,180000000.0,119.10188418904875,36.72859242198846,37.71830090936774,33.828339333142246,26.83207036365253,26.83207036365253,206.68671593807935,103.60423757610332,270.1748168745635,False,-115,80
16,8,128,384000000,3072000000,hybrid,1000000,10k_to_10M,10000000,118.95120599465618,36.68094488436136,35.315033845742626,31.6729258660345,6.3213922517116385,6.3213922517116385,189.06119560451003,96.97733972061826,250.94594453054816,False,-115,80
16,8,128,384000000,3072000000,hybrid,1000000,10k_to_fout_over_2,192000000.0,119.10188725091515,36.72859338917637,35.3609080337044,31.714068959959395,27.71209122386834,27.71209122386834,193.83517536663575,97.12897768359838,257.5508854989975,False,-115,80
17,8,136,408000000,3264000000,hybrid,1000000,10k_to_10M,10000000,118.95120599465618,36.68094488436136,33.23767891364012,29.809812579797175,6.3213922517116385,6.3213922517116385,177.9399488042447,91.27279032528779,239.91981365661053,False,-115,80
17,8,136,408000000,3264000000,hybrid,1000000,10k_to_fout_over_2,204000000.0,119.10188945728379,36.72859408589331,33.28085525127271,29.848536057933313,28.565013565549037,28.565013565549037,182.49402922957964,91.41551208874935,246.62843850978385,False,-115,80
18,8,144,432000000,3456000000,hybrid,1000000,10k_to_10M,10000000,118.95120599465618,36.68094488436136,31.391141196215667,28.153711880919552,6.3213922517116385,6.3213922517116385,168.05439609289778,86.20207975166068,230.27356548924044,False,-115,80
18,8,144,432000000,3456000000,hybrid,1000000,10k_to_fout_over_2,216000000.0,119.10189107189596,36.72859459591552,31.431919284895493,28.19028444617193,29.393196491705357,29.393196491705357,172.41179052965106,86.3368752117444,237.11750112539087,False,-115,80
19,6,114,456000000,2736000000,hybrid,1000000,10k_to_10M,10000000,118.95120599465618,36.68094488436136,39.65196782679874,35.56258342852997,6.3213922517116385,6.3213922517116385,212.2792371699762,108.88683758104507,274.4641961161951,False,-115,80
19,6,114,456000000,2736000000,hybrid,1000000,10k_to_fout_over_2,228000000.0,119.10189225392226,36.7285949691731,39.70347739493703,35.60878071493665,30.198675467642627,30.198675467642627,217.85314931434334,109.05710827145874,282.05667752925024,False,-115,80
20,6,120,480000000,2880000000,hybrid,1000000,10k_to_10M,10000000,118.95120599465618,36.68094488436136,37.669369435458805,33.78445425710346,6.3213922517116385,6.3213922517116385,201.66527531147736,103.44249570199281,263.63688105388223,False,-115,80
20,6,120,480000000,2880000000,hybrid,1000000,10k_to_fout_over_2,240000000.0,119.10189312916417,36.72859524564234,37.71830380910932,33.8283419338278,30.983221265710906,30.983221265710906,207.02578359833254,103.60425492517086,271.3203172064354,False,-115,80
21,6,126,504000000,3024000000,hybrid,1000000,10k_to_10M,10000000,118.95120599465618,36.68094488436136,35.8755899385322,32.17567072105093,6.3213922517116385,6.3213922517116385,192.06216696331177,98.5166625733265,253.94988018939802,False,-115,80
21,6,126,504000000,3024000000,hybrid,1000000,10k_to_fout_over_2,252000000.0,119.10189377546176,36.72859544972949,35.922194303519916,32.217468687427925,31.748385785737202,31.748385785737202,197.22873166390136,98.67072059977771,261.7510723077312,False,-115,80
22,6,132,528000000,3168000000,hybrid,1000000,10k_to_10M,10000000,118.95120599465618,36.68094488436136,34.24488130496255,30.71314023373042,6.3213922517116385,6.3213922517116385,183.33206846497944,94.0386324563571,245.24420834284788,False,-115,80
22,6,132,528000000,3168000000,hybrid,1000000,10k_to_fout_over_2,264000000.0,119.10189425659794,36.72859560170931,34.289367431610025,30.75303841979828,32.49553815526063,32.49553815526063,188.32160948725257,94.18568910421897,253.18699349137017,False,-115,80
23,6,138,552000000,3312000000,hybrid,1000000,10k_to_10M,10000000,118.95120599465618,36.68094488436136,32.75597342213809,29.377786310524755,6.3213922517116385,6.3213922517116385,175.36110896650206,89.94999626260245,237.38856251752097,False,-115,80
23,6,138,552000000,3312000000,hybrid,1000000,10k_to_fout_over_2,276000000.0,119.10189461276238,36.72859571417858,32.79852546980084,29.415949882927215,33.22589351695453,33.22589351695453,180.18842392784495,90.09066015222226,245.4942109057914,False,-115,80
24,6,144,576000000,3456000000,hybrid,1000000,10k_to_10M,10000000,118.95120599465618,36.68094488436136,31.391141196215667,28.153711880919552,6.3213922517116385,6.3213922517116385,168.05439609289778,86.20207975166068,230.27356548924044,False,-115,80
24,6,144,576000000,3456000000,hybrid,1000000,10k_to_fout_over_2,288000000.0,119.1018948777872,36.72859579789388,31.431920313535084,28.190285368725892,33.940536236188144,33.940536236188144,172.7325042281025,86.33688344680142,238.56111245705821,False,-115,80
25,6,150,600000000,3600000000,hybrid,1000000,10k_to_10M,10000000,118.95120599465618,36.68094488436136,30.135495548367036,27.02756340568277,6.3213922517116385,6.3213922517116385,161.3322202491819,82.75399656159425,223.80738959702254,False,-115,80
25,6,150,600000000,3600000000,hybrid,1000000,10k_to_fout_over_2,300000000.0,119.10189507330541,36.72859585963431,30.174643551716983,27.062673999468963,34.64043879629701,34.64043879629701,165.87263332904843,82.88340876196571,232.29390550951558,False,-115,80
26,6,156,624000000,3744000000,hybrid,1000000,10k_to_10M,10000000,118.95120599465618,36.68094488436136,28.976438027276,25.988041736233434,6.3213922517116385,6.3213922517116385,155.1271348549826,79.57115053999448,217.91238919758524,False,-115,80
26,6,156,624000000,3744000000,hybrid,1000000,10k_to_fout_over_2,312000000.0,119.10189521786873,36.728595905298754,29.014080374262438,26.021801954919077,35.326477322257865,35.326477322257865,159.54008276457563,79.69558587672856,226.6132093576426,False,-115,80
27,6,162,648000000,3888000000,hybrid,1000000,10k_to_10M,10000000,118.95120599465618,36.68094488436136,27.903236618858372,25.02552167192849,6.3213922517116385,6.3213922517116385,149.38168541590915,76.62407089036505,212.52248034375606,False,-115,80
27,6,162,648000000,3888000000,hybrid,1000000,10k_to_fout_over_2,324000000.0,119.10189532347503,36.72859593864675,27.93948483021318,25.058031534895914,35.99944444015768,35.99944444015768,153.6762984591272,76.74389794835956,221.45139775277306,False,-115,80
28,4,112,672000000,2688000000,hybrid,1000000,10k_to_10M,10000000,118.95120599465618,36.68094488436136,40.36003868084872,36.19762956118228,6.3213922517116385,6.3213922517116385,216.06993783372576,110.8312453949923,278.35909402179766,False,-115,80
28,4,112,672000000,2688000000,hybrid,1000000,10k_to_fout_over_2,336000000.0,119.10189540053324,36.72859596298798,40.41246915619812,36.24465277985209,36.660060010861955,36.660060010861955,222.3466298040754,111.00456721563907,287.97404656636434,False,-115,80
29,4,116,696000000,2784000000,hybrid,1000000,10k_to_10M,10000000,118.95120599465618,36.68094488436136,38.96831320909531,34.94943543838289,6.3213922517116385,6.3213922517116385,208.61925032221794,107.00947831240636,270.71722082408075,False,-115,80
29,4,116,696000000,2784000000,hybrid,1000000,10k_to_fout_over_2,348000000.0,119.10189545583629,36.72859598045121,39.01893575557107,34.994837183392605,37.30898015223679,37.30898015223679,214.7417584655855,107.17682397135368,280.474921635315,False,-115,80
30,4,120,720000000,2880000000,hybrid,1000000,10k_to_10M,10000000,118.95120599465618,36.68094488436136,37.669369435458805,33.78445425710346,6.3213922517116385,6.3213922517116385,201.66527531147736,103.44249570199281,263.63688105388223,False,-115,80
30,4,120,720000000,2880000000,hybrid,1000000,10k_to_fout_over_2,360000000.0,119.10189549530179,36.728595992917754,37.718304576521184,33.828342622094986,37.946804872083746,37.946804872083746,207.64357114692106,103.60426355075592,273.55236172150074,False,-115,80
31,4,124,744000000,2976000000,hybrid,1000000,10k_to_10M,10000000,118.95120599465618,36.68094488436136,36.45422848592787,32.69463315203561,6.3213922517116385,6.3213922517116385,195.15994384981678,100.10564100192853,257.06262657281343,False,-115,80
31,4,124,744000000,2976000000,hybrid,1000000,10k_to_fout_over_2,372000000.0,119.10189552281827,36.72859600160658,36.50158508268787,32.73710577106228,38.57408456464001,38.57408456464001,201.00306172620546,100.26219085370542,267.1497573034375,False,-115,80
32,4,128,768000000,3072000000,hybrid,1000000,10k_to_10M,10000000,118.95120599465618,36.68094488436136,35.315033845742626,31.6729258660345,6.3213922517116385,6.3213922517116385,189.06119560451003,96.97733972061826,250.94594453054816,False,-115,80
32,4,128,768000000,3072000000,hybrid,1000000,10k_to_fout_over_2,384000000.0,119.10189554176098,36.728596007590426,35.36091055461488,31.714071220883476,39.19132557084538,39.19132557084538,194.77734567972635,97.12899766107792,261.2175418528958,False,-115,80
33,4,132,792000000,3168000000,hybrid,1000000,10k_to_10M,10000000,118.95120599465618,36.68094488436136,34.24488130496255,30.71314023373042,6.3213922517116385,6.3213922517116385,183.33206846497944,94.0386324563571,245.24420834284788,False,-115,80
33,4,132,792000000,3168000000,hybrid,1000000,10k_to_fout_over_2,396000000.0,119.10189555436216,36.728596011569344,34.28936781425033,30.753038762976153,39.79899496218464,39.79899496218464,188.92873476512622,94.18569493407952,255.7121299001051,False,-115,80
34,4,136,816000000,3264000000,hybrid,1000000,10k_to_10M,10000000,118.95120599465618,36.68094488436136,33.23767891364012,29.809812579797175,6.3213922517116385,6.3213922517116385,177.9399488042447,91.27279032528779,239.91981365661053,False,-115,80
34,4,136,816000000,3264000000,hybrid,1000000,10k_to_fout_over_2,408000000.0,119.1018955625326,36.72859601415042,33.280856998522935,29.84853762498619,40.397524676643215,40.397524676643215,183.42397160090306,91.41552763507431,250.59503982184754,False,-115,80
35,4,140,840000000,3360000000,hybrid,1000000,10k_to_10M,10000000,118.95120599465618,36.68094488436136,32.28803094467897,28.958103648945826,6.3213922517116385,6.3213922517116385,172.85595026698056,88.66499631599385,234.93946230643414,False,-115,80
35,4,140,840000000,3360000000,hybrid,1000000,10k_to_fout_over_2,420000000.0,119.1018955675417,36.728596015732,32.329975371385885,28.995722265520897,40.987315110897384,40.987315110897384,178.23359844066752,88.80365558883332,245.83216911000753,False,-115,80
36,4,144,864000000,3456000000,hybrid,1000000,10k_to_10M,10000000,118.95120599465618,36.68094488436136,31.391141196215667,28.153711880919552,6.3213922517116385,6.3213922517116385,168.05439609289778,86.20207975166068,230.27356548924044,False,-115,80
36,4,144,864000000,3456000000,hybrid,1000000,10k_to_fout_over_2,432000000.0,119.10189557044838,36.7285960166503,31.431920500744354,28.190285536627908,41.56873825364435,41.56873825364435,173.33142851474733,86.33688752674162,241.39318834134116,False,-115,80
37,4,148,888000000,3552000000,hybrid,1000000,10k_to_10M,10000000,118.95120599465618,36.68094488436136,30.542731974696324,27.39280074900281,6.3213922517116385,6.3213922517116385,163.51238538768433,83.8722938124266,225.89574360548275,False,-115,80
37,4,148,888000000,3552000000,hybrid,1000000,10k_to_fout_over_2,444000000.0,119.10189557195696,36.728596017126584,30.582409136255958,27.428385927885547,42.14214042974081,42.14214042974081,168.69410510758456,84.00345826358813,237.25103476212738,False,-115,80
38,4,152,912000000,3648000000,hybrid,1000000,10k_to_10M,10000000,118.95120599465618,36.68094488436136,29.738975870099054,26.671937571397475,6.3213922517116385,6.3213922517116385,159.20942787748214,81.66512818578381,221.78240496370137,False,-115,80
38,4,152,912000000,3648000000,hybrid,1000000,10k_to_fout_over_2,456000000.0,119.10189557263078,36.7285960173395,29.77760889600079,26.706586298359174,42.70784471265198,42.70784471265198,164.30072872193608,81.79284105385179,233.38148457813347,False,-115,80
39,4,156,936000000,3744000000,hybrid,1000000,10k_to_10M,10000000,118.95120599465618,36.68094488436136,28.976438027276,25.988041736233434,6.3213922517116385,6.3213922517116385,155.1271348549826,79.57115053999448,217.91238919758524,False,-115,80
39,4,156,936000000,3744000000,hybrid,1000000,10k_to_fout_over_2,468000000.0,119.10189557284245,36.728596017406296,29.014080462822765,26.021802034346013,43.26615305293497,43.26615305293497,160.1325425922436,79.69558881822114,229.76279162390853,False,-115,80
40,4,160,960000000,3840000000,hybrid,1000000,10k_to_10M,10000000,118.95120599465618,36.68094488436136,28.2520270765941,25.3383406928276,6.3213922517116385,6.3213922517116385,151.24895648360803,77.58187177649461,214.26666407521236,False,-115,80
40,4,160,960000000,3840000000,hybrid,1000000,10k_to_fout_over_2,480000000.0,119.10189557286904,36.728596017414695,28.28872845125866,25.371256983493158,43.817348162571335,43.817348162571335,156.1726647304135,77.70319918492028,226.3753796359977,False,-115,80
41,4,164,984000000,3936000000,hybrid,1000000,10k_to_10M,10000000,118.95120599465618,36.68094488436136,27.562953245457656,24.720332383246436,6.3213922517116385,6.3213922517116385,147.5599575449834,75.68963100145815,210.82806658923843,False,-115,80
41,4,164,984000000,3936000000,hybrid,1000000,10k_to_fout_over_2,492000000.0,119.10189557289024,36.72859601742141,27.598759464647642,24.75244583755883,44.361695188529396,44.361695188529396,152.40585950712122,75.80799928173558,223.20157965525092,False,-115,80
9,14,126,216000000,3024000000,hybrid,1000000,10k_to_10M,10000000,178.42680899198427,36.68094488436136,35.8755899385322,32.17567072105093,6.3213922517116385,6.3213922517116385,192.06216696331177,98.5166625733265,286.6657956710018,False,-115,120
9,14,126,216000000,3024000000,hybrid,1000000,10k_to_fout_over_2,108000000.0,178.65270369441785,36.728566609320616,35.92216609632175,32.21744338929291,20.783647418102536,20.783647418102536,196.37371047990882,98.67059554028613,291.1298377185282,False,-115,120
10,12,120,240000000,2880000000,hybrid,1000000,10k_to_10M,10000000,178.42680899198427,36.68094488436136,37.669369435458805,33.78445425710346,6.3213922517116385,6.3213922517116385,201.66527531147736,103.44249570199281,295.28146201767856,False,-115,120
10,12,120,240000000,2880000000,hybrid,1000000,10k_to_fout_over_2,120000000.0,178.6527492705514,36.72857620772207,37.71828425818302,33.828324399226524,21.907989410258544,21.907989410258544,206.2880065370037,103.60416381026666,300.1354727969502,False,-115,120
11,12,132,264000000,3168000000,hybrid,1000000,10k_to_10M,10000000,178.42680899198427,36.68094488436136,34.24488130496255,30.71314023373042,6.3213922517116385,6.3213922517116385,183.33206846497944,94.0386324563571,278.9828999870585,False,-115,120
11,12,132,264000000,3168000000,hybrid,1000000,10k_to_fout_over_2,132000000.0,178.6527783552132,36.7285823301767,34.289355041469626,30.753027307477172,22.977380181387108,22.977380181387108,187.6149218024886,94.18562762997564,283.749050864954,False,-115,120
12,10,120,288000000,2880000000,hybrid,1000000,10k_to_10M,10000000,178.42680899198427,36.68094488436136,37.669369435458805,33.78445425710346,6.3213922517116385,6.3213922517116385,201.66527531147736,103.44249570199281,295.28146201767856,False,-115,120
12,10,120,288000000,2880000000,hybrid,1000000,10k_to_fout_over_2,144000000.0,178.6527976931439,36.7285864026478,37.7182947278267,33.82833378911553,23.999166652198586,23.999166652198586,206.45940094844985,103.60420817229408,300.57290845624794,False,-115,120
13,10,130,312000000,3120000000,hybrid,1000000,10k_to_10M,10000000,178.42680899198427,36.68094488436136,34.7717256327312,31.18565008348012,6.3213922517116385,6.3213922517116385,186.15256182597906,95.48538064799337,281.44873378849286,False,-115,120
13,10,130,312000000,3120000000,hybrid,1000000,10k_to_fout_over_2,156000000.0,178.65281077551975,36.72858915662524,34.816890051705485,31.226156608270745,24.979191339993395,24.979191339993395,190.65067268064143,95.63466572771868,286.6961684976976,False,-115,120
14,8,112,336000000,2688000000,hybrid,1000000,10k_to_10M,10000000,178.42680899198427,36.68094488436136,40.36003868084872,36.19762956118228,6.3213922517116385,6.3213922517116385,216.06993783372576,110.8312453949923,308.4971993132432,False,-115,120
14,8,112,336000000,2688000000,hybrid,1000000,10k_to_fout_over_2,168000000.0,178.65281988298264,36.728591074572186,40.412463777474926,36.2446479558471,25.922191265400397,25.922191265400397,221.3719095071619,111.00453265966463,314.4584388727884,False,-115,120
15,8,120,360000000,2880000000,hybrid,1000000,10k_to_10M,10000000,178.42680899198427,36.68094488436136,37.669369435458805,33.78445425710346,6.3213922517116385,6.3213922517116385,201.66527531147736,103.44249570199281,295.28146201767856,False,-115,120
15,8,120,360000000,2880000000,hybrid,1000000,10k_to_fout_over_2,180000000.0,178.65282628357312,36.72859242198846,37.71830090936774,33.828339333142246,26.83207036365253,26.83207036365253,206.68671593807935,103.60423757610332,301.2075782495037,False,-115,120
16,8,128,384000000,3072000000,hybrid,1000000,10k_to_10M,10000000,178.42680899198427,36.68094488436136,35.315033845742626,31.6729258660345,6.3213922517116385,6.3213922517116385,189.06119560451003,96.97733972061826,284.0081052290724,False,-115,120
16,8,128,384000000,3072000000,hybrid,1000000,10k_to_fout_over_2,192000000.0,178.65283087637272,36.72859338917637,35.3609080337044,31.714068959959395,27.71209122386834,27.71209122386834,193.83517536663575,97.12897768359838,289.9379813938316,False,-115,120
17,8,136,408000000,3264000000,hybrid,1000000,10k_to_10M,10000000,178.42680899198427,36.68094488436136,33.23767891364012,29.809812579797175,6.3213922517116385,6.3213922517116385,177.9399488042447,91.27279032528779,274.31415155711824,False,-115,120
17,8,136,408000000,3264000000,hybrid,1000000,10k_to_fout_over_2,204000000.0,178.65283418592568,36.72859408589331,33.28085525127271,29.848536057933313,28.565013565549037,28.565013565549037,182.49402922957964,91.41551208874935,280.280505515712,False,-115,120
18,8,144,432000000,3456000000,hybrid,1000000,10k_to_10M,10000000,178.42680899198427,36.68094488436136,31.391141196215667,28.153711880919552,6.3213922517116385,6.3213922517116385,168.05439609289778,86.20207975166068,265.91850579191816,False,-115,120
18,8,144,432000000,3456000000,hybrid,1000000,10k_to_fout_over_2,216000000.0,178.65283660784394,36.72859459591552,31.431919284895493,28.19028444617193,29.393196491705357,29.393196491705357,172.41179052965106,86.3368752117444,271.94904837317773,False,-115,120
19,6,114,456000000,2736000000,hybrid,1000000,10k_to_10M,10000000,178.42680899198427,36.68094488436136,39.65196782679874,35.56258342852997,6.3213922517116385,6.3213922517116385,212.2792371699762,108.88683758104507,304.9874287723809,False,-115,120
19,6,114,456000000,2736000000,hybrid,1000000,10k_to_fout_over_2,228000000.0,178.6528383808834,36.7285949691731,39.70347739493703,35.60878071493665,30.198675467642627,30.198675467642627,217.85314931434334,109.05710827145874,311.90951454215144,False,-115,120
20,6,120,480000000,2880000000,hybrid,1000000,10k_to_10M,10000000,178.42680899198427,36.68094488436136,37.669369435458805,33.78445425710346,6.3213922517116385,6.3213922517116385,201.66527531147736,103.44249570199281,295.28146201767856,False,-115,120
20,6,120,480000000,2880000000,hybrid,1000000,10k_to_fout_over_2,240000000.0,178.65283969374624,36.72859524564234,37.71830380910932,33.8283419338278,30.983221265710906,30.983221265710906,207.02578359833254,103.60425492517086,302.23548883724635,False,-115,120
21,6,126,504000000,3024000000,hybrid,1000000,10k_to_10M,10000000,178.42680899198427,36.68094488436136,35.8755899385322,32.17567072105093,6.3213922517116385,6.3213922517116385,192.06216696331177,98.5166625733265,286.6657956710018,False,-115,120
21,6,126,504000000,3024000000,hybrid,1000000,10k_to_fout_over_2,252000000.0,178.65284066319265,36.72859544972949,35.922194303519916,32.217468687427925,31.748385785737202,31.748385785737202,197.22873166390136,98.67072059977771,293.6753313275969,False,-115,120
22,6,132,528000000,3168000000,hybrid,1000000,10k_to_10M,10000000,178.42680899198427,36.68094488436136,34.24488130496255,30.71314023373042,6.3213922517116385,6.3213922517116385,183.33206846497944,94.0386324563571,278.9828999870585,False,-115,120
22,6,132,528000000,3168000000,hybrid,1000000,10k_to_fout_over_2,264000000.0,178.6528413848969,36.72859560170931,34.289367431610025,30.75303841979828,32.49553815526063,32.49553815526063,188.32160948725257,94.18568910421897,286.0685760313188,False,-115,120
23,6,138,552000000,3312000000,hybrid,1000000,10k_to_10M,10000000,178.42680899198427,36.68094488436136,32.75597342213809,29.377786310524755,6.3213922517116385,6.3213922517116385,175.36110896650206,89.94999626260245,272.1030436684123,False,-115,120
23,6,138,552000000,3312000000,hybrid,1000000,10k_to_fout_over_2,276000000.0,178.65284191914358,36.72859571417858,32.79852546980084,29.415949882927215,33.22589351695453,33.22589351695453,180.18842392784495,90.09066015222226,279.28298232025185,False,-115,120
24,6,144,576000000,3456000000,hybrid,1000000,10k_to_10M,10000000,178.42680899198427,36.68094488436136,31.391141196215667,28.153711880919552,6.3213922517116385,6.3213922517116385,168.05439609289778,86.20207975166068,265.91850579191816,False,-115,120
24,6,144,576000000,3456000000,hybrid,1000000,10k_to_fout_over_2,288000000.0,178.65284231668082,36.72859579789388,31.431920313535084,28.190285368725892,33.940536236188144,33.940536236188144,172.7325042281025,86.33688344680142,273.208676804194,False,-115,120
25,6,150,600000000,3600000000,hybrid,1000000,10k_to_10M,10000000,178.42680899198427,36.68094488436136,30.135495548367036,27.02756340568277,6.3213922517116385,6.3213922517116385,161.3322202491819,82.75399656159425,260.3391718464825,False,-115,120
25,6,150,600000000,3600000000,hybrid,1000000,10k_to_fout_over_2,300000000.0,178.65284260995813,36.72859585963431,30.174643551716983,27.062673999468963,34.64043879629701,34.64043879629701,165.87263332904843,82.88340876196571,267.75368400720384,False,-115,120
26,6,156,624000000,3744000000,hybrid,1000000,10k_to_10M,10000000,178.42680899198427,36.68094488436136,28.976438027276,25.988041736233434,6.3213922517116385,6.3213922517116385,155.1271348549826,79.57115053999448,255.28914220013115,False,-115,120
26,6,156,624000000,3744000000,hybrid,1000000,10k_to_fout_over_2,312000000.0,178.6528428268031,36.728595905298754,29.014080374262438,26.021801954919077,35.326477322257865,35.326477322257865,159.54008276457563,79.69558587672856,262.84049052796445,False,-115,120
27,6,162,648000000,3888000000,hybrid,1000000,10k_to_10M,10000000,178.42680899198427,36.68094488436136,27.903236618858372,25.02552167192849,6.3213922517116385,6.3213922517116385,149.38168541590915,76.62407089036505,250.7040913326727,False,-115,120
27,6,162,648000000,3888000000,hybrid,1000000,10k_to_fout_over_2,324000000.0,178.65284298521254,36.72859593864675,27.93948483021318,25.058031534895914,35.99944444015768,35.99944444015768,153.6762984591272,76.74389794835956,258.4033637623781,False,-115,120
28,4,112,672000000,2688000000,hybrid,1000000,10k_to_10M,10000000,178.42680899198427,36.68094488436136,40.36003868084872,36.19762956118228,6.3213922517116385,6.3213922517116385,216.06993783372576,110.8312453949923,308.4971993132432,False,-115,120
28,4,112,672000000,2688000000,hybrid,1000000,10k_to_fout_over_2,336000000.0,178.65284310079986,36.72859596298798,40.41246915619812,36.24465277985209,36.660060010861955,36.660060010861955,222.3466298040754,111.00456721563907,317.27059169706547,False,-115,120
29,4,116,696000000,2784000000,hybrid,1000000,10k_to_10M,10000000,178.42680899198427,36.68094488436136,38.96831320909531,34.94943543838289,6.3213922517116385,6.3213922517116385,208.61925032221794,107.00947831240636,301.61987734596175,False,-115,120
29,4,116,696000000,2784000000,hybrid,1000000,10k_to_fout_over_2,348000000.0,178.6528431837544,36.72859598045121,39.01893575557107,34.994837183392605,37.30898015223679,37.30898015223679,214.7417584655855,107.17682397135368,310.4798842804511,False,-115,120
30,4,120,720000000,2880000000,hybrid,1000000,10k_to_10M,10000000,178.42680899198427,36.68094488436136,37.669369435458805,33.78445425710346,6.3213922517116385,6.3213922517116385,201.66527531147736,103.44249570199281,295.28146201767856,False,-115,120
30,4,120,720000000,2880000000,hybrid,1000000,10k_to_fout_over_2,360000000.0,178.65284324295268,36.728595992917754,37.718304576521184,33.828342622094986,37.946804872083746,37.946804872083746,207.64357114692106,103.60426355075592,304.2408116798731,False,-115,120
31,4,124,744000000,2976000000,hybrid,1000000,10k_to_10M,10000000,178.42680899198427,36.68094488436136,36.45422848592787,32.69463315203561,6.3213922517116385,6.3213922517116385,195.15994384981678,100.10564100192853,289.4269005120164,False,-115,120
31,4,124,744000000,2976000000,hybrid,1000000,10k_to_fout_over_2,372000000.0,178.6528432842274,36.72859600160658,36.50158508268787,32.73710577106228,38.57408456464001,38.57408456464001,201.00306172620546,100.26219085370542,298.4971854535583,False,-115,120
32,4,128,768000000,3072000000,hybrid,1000000,10k_to_10M,10000000,178.42680899198427,36.68094488436136,35.315033845742626,31.6729258660345,6.3213922517116385,6.3213922517116385,189.06119560451003,96.97733972061826,284.0081052290724,False,-115,120
32,4,128,768000000,3072000000,hybrid,1000000,10k_to_fout_over_2,384000000.0,178.65284331264147,36.728596007590426,35.36091055461488,31.714071220883476,39.19132557084538,39.19132557084538,194.77734567972635,97.12899766107792,293.19989951178366,False,-115,120
33,4,132,792000000,3168000000,hybrid,1000000,10k_to_10M,10000000,178.42680899198427,36.68094488436136,34.24488130496255,30.71314023373042,6.3213922517116385,6.3213922517116385,183.33206846497944,94.0386324563571,278.9828999870585,False,-115,120
33,4,132,792000000,3168000000,hybrid,1000000,10k_to_fout_over_2,396000000.0,178.65284333154324,36.728596011569344,34.28936781425033,30.753038762976153,39.79899496218464,39.79899496218464,188.92873476512622,94.18569493407952,288.3058623820386,False,-115,120
34,4,136,816000000,3264000000,hybrid,1000000,10k_to_10M,10000000,178.42680899198427,36.68094488436136,33.23767891364012,29.809812579797175,6.3213922517116385,6.3213922517116385,177.9399488042447,91.27279032528779,274.31415155711824,False,-115,120
34,4,136,816000000,3264000000,hybrid,1000000,10k_to_fout_over_2,408000000.0,178.6528433437989,36.72859601415042,33.280856998522935,29.84853762498619,40.397524676643215,40.397524676643215,183.42397160090306,91.41552763507431,283.7771148129265,False,-115,120
35,4,140,840000000,3360000000,hybrid,1000000,10k_to_10M,10000000,178.42680899198427,36.68094488436136,32.28803094467897,28.958103648945826,6.3213922517116385,6.3213922517116385,172.85595026698056,88.66499631599385,269.9690495377485,False,-115,120
35,4,140,840000000,3360000000,hybrid,1000000,10k_to_fout_over_2,420000000.0,178.65284335131255,36.728596015732,32.329975371385885,28.995722265520897,40.987315110897384,40.987315110897384,178.23359844066752,88.80365558883332,279.58009993391585,False,-115,120
36,4,144,864000000,3456000000,hybrid,1000000,10k_to_10M,10000000,178.42680899198427,36.68094488436136,31.391141196215667,28.153711880919552,6.3213922517116385,6.3213922517116385,168.05439609289778,86.20207975166068,265.91850579191816,False,-115,120
36,4,144,864000000,3456000000,hybrid,1000000,10k_to_fout_over_2,432000000.0,178.65284335567256,36.7285960166503,31.431920500744354,28.190285536627908,41.56873825364435,41.56873825364435,173.33142851474733,86.33688752674162,275.6850527108619,False,-115,120
37,4,148,888000000,3552000000,hybrid,1000000,10k_to_10M,10000000,178.42680899198427,36.68094488436136,30.542731974696324,27.39280074900281,6.3213922517116385,6.3213922517116385,163.51238538768433,83.8722938124266,262.1366508875722,False,-115,120
37,4,148,888000000,3552000000,hybrid,1000000,10k_to_fout_over_2,444000000.0,178.65284335793544,36.728596017126584,30.582409136255958,27.428385927885547,42.14214042974081,42.14214042974081,168.69410510758456,84.00345826358813,272.0654891873312,False,-115,120
38,4,152,912000000,3648000000,hybrid,1000000,10k_to_10M,10000000,178.42680899198427,36.68094488436136,29.738975870099054,26.671937571397475,6.3213922517116385,6.3213922517116385,159.20942787748214,81.66512818578381,258.60040972698044,False,-115,120
38,4,152,912000000,3648000000,hybrid,1000000,10k_to_fout_over_2,456000000.0,178.65284335894617,36.7285960173395,29.77760889600079,26.706586298359174,42.70784471265198,42.70784471265198,164.30072872193608,81.79284105385179,268.69777493521576,False,-115,120
39,4,156,936000000,3744000000,hybrid,1000000,10k_to_10M,10000000,178.42680899198427,36.68094488436136,28.976438027276,25.988041736233434,6.3213922517116385,6.3213922517116385,155.1271348549826,79.57115053999448,255.28914220013115,False,-115,120
39,4,156,936000000,3744000000,hybrid,1000000,10k_to_fout_over_2,468000000.0,178.65284335926367,36.728596017406296,29.014080462822765,26.021802034346013,43.26615305293497,43.26615305293497,160.1325425922436,79.69558881822114,265.5607601399667,False,-115,120
40,4,160,960000000,3840000000,hybrid,1000000,10k_to_10M,10000000,178.42680899198427,36.68094488436136,28.2520270765941,25.3383406928276,6.3213922517116385,6.3213922517116385,151.24895648360803,77.58187177649461,252.18433752594314,False,-115,120
40,4,160,960000000,3840000000,hybrid,1000000,10k_to_fout_over_2,480000000.0,178.65284335930357,36.728596017414695,28.28872845125866,25.371256983493158,43.817348162571335,43.817348162571335,156.1726647304135,77.70319918492028,262.63546869502477,False,-115,120
41,4,164,984000000,3936000000,hybrid,1000000,10k_to_10M,10000000,178.42680899198427,36.68094488436136,27.562953245457656,24.720332383246436,6.3213922517116385,6.3213922517116385,147.5599575449834,75.68963100145815,249.26935315284,False,-115,120
41,4,164,984000000,3936000000,hybrid,1000000,10k_to_fout_over_2,492000000.0,178.65284335933538,36.72859601742141,27.598759464647642,24.75244583755883,44.361695188529396,44.361695188529396,152.40585950712122,75.80799928173558,259.90483272136146,False,-115,120
9,14,126,216000000,3024000000,hybrid,1000000,10k_to_10M,10000000,29.737801498664044,36.68094488436136,35.8755899385322,32.17567072105093,6.3213922517116385,6.3213922517116385,339.4881402725512,98.5166625733265,359.98584761858734,False,-110,20
9,14,126,216000000,3024000000,hybrid,1000000,10k_to_fout_over_2,108000000.0,29.77545061573631,36.728566609320616,35.92216609632175,32.21744338929291,20.783647418102536,20.783647418102536,346.65710292044923,98.67059554028613,367.87889878275587,False,-110,20
10,12,120,240000000,2880000000,hybrid,1000000,10k_to_10M,10000000,29.737801498664044,36.68094488436136,37.669369435458805,33.78445425710346,6.3213922517116385,6.3213922517116385,356.46254728617885,103.44249570199281,377.6718374905746,False,-110,20
10,12,120,240000000,2880000000,hybrid,1000000,10k_to_fout_over_2,120000000.0,29.77545821175857,36.72857620772207,37.71828425818302,33.828324399226524,21.907989410258544,21.907989410258544,364.09243989534167,103.60416381026666,386.08242419045,False,-110,20
11,12,132,264000000,3168000000,hybrid,1000000,10k_to_10M,10000000,29.737801498664044,36.68094488436136,34.24488130496255,30.71314023373042,6.3213922517116385,6.3213922517116385,324.05686116925347,94.0386324563571,343.92131527330764,False,-110,20
11,12,132,264000000,3168000000,hybrid,1000000,10k_to_fout_over_2,132000000.0,29.775463059202202,36.7285823301767,34.289355041469626,30.753027307477172,22.977380181387108,22.977380181387108,331.07459706515266,94.18562762997564,351.9862451744592,False,-110,20
12,10,120,288000000,2880000000,hybrid,1000000,10k_to_10M,10000000,29.737801498664044,36.68094488436136,37.669369435458805,33.78445425710346,6.3213922517116385,6.3213922517116385,356.46254728617885,103.44249570199281,377.6718374905746,False,-110,20
12,10,120,288000000,2880000000,hybrid,1000000,10k_to_fout_over_2,144000000.0,29.77546628219065,36.7285864026478,37.7182947278267,33.82833378911553,23.999166652198586,23.999166652198586,364.2620088853628,103.60420817229408,386.4908232336051,False,-110,20
13,10,130,312000000,3120000000,hybrid,1000000,10k_to_10M,10000000,29.737801498664044,36.68094488436136,34.7717256327312,31.18565008348012,6.3213922517116385,6.3213922517116385,329.0423513410881,95.48538064799337,349.10985824487244,False,-110,20
13,10,130,312000000,3120000000,hybrid,1000000,10k_to_fout_over_2,156000000.0,29.775468462586623,36.72858915662524,34.816890051705485,31.226156608270745,24.979191339993395,24.979191339993395,336.3088081886721,95.63466572771868,357.65958707566756,False,-110,20
14,8,112,336000000,2688000000,hybrid,1000000,10k_to_10M,10000000,29.737801498664044,36.68094488436136,40.36003868084872,36.19762956118228,6.3213922517116385,6.3213922517116385,381.92415780662014,110.8312453949923,404.2258983982258,False,-110,20
14,8,112,336000000,2688000000,hybrid,1000000,10k_to_fout_over_2,168000000.0,29.775469980497107,36.728591074572186,40.412463777474926,36.2446479558471,25.922191265400397,25.922191265400397,390.4299025936637,111.00453265966463,413.86452476526654,False,-110,20
15,8,120,360000000,2880000000,hybrid,1000000,10k_to_10M,10000000,29.737801498664044,36.68094488436136,37.669369435458805,33.78445425710346,6.3213922517116385,6.3213922517116385,356.46254728617885,103.44249570199281,377.6718374905746,False,-110,20
15,8,120,360000000,2880000000,hybrid,1000000,10k_to_fout_over_2,180000000.0,29.775471047262187,36.72859242198846,37.71830090936774,33.828339333142246,26.83207036365253,26.83207036365253,364.463279247903,103.60423757610332,387.05275468180736,False,-110,20
16,8,128,384000000,3072000000,hybrid,1000000,10k_to_10M,10000000,29.737801498664044,36.68094488436136,35.315033845742626,31.6729258660345,6.3213922517116385,6.3213922517116385,334.18363808079266,96.97733972061826,354.46210345286164,False,-110,20
16,8,128,384000000,3072000000,hybrid,1000000,10k_to_fout_over_2,192000000.0,29.77547181272879,36.72859338917637,35.3609080337044,31.714068959959395,27.71209122386834,27.71209122386834,341.7389325115632,97.12897768359838,363.6580819684706,False,-110,20
17,8,136,408000000,3264000000,hybrid,1000000,10k_to_10M,10000000,29.737801498664044,36.68094488436136,33.23767891364012,29.809812579797175,6.3213922517116385,6.3213922517116385,314.52577701721657,91.27279032528779,334.0064422181706,False,-110,20
17,8,136,408000000,3264000000,hybrid,1000000,10k_to_fout_over_2,204000000.0,29.775472364320947,36.72859408589331,33.28085525127271,29.848536057933313,28.565013565549037,28.565013565549037,321.6852842353764,91.41551208874935,343.08053974707724,False,-110,20
18,8,144,432000000,3456000000,hybrid,1000000,10k_to_10M,10000000,29.737801498664044,36.68094488436136,31.391141196215667,28.153711880919552,6.3213922517116385,6.3213922517116385,297.0521227384823,86.20207975166068,315.8457629457899,False,-110,20
18,8,144,432000000,3456000000,hybrid,1000000,10k_to_fout_over_2,216000000.0,29.77547276797399,36.72859459591552,31.431919284895493,28.19028444617193,29.393196491705357,29.393196491705357,303.857653630772,86.3368752117444,324.853314309647,False,-110,20
19,6,114,456000000,2736000000,hybrid,1000000,10k_to_10M,10000000,29.737801498664044,36.68094488436136,39.65196782679874,35.56258342852997,6.3213922517116385,6.3213922517116385,375.2237339854515,108.88683758104507,397.23534383614185,False,-110,20
19,6,114,456000000,2736000000,hybrid,1000000,10k_to_fout_over_2,228000000.0,29.775473063480565,36.7285949691731,39.70347739493703,35.60878071493665,30.198675467642627,30.198675467642627,383.87318089793126,109.05710827145874,407.62226600499497,False,-110,20
20,6,120,480000000,2880000000,hybrid,1000000,10k_to_10M,10000000,29.737801498664044,36.68094488436136,37.669369435458805,33.78445425710346,6.3213922517116385,6.3213922517116385,356.46254728617885,103.44249570199281,377.6718374905746,False,-110,20
20,6,120,480000000,2880000000,hybrid,1000000,10k_to_fout_over_2,240000000.0,29.775473282291042,36.72859524564234,37.71830380910932,33.8283419338278,30.983221265710906,30.983221265710906,364.7279991552767,103.60425492517086,387.9212171105651,False,-110,20
21,6,126,504000000,3024000000,hybrid,1000000,10k_to_10M,10000000,29.737801498664044,36.68094488436136,35.8755899385322,32.17567072105093,6.3213922517116385,6.3213922517116385,339.4881402725512,98.5166625733265,359.98584761858734,False,-110,20
21,6,126,504000000,3024000000,hybrid,1000000,10k_to_fout_over_2,252000000.0,29.77547344386544,36.72859544972949,35.922194303519916,32.217468687427925,31.748385785737202,31.748385785737202,347.40464668789645,98.67072059977771,370.1428879753642,False,-110,20
22,6,132,528000000,3168000000,hybrid,1000000,10k_to_10M,10000000,29.737801498664044,36.68094488436136,34.24488130496255,30.71314023373042,6.3213922517116385,6.3213922517116385,324.05686116925347,94.0386324563571,343.92131527330764,False,-110,20
22,6,132,528000000,3168000000,hybrid,1000000,10k_to_fout_over_2,264000000.0,29.775473564149486,36.72859560170931,34.289367431610025,30.75303841979828,32.49553815526063,32.49553815526063,331.65489188937465,94.18568910421897,354.02670802912905,False,-110,20
23,6,138,552000000,3312000000,hybrid,1000000,10k_to_10M,10000000,29.737801498664044,36.68094488436136,32.75597342213809,29.377786310524755,6.3213922517116385,6.3213922517116385,309.9674324227642,89.94999626260245,329.2667120577561,False,-110,20
23,6,138,552000000,3312000000,hybrid,1000000,10k_to_fout_over_2,276000000.0,29.775473653190595,36.72859571417858,32.79852546980084,29.415949882927215,33.22589351695453,33.22589351695453,317.2736372211814,90.09066015222226,339.35736013402817,False,-110,20
24,6,144,576000000,3456000000,hybrid,1000000,10k_to_10M,10000000,29.737801498664044,36.68094488436136,31.391141196215667,28.153711880919552,6.3213922517116385,6.3213922517116385,297.0521227384823,86.20207975166068,315.8457629457899,False,-110,20
24,6,144,576000000,3456000000,hybrid,1000000,10k_to_fout_over_2,288000000.0,29.7754737194468,36.72859579789388,31.431920313535084,28.190285368725892,33.940536236188144,33.940536236188144,304.08994598991995,86.33688344680142,325.95536363699887,False,-110,20
25,6,150,600000000,3600000000,hybrid,1000000,10k_to_10M,10000000,29.737801498664044,36.68094488436136,30.135495548367036,27.02756340568277,6.3213922517116385,6.3213922517116385,285.17003782894307,82.75399656159425,303.51039562666466,False,-110,20
25,6,150,600000000,3600000000,hybrid,1000000,10k_to_fout_over_2,300000000.0,29.775473768326354,36.72859585963431,30.174643551716983,27.062673999468963,34.64043879629701,34.64043879629701,291.9602102231082,82.88340876196571,313.66990584203,False,-110,20
26,6,156,624000000,3744000000,hybrid,1000000,10k_to_10M,10000000,29.737801498664044,36.68094488436136,28.976438027276,25.988041736233434,6.3213922517116385,6.3213922517116385,274.20195945090677,79.57115053999448,292.13531692452295,False,-110,20
26,6,156,624000000,3744000000,hybrid,1000000,10k_to_fout_over_2,312000000.0,29.775473804467183,36.728595905298754,29.014080374262438,26.021801954919077,35.326477322257865,35.326477322257865,280.7629019335781,79.69558587672856,302.37333405047383,False,-110,20
27,6,162,648000000,3888000000,hybrid,1000000,10k_to_10M,10000000,29.737801498664044,36.68094488436136,27.903236618858372,25.02552167192849,6.3213922517116385,6.3213922517116385,264.04633132309544,76.62407089036505,281.61379445854783,False,-110,20
27,6,162,648000000,3888000000,hybrid,1000000,10k_to_fout_over_2,324000000.0,29.77547383086876,36.72859593864675,27.93948483021318,25.058031534895914,35.99944444015768,35.99944444015768,270.3944848931194,76.74389794835956,291.95686614872113,False,-110,20
28,4,112,672000000,2688000000,hybrid,1000000,10k_to_10M,10000000,29.737801498664044,36.68094488436136,40.36003868084872,36.19762956118228,6.3213922517116385,6.3213922517116385,381.92415780662014,110.8312453949923,404.2258983982258,False,-110,20
28,4,112,672000000,2688000000,hybrid,1000000,10k_to_fout_over_2,336000000.0,29.77547385013331,36.72859596298798,40.41246915619812,36.24465277985209,36.660060010861955,36.660060010861955,391.1493072535689,111.00456721563907,416.16117746676383,False,-110,20
29,4,116,696000000,2784000000,hybrid,1000000,10k_to_10M,10000000,29.737801498664044,36.68094488436136,38.96831320909531,34.94943543838289,6.3213922517116385,6.3213922517116385,368.7543592615642,107.00947831240636,390.4875759233672,False,-110,20
29,4,116,696000000,2784000000,hybrid,1000000,10k_to_fout_over_2,348000000.0,29.77547386395907,36.72859598045121,39.01893575557107,34.994837183392605,37.30898015223679,37.30898015223679,377.7023131554504,107.17682397135368,402.38354034810186,False,-110,20
30,4,120,720000000,2880000000,hybrid,1000000,10k_to_10M,10000000,29.737801498664044,36.68094488436136,37.669369435458805,33.78445425710346,6.3213922517116385,6.3213922517116385,356.46254728617885,103.44249570199281,377.6718374905746,False,-110,20
30,4,120,720000000,2880000000,hybrid,1000000,10k_to_fout_over_2,360000000.0,29.775473873825447,36.728595992917754,37.718304576521184,33.828342622094986,37.946804872083746,37.946804872083746,365.15126025482505,103.60426355075592,389.55333673874287,False,-110,20
31,4,124,744000000,2976000000,hybrid,1000000,10k_to_10M,10000000,29.737801498664044,36.68094488436136,36.45422848592787,32.69463315203561,6.3213922517116385,6.3213922517116385,344.9637554382375,100.10564100192853,365.6893904579309,False,-110,20
31,4,124,744000000,2976000000,hybrid,1000000,10k_to_fout_over_2,372000000.0,29.775473880704567,36.72859600160658,36.50158508268787,32.73710577106228,38.57408456464001,38.57408456464001,353.4094937742134,100.26219085370542,377.57959375662085,False,-110,20
32,4,128,768000000,3072000000,hybrid,1000000,10k_to_10M,10000000,29.737801498664044,36.68094488436136,35.315033845742626,31.6729258660345,6.3213922517116385,6.3213922517116385,334.18363808079266,96.97733972061826,354.46210345286164,False,-110,20
32,4,128,768000000,3072000000,hybrid,1000000,10k_to_fout_over_2,384000000.0,29.775473885440245,36.728596007590426,35.36091055461488,31.714071220883476,39.19132557084538,39.19132557084538,342.4011842985658,97.12899766107792,366.38269352434236,False,-110,20
33,4,132,792000000,3168000000,hybrid,1000000,10k_to_10M,10000000,29.737801498664044,36.68094488436136,34.24488130496255,30.71314023373042,6.3213922517116385,6.3213922517116385,324.05686116925347,94.0386324563571,343.92131527330764,False,-110,20
33,4,132,792000000,3168000000,hybrid,1000000,10k_to_fout_over_2,396000000.0,29.77547388859054,36.728596011569344,34.28936781425033,30.753038762976153,39.79899496218464,39.79899496218464,332.0596895547013,94.18569493407952,355.8926541893066,False,-110,20
34,4,136,816000000,3264000000,hybrid,1000000,10k_to_10M,10000000,29.737801498664044,36.68094488436136,33.23767891364012,29.809812579797175,6.3213922517116385,6.3213922517116385,314.52577701721657,91.27279032528779,334.0064422181706,False,-110,20
34,4,136,816000000,3264000000,hybrid,1000000,10k_to_fout_over_2,408000000.0,29.77547389063315,36.72859601415042,33.280856998522935,29.84853762498619,40.397524676643215,40.397524676643215,322.326202989798,91.41552763507431,346.047712141127,False,-110,20
35,4,140,840000000,3360000000,hybrid,1000000,10k_to_10M,10000000,29.737801498664044,36.68094488436136,32.28803094467897,28.958103648945826,6.3213922517116385,6.3213922517116385,305.5393262452961,88.66499631599385,324.6638241611711,False,-110,20
35,4,140,840000000,3360000000,hybrid,1000000,10k_to_fout_over_2,420000000.0,29.775473891885426,36.728596015732,32.329975371385885,28.995722265520897,40.987315110897384,40.987315110897384,313.14863586948576,88.80365558883332,336.7931490111501,False,-110,20
36,4,144,864000000,3456000000,hybrid,1000000,10k_to_10M,10000000,29.737801498664044,36.68094488436136,31.391141196215667,28.153711880919552,6.3213922517116385,6.3213922517116385,297.0521227384823,86.20207975166068,315.8457629457899,False,-110,20
36,4,144,864000000,3456000000,hybrid,1000000,10k_to_fout_over_2,432000000.0,29.775473892612094,36.7285960166503,31.431920500744354,28.190285536627908,41.56873825364435,41.56873825364435,304.48068394308655,86.33688752674162,328.080312542738,False,-110,20
37,4,148,888000000,3552000000,hybrid,1000000,10k_to_10M,10000000,29.737801498664044,36.68094488436136,30.542731974696324,27.39280074900281,6.3213922517116385,6.3213922517116385,289.0236869887936,83.8722938124266,307.5097167162208,False,-110,20
37,4,148,888000000,3552000000,hybrid,1000000,10k_to_fout_over_2,444000000.0,29.77547389298924,36.728596017126584,30.582409136255958,27.428385927885547,42.14214042974081,42.14214042974081,296.2810466960947,84.00345826358813,319.8657973990085,False,-110,20
38,4,152,912000000,3648000000,hybrid,1000000,10k_to_10M,10000000,29.737801498664044,36.68094488436136,29.738975870099054,26.671937571397475,6.3213922517116385,6.3213922517116385,281.41780048908856,81.66512818578381,299.61762145927815,False,-110,20
38,4,152,912000000,3648000000,hybrid,1000000,10k_to_fout_over_2,456000000.0,29.775473893157695,36.7285960173395,29.77760889600079,26.706586298359174,42.70784471265198,42.70784471265198,288.51276886886643,81.79284105385179,312.110754384213,False,-110,20
39,4,156,936000000,3744000000,hybrid,1000000,10k_to_10M,10000000,29.737801498664044,36.68094488436136,28.976438027276,25.988041736233434,6.3213922517116385,6.3213922517116385,274.20195945090677,79.57115053999448,292.13531692452295,False,-110,20
39,4,156,936000000,3744000000,hybrid,1000000,10k_to_fout_over_2,468000000.0,29.775473893210613,36.728596017406296,29.014080462822765,26.021802034346013,43.26615305293497,43.26615305293497,281.14268387542194,79.69558881822114,304.78030650117694,False,-110,20
40,4,160,960000000,3840000000,hybrid,1000000,10k_to_10M,10000000,29.737801498664044,36.68094488436136,28.2520270765941,25.3383406928276,6.3213922517116385,6.3213922517116385,267.3469104646341,77.58187177649461,285.0320586564176,False,-110,20
40,4,160,960000000,3840000000,hybrid,1000000,10k_to_fout_over_2,480000000.0,29.77547389321726,36.728596017414695,28.28872845125866,25.371256983493158,43.817348162571335,43.817348162571335,274.14094028370357,77.70319918492028,297.8430522145718,False,-110,20
41,4,164,984000000,3936000000,hybrid,1000000,10k_to_10M,10000000,29.737801498664044,36.68094488436136,27.562953245457656,24.720332383246436,6.3213922517116385,6.3213922517116385,260.8262541118381,75.68963100145815,278.2801014364538,False,-110,20
41,4,164,984000000,3936000000,hybrid,1000000,10k_to_fout_over_2,492000000.0,29.77547389322256,36.72859601742141,27.598759464647642,24.75244583755883,44.361695188529396,44.361695188529396,267.48059777281566,75.80799928173558,291.2706415859794,False,-110,20
9,14,126,216000000,3024000000,hybrid,1000000,10k_to_10M,10000000,59.47560299732809,36.68094488436136,35.8755899385322,32.17567072105093,6.3213922517116385,6.3213922517116385,339.4881402725512,98.5166625733265,363.6520603538424,False,-110,40
9,14,126,216000000,3024000000,hybrid,1000000,10k_to_fout_over_2,108000000.0,59.55090123147262,36.728566609320616,35.92216609632175,32.21744338929291,20.783647418102536,20.783647418102536,346.65710292044923,98.67059554028613,371.4762664662759,False,-110,40
10,12,120,240000000,2880000000,hybrid,1000000,10k_to_10M,10000000,59.47560299732809,36.68094488436136,37.669369435458805,33.78445425710346,6.3213922517116385,6.3213922517116385,356.46254728617885,103.44249570199281,381.16797786202983,False,-110,40
10,12,120,240000000,2880000000,hybrid,1000000,10k_to_fout_over_2,120000000.0,59.55091642351714,36.72857620772207,37.71828425818302,33.828324399226524,21.907989410258544,21.907989410258544,364.09243989534167,103.60416381026666,389.5117097135016,False,-110,40
11,12,132,264000000,3168000000,hybrid,1000000,10k_to_10M,10000000,59.47560299732809,36.68094488436136,34.24488130496255,30.71314023373042,6.3213922517116385,6.3213922517116385,324.05686116925347,94.0386324563571,347.7569289219752,False,-110,40
11,12,132,264000000,3168000000,hybrid,1000000,10k_to_fout_over_2,132000000.0,59.550926118404405,36.7285823301767,34.289355041469626,30.753027307477172,22.977380181387108,22.977380181387108,331.07459706515266,94.18562762997564,355.7443624193984,False,-110,40
12,10,120,288000000,2880000000,hybrid,1000000,10k_to_10M,10000000,59.47560299732809,36.68094488436136,37.669369435458805,33.78445425710346,6.3213922517116385,6.3213922517116385,356.46254728617885,103.44249570199281,381.16797786202983,False,-110,40
12,10,120,288000000,2880000000,hybrid,1000000,10k_to_fout_over_2,144000000.0,59.5509325643813,36.7285864026478,37.7182947278267,33.82833378911553,23.999166652198586,23.999166652198586,364.2620088853628,103.60420817229408,389.91651878415644,False,-110,40
13,10,130,312000000,3120000000,hybrid,1000000,10k_to_10M,10000000,59.47560299732809,36.68094488436136,34.7717256327312,31.18565008348012,6.3213922517116385,6.3213922517116385,329.0423513410881,95.48538064799337,352.8890812106217,False,-110,40
13,10,130,312000000,3120000000,hybrid,1000000,10k_to_fout_over_2,156000000.0,59.55093692517325,36.72858915662524,34.816890051705485,31.226156608270745,24.979191339993395,24.979191339993395,336.3088081886721,95.63466572771868,361.35870792556875,False,-110,40
14,8,112,336000000,2688000000,hybrid,1000000,10k_to_10M,10000000,59.47560299732809,36.68094488436136,40.36003868084872,36.19762956118228,6.3213922517116385,6.3213922517116385,381.92415780662014,110.8312453949923,407.49427903931934,False,-110,40
14,8,112,336000000,2688000000,hybrid,1000000,10k_to_fout_over_2,168000000.0,59.550939960994214,36.728591074572186,40.412463777474926,36.2446479558471,25.922191265400397,25.922191265400397,390.4299025936637,111.00453265966463,417.0654393459837,False,-110,40
15,8,120,360000000,2880000000,hybrid,1000000,10k_to_10M,10000000,59.47560299732809,36.68094488436136,37.669369435458805,33.78445425710346,6.3213922517116385,6.3213922517116385,356.46254728617885,103.44249570199281,381.16797786202983,False,-110,40
15,8,120,360000000,2880000000,hybrid,1000000,10k_to_fout_over_2,180000000.0,59.55094209452437,36.72859242198846,37.71830090936774,33.828339333142246,26.83207036365253,26.83207036365253,364.463279247903,103.60423757610332,390.47352142627335,False,-110,40
16,8,128,384000000,3072000000,hybrid,1000000,10k_to_10M,10000000,59.47560299732809,36.68094488436136,35.315033845742626,31.6729258660345,6.3213922517116385,6.3213922517116385,334.18363808079266,96.97733972061826,358.1848591134877,False,-110,40
16,8,128,384000000,3072000000,hybrid,1000000,10k_to_fout_over_2,192000000.0,59.55094362545758,36.72859338917637,35.3609080337044,31.714068959959395,27.71209122386834,27.71209122386834,341.7389325115632,97.12897768359838,367.29679653653216,False,-110,40
17,8,136,408000000,3264000000,hybrid,1000000,10k_to_10M,10000000,59.47560299732809,36.68094488436136,33.23767891364012,29.809812579797175,6.3213922517116385,6.3213922517116385,314.52577701721657,91.27279032528779,337.9546033969089,False,-110,40
17,8,136,408000000,3264000000,hybrid,1000000,10k_to_fout_over_2,204000000.0,59.550944728641895,36.72859408589331,33.28085525127271,29.848536057933313,28.565013565549037,28.565013565549037,321.6852842353764,91.41551208874935,346.93514237779544,False,-110,40
18,8,144,432000000,3456000000,hybrid,1000000,10k_to_10M,10000000,59.47560299732809,36.68094488436136,31.391141196215667,28.153711880919552,6.3213922517116385,6.3213922517116385,297.0521227384823,86.20207975166068,320.01805649795756,False,-110,40
18,8,144,432000000,3456000000,hybrid,1000000,10k_to_fout_over_2,216000000.0,59.55094553594798,36.72859459591552,31.431919284895493,28.19028444617193,29.393196491705357,29.393196491705357,303.857653630772,86.3368752117444,328.9215896739394,False,-110,40
19,6,114,456000000,2736000000,hybrid,1000000,10k_to_10M,10000000,59.47560299732809,36.68094488436136,39.65196782679874,35.56258342852997,6.3213922517116385,6.3213922517116385,375.2237339854515,108.88683758104507,400.5607680571572,False,-110,40
19,6,114,456000000,2736000000,hybrid,1000000,10k_to_fout_over_2,228000000.0,59.55094612696113,36.7285949691731,39.70347739493703,35.60878071493665,30.198675467642627,30.198675467642627,383.87318089793126,109.05710827145874,410.8718147202471,False,-110,40
20,6,120,480000000,2880000000,hybrid,1000000,10k_to_10M,10000000,59.47560299732809,36.68094488436136,37.669369435458805,33.78445425710346,6.3213922517116385,6.3213922517116385,356.46254728617885,103.44249570199281,381.16797786202983,False,-110,40
20,6,120,480000000,2880000000,hybrid,1000000,10k_to_fout_over_2,240000000.0,59.550946564582084,36.72859524564234,37.71830380910932,33.8283419338278,30.983221265710906,30.983221265710906,364.7279991552767,103.60425492517086,391.3343929583694,False,-110,40
21,6,126,504000000,3024000000,hybrid,1000000,10k_to_10M,10000000,59.47560299732809,36.68094488436136,35.8755899385322,32.17567072105093,6.3213922517116385,6.3213922517116385,339.4881402725512,98.5166625733265,363.6520603538424,False,-110,40
21,6,126,504000000,3024000000,hybrid,1000000,10k_to_fout_over_2,252000000.0,59.55094688773088,36.72859544972949,35.922194303519916,32.217468687427925,31.748385785737202,31.748385785737202,347.40464668789645,98.67072059977771,373.71846887083603,False,-110,40
22,6,132,528000000,3168000000,hybrid,1000000,10k_to_10M,10000000,59.47560299732809,36.68094488436136,34.24488130496255,30.71314023373042,6.3213922517116385,6.3213922517116385,324.05686116925347,94.0386324563571,347.7569289219752,False,-110,40
22,6,132,528000000,3168000000,hybrid,1000000,10k_to_fout_over_2,264000000.0,59.55094712829897,36.72859560170931,34.289367431610025,30.75303841979828,32.49553815526063,32.49553815526063,331.65489188937465,94.18568910421897,357.76339454428575,False,-110,40
23,6,138,552000000,3312000000,hybrid,1000000,10k_to_10M,10000000,59.47560299732809,36.68094488436136,32.75597342213809,29.377786310524755,6.3213922517116385,6.3213922517116385,309.9674324227642,89.94999626260245,333.27102811862767,False,-110,40
23,6,138,552000000,3312000000,hybrid,1000000,10k_to_fout_over_2,276000000.0,59.55094730638119,36.72859571417858,32.79852546980084,29.415949882927215,33.22589351695453,33.22589351695453,317.2736372211814,90.09066015222226,343.2537754649642,False,-110,40
24,6,144,576000000,3456000000,hybrid,1000000,10k_to_10M,10000000,59.47560299732809,36.68094488436136,31.391141196215667,28.153711880919552,6.3213922517116385,6.3213922517116385,297.0521227384823,86.20207975166068,320.01805649795756,False,-110,40
24,6,144,576000000,3456000000,hybrid,1000000,10k_to_fout_over_2,288000000.0,59.5509474388936,36.72859579789388,31.431920313535084,28.190285368725892,33.940536236188144,33.940536236188144,304.08994598991995,86.33688344680142,330.01005377015497,False,-110,40
25,6,150,600000000,3600000000,hybrid,1000000,10k_to_10M,10000000,59.47560299732809,36.68094488436136,30.135495548367036,27.02756340568277,6.3213922517116385,6.3213922517116385,285.17003782894307,82.75399656159425,307.8499159775366,False,-110,40
25,6,150,600000000,3600000000,hybrid,1000000,10k_to_fout_over_2,300000000.0,59.55094753665271,36.72859585963431,30.174643551716983,27.062673999468963,34.64043879629701,34.64043879629701,291.9602102231082,82.88340876196571,317.8813400395387,False,-110,40
26,6,156,624000000,3744000000,hybrid,1000000,10k_to_10M,10000000,59.47560299732809,36.68094488436136,28.976438027276,25.988041736233434,6.3213922517116385,6.3213922517116385,274.20195945090677,79.57115053999448,296.64128827341835,False,-110,40
26,6,156,624000000,3744000000,hybrid,1000000,10k_to_fout_over_2,312000000.0,59.550947608934365,36.728595905298754,29.014080374262438,26.021801954919077,35.326477322257865,35.326477322257865,280.7629019335781,79.69558587672856,306.7399055643738,False,-110,40
27,6,162,648000000,3888000000,hybrid,1000000,10k_to_10M,10000000,59.47560299732809,36.68094488436136,27.903236618858372,25.02552167192849,6.3213922517116385,6.3213922517116385,264.04633132309544,76.62407089036505,286.285416574549,False,-110,40
27,6,162,648000000,3888000000,hybrid,1000000,10k_to_fout_over_2,324000000.0,59.55094766173752,36.72859593864675,27.93948483021318,25.058031534895914,35.99944444015768,35.99944444015768,270.3944848931194,76.74389794835956,296.4768932259992,False,-110,40
28,4,112,672000000,2688000000,hybrid,1000000,10k_to_10M,10000000,59.47560299732809,36.68094488436136,40.36003868084872,36.19762956118228,6.3213922517116385,6.3213922517116385,381.92415780662014,110.8312453949923,407.49427903931934,False,-110,40
28,4,112,672000000,2688000000,hybrid,1000000,10k_to_fout_over_2,336000000.0,59.55094770026662,36.72859596298798,40.41246915619812,36.24465277985209,36.660060010861955,36.660060010861955,391.1493072535689,111.00456721563907,419.34456257297916,False,-110,40
29,4,116,696000000,2784000000,hybrid,1000000,10k_to_10M,10000000,59.47560299732809,36.68094488436136,38.96831320909531,34.94943543838289,6.3213922517116385,6.3213922517116385,368.7543592615642,107.00947831240636,393.86997532742873,False,-110,40
29,4,116,696000000,2784000000,hybrid,1000000,10k_to_fout_over_2,348000000.0,59.55094772791814,36.72859598045121,39.01893575557107,34.994837183392605,37.30898015223679,37.30898015223679,377.7023131554504,107.17682397135368,405.6750547846668,False,-110,40
30,4,120,720000000,2880000000,hybrid,1000000,10k_to_10M,10000000,59.47560299732809,36.68094488436136,37.669369435458805,33.78445425710346,6.3213922517116385,6.3213922517116385,356.46254728617885,103.44249570199281,381.16797786202983,False,-110,40
30,4,120,720000000,2880000000,hybrid,1000000,10k_to_fout_over_2,360000000.0,59.550947747650895,36.728595992917754,37.718304576521184,33.828342622094986,37.946804872083746,37.946804872083746,365.15126025482505,103.60426355075592,392.95233641947084,False,-110,40
31,4,124,744000000,2976000000,hybrid,1000000,10k_to_10M,10000000,59.47560299732809,36.68094488436136,36.45422848592787,32.69463315203561,6.3213922517116385,6.3213922517116385,344.9637554382375,100.10564100192853,369.2989856571703,False,-110,40
31,4,124,744000000,2976000000,hybrid,1000000,10k_to_fout_over_2,372000000.0,59.550947761409134,36.72859600160658,36.50158508268787,32.73710577106228,38.57408456464001,38.57408456464001,353.4094937742134,100.26219085370542,381.08540533045397,False,-110,40
32,4,128,768000000,3072000000,hybrid,1000000,10k_to_10M,10000000,59.47560299732809,36.68094488436136,35.315033845742626,31.6729258660345,6.3213922517116385,6.3213922517116385,334.18363808079266,96.97733972061826,358.1848591134877,False,-110,40
32,4,128,768000000,3072000000,hybrid,1000000,10k_to_fout_over_2,384000000.0,59.55094777088049,36.728596007590426,35.36091055461488,31.714071220883476,39.19132557084538,39.19132557084538,342.4011842985658,97.12899766107792,369.99461435196565,False,-110,40
33,4,132,792000000,3168000000,hybrid,1000000,10k_to_10M,10000000,59.47560299732809,36.68094488436136,34.24488130496255,30.71314023373042,6.3213922517116385,6.3213922517116385,324.05686116925347,94.0386324563571,347.7569289219752,False,-110,40
33,4,132,792000000,3168000000,hybrid,1000000,10k_to_fout_over_2,396000000.0,59.55094777718108,36.728596011569344,34.28936781425033,30.753038762976153,39.79899496218464,39.79899496218464,332.0596895547013,94.18569493407952,359.6099523675336,False,-110,40
34,4,136,816000000,3264000000,hybrid,1000000,10k_to_10M,10000000,59.47560299732809,36.68094488436136,33.23767891364012,29.809812579797175,6.3213922517116385,6.3213922517116385,314.52577701721657,91.27279032528779,337.9546033969089,False,-110,40
34,4,136,816000000,3264000000,hybrid,1000000,10k_to_fout_over_2,408000000.0,59.5509477812663,36.72859601415042,33.280856998522935,29.84853762498619,40.397524676643215,40.397524676643215,322.326202989798,91.41552763507431,349.8696265958845,False,-110,40
35,4,140,840000000,3360000000,hybrid,1000000,10k_to_10M,10000000,59.47560299732809,36.68094488436136,32.28803094467897,28.958103648945826,6.3213922517116385,6.3213922517116385,305.5393262452961,88.66499631599385,328.72421455207353,False,-110,40
35,4,140,840000000,3360000000,hybrid,1000000,10k_to_fout_over_2,420000000.0,59.55094778377085,36.728596015732,32.329975371385885,28.995722265520897,40.987315110897384,40.987315110897384,313.14863586948576,88.80365558883332,340.7188896396937,False,-110,40
36,4,144,864000000,3456000000,hybrid,1000000,10k_to_10M,10000000,59.47560299732809,36.68094488436136,31.391141196215667,28.153711880919552,6.3213922517116385,6.3213922517116385,297.0521227384823,86.20207975166068,320.01805649795756,False,-110,40
36,4,144,864000000,3456000000,hybrid,1000000,10k_to_fout_over_2,432000000.0,59.55094778522419,36.7285960166503,31.431920500744354,28.190285536627908,41.56873825364435,41.56873825364435,304.48068394308655,86.33688752674162,332.1090604225207,False,-110,40
37,4,148,888000000,3552000000,hybrid,1000000,10k_to_10M,10000000,59.47560299732809,36.68094488436136,30.542731974696324,27.39280074900281,6.3213922517116385,6.3213922517116385,289.0236869887936,83.8722938124266,311.7935797748443,False,-110,40
37,4,148,888000000,3552000000,hybrid,1000000,10k_to_fout_over_2,444000000.0,59.55094778597848,36.728596017126584,30.582409136255958,27.428385927885547,42.14214042974081,42.14214042974081,296.2810466960947,84.00345826358813,323.9967050486159,False,-110,40
38,4,152,912000000,3648000000,hybrid,1000000,10k_to_10M,10000000,59.47560299732809,36.68094488436136,29.738975870099054,26.671937571397475,6.3213922517116385,6.3213922517116385,281.41780048908856,81.66512818578381,304.01271289674247,False,-110,40
38,4,152,912000000,3648000000,hybrid,1000000,10k_to_fout_over_2,456000000.0,59.55094778631539,36.7285960173395,29.77760889600079,26.706586298359174,42.70784471265198,42.70784471265198,288.51276886886643,81.79284105385179,316.3429460869467,False,-110,40
39,4,156,936000000,3744000000,hybrid,1000000,10k_to_10M,10000000,59.47560299732809,36.68094488436136,28.976438027276,25.988041736233434,6.3213922517116385,6.3213922517116385,274.20195945090677,79.57115053999448,296.64128827341835,False,-110,40
39,4,156,936000000,3744000000,hybrid,1000000,10k_to_fout_over_2,468000000.0,59.550947786421226,36.728596017406296,29.014080462822765,26.021802034346013,43.26615305293497,43.26615305293497,281.14268387542194,79.69558881822114,309.11287868292897,False,-110,40
40,4,160,960000000,3840000000,hybrid,1000000,10k_to_10M,10000000,59.47560299732809,36.68094488436136,28.2520270765941,25.3383406928276,6.3213922517116385,6.3213922517116385,267.3469104646341,77.58187177649461,289.6485542443416,False,-110,40
40,4,160,960000000,3840000000,hybrid,1000000,10k_to_fout_over_2,480000000.0,59.55094778643452,36.728596017414695,28.28872845125866,25.371256983493158,43.817348162571335,43.817348162571335,274.14094028370357,77.70319918492028,302.2750738800491,False,-110,40
41,4,164,984000000,3936000000,hybrid,1000000,10k_to_10M,10000000,59.47560299732809,36.68094488436136,27.562953245457656,24.720332383246436,6.3213922517116385,6.3213922517116385,260.8262541118381,75.68963100145815,283.0067585224863,False,-110,40
41,4,164,984000000,3936000000,hybrid,1000000,10k_to_fout_over_2,492000000.0,59.55094778644512,36.72859601742141,27.598759464647642,24.75244583755883,44.361695188529396,44.361695188529396,267.48059777281566,75.80799928173558,295.80115480945307,False,-110,40
9,14,126,216000000,3024000000,hybrid,1000000,10k_to_10M,10000000,118.95120599465618,36.68094488436136,35.8755899385322,32.17567072105093,6.3213922517116385,6.3213922517116385,339.4881402725512,98.5166625733265,377.9614571028136,False,-110,80
9,14,126,216000000,3024000000,hybrid,1000000,10k_to_fout_over_2,108000000.0,119.10180246294524,36.728566609320616,35.92216609632175,32.21744338929291,20.783647418102536,20.783647418102536,346.65710292044923,98.67059554028613,385.5302141987907,False,-110,80
10,12,120,240000000,2880000000,hybrid,1000000,10k_to_10M,10000000,118.95120599465618,36.68094488436136,37.669369435458805,33.78445425710346,6.3213922517116385,6.3213922517116385,356.46254728617885,103.44249570199281,394.84309466307775,False,-110,80
10,12,120,240000000,2880000000,hybrid,1000000,10k_to_fout_over_2,120000000.0,119.10183284703427,36.72857620772207,37.71828425818302,33.828324399226524,21.907989410258544,21.907989410258544,364.09243989534167,103.60416381026666,402.9371004816723,False,-110,80
11,12,132,264000000,3168000000,hybrid,1000000,10k_to_10M,10000000,118.95120599465618,36.68094488436136,34.24488130496255,30.71314023373042,6.3213922517116385,6.3213922517116385,324.05686116925347,94.0386324563571,362.69398074538134,False,-110,80
11,12,132,264000000,3168000000,hybrid,1000000,10k_to_fout_over_2,132000000.0,119.10185223680881,36.7285823301767,34.289355041469626,30.753027307477172,22.977380181387108,22.977380181387108,331.07459706515266,94.18562762997564,370.39572054474826,False,-110,80
12,10,120,288000000,2880000000,hybrid,1000000,10k_to_10M,10000000,118.95120599465618,36.68094488436136,37.669369435458805,33.78445425710346,6.3213922517116385,6.3213922517116385,356.46254728617885,103.44249570199281,394.84309466307775,False,-110,80
12,10,120,288000000,2880000000,hybrid,1000000,10k_to_fout_over_2,144000000.0,119.1018651287626,36.7285864026478,37.7182947278267,33.82833378911553,23.999166652198586,23.999166652198586,364.2620088853628,103.60420817229408,403.32844225099956,False,-110,80
13,10,130,312000000,3120000000,hybrid,1000000,10k_to_10M,10000000,118.95120599465618,36.68094488436136,34.7717256327312,31.18565008348012,6.3213922517116385,6.3213922517116385,329.0423513410881,95.48538064799337,367.6176623794947,False,-110,80
13,10,130,312000000,3120000000,hybrid,1000000,10k_to_fout_over_2,156000000.0,119.1018738503465,36.72858915662524,34.816890051705485,31.226156608270745,24.979191339993395,24.979191339993395,336.3088081886721,95.63466572771868,375.79124265958404,False,-110,80
14,8,112,336000000,2688000000,hybrid,1000000,10k_to_10M,10000000,118.95120599465618,36.68094488436136,40.36003868084872,36.19762956118228,6.3213922517116385,6.3213922517116385,381.92415780662014,110.8312453949923,420.3137274768241,False,-110,80
14,8,112,336000000,2688000000,hybrid,1000000,10k_to_fout_over_2,168000000.0,119.10187992198843,36.728591074572186,40.412463777474926,36.2446479558471,25.922191265400397,25.922191265400397,390.4299025936637,111.00453265966463,429.6306833171628,False,-110,80
15,8,120,360000000,2880000000,hybrid,1000000,10k_to_10M,10000000,118.95120599465618,36.68094488436136,37.669369435458805,33.78445425710346,6.3213922517116385,6.3213922517116385,356.46254728617885,103.44249570199281,394.84309466307775,False,-110,80
15,8,120,360000000,2880000000,hybrid,1000000,10k_to_fout_over_2,180000000.0,119.10188418904875,36.72859242198846,37.71830090936774,33.828339333142246,26.83207036365253,26.83207036365253,364.463279247903,103.60423757610332,403.8669521613158,False,-110,80
16,8,128,384000000,3072000000,hybrid,1000000,10k_to_10M,10000000,118.95120599465618,36.68094488436136,35.315033845742626,31.6729258660345,6.3213922517116385,6.3213922517116385,334.18363808079266,96.97733972061826,372.70421966196784,False,-110,80
16,8,128,384000000,3072000000,hybrid,1000000,10k_to_fout_over_2,192000000.0,119.10188725091515,36.72859338917637,35.3609080337044,31.714068959959395,27.71209122386834,27.71209122386834,341.7389325115632,97.12897768359838,381.504759349141,False,-110,80
17,8,136,408000000,3264000000,hybrid,1000000,10k_to_10M,10000000,118.95120599465618,36.68094488436136,33.23767891364012,29.809812579797175,6.3213922517116385,6.3213922517116385,314.52577701721657,91.27279032528779,353.3063203692362,False,-110,80
17,8,136,408000000,3264000000,hybrid,1000000,10k_to_fout_over_2,204000000.0,119.10188945728379,36.72859408589331,33.28085525127271,29.848536057933313,28.565013565549037,28.565013565549037,321.6852842353764,91.41551208874935,361.9432801847859,False,-110,80
18,8,144,432000000,3456000000,hybrid,1000000,10k_to_10M,10000000,118.95120599465618,36.68094488436136,31.391141196215667,28.153711880919552,6.3213922517116385,6.3213922517116385,297.0521227384823,86.20207975166068,336.1898251589677,False,-110,80
18,8,144,432000000,3456000000,hybrid,1000000,10k_to_fout_over_2,216000000.0,119.10189107189596,36.72859459591552,31.431919284895493,28.19028444617193,29.393196491705357,29.393196491705357,303.857653630772,86.3368752117444,344.7148930584632,False,-110,80
19,6,114,456000000,2736000000,hybrid,1000000,10k_to_10M,10000000,118.95120599465618,36.68094488436136,39.65196782679874,35.56258342852997,6.3213922517116385,6.3213922517116385,375.2237339854515,108.88683758104507,413.5951776341536,False,-110,80
19,6,114,456000000,2736000000,hybrid,1000000,10k_to_fout_over_2,228000000.0,119.10189225392226,36.7285949691731,39.70347739493703,35.60878071493665,30.198675467642627,30.198675467642627,383.87318089793126,109.05710827145874,423.6208135648646,False,-110,80
20,6,120,480000000,2880000000,hybrid,1000000,10k_to_10M,10000000,118.95120599465618,36.68094488436136,37.669369435458805,33.78445425710346,6.3213922517116385,6.3213922517116385,356.46254728617885,103.44249570199281,394.84309466307775,False,-110,80
20,6,120,480000000,2880000000,hybrid,1000000,10k_to_fout_over_2,240000000.0,119.10189312916417,36.72859524564234,37.71830380910932,33.8283419338278,30.983221265710906,30.983221265710906,364.7279991552767,103.60425492517086,404.69933632551044,False,-110,80
21,6,126,504000000,3024000000,hybrid,1000000,10k_to_10M,10000000,118.95120599465618,36.68094488436136,35.8755899385322,32.17567072105093,6.3213922517116385,6.3213922517116385,339.4881402725512,98.5166625733265,377.9614571028136,False,-110,80
21,6,126,504000000,3024000000,hybrid,1000000,10k_to_fout_over_2,252000000.0,119.10189377546176,36.72859544972949,35.922194303519916,32.217468687427925,31.748385785737202,31.748385785737202,347.40464668789645,98.67072059977771,387.69116549237754,False,-110,80
22,6,132,528000000,3168000000,hybrid,1000000,10k_to_10M,10000000,118.95120599465618,36.68094488436136,34.24488130496255,30.71314023373042,6.3213922517116385,6.3213922517116385,324.05686116925347,94.0386324563571,362.69398074538134,False,-110,80
22,6,132,528000000,3168000000,hybrid,1000000,10k_to_fout_over_2,264000000.0,119.10189425659794,36.72859560170931,34.289367431610025,30.75303841979828,32.49553815526063,32.49553815526063,331.65489188937465,94.18568910421897,372.335322508465,False,-110,80
23,6,138,552000000,3312000000,hybrid,1000000,10k_to_10M,10000000,118.95120599465618,36.68094488436136,32.75597342213809,29.377786310524755,6.3213922517116385,6.3213922517116385,309.9674324227642,89.94999626260245,348.8289268953113,False,-110,80
23,6,138,552000000,3312000000,hybrid,1000000,10k_to_fout_over_2,276000000.0,119.10189461276238,36.72859571417858,32.79852546980084,29.415949882927215,33.22589351695453,33.22589351695453,317.2736372211814,90.09066015222226,358.4160994517604,False,-110,80
24,6,144,576000000,3456000000,hybrid,1000000,10k_to_10M,10000000,118.95120599465618,36.68094488436136,31.391141196215667,28.153711880919552,6.3213922517116385,6.3213922517116385,297.0521227384823,86.20207975166068,336.1898251589677,False,-110,80
24,6,144,576000000,3456000000,hybrid,1000000,10k_to_fout_over_2,288000000.0,119.1018948777872,36.72859579789388,31.431920313535084,28.190285368725892,33.940536236188144,33.940536236188144,304.08994598991995,86.33688344680142,345.7536429482561,False,-110,80
25,6,150,600000000,3600000000,hybrid,1000000,10k_to_10M,10000000,118.95120599465618,36.68094488436136,30.135495548367036,27.02756340568277,6.3213922517116385,6.3213922517116385,285.17003782894307,82.75399656159425,324.62842269749535,False,-110,80
25,6,150,600000000,3600000000,hybrid,1000000,10k_to_fout_over_2,300000000.0,119.10189507330541,36.72859585963431,30.174643551716983,27.062673999468963,34.64043879629701,34.64043879629701,291.9602102231082,82.88340876196571,334.19678694277167,False,-110,80
26,6,156,624000000,3744000000,hybrid,1000000,10k_to_10M,10000000,118.95120599465618,36.68094488436136,28.976438027276,25.988041736233434,6.3213922517116385,6.3213922517116385,274.20195945090677,79.57115053999448,314.01926049878,False,-110,80
26,6,156,624000000,3744000000,hybrid,1000000,10k_to_fout_over_2,312000000.0,119.10189521786873,36.728595905298754,29.014080374262438,26.021801954919077,35.326477322257865,35.326477322257865,280.7629019335781,79.69558587672856,323.61754549005394,False,-110,80
27,6,162,648000000,3888000000,hybrid,1000000,10k_to_10M,10000000,118.95120599465618,36.68094488436136,27.903236618858372,25.02552167192849,6.3213922517116385,6.3213922517116385,264.04633132309544,76.62407089036505,304.2554548384473,False,-110,80
27,6,162,648000000,3888000000,hybrid,1000000,10k_to_fout_over_2,324000000.0,119.10189532347503,36.72859593864675,27.93948483021318,25.058031534895914,35.99944444015768,35.99944444015768,270.3944848931194,76.74389794835956,313.9068242634644,False,-110,80
28,4,112,672000000,2688000000,hybrid,1000000,10k_to_10M,10000000,118.95120599465618,36.68094488436136,40.36003868084872,36.19762956118228,6.3213922517116385,6.3213922517116385,381.92415780662014,110.8312453949923,420.3137274768241,False,-110,80
28,4,112,672000000,2688000000,hybrid,1000000,10k_to_fout_over_2,336000000.0,119.10189540053324,36.72859596298798,40.41246915619812,36.24465277985209,36.660060010861955,36.660060010861955,391.1493072535689,111.00456721563907,431.8434997490675,False,-110,80
29,4,116,696000000,2784000000,hybrid,1000000,10k_to_10M,10000000,118.95120599465618,36.68094488436136,38.96831320909531,34.94943543838289,6.3213922517116385,6.3213922517116385,368.7543592615642,107.00947831240636,407.118655332959,False,-110,80
29,4,116,696000000,2784000000,hybrid,1000000,10k_to_fout_over_2,348000000.0,119.10189545583629,36.72859598045121,39.01893575557107,34.994837183392605,37.30898015223679,37.30898015223679,377.7023131554504,107.17682397135368,418.5823648942012,False,-110,80
30,4,120,720000000,2880000000,hybrid,1000000,10k_to_10M,10000000,118.95120599465618,36.68094488436136,37.669369435458805,33.78445425710346,6.3213922517116385,6.3213922517116385,356.46254728617885,103.44249570199281,394.84309466307775,False,-110,80
30,4,120,720000000,2880000000,hybrid,1000000,10k_to_fout_over_2,360000000.0,119.10189549530179,36.728595992917754,37.718304576521184,33.828342622094986,37.946804872083746,37.946804872083746,365.15126025482505,103.60426355075592,406.26405800962914,False,-110,80
31,4,124,744000000,2976000000,hybrid,1000000,10k_to_10M,10000000,118.95120599465618,36.68094488436136,36.45422848592787,32.69463315203561,6.3213922517116385,6.3213922517116385,344.9637554382375,100.10564100192853,383.39768239140705,False,-110,80
31,4,124,744000000,2976000000,hybrid,1000000,10k_to_fout_over_2,372000000.0,119.10189552281827,36.72859600160658,36.50158508268787,32.73710577106228,38.57408456464001,38.57408456464001,353.4094937742134,100.26219085370542,394.79745730402396,False,-110,80
32,4,128,768000000,3072000000,hybrid,1000000,10k_to_10M,10000000,118.95120599465618,36.68094488436136,35.315033845742626,31.6729258660345,6.3213922517116385,6.3213922517116385,334.18363808079266,96.97733972061826,372.70421966196784,False,-110,80
32,4,128,768000000,3072000000,hybrid,1000000,10k_to_fout_over_2,384000000.0,119.10189554176098,36.728596007590426,35.36091055461488,31.714071220883476,39.19132557084538,39.19132557084538,342.4011842985658,97.12899766107792,384.1027997693979,False,-110,80
33,4,132,792000000,3168000000,hybrid,1000000,10k_to_10M,10000000,118.95120599465618,36.68094488436136,34.24488130496255,30.71314023373042,6.3213922517116385,6.3213922517116385,324.05686116925347,94.0386324563571,362.69398074538134,False,-110,80
33,4,132,792000000,3168000000,hybrid,1000000,10k_to_fout_over_2,396000000.0,119.10189555436216,36.728596011569344,34.28936781425033,30.753038762976153,39.79899496218464,39.79899496218464,332.0596895547013,94.18569493407952,374.10996242450085,False,-110,80
34,4,136,816000000,3264000000,hybrid,1000000,10k_to_10M,10000000,118.95120599465618,36.68094488436136,33.23767891364012,29.809812579797175,6.3213922517116385,6.3213922517116385,314.52577701721657,91.27279032528779,353.3063203692362,False,-110,80
34,4,136,816000000,3264000000,hybrid,1000000,10k_to_fout_over_2,408000000.0,119.1018955625326,36.72859601415042,33.280856998522935,29.84853762498619,40.397524676643215,40.397524676643215,322.326202989798,91.41552763507431,364.7570448384581,False,-110,80
35,4,140,840000000,3360000000,hybrid,1000000,10k_to_10M,10000000,118.95120599465618,36.68094488436136,32.28803094467897,28.958103648945826,6.3213922517116385,6.3213922517116385,305.5393262452961,88.66499631599385,344.4875197863705,False,-110,80
35,4,140,840000000,3360000000,hybrid,1000000,10k_to_fout_over_2,420000000.0,119.1018955675417,36.728596015732,32.329975371385885,28.995722265520897,40.987315110897384,40.987315110897384,313.14863586948576,88.80365558883332,355.9891963292454,False,-110,80
36,4,144,864000000,3456000000,hybrid,1000000,10k_to_10M,10000000,118.95120599465618,36.68094488436136,31.391141196215667,28.153711880919552,6.3213922517116385,6.3213922517116385,297.0521227384823,86.20207975166068,336.1898251589677,False,-110,80
36,4,144,864000000,3456000000,hybrid,1000000,10k_to_fout_over_2,432000000.0,119.10189557044838,36.7285960166503,31.431920500744354,28.190285536627908,41.56873825364435,41.56873825364435,304.48068394308655,86.33688752674162,347.7576370995826,False,-110,80
37,4,148,888000000,3552000000,hybrid,1000000,10k_to_10M,10000000,118.95120599465618,36.68094488436136,30.542731974696324,27.39280074900281,6.3213922517116385,6.3213922517116385,289.0236869887936,83.8722938124266,328.37064187362967,False,-110,80
37,4,148,888000000,3552000000,hybrid,1000000,10k_to_fout_over_2,444000000.0,119.10189557195696,36.728596017126584,30.582409136255958,27.428385927885547,42.14214042974081,42.14214042974081,296.2810466960947,84.00345826358813,340.0188392265711,False,-110,80
38,4,152,912000000,3648000000,hybrid,1000000,10k_to_10M,10000000,118.95120599465618,36.68094488436136,29.738975870099054,26.671937571397475,6.3213922517116385,6.3213922517116385,281.41780048908856,81.66512818578381,320.99185606261807,False,-110,80
38,4,152,912000000,3648000000,hybrid,1000000,10k_to_fout_over_2,456000000.0,119.10189557263078,36.7285960173395,29.77760889600079,26.706586298359174,42.70784471265198,42.70784471265198,288.51276886886643,81.79284105385179,332.73383609983864,False,-110,80
39,4,156,936000000,3744000000,hybrid,1000000,10k_to_10M,10000000,118.95120599465618,36.68094488436136,28.976438027276,25.988041736233434,6.3213922517116385,6.3213922517116385,274.20195945090677,79.57115053999448,314.01926049878,False,-110,80
39,4,156,936000000,3744000000,hybrid,1000000,10k_to_fout_over_2,468000000.0,119.10189557284245,36.728596017406296,29.014080462822765,26.021802034346013,43.26615305293497,43.26615305293497,281.14268387542194,79.69558881822114,325.8676386424868,False,-110,80
40,4,160,960000000,3840000000,hybrid,1000000,10k_to_10M,10000000,118.95120599465618,36.68094488436136,28.2520270765941,25.3383406928276,6.3213922517116385,6.3213922517116385,267.3469104646341,77.58187177649461,307.4220665982269,False,-110,80
40,4,160,960000000,3840000000,hybrid,1000000,10k_to_fout_over_2,480000000.0,119.10189557286904,36.728596017414695,28.28872845125866,25.371256983493158,43.817348162571335,43.817348162571335,274.14094028370357,77.70319918492028,319.38873874320785,False,-110,80
41,4,164,984000000,3936000000,hybrid,1000000,10k_to_10M,10000000,118.95120599465618,36.68094488436136,27.562953245457656,24.720332383246436,6.3213922517116385,6.3213922517116385,260.8262541118381,75.68963100145815,301.17248782897184,False,-110,80
41,4,164,984000000,3936000000,hybrid,1000000,10k_to_fout_over_2,492000000.0,119.10189557289024,36.72859601742141,27.598759464647642,24.75244583755883,44.361695188529396,44.361695188529396,267.48059777281566,75.80799928173558,313.2686855295271,False,-110,80
9,14,126,216000000,3024000000,hybrid,1000000,10k_to_10M,10000000,178.42680899198427,36.68094488436136,35.8755899385322,32.17567072105093,6.3213922517116385,6.3213922517116385,339.4881402725512,98.5166625733265,400.6764278251978,False,-110,120
9,14,126,216000000,3024000000,hybrid,1000000,10k_to_fout_over_2,108000000.0,178.65270369441785,36.728566609320616,35.92216609632175,32.21744338929291,20.783647418102536,20.783647418102536,346.65710292044923,98.67059554028613,407.878775186413,False,-110,120
10,12,120,240000000,2880000000,hybrid,1000000,10k_to_10M,10000000,178.42680899198427,36.68094488436136,37.669369435458805,33.78445425710346,6.3213922517116385,6.3213922517116385,356.46254728617885,103.44249570199281,416.63869978987196,False,-110,120
10,12,120,240000000,2880000000,hybrid,1000000,10k_to_fout_over_2,120000000.0,178.6527492705514,36.72857620772207,37.71828425818302,33.828324399226524,21.907989410258544,21.907989410258544,364.09243989534167,103.60416381026666,424.36996262575053,False,-110,120
11,12,132,264000000,3168000000,hybrid,1000000,10k_to_10M,10000000,178.42680899198427,36.68094488436136,34.24488130496255,30.71314023373042,6.3213922517116385,6.3213922517116385,324.05686116925347,94.0386324563571,386.3077276322724,False,-110,120
11,12,132,264000000,3168000000,hybrid,1000000,10k_to_fout_over_2,132000000.0,178.6527783552132,36.7285823301767,34.289355041469626,30.753027307477172,22.977380181387108,22.977380181387108,331.07459706515266,94.18562762997564,393.60456527543164,False,-110,120
12,10,120,288000000,2880000000,hybrid,1000000,10k_to_10M,10000000,178.42680899198427,36.68094488436136,37.669369435458805,33.78445425710346,6.3213922517116385,6.3213922517116385,356.46254728617885,103.44249570199281,416.63869978987196,False,-110,120
12,10,120,288000000,2880000000,hybrid,1000000,10k_to_fout_over_2,144000000.0,178.6527976931439,36.7285864026478,37.7182947278267,33.82833378911553,23.999166652198586,23.999166652198586,364.2620088853628,103.60420817229408,424.74156869213465,False,-110,120
13,10,130,312000000,3120000000,hybrid,1000000,10k_to_10M,10000000,178.42680899198427,36.68094488436136,34.7717256327312,31.18565008348012,6.3213922517116385,6.3213922517116385,329.0423513410881,95.48538064799337,390.9341152327883,False,-110,120
13,10,130,312000000,3120000000,hybrid,1000000,10k_to_fout_over_2,156000000.0,178.65281077551975,36.72858915662524,34.816890051705485,31.226156608270745,24.979191339993395,24.979191339993395,336.3088081886721,95.63466572771868,398.68612780351935,False,-110,120
14,8,112,336000000,2688000000,hybrid,1000000,10k_to_10M,10000000,178.42680899198427,36.68094488436136,40.36003868084872,36.19762956118228,6.3213922517116385,6.3213922517116385,381.92415780662014,110.8312453949923,440.85186430924944,False,-110,120
14,8,112,336000000,2688000000,hybrid,1000000,10k_to_fout_over_2,168000000.0,178.65281988298264,36.728591074572186,40.412463777474926,36.2446479558471,25.922191265400397,25.922191265400397,390.4299025936637,111.00453265966463,449.7933929025213,False,-110,120
15,8,120,360000000,2880000000,hybrid,1000000,10k_to_10M,10000000,178.42680899198427,36.68094488436136,37.669369435458805,33.78445425710346,6.3213922517116385,6.3213922517116385,356.46254728617885,103.44249570199281,416.63869978987196,False,-110,120
15,8,120,360000000,2880000000,hybrid,1000000,10k_to_fout_over_2,180000000.0,178.65282628357312,36.72859242198846,37.71830090936774,33.828339333142246,26.83207036365253,26.83207036365253,364.463279247903,103.60423757610332,425.2529700893311,False,-110,120
16,8,128,384000000,3072000000,hybrid,1000000,10k_to_10M,10000000,178.42680899198427,36.68094488436136,35.315033845742626,31.6729258660345,6.3213922517116385,6.3213922517116385,334.18363808079266,96.97733972061826,395.72107868208803,False,-110,120
16,8,128,384000000,3072000000,hybrid,1000000,10k_to_fout_over_2,192000000.0,178.65283087637272,36.72859338917637,35.3609080337044,31.714068959959395,27.71209122386834,27.71209122386834,341.7389325115632,97.12897768359838,404.07605204894054,False,-110,120
17,8,136,408000000,3264000000,hybrid,1000000,10k_to_10M,10000000,178.42680899198427,36.68094488436136,33.23767891364012,29.809812579797175,6.3213922517116385,6.3213922517116385,314.52577701721657,91.27279032528779,377.5077386919747,False,-110,120
17,8,136,408000000,3264000000,hybrid,1000000,10k_to_fout_over_2,204000000.0,178.65283418592568,36.72859408589331,33.28085525127271,29.848536057933313,28.565013565549037,28.565013565549037,321.6852842353764,91.41551208874935,385.66113773789976,False,-110,120
18,8,144,432000000,3456000000,hybrid,1000000,10k_to_10M,10000000,178.42680899198427,36.68094488436136,31.391141196215667,28.153711880919552,6.3213922517116385,6.3213922517116385,297.0521227384823,86.20207975166068,361.53884341782174,False,-110,120
18,8,144,432000000,3456000000,hybrid,1000000,10k_to_fout_over_2,216000000.0,178.65283660784394,36.72859459591552,31.431919284895493,28.19028444617193,29.393196491705357,29.393196491705357,303.857653630772,86.3368752117444,369.54016434947215,False,-110,120
19,6,114,456000000,2736000000,hybrid,1000000,10k_to_10M,10000000,178.42680899198427,36.68094488436136,39.65196782679874,35.56258342852997,6.3213922517116385,6.3213922517116385,375.2237339854515,108.88683758104507,434.4510418006912,False,-110,120
19,6,114,456000000,2736000000,hybrid,1000000,10k_to_fout_over_2,228000000.0,178.6528383808834,36.7285949691731,39.70347739493703,35.60878071493665,30.198675467642627,30.198675467642627,383.87318089793126,109.05710827145874,444.05649371272443,False,-110,120
20,6,120,480000000,2880000000,hybrid,1000000,10k_to_10M,10000000,178.42680899198427,36.68094488436136,37.669369435458805,33.78445425710346,6.3213922517116385,6.3213922517116385,356.46254728617885,103.44249570199281,416.63869978987196,False,-110,120
20,6,120,480000000,2880000000,hybrid,1000000,10k_to_fout_over_2,240000000.0,178.65283969374624,36.72859524564234,37.71830380910932,33.8283419338278,30.983221265710906,30.983221265710906,364.7279991552767,103.60425492517086,426.04357641677586,False,-110,120
21,6,126,504000000,3024000000,hybrid,1000000,10k_to_10M,10000000,178.42680899198427,36.68094488436136,35.8755899385322,32.17567072105093,6.3213922517116385,6.3213922517116385,339.4881402725512,98.5166625733265,400.6764278251978,False,-110,120
21,6,126,504000000,3024000000,hybrid,1000000,10k_to_fout_over_2,252000000.0,178.65284066319265,36.72859544972949,35.922194303519916,32.217468687427925,31.748385785737202,31.748385785737202,347.40464668789645,98.67072059977771,409.92196352106436,False,-110,120
22,6,132,528000000,3168000000,hybrid,1000000,10k_to_10M,10000000,178.42680899198427,36.68094488436136,34.24488130496255,30.71314023373042,6.3213922517116385,6.3213922517116385,324.05686116925347,94.0386324563571,386.3077276322724,False,-110,120
22,6,132,528000000,3168000000,hybrid,1000000,10k_to_fout_over_2,264000000.0,178.6528413848969,36.72859560170931,34.289367431610025,30.75303841979828,32.49553815526063,32.49553815526063,331.65489188937465,94.18568910421897,395.43035911127254,False,-110,120
23,6,138,552000000,3312000000,hybrid,1000000,10k_to_10M,10000000,178.42680899198427,36.68094488436136,32.75597342213809,29.377786310524755,6.3213922517116385,6.3213922517116385,309.9674324227642,89.94999626260245,373.3207160049029,False,-110,120
23,6,138,552000000,3312000000,hybrid,1000000,10k_to_fout_over_2,276000000.0,178.65284191914358,36.72859571417858,32.79852546980084,29.415949882927215,33.22589351695453,33.22589351695453,317.2736372211814,90.09066015222226,382.35281739729754,False,-110,120
24,6,144,576000000,3456000000,hybrid,1000000,10k_to_10M,10000000,178.42680899198427,36.68094488436136,31.391141196215667,28.153711880919552,6.3213922517116385,6.3213922517116385,297.0521227384823,86.20207975166068,361.53884341782174,False,-110,120
24,6,144,576000000,3456000000,hybrid,1000000,10k_to_fout_over_2,288000000.0,178.65284231668082,36.72859579789388,31.431920313535084,28.190285368725892,33.940536236188144,33.940536236188144,304.08994598991995,86.33688344680142,370.5093228467261,False,-110,120
25,6,150,600000000,3600000000,hybrid,1000000,10k_to_10M,10000000,178.42680899198427,36.68094488436136,30.135495548367036,27.02756340568277,6.3213922517116385,6.3213922517116385,285.17003782894307,82.75399656159425,350.81383892677695,False,-110,120
25,6,150,600000000,3600000000,hybrid,1000000,10k_to_fout_over_2,300000000.0,178.65284260995813,36.72859585963431,30.174643551716983,27.062673999468963,34.64043879629701,34.64043879629701,291.9602102231082,82.88340876196571,359.74861940727186,False,-110,120
26,6,156,624000000,3744000000,hybrid,1000000,10k_to_10M,10000000,178.42680899198427,36.68094488436136,28.976438027276,25.988041736233434,6.3213922517116385,6.3213922517116385,274.20195945090677,79.57115053999448,341.020281982875,False,-110,120
26,6,156,624000000,3744000000,hybrid,1000000,10k_to_fout_over_2,312000000.0,178.6528428268031,36.728595905298754,29.014080374262438,26.021801954919077,35.326477322257865,35.326477322257865,280.7629019335781,79.69558587672856,349.9426989588686,False,-110,120
27,6,162,648000000,3888000000,hybrid,1000000,10k_to_10M,10000000,178.42680899198427,36.68094488436136,27.903236618858372,25.02552167192849,6.3213922517116385,6.3213922517116385,264.04633132309544,76.62407089036505,332.05137939546245,False,-110,120
27,6,162,648000000,3888000000,hybrid,1000000,10k_to_fout_over_2,324000000.0,178.65284298521254,36.72859593864675,27.93948483021318,25.058031534895914,35.99944444015768,35.99944444015768,270.3944848931194,76.74389794835956,340.98250857812127,False,-110,120
28,4,112,672000000,2688000000,hybrid,1000000,10k_to_10M,10000000,178.42680899198427,36.68094488436136,40.36003868084872,36.19762956118228,6.3213922517116385,6.3213922517116385,381.92415780662014,110.8312453949923,440.85186430924944,False,-110,120
28,4,112,672000000,2688000000,hybrid,1000000,10k_to_fout_over_2,336000000.0,178.65284310079986,36.72859596298798,40.41246915619812,36.24465277985209,36.660060010861955,36.660060010861955,391.1493072535689,111.00456721563907,451.90749621523463,False,-110,120
29,4,116,696000000,2784000000,hybrid,1000000,10k_to_10M,10000000,178.42680899198427,36.68094488436136,38.96831320909531,34.94943543838289,6.3213922517116385,6.3213922517116385,368.7543592615642,107.00947831240636,428.290014218865,False,-110,120
29,4,116,696000000,2784000000,hybrid,1000000,10k_to_fout_over_2,348000000.0,178.6528431837544,36.72859598045121,39.01893575557107,34.994837183392605,37.30898015223679,37.30898015223679,377.7023131554504,107.17682397135368,439.2525163011458,False,-110,120
30,4,120,720000000,2880000000,hybrid,1000000,10k_to_10M,10000000,178.42680899198427,36.68094488436136,37.669369435458805,33.78445425710346,6.3213922517116385,6.3213922517116385,356.46254728617885,103.44249570199281,416.63869978987196,False,-110,120
30,4,120,720000000,2880000000,hybrid,1000000,10k_to_fout_over_2,360000000.0,178.65284324295268,36.728595992917754,37.718304576521184,33.828342622094986,37.946804872083746,37.946804872083746,365.15126025482505,103.60426355075592,427.53018807877015,False,-110,120
31,4,124,744000000,2976000000,hybrid,1000000,10k_to_10M,10000000,178.42680899198427,36.68094488436136,36.45422848592787,32.69463315203561,6.3213922517116385,6.3213922517116385,344.9637554382375,100.10564100192853,405.8084765287452,False,-110,120
31,4,124,744000000,2976000000,hybrid,1000000,10k_to_fout_over_2,372000000.0,178.6528432842274,36.72859600160658,36.50158508268787,32.73710577106228,38.57408456464001,38.57408456464001,353.4094937742134,100.26219085370542,416.6492639980695,False,-110,120
32,4,128,768000000,3072000000,hybrid,1000000,10k_to_10M,10000000,178.42680899198427,36.68094488436136,35.315033845742626,31.6729258660345,6.3213922517116385,6.3213922517116385,334.18363808079266,96.97733972061826,395.72107868208803,False,-110,120
32,4,128,768000000,3072000000,hybrid,1000000,10k_to_fout_over_2,384000000.0,178.65284331264147,36.728596007590426,35.36091055461488,31.714071220883476,39.19132557084538,39.19132557084538,342.4011842985658,97.12899766107792,406.52987306315,False,-110,120
33,4,132,792000000,3168000000,hybrid,1000000,10k_to_10M,10000000,178.42680899198427,36.68094488436136,34.24488130496255,30.71314023373042,6.3213922517116385,6.3213922517116385,324.05686116925347,94.0386324563571,386.3077276322724,False,-110,120
33,4,132,792000000,3168000000,hybrid,1000000,10k_to_fout_over_2,396000000.0,178.65284333154324,36.728596011569344,34.28936781425033,30.753038762976153,39.79899496218464,39.79899496218464,332.0596895547013,94.18569493407952,397.1018016718939,False,-110,120
34,4,136,816000000,3264000000,hybrid,1000000,10k_to_10M,10000000,178.42680899198427,36.68094488436136,33.23767891364012,29.809812579797175,6.3213922517116385,6.3213922517116385,314.52577701721657,91.27279032528779,377.5077386919747,False,-110,120
34,4,136,816000000,3264000000,hybrid,1000000,10k_to_fout_over_2,408000000.0,178.6528433437989,36.72859601415042,33.280856998522935,29.84853762498619,40.397524676643215,40.397524676643215,322.326202989798,91.41552763507431,388.3030757894154,False,-110,120
35,4,140,840000000,3360000000,hybrid,1000000,10k_to_10M,10000000,178.42680899198427,36.68094488436136,32.28803094467897,28.958103648945826,6.3213922517116385,6.3213922517116385,305.5393262452961,88.66499631599385,369.26736661671566,False,-110,120
35,4,140,840000000,3360000000,hybrid,1000000,10k_to_fout_over_2,420000000.0,178.65284335131255,36.728596015732,32.329975371385885,28.995722265520897,40.987315110897384,40.987315110897384,313.14863586948576,88.80365558883332,380.078787638654,False,-110,120
36,4,144,864000000,3456000000,hybrid,1000000,10k_to_10M,10000000,178.42680899198427,36.68094488436136,31.391141196215667,28.153711880919552,6.3213922517116385,6.3213922517116385,297.0521227384823,86.20207975166068,361.53884341782174,False,-110,120
36,4,144,864000000,3456000000,hybrid,1000000,10k_to_fout_over_2,432000000.0,178.65284335567256,36.7285960166503,31.431920500744354,28.190285536627908,41.56873825364435,41.56873825364435,304.48068394308655,86.33688752674162,372.380116375294,False,-110,120
37,4,148,888000000,3552000000,hybrid,1000000,10k_to_10M,10000000,178.42680899198427,36.68094488436136,30.542731974696324,27.39280074900281,6.3213922517116385,6.3213922517116385,289.0236869887936,83.8722938124266,354.27957209522884,False,-110,120
37,4,148,888000000,3552000000,hybrid,1000000,10k_to_fout_over_2,444000000.0,178.65284335793544,36.728596017126584,30.582409136255958,27.428385927885547,42.14214042974081,42.14214042974081,296.2810466960947,84.00345826358813,365.16350849999577,False,-110,120
38,4,152,912000000,3648000000,hybrid,1000000,10k_to_10M,10000000,178.42680899198427,36.68094488436136,29.738975870099054,26.671937571397475,6.3213922517116385,6.3213922517116385,281.41780048908856,81.66512818578381,347.451447569302,False,-110,120
38,4,152,912000000,3648000000,hybrid,1000000,10k_to_fout_over_2,456000000.0,178.65284335894617,36.7285960173395,29.77760889600079,26.706586298359174,42.70784471265198,42.70784471265198,288.51276886886643,81.79284105385179,358.3899867420358,False,-110,120
39,4,156,936000000,3744000000,hybrid,1000000,10k_to_10M,10000000,178.42680899198427,36.68094488436136,28.976438027276,25.988041736233434,6.3213922517116385,6.3213922517116385,274.20195945090677,79.57115053999448,341.020281982875,False,-110,120
39,4,156,936000000,3744000000,hybrid,1000000,10k_to_fout_over_2,468000000.0,178.65284335926367,36.728596017406296,29.014080462822765,26.021802034346013,43.26615305293497,43.26615305293497,281.14268387542194,79.69558881822114,352.02456565662527,False,-110,120
40,4,160,960000000,3840000000,hybrid,1000000,10k_to_10M,10000000,178.42680899198427,36.68094488436136,28.2520270765941,25.3383406928276,6.3213922517116385,6.3213922517116385,267.3469104646341,77.58187177649461,334.95531611097556,False,-110,120
40,4,160,960000000,3840000000,hybrid,1000000,10k_to_fout_over_2,480000000.0,178.65284335930357,36.728596017414695,28.28872845125866,25.371256983493158,43.817348162571335,43.817348162571335,274.14094028370357,77.70319918492028,346.0357544348421,False,-110,120
41,4,164,984000000,3936000000,hybrid,1000000,10k_to_10M,10000000,178.42680899198427,36.68094488436136,27.562953245457656,24.720332383246436,6.3213922517116385,6.3213922517116385,260.8262541118381,75.68963100145815,329.22880217953457,False,-110,120
41,4,164,984000000,3936000000,hybrid,1000000,10k_to_fout_over_2,492000000.0,178.65284335933538,36.72859601742141,27.598759464647642,24.75244583755883,44.361695188529396,44.361695188529396,267.48059777281566,75.80799928173558,340.39513252206956,False,-110,120
