time_us,unwrapped_phase_rad,control_deviation_v
0.0,0.5,0.0
0.04166666666666667,1.4666013415319605,-0.0026257908949311307
0.08333333333333334,2.309390613606608,-0.006623279020812846
0.125,3.1367023214505094,-0.007156720029434104
0.16666666666666669,4.075753455748254,-0.0037136045419731228
0.20833333333333334,5.195469304622811,0.0019228600332567437
0.25,6.407289111796481,0.0047740019461092135
0.29166666666666663,7.492207640292845,0.0007166025953665611
0.33333333333333337,8.387229553634523,-0.005217417146472693
0.375,9.211584454009612,-0.007390540506267191
0.4166666666666667,10.111319575442772,-0.005052722392516179
0.4583333333333333,11.182153322868924,0.0002857884745749511
0.5,12.385051754336015,0.004406021022120634
0.5416666666666666,13.5129609542972,0.0019794481513840307
0.5833333333333333,14.443820231774119,-0.004208117524698469
0.625,15.265210740131039,-0.007587645774177084
0.6666666666666667,16.12476370911665,-0.006404876560243432
0.7083333333333334,17.13696022495162,-0.0016535732552489912
0.75,18.31183903851089,0.003433442271961444
0.7916666666666666,19.478883533539218,0.0031274583625066836
0.8333333333333334,20.460240573795378,-0.0027368449749519586
0.875,21.292608799119307,-0.007356163138967581
0.9166666666666666,22.11836656615703,-0.0075574115591421995
0.9583333333333334,23.066763050082553,-0.0037524195101714983
1.0,24.19196893338909,0.0017743863897270043
1.0416666666666667,25.38257144506754,0.0037874708676469255
1.0833333333333333,26.427172056959908,-0.0008565900600757342
1.125,27.28970738309177,-0.006532576575820943
1.1666666666666665,28.093976473274264,-0.008328808566587619
1.2083333333333333,28.979391702928726,-0.005821324577502629
1.25,30.035293687464293,-0.0005047011611091697
1.2916666666666667,31.220566824201065,0.0035338841574890085
1.3333333333333335,32.332217931515224,0.0011575200372161134
1.375,33.248281202443756,-0.0049816302807764905
1.4166666666666667,34.05045813620054,-0.00850280446328956
1.4583333333333333,34.881388287446974,-0.007620413066785883
1.5,35.85574464414679,-0.0031660045785424297
1.5416666666666665,36.99840430530856,0.002097914083801735
1.5833333333333333,38.1621584445904,0.0027131088293350417
1.625,39.154617835625295,-0.002706358217284668
1.6666666666666667,39.98191085044428,-0.007839524105760864
1.7083333333333335,40.77582167870631,-0.008874116518697179
1.75,41.66773892749423,-0.005847949365383023
1.7916666666666667,42.73313473128674,-0.0004346911515548482
1.8333333333333333,43.90936996544493,0.003021185266933617
1.875,44.98940776020566,-5.931331238965744e-05
1.9166666666666667,45.87557952747781,-0.006130315737908881
1.9583333333333333,46.660091526223226,-0.009274620179218747
2.0,47.48184728965613,-0.008137159736766654
2.0416666666666665,48.44955805036249,-0.0036065353666678963
2.0833333333333335,49.58255109951912,0.001563712538599691
2.125,50.73198627739128,0.0020363207459949437
2.1666666666666665,51.70996825154413,-0.003382404317143638
2.2083333333333335,52.52351614115615,-0.008492751123111804
2.25,53.30108268155641,-0.009613243132458553
2.2916666666666665,54.1712321976267,-0.0067626672186944
2.333333333333333,55.211802744902236,-0.0014494335237041724
2.375,56.37306591755291,0.0023206326877613704
2.4166666666666665,57.455445196738715,-0.00021075961130369907
2.458333333333333,58.344341775730726,-0.006276351681929445
2.5,59.117880256482486,-0.009848914726523071
2.541666666666667,59.911514029389515,-0.00924771014462564
2.5833333333333335,60.837370443730116,-0.00515591972025089
2.625,61.93412782074491,0.00018725148510972698
2.666666666666667,63.084387717233,0.00183616043142468
2.7083333333333335,64.08769580660564,-0.002820943244501509
2.75,64.91108262236244,-0.008426974571115575
2.7916666666666665,65.66849572068391,-0.010475766779167173
2.8333333333333335,66.48999321036113,-0.00851885227525342
2.875,67.46843931425114,-0.003642177656794725
2.9166666666666665,68.59801059525488,0.0010876701437934062
2.9583333333333335,69.710947669964,0.0005229953528351979
3.0,70.6423241320974,-0.005193926863527405
3.0416666666666665,71.4222324166283,-0.009895919475472782
3.083333333333333,72.17799268726677,-0.010662532167326697
3.125,73.03031997027632,-0.007697406526360555
3.1666666666666665,74.05130555385237,-0.0024411681777148767
3.208333333333333,75.19152040340627,0.0012875107499740748
3.25,76.25707848428792,-0.0011024558361156667
3.291666666666667,77.13117074424042,-0.007102789559457845
3.3333333333333335,77.88380763553124,-0.010868998693627408
3.375,78.64448895244068,-0.01065030582317281
3.416666666666667,79.52414043154226,-0.006984510629690978
3.4583333333333335,80.5745145174434,-0.0016531245896935834
3.5,81.70984870864461,0.000996424606622577
3.5416666666666665,82.73028065863423,-0.00265274537559831
3.5833333333333335,83.56220763575315,-0.008540427524008198
3.625,84.29768753502665,-0.011534982944247303
3.6666666666666665,85.06388168768245,-0.010622273201373432
3.7083333333333335,85.96306597135707,-0.006515111847147475
3.75,87.0297727936861,-0.001277024749470608
3.7916666666666665,88.15288600672312,0.0004731281342173107
3.8333333333333335,89.13724932048652,-0.003916852767365712
3.875,89.93991037077029,-0.00958016334612958
3.9166666666666665,90.6634667828068,-0.012043376557917486
3.9583333333333335,91.43158223569336,-0.010707340731375121
4.0,92.34001099897266,-0.006368779627982119
4.041666666666666,93.41175722944281,-0.0012584935334857756
4.083333333333333,94.5220701463418,-6.915741058825819e-05
4.125,95.48238639122641,-0.004805094332183274
4.166666666666667,96.26629414505548,-0.010297699831711643
4.208333333333333,96.97990790396251,-0.012493247947151063
4.25,97.74376078054469,-0.010985741696630765
4.291666666666666,98.64985470589615,-0.006587070686530706
4.333333333333333,99.71705461696551,-0.0015444486745680738
4.375,100.81805044802091,-0.0005029665914537961
4.416666666666667,101.76748812199743,-0.005283911695598252
4.458333333333334,102.54181372417456,-0.010734958475313375
4.5,103.24593328662286,-0.012930834912167283
4.541666666666667,103.99818338579267,-0.011493051205274378
4.583333333333333,104.88974523832135,-0.007189793712193282
4.625,105.94318436138022,-0.0021238165844470786
4.666666666666666,107.03938622064172,-0.0007963790853846195
4.708333333333334,107.99166235321744,-0.005337150071452049
4.75,108.7658065315048,-0.010884808510144098
4.791666666666667,109.46112793778885,-0.013347764245801513
4.833333333333333,110.19469233066808,-0.012220407705583318
4.875,111.05938858265749,-0.00818070471012854
4.916666666666666,112.08837767569062,-0.0030435796098229177
4.958333333333333,113.18204088410559,-0.001021835566297426
5.0,114.15097196895739,-0.004961361260431986
5.041666666666667,114.93630765956947,-0.010686087620191007
5.083333333333334,115.62568960009247,-0.01367706011695672
5.125,116.33531313252267,-0.013109604373744263
5.166666666666667,117.16148277971959,-0.009536920553238319
5.208333333333333,118.15248859019484,-0.0043932356776418425
5.25,119.2397830287398,-0.0013724880900120187
5.291666666666666,120.23767737643006,-0.004202392704360238
5.333333333333334,121.04907889406753,-0.010029735524632098
5.375,121.73968877478804,-0.01378642452174768
5.416666666666667,122.42383727975245,-0.014043669869112013
5.458333333333333,123.20207690582329,-0.011184447854656441
5.5,124.13899087908723,-0.006252091786187579
5.541666666666666,125.2062605477509,-0.0021599143238375832
5.583333333333333,126.23947607433584,-0.003245624192943755
5.625,127.09569467174488,-0.008793122741146821
5.666666666666667,127.80139060997045,-0.013471162186404184
5.708333333333333,128.46458603611885,-0.014834652023130869
5.75,129.19022407538455,-0.012971036001161753
5.791666666666667,130.05717710997038,-0.008607790791990718
5.833333333333333,131.07972753871002,-0.00373300806982656
5.875,132.14029647064123,-0.002542717784811218
5.916666666666667,133.0607899731609,-0.0069489534061212156
5.958333333333334,133.80427627776672,-0.012459730632993458
6.0,134.4599906148585,-0.015208541344576923
6.041666666666667,135.13618953855132,-0.014649000927871768
6.083333333333333,135.9226754012524,-0.01128362401421903
6.125,136.86967122185004,-0.006281432965623369
6.166666666666666,137.92630389896706,-0.0028335939634712886
6.208333333333334,138.91994802404162,-0.004822263809724325
6.25,139.73244754872994,-0.010485304714979434
6.291666666666667,140.40656083248373,-0.014788939656324924
6.333333333333333,141.04781865697262,-0.015867480884253354
6.375,141.75442904802665,-0.013922737352908386
6.416666666666666,142.60049427403982,-0.009620856349026487
6.458333333333333,143.60042734517558,-0.00479864260692034
6.5,144.6437372329697,-0.0034323794869132755
6.541666666666667,145.55505030637673,-0.007578926652824375
6.583333333333334,146.2884283211718,-0.013118838596000786
6.625,146.92478490543996,-0.016156018269083066
6.666666666666667,147.56783067293486,-0.016031527392377547
6.708333333333333,148.30565310839768,-0.013165321783126347
6.75,149.19657314544042,-0.008411584921344114
6.791666666666666,150.21934496107045,-0.004265116470535046
6.833333333333334,151.22613756150784,-0.004765658897454508
6.875,152.06823320520698,-0.009921434630045828
6.916666666666667,152.75006700279692,-0.014904211204452768
6.958333333333333,153.3657007876019,-0.017006795850084716
7.0,154.0128897638681,-0.01612304393526288
7.041666666666666,154.7716427705954,-0.012724639241020309
7.083333333333333,155.68688996276384,-0.007847021845067163
7.125,156.7112699173327,-0.004406760879648248
7.166666666666667,157.68180344171705,-0.006095048880840743
7.208333333333334,158.47700850726577,-0.011570798576482261
7.25,159.12707433651255,-0.016085613632697664
7.291666666666667,159.72833025619485,-0.017664700120737106
7.333333333333333,160.37312527128358,-0.016415760624651166
7.375,161.1360349530495,-0.012808425377737647
7.416666666666667,162.05453967791243,-0.007950748156714843
7.458333333333334,163.07039928002902,-0.004876164055826452
7.5,164.01857337824768,-0.0069948709822020266
7.541666666666667,164.7901537749111,-0.012503740853055166
7.583333333333333,165.4223715491906,-0.01684178312828892
7.625,166.00978316142158,-0.018304666474727255
7.666666666666667,166.6410774341398,-0.01705110991019661
7.708333333333334,167.3882586116101,-0.013517173037333838
7.75,168.28927995120142,-0.008716189082979183
7.791666666666667,169.2919549854849,-0.00550360906855387
7.833333333333333,170.23671066739826,-0.007310431494050697
7.875,171.0083573642258,-0.012709604267887982
7.916666666666667,171.63544356387243,-0.017208055457222923
7.958333333333333,172.20863844380204,-0.018951751931411912
8.0,172.81485624700596,-0.018041572951368046
8.041666666666666,173.52588918970795,-0.014866717323226294
8.083333333333332,174.38687471402224,-0.01020127389888688
8.125,175.3677087036176,-0.006418085145750541
8.166666666666666,176.32563268966774,-0.007118262559446705
8.208333333333334,177.12351318249213,-0.012112248481857282
8.25,177.76262562197448,-0.017048302346656486
8.291666666666668,178.3255939084842,-0.01947004704328307
8.333333333333334,178.89918139747357,-0.01925754077538058
8.375,179.5564009198288,-0.01676432784879232
8.416666666666666,180.3520466806003,-0.012488446185629998
8.458333333333334,181.28888724079255,-0.008047506843005887
8.5,182.26261133027808,-0.0068601438335778074
8.541666666666666,183.11440101435116,-0.010663916129871566
8.583333333333332,183.79302975705667,-0.016047505935801013
8.625,184.36045476441885,-0.019532900126573507
8.666666666666666,184.90335433576925,-0.020399709161396586
8.708333333333332,185.4971954501765,-0.018944767548059797
8.75,186.20429766938892,-0.015498388201591278
8.791666666666668,187.05940774052178,-0.010879041460298663
8.833333333333334,188.01963370094913,-0.007547497370990278
8.875,188.93999673624515,-0.008770224630775762
8.916666666666668,189.69817097820285,-0.013820151629173761
8.958333333333334,190.30342357363352,-0.01857566974817288
9.0,190.8342998707472,-0.020953780932244113
9.041666666666666,191.37045228780394,-0.02092050811131858
9.083333333333334,191.97897374213602,-0.01879447558750491
9.125,192.71403409031615,-0.014909017352671503
9.166666666666666,193.59338448336183,-0.010381058349527794
9.208333333333332,194.54500903132146,-0.008071782708928714
9.25,195.4158079150513,-0.010575943191785063
9.291666666666666,196.11667298934145,-0.01585813979908406
9.333333333333332,196.68151746272108,-0.02009886768839384
9.375,197.18961341356683,-0.021952506439318994
9.416666666666668,197.71422074486432,-0.02158247379104537
9.458333333333334,198.31707673976027,-0.01927258176441397
9.5,199.0479509566634,-0.015333394630646204
9.541666666666668,199.91938850780033,-0.01091439424538401
9.583333333333334,200.85513576809424,-0.008849447357805164
9.625,201.70520388848973,-0.011499537912288927
9.666666666666666,202.38685475943504,-0.016730197526419164
9.708333333333334,202.93447723860353,-0.020911319438814416
9.75,203.42404359307895,-0.022810869020990658
9.791666666666666,203.92507925372243,-0.02260480106180726
9.833333333333332,204.4961705494407,-0.020561343858565832
9.875,205.1867031070561,-0.016904782432258538
9.916666666666666,206.0179971497457,-0.01249019112074109
9.958333333333332,206.93525267822346,-0.009742195914497308
10.0,207.79834881718622,-0.011395204313585235
10.041666666666668,208.50198190170536,-0.0163443662728288
10.083333333333334,209.0582130445129,-0.020929837793123643
10.125,209.53645526740502,-0.023432334442196504
10.166666666666668,210.00540553647738,-0.02387041991968665
10.208333333333334,210.5223132043998,-0.022535801189159602
10.25,211.13733888648727,-0.01958285285293622
10.291666666666666,211.88676840844684,-0.015405341114047934
10.333333333333334,212.75821764421775,-0.011537742566050863
10.375,213.6491286113815,-0.010868051348670202
10.416666666666666,214.42171111473866,-0.0145276877214889
10.458333333333332,215.03033083977323,-0.019612615860295512
10.5,215.52239580019943,-0.023270951524727225
10.541666666666666,215.96686905102717,-0.02487228194202622
10.583333333333332,216.42283003222877,-0.0246849780562918
10.625,216.94030367364348,-0.022923772480456323
10.666666666666668,217.56411462983456,-0.019694616314068734
10.708333333333334,218.32235657235807,-0.015493395893854171
10.75,219.187949588207,-0.012071090816775244
10.791666666666668,220.04769634514037,-0.01218927362156295
10.833333333333334,220.776098563901,-0.016248856034270544
10.875,221.3458384824376,-0.02116894456197069
10.916666666666666,221.80810940270572,-0.024558473134733482
10.958333333333334,222.2272076542247,-0.02603675762437703
11.0,222.65662493967673,-0.025896133552604023
11.041666666666666,223.1417474609004,-0.024325768110038535
11.083333333333332,223.7245425737462,-0.021379830077393986
11.125,224.4358576602567,-0.017376625428705127
11.166666666666666,225.2637540267979,-0.0136684135780341
11.208333333333334,226.11589338803995,-0.012832455423734871
11.25,226.862487504811,-0.016075547674082747
11.291666666666668,227.45015814652385,-0.020994567303437784
11.333333333333334,227.91422169758604,-0.024864812566714682
11.375,228.31541901912624,-0.0269373323567702
11.416666666666666,228.70620078833073,-0.02744269086223452
11.458333333333334,229.12914099567882,-0.02663038011044676
11.5,229.6232668558943,-0.024557514650654592
11.541666666666666,230.22512163241456,-0.02126258904202072
11.583333333333334,230.95451799244418,-0.01725437778462015
11.625,231.7784127740295,-0.014216811924225055
11.666666666666666,232.58855404591324,-0.014565207869644858
11.708333333333332,233.2715671037467,-0.01847666242252958
11.75,233.80179926851287,-0.023207733299498115
11.791666666666666,234.22281200651793,-0.02665263698807229
11.833333333333334,234.59023466412134,-0.02845962743294557
11.875,234.94929847794086,-0.028915799501163658
11.916666666666668,235.3364971788854,-0.028239501551525752
11.958333333333334,235.78590825260008,-0.02645935912767864
12.0,236.33139897428427,-0.023546327693685074
12.041666666666666,236.9977585960399,-0.019765430381688612
12.083333333333334,237.77263321086645,-0.016294065639422452
12.125,238.57435766210506,-0.015356390484775027
12.166666666666666,239.2844991235346,-0.018141408311376842
12.208333333333334,239.84445975380515,-0.02277450344644843
12.25,240.2765176318611,-0.0267672275105646
12.291666666666666,240.6316709225767,-0.029266887675361588
12.333333333333332,240.9551133120419,-0.030438312035855564
12.375,241.2812346404571,-0.03057124800150769
12.416666666666668,241.6389721299239,-0.02979048813881306
12.458333333333334,242.05710948954683,-0.028064508281484078
12.5,242.56563325114038,-0.025327138722353496
12.541666666666668,243.18829794625142,-0.021756556783481
12.583333333333334,243.9191774401564,-0.018291885818972006
12.625,244.69164643719583,-0.016880500398346703
12.666666666666666,245.39468324991958,-0.018956565420313366
12.708333333333334,245.95725044617535,-0.023273410574292143
12.75,246.3862233748498,-0.027424428462022914
12.791666666666666,246.7254602918381,-0.03030133576032918
12.833333333333332,247.01764897641445,-0.03193745593885523
12.875,247.2945424371933,-0.03263479816276003
12.916666666666666,247.58028857117452,-0.03258946799026782
12.958333333333332,247.89663649407981,-0.031843724108689284
13.0,248.26670568017101,-0.030328672392723095
13.041666666666668,248.71610776430876,-0.02794405825795088
13.083333333333334,249.26843634878128,-0.024736726604732685
13.125,249.92914173855354,-0.0212755904881169
13.166666666666668,250.65767300487866,-0.019033548130183
13.208333333333334,251.36047236879864,-0.01971927898540077
13.25,251.94849743923427,-0.023211290318522055
13.291666666666666,252.39870578493657,-0.027460360599147537
13.333333333333334,252.740219454411,-0.03088110360731733
13.375,253.01316227149528,-0.03314861480614196
13.416666666666666,253.2492519148855,-0.03450080783328852
13.458333333333332,253.4704595056979,-0.035204974320236254
13.5,253.69293927429018,-0.03541217258424267
13.541666666666666,253.93082313241058,-0.03516340092505709
13.583333333333332,254.19896150107226,-0.03441894781523242
13.625,254.51474688090138,-0.03308364838719634
13.666666666666668,254.89866302426478,-0.03104518554758304
13.708333333333334,255.37168044162985,-0.028274526621336053
13.75,255.94531529117006,-0.025063184263561893
13.791666666666668,256.60114800222647,-0.022366225895594203
13.833333333333334,257.2734282061301,-0.02170721983146843
13.875,257.87307990205227,-0.02385100981463265
13.916666666666666,258.347822159468,-0.027660657329769398
13.958333333333334,258.70203020868655,-0.03139597947513373
14.0,258.9672161989079,-0.03424158774982818
14.041666666666666,259.1745748189087,-0.036203517661149605
14.083333333333332,259.34626194841627,-0.03753590487244791
14.125,259.4964141849562,-0.03846034107288653
14.166666666666666,259.634133016268,-0.039113317882866046
14.208333333333332,259.7658455588244,-0.03956508605206691
14.25,259.8968026163153,-0.03984384519953662
14.291666666666668,260.03202056051776,-0.03995083475185183
14.333333333333334,260.1769556055402,-0.03986718770275824
14.375,260.3380937727678,-0.039555571945703305
14.416666666666668,260.5235492203442,-0.03895920257204816
14.458333333333334,260.74366383551785,-0.03800124173434385
14.5,261.0114073125571,-0.036590758176801005
14.541666666666666,261.3419295373637,-0.034649747513833803
14.583333333333334,261.7497217494411,-0.032190390690085294
14.625,262.2408047840125,-0.0294766242409686
14.666666666666666,262.79889722506545,-0.027221085345278655
14.708333333333332,263.37464867596384,-0.026490473507015323
14.75,263.8996502101384,-0.027913127904186926
14.791666666666666,264.3250247688582,-0.030898315219295383
14.833333333333334,264.64232508910214,-0.03420621975491381
14.875,264.8698195984588,-0.037027092874723826
14.916666666666668,265.0314294551007,-0.03918740592718511
14.958333333333334,265.14625735203106,-0.04082002199766374
15.0,265.2268989460621,-0.04210558056652375
15.041666666666666,265.2809456081004,-0.0431822347279466
15.083333333333334,265.3127848995285,-0.044138041657926314
15.125,265.32491817980565,-0.04502466059676505
15.166666666666666,265.31880625683294,-0.04587036393434077
15.208333333333334,265.29541113579984,-0.046688233786971345
15.25,265.2555704159306,-0.047480542310300924
15.291666666666668,265.2002818958139,-0.04824101419038936
15.333333333333334,265.1309276514742,-0.048956364142624546
15.375000000000002,265.0494324321916,-0.04960812417418659
15.416666666666668,264.958330326421,-0.050175393132383186
15.458333333333334,264.8607096751045,-0.05063863109266651
15.5,264.76002340954295,-0.05098395846649166
15.541666666666668,264.65978805851296,-0.05120681597099571
15.583333333333334,264.5632351696545,-0.051313685858945766
15.625,264.4730013717392,-0.051321126844255764
15.666666666666666,264.3909319439948,-0.05125243153480329
15.708333333333334,264.3180317034394,-0.05113315096144805
15.75,264.25454828005206,-0.05098698679969117
15.791666666666666,264.20013978058694,-0.05083308455761498
15.833333333333334,264.1540711412784,-0.05068499145505413
15.875,264.1153955725051,-0.0505509387376527
15.916666666666666,264.08309726943054,-0.05043486956680977
15.958333333333332,264.0561891238554,-0.05033769210542786
16.0,264.033770246867,-0.050258425105174365
16.041666666666664,264.01505284573483,-0.05019508852760484
16.083333333333332,263.99936845545966,-0.050145317611961546
16.125,263.986161863985,-0.05010674218695607
16.166666666666664,263.9749787937856,-0.0500771927125033
16.208333333333332,263.9654513056321,-0.050054790937559365
16.25,263.9572832683303,-0.050037970542354586
16.291666666666664,263.95023711525744,-0.05002545955590792
16.333333333333332,263.9441223961604,-0.05001624501150526
16.375,263.9387862175285,-0.05000953202185204
16.416666666666668,263.93410544682087,-0.05000470390830178
16.458333333333336,263.9299804594822,-0.05000128655143595
16.5,263.9263301812625,-0.04999891810135761
16.541666666666668,263.9230881887345,-0.049997324086042724
16.583333333333336,263.9201996580656,-0.049996297422878144
16.625,263.9176189846985,-0.04999568263227713
16.666666666666668,263.91530792864825,-0.049995363522511965
16.708333333333336,263.913234168859,-0.04999525367152038
16.75,263.9113701744903,-0.04999528912305933
16.791666666666668,263.90969232108245,-0.04999542281355201
16.833333333333332,263.90818019568337,-0.04999562033868647
16.875,263.90681604777575,-0.04999585674958596
16.916666666666668,263.9055843528174,-0.04999611413572186
16.958333333333332,263.90447146293474,-0.04999637980635739
17.0,263.90346532526627,-0.04999664492571205
17.041666666666668,263.90255525302143,-0.04999690349108064
17.083333333333332,263.9017317378107,-0.04999715156955576
17.125,263.9009862944688,-0.04999738672933825
17.166666666666664,263.90031133162404,-0.04999760761719348
17.208333333333332,263.8997000428104,-0.04999781364548199
17.25,263.89914631410096,-0.04999800476119725
17.291666666666664,263.8986446451355,-0.04999818127627994
17.333333333333332,263.89819008110186,-0.04999834374362881
17.375,263.8977781537548,-0.049998492867115184
17.416666666666664,263.8974048299571,-0.04999862943684711
17.458333333333332,263.89706646653656,-0.04999875428312481
17.5,263.8967597704918,-0.04999886824418807
17.541666666666664,263.8964817637626,-0.04999897214410094
17.583333333333336,263.89622975192685,-0.04999906677804239
17.625,263.8960012962978,-0.04999915290298219
17.666666666666668,263.8957941889837,-0.0499992312322349
17.708333333333336,263.89560643054426,-0.049999302432775804
17.75,263.89543620993425,-0.04999936712449967
17.791666666666668,263.89528188646943,-0.049999425880817606
17.833333333333336,263.89514197358955,-0.049999479230147054
17.875,263.8950151242208,-0.049999527657977966
17.916666666666668,263.8949001175686,-0.049999571609278134
17.958333333333332,263.8947958471905,-0.049999611491077116
18.0,263.89470131021733,-0.04999964767510764
18.041666666666668,263.89461559760787,-0.04999968050042609
18.083333333333332,263.89453788533257,-0.04999971027595688
18.125,263.8944674263953,-0.049999737282926476
18.166666666666668,263.8944035436106,-0.04999976177716512
18.208333333333332,263.894345623064,-0.04999978399126357
18.25,263.8942931081881,-0.04999980413658353
18.291666666666668,263.8942454943971,-0.04999982240511852
18.333333333333332,263.89420232422515,-0.049999838971212476
18.375,263.894163182921,-0.04999985399313941
18.416666666666664,263.894127694456,-0.04999986761455335
18.458333333333332,263.89409551790607,-0.04999987996581508
18.5,263.89406634417224,-0.049999891165203855
18.541666666666664,263.8940398930082,-0.04999990132002477
18.583333333333332,263.89401591032606,-0.04999991052761564
18.625,263.89399416575367,-0.04999991887626674
18.666666666666664,263.8939744504204,-0.049999926446055436
18.708333333333332,263.89395657494987,-0.04999993330960591
18.75,263.89394036764025,-0.049999939532779994
18.791666666666668,263.8939256728142,-0.04999994517530484
18.833333333333336,263.8939123493233,-0.049999950291341744
18.875,263.89390026919176,-0.04999995493000427
18.916666666666668,263.8938893163873,-0.049999959135827
18.958333333333336,263.8938793857061,-0.04999996294919231
19.0,263.8938703817622,-0.04999996640671685
19.041666666666668,263.89386221807155,-0.04999996954160122
19.083333333333336,263.893854816221,-0.04999997238394998
19.125,263.8938481051148,-0.04999997496106008
19.166666666666668,263.89384202029225,-0.04999997729768051
19.208333333333332,263.8938365033081,-0.04999997941625238
19.25,263.8938315011713,-0.049999981337122336
19.291666666666668,263.893826965836,-0.04999998307873919
19.333333333333332,263.89382285374,-0.0499999846578301
19.375,263.8938191253865,-0.049999986089561084
19.416666666666668,263.8938157449644,-0.04999998738768416
19.458333333333332,263.89381268000454,-0.049999988564666836
19.5,263.8938099010679,-0.04999998963181373
19.541666666666668,263.8938073814627,-0.04999999059937481
19.583333333333332,263.89380509698793,-0.0499999914766432
19.625,263.8938030257012,-0.04999999227204486
19.666666666666664,263.8938011477076,-0.04999999299321954
19.708333333333332,263.89379944496915,-0.049999993647093975
19.75,263.8937979011308,-0.04999999423994897
19.791666666666664,263.893796501364,-0.04999999477747866
19.833333333333332,263.8937952322239,-0.049999995264845894
19.875,263.8937940815204,-0.049999995706731644
19.916666666666664,263.893793038201,-0.049999996107380464
19.958333333333332,263.8937920922445,-0.04999999647064084
20.0,263.893791234565,-0.049999996800001466
20.041666666666668,263.8937904569244,-0.04999999709862623
20.083333333333336,263.8937897518536,-0.04999999736938296
20.125,263.8937891125802,-0.049999997614872914
20.166666666666668,263.893788532964,-0.049999997837453486
20.208333333333336,263.8937880074378,-0.04999999803926272
20.25,263.89378753095394,-0.049999998222239314
20.291666666666668,263.89378709893566,-0.04999999838814058
20.333333333333336,263.8937867072335,-0.049999998538559694
20.375,263.89378635208516,-0.049999998674941794
20.416666666666668,263.89378603007935,-0.04999999879859676
20.458333333333332,263.8937857381232,-0.0499999989107122
20.5,263.89378547341255,-0.049999999012364744
20.541666666666668,263.89378523340474,-0.049999999104531234
20.583333333333332,263.8937850157945,-0.049999999188096556
20.625,263.89378481849184,-0.049999999263863164
20.666666666666668,263.8937846396015,-0.04999999933255977
20.708333333333332,263.89378447740523,-0.04999999939484565
20.75,263.89378433034517,-0.04999999945131878
20.791666666666668,263.8937841970088,-0.04999999950252169
20.833333333333332,263.8937840761154,-0.04999999954894634
20.875,263.8937839665039,-0.04999999959103848
20.916666666666664,263.89378386712133,-0.04999999962920286
20.958333333333332,263.8937837770132,-0.049999999663805514
21.0,263.89378369531397,-0.04999999969517914
21.041666666666664,263.8937836212389,-0.04999999972362493
21.083333333333332,263.89378355407666,-0.049999999749416005
21.125,263.89378349318196,-0.0499999997728006
21.166666666666664,263.89378343797,-0.049999999794002825
21.208333333333336,263.8937833879104,-0.04999999981322658
21.25,263.8937833425224,-0.04999999983065615
21.291666666666668,263.89378330137004,-0.0499999998464593
21.333333333333336,263.893783264058,-0.049999999860787785
21.375,263.89378323022794,-0.04999999987377912
21.416666666666668,263.8937831995549,-0.04999999988555795
21.458333333333336,263.8937831717443,-0.04999999989623746
21.5,263.893783146529,-0.049999999905920564
21.541666666666668,263.89378312366676,-0.04999999991470014
21.583333333333336,263.8937831029381,-0.049999999922660104
21.625,263.8937830841438,-0.04999999992987737
21.666666666666668,263.8937830671034,-0.04999999993642133
21.708333333333332,263.89378305165326,-0.049999999942354496
21.75,263.89378303764494,-0.049999999947734124
21.791666666666668,263.8937830249438,-0.04999999995261189
21.833333333333332,263.893783013428,-0.04999999995703407
21.875,263.8937830029868,-0.04999999996104385
21.916666666666668,263.89378299352,-0.049999999964679374
21.958333333333332,263.8937829849366,-0.049999999967975495
22.0,263.8937829771542,-0.04999999997096375
22.041666666666664,263.89378297009813,-0.049999999973673166
22.083333333333332,263.89378296370046,-0.04999999997612992
22.125,263.8937829578999,-0.049999999978357176
22.166666666666664,263.8937829526406,-0.049999999980376734
22.208333333333332,263.8937829478722,-0.04999999998220793
22.25,263.8937829435487,-0.049999999983868525
22.291666666666664,263.89378293962864,-0.04999999998537386
22.333333333333332,263.89378293607444,-0.04999999998673863
22.375,263.89378293285193,-0.04999999998797613
22.416666666666668,263.8937829299301,-0.049999999989098196
22.458333333333336,263.893782927281,-0.049999999990115444
22.5,263.8937829248791,-0.04999999999103778
22.541666666666668,263.8937829227013,-0.04999999999187404
22.583333333333336,263.8937829207267,-0.04999999999263217
22.625,263.8937829189365,-0.04999999999331941
22.666666666666668,263.89378291731333,-0.04999999999394287
22.708333333333336,263.8937829158416,-0.04999999999450829
22.75,263.89378291450726,-0.049999999995020764
22.791666666666668,263.89378291329734,-0.04999999999548562
22.833333333333332,263.8937829122004,-0.04999999999590669
22.875,263.8937829112058,-0.0499999999962885
22.916666666666668,263.893782910304,-0.04999999999663471
22.958333333333332,263.8937829094864,-0.049999999996948694
23.0,263.8937829087451,-0.04999999999723326
23.041666666666668,263.8937829080729,-0.04999999999749143
23.083333333333332,263.8937829074635,-0.04999999999772528
23.125,263.89378290691093,-0.049999999997937354
23.166666666666668,263.89378290641,-0.04999999999812949
23.208333333333332,263.8937829059558,-0.04999999999830419
23.25,263.89378290554396,-0.049999999998462386
23.291666666666664,263.89378290517055,-0.04999999999860583
23.333333333333332,263.893782904832,-0.04999999999873586
23.375,263.89378290452504,-0.049999999998853746
23.416666666666664,263.89378290424673,-0.049999999998960674
23.458333333333332,263.8937829039944,-0.04999999999905768
23.5,263.8937829037656,-0.04999999999914567
23.541666666666664,263.8937829035582,-0.04999999999922543
23.583333333333332,263.8937829033701,-0.04999999999929783
23.625,263.8937829031995,-0.049999999999363366
23.666666666666668,263.89378290304484,-0.0499999999994225
23.708333333333336,263.8937829029046,-0.049999999999475964
23.75,263.8937829027775,-0.0499999999995244
23.791666666666668,263.8937829026623,-0.0499999999995685
23.833333333333336,263.89378290255786,-0.04999999999960866
23.875,263.89378290246316,-0.049999999999645404
23.916666666666668,263.89378290237727,-0.04999999999967873
23.958333333333336,263.8937829022994,-0.04999999999970885
24.0,263.89378290222874,-0.0499999999997361
24.041666666666668,263.89378290216473,-0.049999999999760555
24.083333333333332,263.89378290210664,-0.04999999999978291
24.125,263.893782902054,-0.049999999999802924
24.166666666666668,263.8937829020063,-0.049999999999821146
24.208333333333332,263.89378290196305,-0.04999999999983788
24.25,263.8937829019238,-0.04999999999985306
24.291666666666668,263.89378290188824,-0.049999999999866825
24.333333333333332,263.893782901856,-0.04999999999987918
24.375,263.89378290182674,-0.049999999999890535
24.416666666666668,263.8937829018002,-0.04999999999990059
24.458333333333332,263.89378290177615,-0.049999999999909596
24.5,263.8937829017543,-0.04999999999991784
24.541666666666664,263.8937829017346,-0.04999999999992518
24.583333333333332,263.89378290171663,-0.04999999999993213
24.625,263.8937829017004,-0.049999999999938136
24.666666666666664,263.89378290168565,-0.04999999999994359
24.708333333333332,263.89378290167235,-0.04999999999994865
24.75,263.89378290166024,-0.04999999999995351
24.791666666666664,263.8937829016492,-0.049999999999957793
24.833333333333336,263.89378290163927,-0.04999999999996135
24.875,263.8937829016303,-0.04999999999996471
24.916666666666668,263.89378290162216,-0.049999999999968014
24.958333333333336,263.89378290161477,-0.04999999999997119
25.0,263.89378290160806,-0.049999999999974086
25.041666666666668,263.8937829016019,-0.04999999999997666
25.083333333333336,263.8937829015964,-0.04999999999997867
25.125,263.89378290159135,-0.04999999999998067
25.166666666666668,263.8937829015868,-0.04999999999998222
25.208333333333336,263.89378290158265,-0.04999999999998372
25.25,263.8937829015789,-0.04999999999998497
25.291666666666668,263.89378290157555,-0.04999999999998611
25.333333333333332,263.89378290157254,-0.04999999999998741
25.375,263.89378290156975,-0.049999999999988845
25.416666666666668,263.8937829015672,-0.04999999999998996
25.458333333333332,263.89378290156486,-0.04999999999999076
25.5,263.8937829015628,-0.04999999999999132
25.541666666666668,263.8937829015609,-0.0499999999999921
25.583333333333332,263.8937829015592,-0.04999999999999251
25.625,263.89378290155764,-0.04999999999999301
25.666666666666664,263.8937829015563,-0.04999999999999357
25.708333333333332,263.893782901555,-0.049999999999994264
25.75,263.89378290155383,-0.0499999999999949
25.791666666666664,263.8937829015528,-0.04999999999999517
25.833333333333332,263.8937829015519,-0.04999999999999561
25.875,263.89378290155105,-0.049999999999996186
25.916666666666664,263.89378290155025,-0.04999999999999663
25.958333333333332,263.8937829015495,-0.0499999999999969
26.0,263.8937829015489,-0.04999999999999699
26.041666666666668,263.89378290154826,-0.04999999999999725
26.083333333333336,263.8937829015477,-0.04999999999999725
26.125,263.89378290154724,-0.04999999999999714
26.166666666666668,263.8937829015468,-0.04999999999999729
26.208333333333336,263.8937829015464,-0.0499999999999973
26.25,263.89378290154605,-0.04999999999999734
26.291666666666668,263.89378290154576,-0.04999999999999747
26.333333333333336,263.8937829015455,-0.04999999999999776
26.375,263.89378290154525,-0.04999999999999798
26.416666666666668,263.89378290154497,-0.04999999999999833
26.458333333333332,263.89378290154474,-0.049999999999998275
26.5,263.89378290154457,-0.04999999999999827
26.541666666666668,263.8937829015444,-0.049999999999998435
26.583333333333332,263.8937829015442,-0.04999999999999858
26.625,263.89378290154406,-0.04999999999999865
26.666666666666668,263.89378290154394,-0.04999999999999858
26.708333333333332,263.89378290154383,-0.04999999999999868
26.75,263.8937829015437,-0.049999999999998795
26.791666666666668,263.89378290154366,-0.049999999999998844
26.833333333333332,263.8937829015436,-0.049999999999999135
26.875,263.8937829015435,-0.049999999999999455
26.916666666666664,263.8937829015434,-0.04999999999999946
26.958333333333332,263.8937829015433,-0.04999999999999929
27.0,263.89378290154326,-0.049999999999999316
27.041666666666664,263.8937829015432,-0.049999999999999364
27.083333333333332,263.89378290154315,-0.04999999999999941
27.125,263.8937829015431,-0.04999999999999941
27.166666666666664,263.8937829015431,-0.04999999999999938
27.208333333333332,263.8937829015431,-0.04999999999999961
27.25,263.89378290154303,-0.04999999999999994
27.291666666666668,263.893782901543,-0.049999999999999996
27.333333333333336,263.8937829015429,-0.0499999999999999
27.375,263.89378290154286,-0.04999999999999974
27.416666666666668,263.8937829015428,-0.04999999999999953
27.458333333333336,263.8937829015428,-0.04999999999999926
27.5,263.89378290154275,-0.04999999999999926
27.541666666666668,263.89378290154275,-0.049999999999999045
27.583333333333336,263.89378290154275,-0.04999999999999903
27.625,263.89378290154275,-0.049999999999999094
27.666666666666668,263.89378290154275,-0.04999999999999918
27.708333333333332,263.89378290154275,-0.04999999999999927
27.75,263.89378290154275,-0.049999999999999364
27.791666666666668,263.89378290154275,-0.04999999999999946
27.833333333333332,263.89378290154275,-0.04999999999999956
27.875,263.89378290154275,-0.049999999999999656
27.916666666666668,263.8937829015427,-0.04999999999999975
27.958333333333332,263.89378290154264,-0.04999999999999953
28.0,263.89378290154264,-0.04999999999999916
28.041666666666668,263.89378290154264,-0.04999999999999904
28.083333333333332,263.89378290154264,-0.049999999999999
28.125,263.89378290154264,-0.049999999999998976
28.166666666666664,263.89378290154264,-0.04999999999999896
28.208333333333332,263.89378290154264,-0.04999999999999896
28.25,263.89378290154264,-0.04999999999999896
28.291666666666664,263.89378290154264,-0.04999999999999896
28.333333333333332,263.89378290154264,-0.04999999999999896
28.375,263.89378290154264,-0.04999999999999896
28.416666666666664,263.89378290154264,-0.04999999999999896
28.458333333333336,263.89378290154264,-0.04999999999999896
28.5,263.89378290154264,-0.04999999999999896
28.541666666666668,263.89378290154264,-0.04999999999999896
28.583333333333336,263.89378290154264,-0.04999999999999896
28.625,263.89378290154264,-0.04999999999999896
28.666666666666668,263.89378290154264,-0.04999999999999896
28.708333333333336,263.89378290154264,-0.04999999999999896
28.75,263.89378290154264,-0.04999999999999896
28.791666666666668,263.89378290154264,-0.04999999999999896
28.833333333333336,263.89378290154264,-0.04999999999999896
28.875,263.89378290154264,-0.04999999999999896
28.916666666666668,263.89378290154264,-0.04999999999999896
28.958333333333332,263.89378290154264,-0.04999999999999896
29.0,263.89378290154264,-0.04999999999999896
29.041666666666668,263.89378290154264,-0.04999999999999896
29.083333333333332,263.89378290154264,-0.04999999999999896
29.125,263.89378290154264,-0.04999999999999896
29.166666666666668,263.89378290154264,-0.04999999999999896
29.208333333333332,263.89378290154264,-0.04999999999999896
29.25,263.89378290154264,-0.04999999999999896
29.291666666666664,263.89378290154264,-0.04999999999999896
29.333333333333332,263.89378290154264,-0.04999999999999896
29.375,263.89378290154264,-0.04999999999999896
29.416666666666664,263.89378290154264,-0.04999999999999896
29.458333333333332,263.89378290154264,-0.04999999999999896
29.5,263.89378290154264,-0.04999999999999896
29.541666666666664,263.89378290154264,-0.04999999999999896
29.583333333333332,263.89378290154264,-0.04999999999999896
29.625,263.89378290154264,-0.04999999999999896
29.666666666666668,263.89378290154264,-0.04999999999999896
29.708333333333336,263.89378290154264,-0.04999999999999896
29.75,263.89378290154264,-0.04999999999999896
29.791666666666668,263.89378290154264,-0.04999999999999896
29.833333333333336,263.89378290154264,-0.04999999999999896
29.875,263.89378290154264,-0.04999999999999896
29.916666666666668,263.89378290154264,-0.04999999999999896
29.958333333333336,263.89378290154264,-0.04999999999999896
30.0,263.89378290154264,-0.04999999999999896
30.041666666666668,263.89378290154264,-0.04999999999999896
30.083333333333332,263.89378290154264,-0.04999999999999896
30.125,263.89378290154264,-0.04999999999999896
30.166666666666668,263.89378290154264,-0.04999999999999896
30.208333333333332,263.89378290154264,-0.04999999999999896
30.25,263.89378290154264,-0.04999999999999896
30.291666666666668,263.89378290154264,-0.04999999999999896
30.333333333333332,263.89378290154264,-0.04999999999999896
30.375,263.89378290154264,-0.04999999999999896
30.416666666666668,263.89378290154264,-0.04999999999999896
30.458333333333332,263.89378290154264,-0.04999999999999896
30.5,263.89378290154264,-0.04999999999999896
30.541666666666664,263.89378290154264,-0.04999999999999896
30.583333333333336,263.89378290154264,-0.04999999999999896
30.625,263.89378290154264,-0.04999999999999896
30.666666666666668,263.89378290154264,-0.04999999999999896
30.708333333333332,263.89378290154264,-0.04999999999999896
30.750000000000004,263.89378290154264,-0.04999999999999896
30.791666666666664,263.89378290154264,-0.04999999999999896
30.833333333333336,263.89378290154264,-0.04999999999999896
30.875,263.89378290154264,-0.04999999999999896
30.916666666666668,263.89378290154264,-0.04999999999999896
30.958333333333332,263.89378290154264,-0.04999999999999896
31.0,263.89378290154264,-0.04999999999999896
31.041666666666664,263.89378290154264,-0.04999999999999896
31.083333333333336,263.89378290154264,-0.04999999999999896
31.124999999999996,263.89378290154264,-0.04999999999999896
31.166666666666668,263.89378290154264,-0.04999999999999896
31.208333333333332,263.89378290154264,-0.04999999999999896
31.25,263.89378290154264,-0.04999999999999896
31.291666666666664,263.89378290154264,-0.04999999999999896
31.333333333333332,263.89378290154264,-0.04999999999999896
31.374999999999996,263.89378290154264,-0.04999999999999896
31.416666666666668,263.89378290154264,-0.04999999999999896
31.45833333333333,263.89378290154264,-0.04999999999999896
31.5,263.89378290154264,-0.04999999999999896
31.54166666666667,263.89378290154264,-0.04999999999999896
31.583333333333332,263.89378290154264,-0.04999999999999896
31.625000000000004,263.89378290154264,-0.04999999999999896
31.666666666666668,263.89378290154264,-0.04999999999999896
31.708333333333336,263.89378290154264,-0.04999999999999896
31.75,263.89378290154264,-0.04999999999999896
31.791666666666668,263.89378290154264,-0.04999999999999896
31.833333333333332,263.89378290154264,-0.04999999999999896
31.875000000000004,263.89378290154264,-0.04999999999999896
31.916666666666664,263.89378290154264,-0.04999999999999896
31.958333333333336,263.89378290154264,-0.04999999999999896
32.0,263.89378290154264,-0.04999999999999896
32.04166666666667,263.89378290154264,-0.04999999999999896
32.08333333333333,263.89378290154264,-0.04999999999999896
32.125,263.89378290154264,-0.04999999999999896
32.166666666666664,263.89378290154264,-0.04999999999999896
32.208333333333336,263.89378290154264,-0.04999999999999896
32.25,263.89378290154264,-0.04999999999999896
32.291666666666664,263.89378290154264,-0.04999999999999896
32.33333333333333,263.89378290154264,-0.04999999999999896
32.375,263.89378290154264,-0.04999999999999896
32.416666666666664,263.89378290154264,-0.04999999999999896
32.458333333333336,263.89378290154264,-0.04999999999999896
32.5,263.89378290154264,-0.04999999999999896
32.541666666666664,263.89378290154264,-0.04999999999999896
32.58333333333333,263.89378290154264,-0.04999999999999896
32.625,263.89378290154264,-0.04999999999999896
32.666666666666664,263.89378290154264,-0.04999999999999896
32.708333333333336,263.89378290154264,-0.04999999999999896
32.75,263.89378290154264,-0.04999999999999896
32.791666666666664,263.89378290154264,-0.04999999999999896
32.833333333333336,263.89378290154264,-0.04999999999999896
32.875,263.89378290154264,-0.04999999999999896
32.91666666666667,263.89378290154264,-0.04999999999999896
32.958333333333336,263.89378290154264,-0.04999999999999896
33.0,263.89378290154264,-0.04999999999999896
33.041666666666664,263.89378290154264,-0.04999999999999896
33.083333333333336,263.89378290154264,-0.04999999999999896
33.125,263.89378290154264,-0.04999999999999896
33.16666666666667,263.89378290154264,-0.04999999999999896
33.20833333333333,263.89378290154264,-0.04999999999999896
33.25,263.89378290154264,-0.04999999999999896
33.291666666666664,263.89378290154264,-0.04999999999999896
33.333333333333336,263.89378290154264,-0.04999999999999896
33.375,263.89378290154264,-0.04999999999999896
33.41666666666667,263.89378290154264,-0.04999999999999896
33.45833333333333,263.89378290154264,-0.04999999999999896
33.5,263.89378290154264,-0.04999999999999896
33.541666666666664,263.89378290154264,-0.04999999999999896
33.583333333333336,263.89378290154264,-0.04999999999999896
33.625,263.89378290154264,-0.04999999999999896
33.666666666666664,263.89378290154264,-0.04999999999999896
33.70833333333333,263.89378290154264,-0.04999999999999896
33.75,263.89378290154264,-0.04999999999999896
33.791666666666664,263.89378290154264,-0.04999999999999896
33.833333333333336,263.89378290154264,-0.04999999999999896
33.875,263.89378290154264,-0.04999999999999896
33.916666666666664,263.89378290154264,-0.04999999999999896
33.958333333333336,263.89378290154264,-0.04999999999999896
34.0,263.89378290154264,-0.04999999999999896
34.04166666666667,263.89378290154264,-0.04999999999999896
34.083333333333336,263.89378290154264,-0.04999999999999896
34.125,263.89378290154264,-0.04999999999999896
34.166666666666664,263.89378290154264,-0.04999999999999896
34.208333333333336,263.89378290154264,-0.04999999999999896
34.25,263.89378290154264,-0.04999999999999896
34.29166666666667,263.89378290154264,-0.04999999999999896
34.33333333333333,263.89378290154264,-0.04999999999999896
34.375,263.89378290154264,-0.04999999999999896
34.416666666666664,263.89378290154264,-0.04999999999999896
34.458333333333336,263.89378290154264,-0.04999999999999896
34.5,263.89378290154264,-0.04999999999999896
34.54166666666667,263.89378290154264,-0.04999999999999896
34.58333333333333,263.89378290154264,-0.04999999999999896
34.625,263.89378290154264,-0.04999999999999896
34.666666666666664,263.89378290154264,-0.04999999999999896
34.708333333333336,263.89378290154264,-0.04999999999999896
34.75,263.89378290154264,-0.04999999999999896
34.791666666666664,263.89378290154264,-0.04999999999999896
34.83333333333333,263.89378290154264,-0.04999999999999896
34.875,263.89378290154264,-0.04999999999999896
34.916666666666664,263.89378290154264,-0.04999999999999896
34.958333333333336,263.89378290154264,-0.04999999999999896
35.0,263.89378290154264,-0.04999999999999896
35.041666666666664,263.89378290154264,-0.04999999999999896
35.08333333333333,263.89378290154264,-0.04999999999999896
35.125,263.89378290154264,-0.04999999999999896
35.16666666666667,263.89378290154264,-0.04999999999999896
35.208333333333336,263.89378290154264,-0.04999999999999896
35.25,263.89378290154264,-0.04999999999999896
35.291666666666664,263.89378290154264,-0.04999999999999896
35.333333333333336,263.89378290154264,-0.04999999999999896
35.375,263.89378290154264,-0.04999999999999896
35.41666666666667,263.89378290154264,-0.04999999999999896
35.458333333333336,263.89378290154264,-0.04999999999999896
35.5,263.89378290154264,-0.04999999999999896
35.541666666666664,263.89378290154264,-0.04999999999999896
35.583333333333336,263.89378290154264,-0.04999999999999896
35.625,263.89378290154264,-0.04999999999999896
35.66666666666667,263.89378290154264,-0.04999999999999896
35.70833333333333,263.89378290154264,-0.04999999999999896
35.75,263.89378290154264,-0.04999999999999896
35.791666666666664,263.89378290154264,-0.04999999999999896
35.833333333333336,263.89378290154264,-0.04999999999999896
35.875,263.89378290154264,-0.04999999999999896
35.916666666666664,263.89378290154264,-0.04999999999999896
35.95833333333333,263.89378290154264,-0.04999999999999896
36.0,263.89378290154264,-0.04999999999999896
36.041666666666664,263.89378290154264,-0.04999999999999896
36.083333333333336,263.89378290154264,-0.04999999999999896
36.125,263.89378290154264,-0.04999999999999896
36.166666666666664,263.89378290154264,-0.04999999999999896
36.20833333333333,263.89378290154264,-0.04999999999999896
36.25,263.89378290154264,-0.04999999999999896
36.291666666666664,263.89378290154264,-0.04999999999999896
36.333333333333336,263.89378290154264,-0.04999999999999896
36.375,263.89378290154264,-0.04999999999999896
36.416666666666664,263.89378290154264,-0.04999999999999896
36.458333333333336,263.89378290154264,-0.04999999999999896
36.5,263.89378290154264,-0.04999999999999896
36.54166666666667,263.89378290154264,-0.04999999999999896
36.583333333333336,263.89378290154264,-0.04999999999999896
36.625,263.89378290154264,-0.04999999999999896
36.666666666666664,263.89378290154264,-0.04999999999999896
36.708333333333336,263.89378290154264,-0.04999999999999896
36.75,263.89378290154264,-0.04999999999999896
36.79166666666667,263.89378290154264,-0.04999999999999896
36.83333333333333,263.89378290154264,-0.04999999999999896
36.875,263.89378290154264,-0.04999999999999896
36.916666666666664,263.89378290154264,-0.04999999999999896
36.958333333333336,263.89378290154264,-0.04999999999999896
37.0,263.89378290154264,-0.04999999999999896
37.04166666666667,263.89378290154264,-0.04999999999999896
37.08333333333333,263.89378290154264,-0.04999999999999896
37.125,263.89378290154264,-0.04999999999999896
37.166666666666664,263.89378290154264,-0.04999999999999896
37.208333333333336,263.89378290154264,-0.04999999999999896
37.25,263.89378290154264,-0.04999999999999896
37.291666666666664,263.89378290154264,-0.04999999999999896
37.33333333333333,263.89378290154264,-0.04999999999999896
37.375,263.89378290154264,-0.04999999999999896
37.416666666666664,263.89378290154264,-0.04999999999999896
37.458333333333336,263.89378290154264,-0.04999999999999896
37.5,263.89378290154264,-0.04999999999999896
37.541666666666664,263.89378290154264,-0.04999999999999896
37.583333333333336,263.89378290154264,-0.04999999999999896
37.625,263.89378290154264,-0.04999999999999896
37.66666666666667,263.89378290154264,-0.04999999999999896
37.708333333333336,263.89378290154264,-0.04999999999999896
37.75,263.89378290154264,-0.04999999999999896
37.791666666666664,263.89378290154264,-0.04999999999999896
37.833333333333336,263.89378290154264,-0.04999999999999896
37.875,263.89378290154264,-0.04999999999999896
37.91666666666667,263.89378290154264,-0.04999999999999896
37.958333333333336,263.89378290154264,-0.04999999999999896
38.0,263.89378290154264,-0.04999999999999896
38.041666666666664,263.89378290154264,-0.04999999999999896
38.083333333333336,263.89378290154264,-0.04999999999999896
38.125,263.89378290154264,-0.04999999999999896
38.16666666666667,263.89378290154264,-0.04999999999999896
38.20833333333333,263.89378290154264,-0.04999999999999896
38.25,263.89378290154264,-0.04999999999999896
38.291666666666664,263.89378290154264,-0.04999999999999896
38.333333333333336,263.89378290154264,-0.04999999999999896
38.375,263.89378290154264,-0.04999999999999896
38.416666666666664,263.89378290154264,-0.04999999999999896
38.45833333333333,263.89378290154264,-0.04999999999999896
38.5,263.89378290154264,-0.04999999999999896
38.541666666666664,263.89378290154264,-0.04999999999999896
38.583333333333336,263.89378290154264,-0.04999999999999896
38.625,263.89378290154264,-0.04999999999999896
38.666666666666664,263.89378290154264,-0.04999999999999896
38.70833333333333,263.89378290154264,-0.04999999999999896
38.75,263.89378290154264,-0.04999999999999896
38.79166666666667,263.89378290154264,-0.04999999999999896
38.833333333333336,263.89378290154264,-0.04999999999999896
38.875,263.89378290154264,-0.04999999999999896
38.916666666666664,263.89378290154264,-0.04999999999999896
38.958333333333336,263.89378290154264,-0.04999999999999896
39.0,263.89378290154264,-0.04999999999999896
39.04166666666667,263.89378290154264,-0.04999999999999896
39.083333333333336,263.89378290154264,-0.04999999999999896
39.125,263.89378290154264,-0.04999999999999896
39.166666666666664,263.89378290154264,-0.04999999999999896
39.208333333333336,263.89378290154264,-0.04999999999999896
39.25,263.89378290154264,-0.04999999999999896
39.29166666666667,263.89378290154264,-0.04999999999999896
39.33333333333333,263.89378290154264,-0.04999999999999896
39.375,263.89378290154264,-0.04999999999999896
39.416666666666664,263.89378290154264,-0.04999999999999896
39.458333333333336,263.89378290154264,-0.04999999999999896
39.5,263.89378290154264,-0.04999999999999896
39.541666666666664,263.89378290154264,-0.04999999999999896
39.58333333333333,263.89378290154264,-0.04999999999999896
39.625,263.89378290154264,-0.04999999999999896
39.666666666666664,263.89378290154264,-0.04999999999999896
39.708333333333336,263.89378290154264,-0.04999999999999896
39.75,263.89378290154264,-0.04999999999999896
39.791666666666664,263.89378290154264,-0.04999999999999896
39.83333333333333,263.89378290154264,-0.04999999999999896
39.875,263.89378290154264,-0.04999999999999896
39.916666666666664,263.89378290154264,-0.04999999999999896
39.958333333333336,263.89378290154264,-0.04999999999999896
40.0,263.89378290154264,-0.04999999999999896
40.041666666666664,263.89378290154264,-0.04999999999999896
40.083333333333336,263.89378290154264,-0.04999999999999896
40.125,263.89378290154264,-0.04999999999999896
40.16666666666667,263.89378290154264,-0.04999999999999896
40.208333333333336,263.89378290154264,-0.04999999999999896
40.25,263.89378290154264,-0.04999999999999896
40.291666666666664,263.89378290154264,-0.04999999999999896
40.333333333333336,263.89378290154264,-0.04999999999999896
40.375,263.89378290154264,-0.04999999999999896
40.41666666666667,263.89378290154264,-0.04999999999999896
40.45833333333333,263.89378290154264,-0.04999999999999896
40.5,263.89378290154264,-0.04999999999999896
40.541666666666664,263.89378290154264,-0.04999999999999896
40.583333333333336,263.89378290154264,-0.04999999999999896
40.625,263.89378290154264,-0.04999999999999896
40.66666666666667,263.89378290154264,-0.04999999999999896
40.70833333333333,263.89378290154264,-0.04999999999999896
40.75,263.89378290154264,-0.04999999999999896
40.791666666666664,263.89378290154264,-0.04999999999999896
40.833333333333336,263.89378290154264,-0.04999999999999896
40.875,263.89378290154264,-0.04999999999999896
40.916666666666664,263.89378290154264,-0.04999999999999896
40.95833333333333,263.89378290154264,-0.04999999999999896
41.0,263.89378290154264,-0.04999999999999896
41.041666666666664,263.89378290154264,-0.04999999999999896
41.083333333333336,263.89378290154264,-0.04999999999999896
41.125,263.89378290154264,-0.04999999999999896
41.166666666666664,263.89378290154264,-0.04999999999999896
41.208333333333336,263.89378290154264,-0.04999999999999896
41.25,263.89378290154264,-0.04999999999999896
41.29166666666667,263.89378290154264,-0.04999999999999896
41.333333333333336,263.89378290154264,-0.04999999999999896
41.375,263.89378290154264,-0.04999999999999896
41.416666666666664,263.89378290154264,-0.04999999999999896
41.458333333333336,263.89378290154264,-0.04999999999999896
41.5,263.89378290154264,-0.04999999999999896
41.54166666666667,263.89378290154264,-0.04999999999999896
41.583333333333336,263.89378290154264,-0.04999999999999896
41.625,263.89378290154264,-0.04999999999999896
41.666666666666664,263.89378290154264,-0.04999999999999896
41.708333333333336,263.89378290154264,-0.04999999999999896
41.75,263.89378290154264,-0.04999999999999896
41.79166666666667,263.89378290154264,-0.04999999999999896
41.83333333333333,263.89378290154264,-0.04999999999999896
41.875,263.89378290154264,-0.04999999999999896
41.916666666666664,263.89378290154264,-0.04999999999999896
41.958333333333336,263.89378290154264,-0.04999999999999896
42.0,263.89378290154264,-0.04999999999999896
42.041666666666664,263.89378290154264,-0.04999999999999896
42.08333333333333,263.89378290154264,-0.04999999999999896
42.125,263.89378290154264,-0.04999999999999896
42.166666666666664,263.89378290154264,-0.04999999999999896
42.208333333333336,263.89378290154264,-0.04999999999999896
42.25,263.89378290154264,-0.04999999999999896
42.291666666666664,263.89378290154264,-0.04999999999999896
42.33333333333333,263.89378290154264,-0.04999999999999896
42.375,263.89378290154264,-0.04999999999999896
42.41666666666667,263.89378290154264,-0.04999999999999896
42.458333333333336,263.89378290154264,-0.04999999999999896
42.5,263.89378290154264,-0.04999999999999896
42.541666666666664,263.89378290154264,-0.04999999999999896
42.583333333333336,263.89378290154264,-0.04999999999999896
42.625,263.89378290154264,-0.04999999999999896
42.66666666666667,263.89378290154264,-0.04999999999999896
42.708333333333336,263.89378290154264,-0.04999999999999896
42.75,263.89378290154264,-0.04999999999999896
42.791666666666664,263.89378290154264,-0.04999999999999896
42.833333333333336,263.89378290154264,-0.04999999999999896
42.875,263.89378290154264,-0.04999999999999896
42.91666666666667,263.89378290154264,-0.04999999999999896
42.95833333333333,263.89378290154264,-0.04999999999999896
43.0,263.89378290154264,-0.04999999999999896
43.041666666666664,263.89378290154264,-0.04999999999999896
43.083333333333336,263.89378290154264,-0.04999999999999896
43.125,263.89378290154264,-0.04999999999999896
43.16666666666667,263.89378290154264,-0.04999999999999896
43.20833333333333,263.89378290154264,-0.04999999999999896
43.25,263.89378290154264,-0.04999999999999896
43.291666666666664,263.89378290154264,-0.04999999999999896
43.333333333333336,263.89378290154264,-0.04999999999999896
43.375,263.89378290154264,-0.04999999999999896
43.416666666666664,263.89378290154264,-0.04999999999999896
43.45833333333333,263.89378290154264,-0.04999999999999896
43.5,263.89378290154264,-0.04999999999999896
43.541666666666664,263.89378290154264,-0.04999999999999896
43.583333333333336,263.89378290154264,-0.04999999999999896
43.625,263.89378290154264,-0.04999999999999896
43.666666666666664,263.89378290154264,-0.04999999999999896
43.708333333333336,263.89378290154264,-0.04999999999999896
43.75,263.89378290154264,-0.04999999999999896
43.79166666666667,263.89378290154264,-0.04999999999999896
43.833333333333336,263.89378290154264,-0.04999999999999896
43.875,263.89378290154264,-0.04999999999999896
43.916666666666664,263.89378290154264,-0.04999999999999896
43.958333333333336,263.89378290154264,-0.04999999999999896
44.0,263.89378290154264,-0.04999999999999896
44.04166666666667,263.89378290154264,-0.04999999999999896
44.08333333333333,263.89378290154264,-0.04999999999999896
44.125,263.89378290154264,-0.04999999999999896
44.166666666666664,263.89378290154264,-0.04999999999999896
44.208333333333336,263.89378290154264,-0.04999999999999896
44.25,263.89378290154264,-0.04999999999999896
44.29166666666667,263.89378290154264,-0.04999999999999896
44.33333333333333,263.89378290154264,-0.04999999999999896
44.375,263.89378290154264,-0.04999999999999896
44.416666666666664,263.89378290154264,-0.04999999999999896
44.458333333333336,263.89378290154264,-0.04999999999999896
44.5,263.89378290154264,-0.04999999999999896
44.541666666666664,263.89378290154264,-0.04999999999999896
44.58333333333333,263.89378290154264,-0.04999999999999896
44.625,263.89378290154264,-0.04999999999999896
44.666666666666664,263.89378290154264,-0.04999999999999896
44.708333333333336,263.89378290154264,-0.04999999999999896
44.75,263.89378290154264,-0.04999999999999896
44.791666666666664,263.89378290154264,-0.04999999999999896
44.833333333333336,263.89378290154264,-0.04999999999999896
44.875,263.89378290154264,-0.04999999999999896
44.91666666666667,263.89378290154264,-0.04999999999999896
44.958333333333336,263.89378290154264,-0.04999999999999896
45.0,263.89378290154264,-0.04999999999999896
45.041666666666664,263.89378290154264,-0.04999999999999896
45.083333333333336,263.89378290154264,-0.04999999999999896
45.125,263.89378290154264,-0.04999999999999896
45.16666666666667,263.89378290154264,-0.04999999999999896
45.208333333333336,263.89378290154264,-0.04999999999999896
45.25,263.89378290154264,-0.04999999999999896
45.291666666666664,263.89378290154264,-0.04999999999999896
45.333333333333336,263.89378290154264,-0.04999999999999896
45.375,263.89378290154264,-0.04999999999999896
45.41666666666667,263.89378290154264,-0.04999999999999896
45.45833333333333,263.89378290154264,-0.04999999999999896
45.5,263.89378290154264,-0.04999999999999896
45.541666666666664,263.89378290154264,-0.04999999999999896
45.583333333333336,263.89378290154264,-0.04999999999999896
45.625,263.89378290154264,-0.04999999999999896
45.666666666666664,263.89378290154264,-0.04999999999999896
45.70833333333333,263.89378290154264,-0.04999999999999896
45.75,263.89378290154264,-0.04999999999999896
45.791666666666664,263.89378290154264,-0.04999999999999896
45.833333333333336,263.89378290154264,-0.04999999999999896
45.875,263.89378290154264,-0.04999999999999896
45.916666666666664,263.89378290154264,-0.04999999999999896
45.95833333333333,263.89378290154264,-0.04999999999999896
46.0,263.89378290154264,-0.04999999999999896
46.04166666666667,263.89378290154264,-0.04999999999999896
46.083333333333336,263.89378290154264,-0.04999999999999896
46.125,263.89378290154264,-0.04999999999999896
46.166666666666664,263.89378290154264,-0.04999999999999896
46.208333333333336,263.89378290154264,-0.04999999999999896
46.25,263.89378290154264,-0.04999999999999896
46.29166666666667,263.89378290154264,-0.04999999999999896
46.333333333333336,263.89378290154264,-0.04999999999999896
46.375,263.89378290154264,-0.04999999999999896
46.416666666666664,263.89378290154264,-0.04999999999999896
46.458333333333336,263.89378290154264,-0.04999999999999896
46.5,263.89378290154264,-0.04999999999999896
46.54166666666667,263.89378290154264,-0.04999999999999896
46.58333333333333,263.89378290154264,-0.04999999999999896
46.625,263.89378290154264,-0.04999999999999896
46.666666666666664,263.89378290154264,-0.04999999999999896
46.708333333333336,263.89378290154264,-0.04999999999999896
46.75,263.89378290154264,-0.04999999999999896
46.79166666666667,263.89378290154264,-0.04999999999999896
46.83333333333333,263.89378290154264,-0.04999999999999896
46.875,263.89378290154264,-0.04999999999999896
46.916666666666664,263.89378290154264,-0.04999999999999896
46.958333333333336,263.89378290154264,-0.04999999999999896
47.0,263.89378290154264,-0.04999999999999896
47.041666666666664,263.89378290154264,-0.04999999999999896
47.08333333333333,263.89378290154264,-0.04999999999999896
47.125,263.89378290154264,-0.04999999999999896
47.166666666666664,263.89378290154264,-0.04999999999999896
47.208333333333336,263.89378290154264,-0.04999999999999896
47.25,263.89378290154264,-0.04999999999999896
47.291666666666664,263.89378290154264,-0.04999999999999896
47.333333333333336,263.89378290154264,-0.04999999999999896
47.375,263.89378290154264,-0.04999999999999896
47.41666666666667,263.89378290154264,-0.04999999999999896
47.458333333333336,263.89378290154264,-0.04999999999999896
47.5,263.89378290154264,-0.04999999999999896
47.541666666666664,263.89378290154264,-0.04999999999999896
47.583333333333336,263.89378290154264,-0.04999999999999896
47.625,263.89378290154264,-0.04999999999999896
47.66666666666667,263.89378290154264,-0.04999999999999896
47.70833333333333,263.89378290154264,-0.04999999999999896
47.75,263.89378290154264,-0.04999999999999896
47.791666666666664,263.89378290154264,-0.04999999999999896
47.833333333333336,263.89378290154264,-0.04999999999999896
47.875,263.89378290154264,-0.04999999999999896
47.91666666666667,263.89378290154264,-0.04999999999999896
47.95833333333333,263.89378290154264,-0.04999999999999896
48.0,263.89378290154264,-0.04999999999999896
48.041666666666664,263.89378290154264,-0.04999999999999896
48.083333333333336,263.89378290154264,-0.04999999999999896
48.125,263.89378290154264,-0.04999999999999896
48.166666666666664,263.89378290154264,-0.04999999999999896
48.20833333333333,263.89378290154264,-0.04999999999999896
48.25,263.89378290154264,-0.04999999999999896
48.291666666666664,263.89378290154264,-0.04999999999999896
48.333333333333336,263.89378290154264,-0.04999999999999896
48.375,263.89378290154264,-0.04999999999999896
48.416666666666664,263.89378290154264,-0.04999999999999896
48.458333333333336,263.89378290154264,-0.04999999999999896
48.5,263.89378290154264,-0.04999999999999896
48.54166666666667,263.89378290154264,-0.04999999999999896
48.583333333333336,263.89378290154264,-0.04999999999999896
48.625,263.89378290154264,-0.04999999999999896
48.666666666666664,263.89378290154264,-0.04999999999999896
48.708333333333336,263.89378290154264,-0.04999999999999896
48.75,263.89378290154264,-0.04999999999999896
48.79166666666667,263.89378290154264,-0.04999999999999896
48.833333333333336,263.89378290154264,-0.04999999999999896
48.875,263.89378290154264,-0.04999999999999896
48.916666666666664,263.89378290154264,-0.04999999999999896
48.958333333333336,263.89378290154264,-0.04999999999999896
49.0,263.89378290154264,-0.04999999999999896
49.04166666666667,263.89378290154264,-0.04999999999999896
49.08333333333333,263.89378290154264,-0.04999999999999896
49.125,263.89378290154264,-0.04999999999999896
49.166666666666664,263.89378290154264,-0.04999999999999896
49.208333333333336,263.89378290154264,-0.04999999999999896
49.25,263.89378290154264,-0.04999999999999896
49.291666666666664,263.89378290154264,-0.04999999999999896
49.33333333333333,263.89378290154264,-0.04999999999999896
49.375,263.89378290154264,-0.04999999999999896
49.416666666666664,263.89378290154264,-0.04999999999999896
49.458333333333336,263.89378290154264,-0.04999999999999896
49.5,263.89378290154264,-0.04999999999999896
49.541666666666664,263.89378290154264,-0.04999999999999896
49.58333333333333,263.89378290154264,-0.04999999999999896
49.625,263.89378290154264,-0.04999999999999896
49.66666666666667,263.89378290154264,-0.04999999999999896
49.708333333333336,263.89378290154264,-0.04999999999999896
49.75,263.89378290154264,-0.04999999999999896
49.791666666666664,263.89378290154264,-0.04999999999999896
49.833333333333336,263.89378290154264,-0.04999999999999896
49.875,263.89378290154264,-0.04999999999999896
49.91666666666667,263.89378290154264,-0.04999999999999896
49.958333333333336,263.89378290154264,-0.04999999999999896
50.0,263.89378290154264,-0.04999999999999896
50.041666666666664,263.89378290154264,-0.04999999999999896
50.083333333333336,263.89378290154264,-0.04999999999999896
50.125,263.89378290154264,-0.04999999999999896
50.16666666666667,263.89378290154264,-0.04999999999999896
50.20833333333333,263.89378290154264,-0.04999999999999896
50.25,263.89378290154264,-0.04999999999999896
50.291666666666664,263.89378290154264,-0.04999999999999896
50.333333333333336,263.89378290154264,-0.04999999999999896
50.375,263.89378290154264,-0.04999999999999896
50.41666666666667,263.89378290154264,-0.04999999999999896
50.45833333333333,263.89378290154264,-0.04999999999999896
50.5,263.89378290154264,-0.04999999999999896
50.541666666666664,263.89378290154264,-0.04999999999999896
50.583333333333336,263.89378290154264,-0.04999999999999896
50.625,263.89378290154264,-0.04999999999999896
50.666666666666664,263.89378290154264,-0.04999999999999896
50.70833333333333,263.89378290154264,-0.04999999999999896
50.75,263.89378290154264,-0.04999999999999896
50.791666666666664,263.89378290154264,-0.04999999999999896
50.833333333333336,263.89378290154264,-0.04999999999999896
50.875,263.89378290154264,-0.04999999999999896
50.916666666666664,263.89378290154264,-0.04999999999999896
50.958333333333336,263.89378290154264,-0.04999999999999896
51.0,263.89378290154264,-0.04999999999999896
51.04166666666667,263.89378290154264,-0.04999999999999896
51.083333333333336,263.89378290154264,-0.04999999999999896
51.125,263.89378290154264,-0.04999999999999896
51.166666666666664,263.89378290154264,-0.04999999999999896
51.208333333333336,263.89378290154264,-0.04999999999999896
51.25,263.89378290154264,-0.04999999999999896
51.29166666666667,263.89378290154264,-0.04999999999999896
51.33333333333333,263.89378290154264,-0.04999999999999896
51.375,263.89378290154264,-0.04999999999999896
51.416666666666664,263.89378290154264,-0.04999999999999896
51.458333333333336,263.89378290154264,-0.04999999999999896
51.5,263.89378290154264,-0.04999999999999896
51.54166666666667,263.89378290154264,-0.04999999999999896
51.58333333333333,263.89378290154264,-0.04999999999999896
51.625,263.89378290154264,-0.04999999999999896
51.666666666666664,263.89378290154264,-0.04999999999999896
51.708333333333336,263.89378290154264,-0.04999999999999896
51.75,263.89378290154264,-0.04999999999999896
51.791666666666664,263.89378290154264,-0.04999999999999896
51.83333333333333,263.89378290154264,-0.04999999999999896
51.875,263.89378290154264,-0.04999999999999896
51.916666666666664,263.89378290154264,-0.04999999999999896
51.958333333333336,263.89378290154264,-0.04999999999999896
52.0,263.89378290154264,-0.04999999999999896
52.041666666666664,263.89378290154264,-0.04999999999999896
52.083333333333336,263.89378290154264,-0.04999999999999896
52.125,263.89378290154264,-0.04999999999999896
52.16666666666667,263.89378290154264,-0.04999999999999896
52.208333333333336,263.89378290154264,-0.04999999999999896
52.25,263.89378290154264,-0.04999999999999896
52.291666666666664,263.89378290154264,-0.04999999999999896
52.333333333333336,263.89378290154264,-0.04999999999999896
52.375,263.89378290154264,-0.04999999999999896
52.41666666666667,263.89378290154264,-0.04999999999999896
52.458333333333336,263.89378290154264,-0.04999999999999896
52.5,263.89378290154264,-0.04999999999999896
52.541666666666664,263.89378290154264,-0.04999999999999896
52.583333333333336,263.89378290154264,-0.04999999999999896
52.625,263.89378290154264,-0.04999999999999896
52.66666666666667,263.89378290154264,-0.04999999999999896
52.70833333333333,263.89378290154264,-0.04999999999999896
52.75,263.89378290154264,-0.04999999999999896
52.791666666666664,263.89378290154264,-0.04999999999999896
52.833333333333336,263.89378290154264,-0.04999999999999896
52.875,263.89378290154264,-0.04999999999999896
52.916666666666664,263.89378290154264,-0.04999999999999896
52.95833333333333,263.89378290154264,-0.04999999999999896
53.0,263.89378290154264,-0.04999999999999896
53.041666666666664,263.89378290154264,-0.04999999999999896
53.083333333333336,263.89378290154264,-0.04999999999999896
53.125,263.89378290154264,-0.04999999999999896
53.166666666666664,263.89378290154264,-0.04999999999999896
53.20833333333333,263.89378290154264,-0.04999999999999896
53.25,263.89378290154264,-0.04999999999999896
53.29166666666667,263.89378290154264,-0.04999999999999896
53.333333333333336,263.89378290154264,-0.04999999999999896
53.375,263.89378290154264,-0.04999999999999896
53.416666666666664,263.89378290154264,-0.04999999999999896
53.458333333333336,263.89378290154264,-0.04999999999999896
53.5,263.89378290154264,-0.04999999999999896
53.54166666666667,263.89378290154264,-0.04999999999999896
53.583333333333336,263.89378290154264,-0.04999999999999896
53.625,263.89378290154264,-0.04999999999999896
53.666666666666664,263.89378290154264,-0.04999999999999896
53.708333333333336,263.89378290154264,-0.04999999999999896
53.75,263.89378290154264,-0.04999999999999896
53.79166666666667,263.89378290154264,-0.04999999999999896
53.83333333333333,263.89378290154264,-0.04999999999999896
53.875,263.89378290154264,-0.04999999999999896
53.916666666666664,263.89378290154264,-0.04999999999999896
53.958333333333336,263.89378290154264,-0.04999999999999896
54.0,263.89378290154264,-0.04999999999999896
54.04166666666667,263.89378290154264,-0.04999999999999896
54.08333333333333,263.89378290154264,-0.04999999999999896
54.125,263.89378290154264,-0.04999999999999896
54.166666666666664,263.89378290154264,-0.04999999999999896
54.208333333333336,263.89378290154264,-0.04999999999999896
54.25,263.89378290154264,-0.04999999999999896
54.291666666666664,263.89378290154264,-0.04999999999999896
54.33333333333333,263.89378290154264,-0.04999999999999896
54.375,263.89378290154264,-0.04999999999999896
54.416666666666664,263.89378290154264,-0.04999999999999896
54.458333333333336,263.89378290154264,-0.04999999999999896
54.5,263.89378290154264,-0.04999999999999896
54.541666666666664,263.89378290154264,-0.04999999999999896
54.583333333333336,263.89378290154264,-0.04999999999999896
54.625,263.89378290154264,-0.04999999999999896
54.66666666666667,263.89378290154264,-0.04999999999999896
54.708333333333336,263.89378290154264,-0.04999999999999896
54.75,263.89378290154264,-0.04999999999999896
54.791666666666664,263.89378290154264,-0.04999999999999896
54.833333333333336,263.89378290154264,-0.04999999999999896
54.875,263.89378290154264,-0.04999999999999896
54.91666666666667,263.89378290154264,-0.04999999999999896
54.95833333333333,263.89378290154264,-0.04999999999999896
55.0,263.89378290154264,-0.04999999999999896
55.041666666666664,263.89378290154264,-0.04999999999999896
55.083333333333336,263.89378290154264,-0.04999999999999896
55.125,263.89378290154264,-0.04999999999999896
55.16666666666667,263.89378290154264,-0.04999999999999896
55.20833333333333,263.89378290154264,-0.04999999999999896
55.25,263.89378290154264,-0.04999999999999896
55.291666666666664,263.89378290154264,-0.04999999999999896
55.333333333333336,263.89378290154264,-0.04999999999999896
55.375,263.89378290154264,-0.04999999999999896
55.416666666666664,263.89378290154264,-0.04999999999999896
55.45833333333333,263.89378290154264,-0.04999999999999896
55.5,263.89378290154264,-0.04999999999999896
55.541666666666664,263.89378290154264,-0.04999999999999896
55.583333333333336,263.89378290154264,-0.04999999999999896
55.625,263.89378290154264,-0.04999999999999896
55.666666666666664,263.89378290154264,-0.04999999999999896
55.708333333333336,263.89378290154264,-0.04999999999999896
55.75,263.89378290154264,-0.04999999999999896
55.79166666666667,263.89378290154264,-0.04999999999999896
55.833333333333336,263.89378290154264,-0.04999999999999896
55.875,263.89378290154264,-0.04999999999999896
55.916666666666664,263.89378290154264,-0.04999999999999896
55.958333333333336,263.89378290154264,-0.04999999999999896
56.0,263.89378290154264,-0.04999999999999896
56.04166666666667,263.89378290154264,-0.04999999999999896
56.083333333333336,263.89378290154264,-0.04999999999999896
56.125,263.89378290154264,-0.04999999999999896
56.166666666666664,263.89378290154264,-0.04999999999999896
56.208333333333336,263.89378290154264,-0.04999999999999896
56.25,263.89378290154264,-0.04999999999999896
56.29166666666667,263.89378290154264,-0.04999999999999896
56.33333333333333,263.89378290154264,-0.04999999999999896
56.375,263.89378290154264,-0.04999999999999896
56.416666666666664,263.89378290154264,-0.04999999999999896
56.458333333333336,263.89378290154264,-0.04999999999999896
56.5,263.89378290154264,-0.04999999999999896
56.541666666666664,263.89378290154264,-0.04999999999999896
56.58333333333333,263.89378290154264,-0.04999999999999896
56.625,263.89378290154264,-0.04999999999999896
56.666666666666664,263.89378290154264,-0.04999999999999896
56.708333333333336,263.89378290154264,-0.04999999999999896
56.75,263.89378290154264,-0.04999999999999896
56.791666666666664,263.89378290154264,-0.04999999999999896
56.83333333333333,263.89378290154264,-0.04999999999999896
56.875,263.89378290154264,-0.04999999999999896
56.91666666666667,263.89378290154264,-0.04999999999999896
56.958333333333336,263.89378290154264,-0.04999999999999896
57.0,263.89378290154264,-0.04999999999999896
57.041666666666664,263.89378290154264,-0.04999999999999896
57.083333333333336,263.89378290154264,-0.04999999999999896
57.125,263.89378290154264,-0.04999999999999896
57.16666666666667,263.89378290154264,-0.04999999999999896
57.208333333333336,263.89378290154264,-0.04999999999999896
57.25,263.89378290154264,-0.04999999999999896
57.291666666666664,263.89378290154264,-0.04999999999999896
57.333333333333336,263.89378290154264,-0.04999999999999896
57.375,263.89378290154264,-0.04999999999999896
57.41666666666667,263.89378290154264,-0.04999999999999896
57.45833333333333,263.89378290154264,-0.04999999999999896
57.5,263.89378290154264,-0.04999999999999896
57.541666666666664,263.89378290154264,-0.04999999999999896
57.583333333333336,263.89378290154264,-0.04999999999999896
57.625,263.89378290154264,-0.04999999999999896
57.66666666666667,263.89378290154264,-0.04999999999999896
57.70833333333333,263.89378290154264,-0.04999999999999896
57.75,263.89378290154264,-0.04999999999999896
57.791666666666664,263.89378290154264,-0.04999999999999896
57.833333333333336,263.89378290154264,-0.04999999999999896
57.875,263.89378290154264,-0.04999999999999896
57.916666666666664,263.89378290154264,-0.04999999999999896
57.95833333333333,263.89378290154264,-0.04999999999999896
58.0,263.89378290154264,-0.04999999999999896
58.041666666666664,263.89378290154264,-0.04999999999999896
58.083333333333336,263.89378290154264,-0.04999999999999896
58.125,263.89378290154264,-0.04999999999999896
58.166666666666664,263.89378290154264,-0.04999999999999896
58.208333333333336,263.89378290154264,-0.04999999999999896
58.25,263.89378290154264,-0.04999999999999896
58.29166666666667,263.89378290154264,-0.04999999999999896
58.333333333333336,263.89378290154264,-0.04999999999999896
58.375,263.89378290154264,-0.04999999999999896
58.416666666666664,263.89378290154264,-0.04999999999999896
58.458333333333336,263.89378290154264,-0.04999999999999896
58.5,263.89378290154264,-0.04999999999999896
58.54166666666667,263.89378290154264,-0.04999999999999896
58.58333333333333,263.89378290154264,-0.04999999999999896
58.625,263.89378290154264,-0.04999999999999896
58.666666666666664,263.89378290154264,-0.04999999999999896
58.708333333333336,263.89378290154264,-0.04999999999999896
58.75,263.89378290154264,-0.04999999999999896
58.79166666666667,263.89378290154264,-0.04999999999999896
58.83333333333333,263.89378290154264,-0.04999999999999896
58.875,263.89378290154264,-0.04999999999999896
58.916666666666664,263.89378290154264,-0.04999999999999896
58.958333333333336,263.89378290154264,-0.04999999999999896
59.0,263.89378290154264,-0.04999999999999896
59.041666666666664,263.89378290154264,-0.04999999999999896
59.08333333333333,263.89378290154264,-0.04999999999999896
59.125,263.89378290154264,-0.04999999999999896
59.166666666666664,263.89378290154264,-0.04999999999999896
59.208333333333336,263.89378290154264,-0.04999999999999896
59.25,263.89378290154264,-0.04999999999999896
59.291666666666664,263.89378290154264,-0.04999999999999896
59.333333333333336,263.89378290154264,-0.04999999999999896
59.375,263.89378290154264,-0.04999999999999896
59.41666666666667,263.89378290154264,-0.04999999999999896
59.458333333333336,263.89378290154264,-0.04999999999999896
59.5,263.89378290154264,-0.04999999999999896
59.541666666666664,263.89378290154264,-0.04999999999999896
59.583333333333336,263.89378290154264,-0.04999999999999896
59.625,263.89378290154264,-0.04999999999999896
59.66666666666667,263.89378290154264,-0.04999999999999896
59.708333333333336,263.89378290154264,-0.04999999999999896
59.75,263.89378290154264,-0.04999999999999896
59.791666666666664,263.89378290154264,-0.04999999999999896
59.833333333333336,263.89378290154264,-0.04999999999999896
59.875,263.89378290154264,-0.04999999999999896
59.91666666666667,263.89378290154264,-0.04999999999999896
59.95833333333333,263.89378290154264,-0.04999999999999896
60.0,263.89378290154264,-0.04999999999999896
60.041666666666664,263.89378290154264,-0.04999999999999896
60.083333333333336,263.89378290154264,-0.04999999999999896
60.125,263.89378290154264,-0.04999999999999896
60.166666666666664,263.89378290154264,-0.04999999999999896
60.20833333333333,263.89378290154264,-0.04999999999999896
60.25,263.89378290154264,-0.04999999999999896
60.291666666666664,263.89378290154264,-0.04999999999999896
60.333333333333336,263.89378290154264,-0.04999999999999896
60.375,263.89378290154264,-0.04999999999999896
60.416666666666664,263.89378290154264,-0.04999999999999896
60.45833333333333,263.89378290154264,-0.04999999999999896
60.5,263.89378290154264,-0.04999999999999896
60.541666666666664,263.89378290154264,-0.04999999999999896
60.583333333333336,263.89378290154264,-0.04999999999999896
60.625,263.89378290154264,-0.04999999999999896
60.666666666666664,263.89378290154264,-0.04999999999999896
60.708333333333336,263.89378290154264,-0.04999999999999896
60.75,263.89378290154264,-0.04999999999999896
60.79166666666667,263.89378290154264,-0.04999999999999896
60.833333333333336,263.89378290154264,-0.04999999999999896
60.875,263.89378290154264,-0.04999999999999896
60.916666666666664,263.89378290154264,-0.04999999999999896
60.958333333333336,263.89378290154264,-0.04999999999999896
61.0,263.89378290154264,-0.04999999999999896
61.04166666666667,263.89378290154264,-0.04999999999999896
61.08333333333333,263.89378290154264,-0.04999999999999896
61.12499999999999,263.89378290154264,-0.04999999999999896
61.16666666666667,263.89378290154264,-0.04999999999999896
61.208333333333336,263.89378290154264,-0.04999999999999896
61.25,263.89378290154264,-0.04999999999999896
61.291666666666664,263.89378290154264,-0.04999999999999896
61.333333333333336,263.89378290154264,-0.04999999999999896
61.375,263.89378290154264,-0.04999999999999896
61.416666666666664,263.89378290154264,-0.04999999999999896
61.45833333333333,263.89378290154264,-0.04999999999999896
61.50000000000001,263.89378290154264,-0.04999999999999896
61.541666666666664,263.89378290154264,-0.04999999999999896
61.58333333333333,263.89378290154264,-0.04999999999999896
61.62499999999999,263.89378290154264,-0.04999999999999896
61.66666666666667,263.89378290154264,-0.04999999999999896
61.708333333333336,263.89378290154264,-0.04999999999999896
61.75,263.89378290154264,-0.04999999999999896
61.79166666666667,263.89378290154264,-0.04999999999999896
61.833333333333336,263.89378290154264,-0.04999999999999896
61.875,263.89378290154264,-0.04999999999999896
61.916666666666664,263.89378290154264,-0.04999999999999896
61.95833333333334,263.89378290154264,-0.04999999999999896
62.0,263.89378290154264,-0.04999999999999896
62.041666666666664,263.89378290154264,-0.04999999999999896
62.08333333333333,263.89378290154264,-0.04999999999999896
62.12500000000001,263.89378290154264,-0.04999999999999896
62.16666666666667,263.89378290154264,-0.04999999999999896
62.20833333333333,263.89378290154264,-0.04999999999999896
62.24999999999999,263.89378290154264,-0.04999999999999896
62.29166666666667,263.89378290154264,-0.04999999999999896
62.333333333333336,263.89378290154264,-0.04999999999999896
62.375,263.89378290154264,-0.04999999999999896
62.416666666666664,263.89378290154264,-0.04999999999999896
62.458333333333336,263.89378290154264,-0.04999999999999896
62.5,263.89378290154264,-0.04999999999999896
62.541666666666664,263.89378290154264,-0.04999999999999896
62.58333333333333,263.89378290154264,-0.04999999999999896
62.62500000000001,263.89378290154264,-0.04999999999999896
62.666666666666664,263.89378290154264,-0.04999999999999896
62.70833333333333,263.89378290154264,-0.04999999999999896
62.74999999999999,263.89378290154264,-0.04999999999999896
62.79166666666667,263.89378290154264,-0.04999999999999896
62.833333333333336,263.89378290154264,-0.04999999999999896
62.875,263.89378290154264,-0.04999999999999896
62.91666666666666,263.89378290154264,-0.04999999999999896
62.958333333333336,263.89378290154264,-0.04999999999999896
63.0,263.89378290154264,-0.04999999999999896
63.041666666666664,263.89378290154264,-0.04999999999999896
63.08333333333334,263.89378290154264,-0.04999999999999896
63.125,263.89378290154264,-0.04999999999999896
63.166666666666664,263.89378290154264,-0.04999999999999896
63.20833333333333,263.89378290154264,-0.04999999999999896
63.25000000000001,263.89378290154264,-0.04999999999999896
63.29166666666667,263.89378290154264,-0.04999999999999896
63.333333333333336,263.89378290154264,-0.04999999999999896
63.37499999999999,263.89378290154264,-0.04999999999999896
63.41666666666667,263.89378290154264,-0.04999999999999896
63.458333333333336,263.89378290154264,-0.04999999999999896
63.5,263.89378290154264,-0.04999999999999896
63.541666666666664,263.89378290154264,-0.04999999999999896
63.583333333333336,263.89378290154264,-0.04999999999999896
63.625,263.89378290154264,-0.04999999999999896
63.666666666666664,263.89378290154264,-0.04999999999999896
63.70833333333333,263.89378290154264,-0.04999999999999896
63.75000000000001,263.89378290154264,-0.04999999999999896
63.791666666666664,263.89378290154264,-0.04999999999999896
63.83333333333333,263.89378290154264,-0.04999999999999896
63.87499999999999,263.89378290154264,-0.04999999999999896
63.91666666666667,263.89378290154264,-0.04999999999999896
63.958333333333336,263.89378290154264,-0.04999999999999896
64.0,263.89378290154264,-0.04999999999999896
64.04166666666666,263.89378290154264,-0.04999999999999896
64.08333333333334,263.89378290154264,-0.04999999999999896
64.125,263.89378290154264,-0.04999999999999896
64.16666666666666,263.89378290154264,-0.04999999999999896
64.20833333333334,263.89378290154264,-0.04999999999999896
64.25,263.89378290154264,-0.04999999999999896
64.29166666666667,263.89378290154264,-0.04999999999999896
64.33333333333333,263.89378290154264,-0.04999999999999896
64.375,263.89378290154264,-0.04999999999999896
64.41666666666667,263.89378290154264,-0.04999999999999896
64.45833333333333,263.89378290154264,-0.04999999999999896
64.5,263.89378290154264,-0.04999999999999896
64.54166666666667,263.89378290154264,-0.04999999999999896
64.58333333333333,263.89378290154264,-0.04999999999999896
64.625,263.89378290154264,-0.04999999999999896
64.66666666666666,263.89378290154264,-0.04999999999999896
64.70833333333334,263.89378290154264,-0.04999999999999896
64.75,263.89378290154264,-0.04999999999999896
64.79166666666667,263.89378290154264,-0.04999999999999896
64.83333333333333,263.89378290154264,-0.04999999999999896
64.875,263.89378290154264,-0.04999999999999896
64.91666666666667,263.89378290154264,-0.04999999999999896
64.95833333333333,263.89378290154264,-0.04999999999999896
65.0,263.89378290154264,-0.04999999999999896
65.04166666666667,263.89378290154264,-0.04999999999999896
65.08333333333333,263.89378290154264,-0.04999999999999896
65.125,263.89378290154264,-0.04999999999999896
65.16666666666666,263.89378290154264,-0.04999999999999896
65.20833333333334,263.89378290154264,-0.04999999999999896
65.25,263.89378290154264,-0.04999999999999896
65.29166666666666,263.89378290154264,-0.04999999999999896
65.33333333333333,263.89378290154264,-0.04999999999999896
65.375,263.89378290154264,-0.04999999999999896
65.41666666666667,263.89378290154264,-0.04999999999999896
65.45833333333333,263.89378290154264,-0.04999999999999896
65.5,263.89378290154264,-0.04999999999999896
65.54166666666667,263.89378290154264,-0.04999999999999896
65.58333333333333,263.89378290154264,-0.04999999999999896
65.625,263.89378290154264,-0.04999999999999896
65.66666666666667,263.89378290154264,-0.04999999999999896
65.70833333333334,263.89378290154264,-0.04999999999999896
65.75,263.89378290154264,-0.04999999999999896
65.79166666666666,263.89378290154264,-0.04999999999999896
65.83333333333334,263.89378290154264,-0.04999999999999896
65.875,263.89378290154264,-0.04999999999999896
65.91666666666667,263.89378290154264,-0.04999999999999896
65.95833333333333,263.89378290154264,-0.04999999999999896
66.0,263.89378290154264,-0.04999999999999896
66.04166666666667,263.89378290154264,-0.04999999999999896
66.08333333333333,263.89378290154264,-0.04999999999999896
66.125,263.89378290154264,-0.04999999999999896
66.16666666666667,263.89378290154264,-0.04999999999999896
66.20833333333333,263.89378290154264,-0.04999999999999896
66.25,263.89378290154264,-0.04999999999999896
66.29166666666666,263.89378290154264,-0.04999999999999896
66.33333333333334,263.89378290154264,-0.04999999999999896
66.375,263.89378290154264,-0.04999999999999896
66.41666666666666,263.89378290154264,-0.04999999999999896
66.45833333333333,263.89378290154264,-0.04999999999999896
66.5,263.89378290154264,-0.04999999999999896
66.54166666666667,263.89378290154264,-0.04999999999999896
66.58333333333333,263.89378290154264,-0.04999999999999896
66.625,263.89378290154264,-0.04999999999999896
66.66666666666667,263.89378290154264,-0.04999999999999896
66.70833333333333,263.89378290154264,-0.04999999999999896
66.75,263.89378290154264,-0.04999999999999896
66.79166666666667,263.89378290154264,-0.04999999999999896
66.83333333333334,263.89378290154264,-0.04999999999999896
66.875,263.89378290154264,-0.04999999999999896
66.91666666666666,263.89378290154264,-0.04999999999999896
66.95833333333334,263.89378290154264,-0.04999999999999896
67.0,263.89378290154264,-0.04999999999999896
67.04166666666667,263.89378290154264,-0.04999999999999896
67.08333333333333,263.89378290154264,-0.04999999999999896
67.125,263.89378290154264,-0.04999999999999896
67.16666666666667,263.89378290154264,-0.04999999999999896
67.20833333333333,263.89378290154264,-0.04999999999999896
67.25,263.89378290154264,-0.04999999999999896
67.29166666666667,263.89378290154264,-0.04999999999999896
67.33333333333333,263.89378290154264,-0.04999999999999896
67.375,263.89378290154264,-0.04999999999999896
67.41666666666666,263.89378290154264,-0.04999999999999896
67.45833333333334,263.89378290154264,-0.04999999999999896
67.5,263.89378290154264,-0.04999999999999896
67.54166666666666,263.89378290154264,-0.04999999999999896
67.58333333333333,263.89378290154264,-0.04999999999999896
67.625,263.89378290154264,-0.04999999999999896
67.66666666666667,263.89378290154264,-0.04999999999999896
67.70833333333333,263.89378290154264,-0.04999999999999896
67.75,263.89378290154264,-0.04999999999999896
67.79166666666667,263.89378290154264,-0.04999999999999896
67.83333333333333,263.89378290154264,-0.04999999999999896
67.875,263.89378290154264,-0.04999999999999896
67.91666666666667,263.89378290154264,-0.04999999999999896
67.95833333333334,263.89378290154264,-0.04999999999999896
68.0,263.89378290154264,-0.04999999999999896
68.04166666666666,263.89378290154264,-0.04999999999999896
68.08333333333334,263.89378290154264,-0.04999999999999896
68.125,263.89378290154264,-0.04999999999999896
68.16666666666667,263.89378290154264,-0.04999999999999896
68.20833333333333,263.89378290154264,-0.04999999999999896
68.25,263.89378290154264,-0.04999999999999896
68.29166666666667,263.89378290154264,-0.04999999999999896
68.33333333333333,263.89378290154264,-0.04999999999999896
68.375,263.89378290154264,-0.04999999999999896
68.41666666666667,263.89378290154264,-0.04999999999999896
68.45833333333333,263.89378290154264,-0.04999999999999896
68.5,263.89378290154264,-0.04999999999999896
68.54166666666666,263.89378290154264,-0.04999999999999896
68.58333333333334,263.89378290154264,-0.04999999999999896
68.625,263.89378290154264,-0.04999999999999896
68.66666666666666,263.89378290154264,-0.04999999999999896
68.70833333333333,263.89378290154264,-0.04999999999999896
68.75,263.89378290154264,-0.04999999999999896
68.79166666666667,263.89378290154264,-0.04999999999999896
68.83333333333333,263.89378290154264,-0.04999999999999896
68.875,263.89378290154264,-0.04999999999999896
68.91666666666667,263.89378290154264,-0.04999999999999896
68.95833333333333,263.89378290154264,-0.04999999999999896
69.0,263.89378290154264,-0.04999999999999896
69.04166666666667,263.89378290154264,-0.04999999999999896
69.08333333333334,263.89378290154264,-0.04999999999999896
69.125,263.89378290154264,-0.04999999999999896
69.16666666666666,263.89378290154264,-0.04999999999999896
69.20833333333334,263.89378290154264,-0.04999999999999896
69.25,263.89378290154264,-0.04999999999999896
69.29166666666667,263.89378290154264,-0.04999999999999896
69.33333333333333,263.89378290154264,-0.04999999999999896
69.375,263.89378290154264,-0.04999999999999896
69.41666666666667,263.89378290154264,-0.04999999999999896
69.45833333333333,263.89378290154264,-0.04999999999999896
69.5,263.89378290154264,-0.04999999999999896
69.54166666666667,263.89378290154264,-0.04999999999999896
69.58333333333333,263.89378290154264,-0.04999999999999896
69.625,263.89378290154264,-0.04999999999999896
69.66666666666666,263.89378290154264,-0.04999999999999896
69.70833333333334,263.89378290154264,-0.04999999999999896
69.75,263.89378290154264,-0.04999999999999896
69.79166666666667,263.89378290154264,-0.04999999999999896
69.83333333333333,263.89378290154264,-0.04999999999999896
69.875,263.89378290154264,-0.04999999999999896
69.91666666666667,263.89378290154264,-0.04999999999999896
69.95833333333333,263.89378290154264,-0.04999999999999896
70.0,263.89378290154264,-0.04999999999999896
70.04166666666667,263.89378290154264,-0.04999999999999896
70.08333333333333,263.89378290154264,-0.04999999999999896
70.125,263.89378290154264,-0.04999999999999896
70.16666666666666,263.89378290154264,-0.04999999999999896
70.20833333333334,263.89378290154264,-0.04999999999999896
70.25,263.89378290154264,-0.04999999999999896
70.29166666666666,263.89378290154264,-0.04999999999999896
70.33333333333334,263.89378290154264,-0.04999999999999896
70.375,263.89378290154264,-0.04999999999999896
70.41666666666667,263.89378290154264,-0.04999999999999896
70.45833333333333,263.89378290154264,-0.04999999999999896
70.5,263.89378290154264,-0.04999999999999896
70.54166666666667,263.89378290154264,-0.04999999999999896
70.58333333333333,263.89378290154264,-0.04999999999999896
70.625,263.89378290154264,-0.04999999999999896
70.66666666666667,263.89378290154264,-0.04999999999999896
70.70833333333333,263.89378290154264,-0.04999999999999896
70.75,263.89378290154264,-0.04999999999999896
70.79166666666666,263.89378290154264,-0.04999999999999896
70.83333333333334,263.89378290154264,-0.04999999999999896
70.875,263.89378290154264,-0.04999999999999896
70.91666666666667,263.89378290154264,-0.04999999999999896
70.95833333333333,263.89378290154264,-0.04999999999999896
71.0,263.89378290154264,-0.04999999999999896
71.04166666666667,263.89378290154264,-0.04999999999999896
71.08333333333333,263.89378290154264,-0.04999999999999896
71.125,263.89378290154264,-0.04999999999999896
71.16666666666667,263.89378290154264,-0.04999999999999896
71.20833333333333,263.89378290154264,-0.04999999999999896
71.25,263.89378290154264,-0.04999999999999896
71.29166666666666,263.89378290154264,-0.04999999999999896
71.33333333333334,263.89378290154264,-0.04999999999999896
71.375,263.89378290154264,-0.04999999999999896
71.41666666666666,263.89378290154264,-0.04999999999999896
71.45833333333334,263.89378290154264,-0.04999999999999896
71.5,263.89378290154264,-0.04999999999999896
71.54166666666667,263.89378290154264,-0.04999999999999896
71.58333333333333,263.89378290154264,-0.04999999999999896
71.625,263.89378290154264,-0.04999999999999896
71.66666666666667,263.89378290154264,-0.04999999999999896
71.70833333333333,263.89378290154264,-0.04999999999999896
71.75,263.89378290154264,-0.04999999999999896
71.79166666666667,263.89378290154264,-0.04999999999999896
71.83333333333333,263.89378290154264,-0.04999999999999896
71.875,263.89378290154264,-0.04999999999999896
71.91666666666666,263.89378290154264,-0.04999999999999896
71.95833333333334,263.89378290154264,-0.04999999999999896
72.0,263.89378290154264,-0.04999999999999896
72.04166666666667,263.89378290154264,-0.04999999999999896
72.08333333333333,263.89378290154264,-0.04999999999999896
72.125,263.89378290154264,-0.04999999999999896
72.16666666666667,263.89378290154264,-0.04999999999999896
72.20833333333333,263.89378290154264,-0.04999999999999896
72.25,263.89378290154264,-0.04999999999999896
72.29166666666667,263.89378290154264,-0.04999999999999896
72.33333333333333,263.89378290154264,-0.04999999999999896
72.375,263.89378290154264,-0.04999999999999896
72.41666666666666,263.89378290154264,-0.04999999999999896
72.45833333333334,263.89378290154264,-0.04999999999999896
72.5,263.89378290154264,-0.04999999999999896
72.54166666666666,263.89378290154264,-0.04999999999999896
72.58333333333333,263.89378290154264,-0.04999999999999896
72.625,263.89378290154264,-0.04999999999999896
72.66666666666667,263.89378290154264,-0.04999999999999896
72.70833333333333,263.89378290154264,-0.04999999999999896
72.75,263.89378290154264,-0.04999999999999896
72.79166666666667,263.89378290154264,-0.04999999999999896
72.83333333333333,263.89378290154264,-0.04999999999999896
72.875,263.89378290154264,-0.04999999999999896
72.91666666666667,263.89378290154264,-0.04999999999999896
72.95833333333334,263.89378290154264,-0.04999999999999896
73.0,263.89378290154264,-0.04999999999999896
73.04166666666666,263.89378290154264,-0.04999999999999896
73.08333333333334,263.89378290154264,-0.04999999999999896
73.125,263.89378290154264,-0.04999999999999896
73.16666666666667,263.89378290154264,-0.04999999999999896
73.20833333333333,263.89378290154264,-0.04999999999999896
73.25,263.89378290154264,-0.04999999999999896
73.29166666666667,263.89378290154264,-0.04999999999999896
73.33333333333333,263.89378290154264,-0.04999999999999896
73.375,263.89378290154264,-0.04999999999999896
73.41666666666667,263.89378290154264,-0.04999999999999896
73.45833333333333,263.89378290154264,-0.04999999999999896
73.5,263.89378290154264,-0.04999999999999896
73.54166666666666,263.89378290154264,-0.04999999999999896
73.58333333333334,263.89378290154264,-0.04999999999999896
73.625,263.89378290154264,-0.04999999999999896
73.66666666666666,263.89378290154264,-0.04999999999999896
73.70833333333333,263.89378290154264,-0.04999999999999896
73.75,263.89378290154264,-0.04999999999999896
73.79166666666667,263.89378290154264,-0.04999999999999896
73.83333333333333,263.89378290154264,-0.04999999999999896
73.875,263.89378290154264,-0.04999999999999896
73.91666666666667,263.89378290154264,-0.04999999999999896
73.95833333333333,263.89378290154264,-0.04999999999999896
74.0,263.89378290154264,-0.04999999999999896
74.04166666666667,263.89378290154264,-0.04999999999999896
74.08333333333334,263.89378290154264,-0.04999999999999896
74.125,263.89378290154264,-0.04999999999999896
74.16666666666666,263.89378290154264,-0.04999999999999896
74.20833333333334,263.89378290154264,-0.04999999999999896
74.25,263.89378290154264,-0.04999999999999896
74.29166666666667,263.89378290154264,-0.04999999999999896
74.33333333333333,263.89378290154264,-0.04999999999999896
74.375,263.89378290154264,-0.04999999999999896
74.41666666666667,263.89378290154264,-0.04999999999999896
74.45833333333333,263.89378290154264,-0.04999999999999896
74.5,263.89378290154264,-0.04999999999999896
74.54166666666667,263.89378290154264,-0.04999999999999896
74.58333333333333,263.89378290154264,-0.04999999999999896
74.625,263.89378290154264,-0.04999999999999896
74.66666666666666,263.89378290154264,-0.04999999999999896
74.70833333333334,263.89378290154264,-0.04999999999999896
74.75,263.89378290154264,-0.04999999999999896
74.79166666666666,263.89378290154264,-0.04999999999999896
74.83333333333333,263.89378290154264,-0.04999999999999896
74.875,263.89378290154264,-0.04999999999999896
74.91666666666667,263.89378290154264,-0.04999999999999896
74.95833333333333,263.89378290154264,-0.04999999999999896
75.0,263.89378290154264,-0.04999999999999896
75.04166666666667,263.89378290154264,-0.04999999999999896
75.08333333333333,263.89378290154264,-0.04999999999999896
75.125,263.89378290154264,-0.04999999999999896
75.16666666666667,263.89378290154264,-0.04999999999999896
75.20833333333334,263.89378290154264,-0.04999999999999896
75.25,263.89378290154264,-0.04999999999999896
75.29166666666666,263.89378290154264,-0.04999999999999896
75.33333333333334,263.89378290154264,-0.04999999999999896
75.375,263.89378290154264,-0.04999999999999896
75.41666666666667,263.89378290154264,-0.04999999999999896
75.45833333333333,263.89378290154264,-0.04999999999999896
75.5,263.89378290154264,-0.04999999999999896
75.54166666666667,263.89378290154264,-0.04999999999999896
75.58333333333333,263.89378290154264,-0.04999999999999896
75.625,263.89378290154264,-0.04999999999999896
75.66666666666667,263.89378290154264,-0.04999999999999896
75.70833333333333,263.89378290154264,-0.04999999999999896
75.75,263.89378290154264,-0.04999999999999896
75.79166666666666,263.89378290154264,-0.04999999999999896
75.83333333333334,263.89378290154264,-0.04999999999999896
75.875,263.89378290154264,-0.04999999999999896
75.91666666666667,263.89378290154264,-0.04999999999999896
75.95833333333333,263.89378290154264,-0.04999999999999896
76.0,263.89378290154264,-0.04999999999999896
76.04166666666667,263.89378290154264,-0.04999999999999896
76.08333333333333,263.89378290154264,-0.04999999999999896
76.125,263.89378290154264,-0.04999999999999896
76.16666666666667,263.89378290154264,-0.04999999999999896
76.20833333333333,263.89378290154264,-0.04999999999999896
76.25,263.89378290154264,-0.04999999999999896
76.29166666666667,263.89378290154264,-0.04999999999999896
76.33333333333334,263.89378290154264,-0.04999999999999896
76.375,263.89378290154264,-0.04999999999999896
76.41666666666666,263.89378290154264,-0.04999999999999896
76.45833333333334,263.89378290154264,-0.04999999999999896
76.5,263.89378290154264,-0.04999999999999896
76.54166666666667,263.89378290154264,-0.04999999999999896
76.58333333333333,263.89378290154264,-0.04999999999999896
76.625,263.89378290154264,-0.04999999999999896
76.66666666666667,263.89378290154264,-0.04999999999999896
76.70833333333333,263.89378290154264,-0.04999999999999896
76.75,263.89378290154264,-0.04999999999999896
76.79166666666667,263.89378290154264,-0.04999999999999896
76.83333333333333,263.89378290154264,-0.04999999999999896
76.875,263.89378290154264,-0.04999999999999896
76.91666666666666,263.89378290154264,-0.04999999999999896
76.95833333333334,263.89378290154264,-0.04999999999999896
77.0,263.89378290154264,-0.04999999999999896
77.04166666666667,263.89378290154264,-0.04999999999999896
77.08333333333333,263.89378290154264,-0.04999999999999896
77.125,263.89378290154264,-0.04999999999999896
77.16666666666667,263.89378290154264,-0.04999999999999896
77.20833333333333,263.89378290154264,-0.04999999999999896
77.25,263.89378290154264,-0.04999999999999896
77.29166666666667,263.89378290154264,-0.04999999999999896
77.33333333333333,263.89378290154264,-0.04999999999999896
77.375,263.89378290154264,-0.04999999999999896
77.41666666666666,263.89378290154264,-0.04999999999999896
77.45833333333334,263.89378290154264,-0.04999999999999896
77.5,263.89378290154264,-0.04999999999999896
77.54166666666666,263.89378290154264,-0.04999999999999896
77.58333333333334,263.89378290154264,-0.04999999999999896
77.625,263.89378290154264,-0.04999999999999896
77.66666666666667,263.89378290154264,-0.04999999999999896
77.70833333333333,263.89378290154264,-0.04999999999999896
77.75,263.89378290154264,-0.04999999999999896
77.79166666666667,263.89378290154264,-0.04999999999999896
77.83333333333333,263.89378290154264,-0.04999999999999896
77.875,263.89378290154264,-0.04999999999999896
77.91666666666667,263.89378290154264,-0.04999999999999896
77.95833333333333,263.89378290154264,-0.04999999999999896
78.0,263.89378290154264,-0.04999999999999896
78.04166666666666,263.89378290154264,-0.04999999999999896
78.08333333333334,263.89378290154264,-0.04999999999999896
78.125,263.89378290154264,-0.04999999999999896
78.16666666666667,263.89378290154264,-0.04999999999999896
78.20833333333333,263.89378290154264,-0.04999999999999896
78.25,263.89378290154264,-0.04999999999999896
78.29166666666667,263.89378290154264,-0.04999999999999896
78.33333333333333,263.89378290154264,-0.04999999999999896
78.375,263.89378290154264,-0.04999999999999896
78.41666666666667,263.89378290154264,-0.04999999999999896
78.45833333333333,263.89378290154264,-0.04999999999999896
78.5,263.89378290154264,-0.04999999999999896
78.54166666666666,263.89378290154264,-0.04999999999999896
78.58333333333334,263.89378290154264,-0.04999999999999896
78.625,263.89378290154264,-0.04999999999999896
78.66666666666666,263.89378290154264,-0.04999999999999896
78.70833333333334,263.89378290154264,-0.04999999999999896
78.75,263.89378290154264,-0.04999999999999896
78.79166666666667,263.89378290154264,-0.04999999999999896
78.83333333333333,263.89378290154264,-0.04999999999999896
78.875,263.89378290154264,-0.04999999999999896
78.91666666666667,263.89378290154264,-0.04999999999999896
78.95833333333333,263.89378290154264,-0.04999999999999896
79.0,263.89378290154264,-0.04999999999999896
79.04166666666667,263.89378290154264,-0.04999999999999896
79.08333333333333,263.89378290154264,-0.04999999999999896
79.125,263.89378290154264,-0.04999999999999896
79.16666666666666,263.89378290154264,-0.04999999999999896
79.20833333333334,263.89378290154264,-0.04999999999999896
79.25,263.89378290154264,-0.04999999999999896
79.29166666666667,263.89378290154264,-0.04999999999999896
79.33333333333333,263.89378290154264,-0.04999999999999896
79.375,263.89378290154264,-0.04999999999999896
79.41666666666667,263.89378290154264,-0.04999999999999896
79.45833333333333,263.89378290154264,-0.04999999999999896
79.5,263.89378290154264,-0.04999999999999896
79.54166666666667,263.89378290154264,-0.04999999999999896
79.58333333333333,263.89378290154264,-0.04999999999999896
79.625,263.89378290154264,-0.04999999999999896
79.66666666666666,263.89378290154264,-0.04999999999999896
79.70833333333334,263.89378290154264,-0.04999999999999896
79.75,263.89378290154264,-0.04999999999999896
79.79166666666666,263.89378290154264,-0.04999999999999896
79.83333333333333,263.89378290154264,-0.04999999999999896
79.875,263.89378290154264,-0.04999999999999896
79.91666666666667,263.89378290154264,-0.04999999999999896
79.95833333333333,263.89378290154264,-0.04999999999999896
80.0,263.89378290154264,-0.04999999999999896
80.04166666666667,263.89378290154264,-0.04999999999999896
80.08333333333333,263.89378290154264,-0.04999999999999896
80.125,263.89378290154264,-0.04999999999999896
80.16666666666667,263.89378290154264,-0.04999999999999896
80.20833333333334,263.89378290154264,-0.04999999999999896
80.25,263.89378290154264,-0.04999999999999896
80.29166666666666,263.89378290154264,-0.04999999999999896
80.33333333333334,263.89378290154264,-0.04999999999999896
80.375,263.89378290154264,-0.04999999999999896
80.41666666666667,263.89378290154264,-0.04999999999999896
80.45833333333333,263.89378290154264,-0.04999999999999896
80.5,263.89378290154264,-0.04999999999999896
80.54166666666667,263.89378290154264,-0.04999999999999896
80.58333333333333,263.89378290154264,-0.04999999999999896
80.625,263.89378290154264,-0.04999999999999896
80.66666666666667,263.89378290154264,-0.04999999999999896
80.70833333333333,263.89378290154264,-0.04999999999999896
80.75,263.89378290154264,-0.04999999999999896
80.79166666666666,263.89378290154264,-0.04999999999999896
80.83333333333334,263.89378290154264,-0.04999999999999896
80.875,263.89378290154264,-0.04999999999999896
80.91666666666666,263.89378290154264,-0.04999999999999896
80.95833333333333,263.89378290154264,-0.04999999999999896
81.0,263.89378290154264,-0.04999999999999896
81.04166666666667,263.89378290154264,-0.04999999999999896
81.08333333333333,263.89378290154264,-0.04999999999999896
81.125,263.89378290154264,-0.04999999999999896
81.16666666666667,263.89378290154264,-0.04999999999999896
81.20833333333333,263.89378290154264,-0.04999999999999896
81.25,263.89378290154264,-0.04999999999999896
81.29166666666667,263.89378290154264,-0.04999999999999896
81.33333333333334,263.89378290154264,-0.04999999999999896
81.375,263.89378290154264,-0.04999999999999896
81.41666666666666,263.89378290154264,-0.04999999999999896
81.45833333333334,263.89378290154264,-0.04999999999999896
81.5,263.89378290154264,-0.04999999999999896
81.54166666666667,263.89378290154264,-0.04999999999999896
81.58333333333333,263.89378290154264,-0.04999999999999896
81.625,263.89378290154264,-0.04999999999999896
81.66666666666667,263.89378290154264,-0.04999999999999896
81.70833333333333,263.89378290154264,-0.04999999999999896
81.75,263.89378290154264,-0.04999999999999896
81.79166666666667,263.89378290154264,-0.04999999999999896
81.83333333333333,263.89378290154264,-0.04999999999999896
81.875,263.89378290154264,-0.04999999999999896
81.91666666666666,263.89378290154264,-0.04999999999999896
81.95833333333334,263.89378290154264,-0.04999999999999896
82.0,263.89378290154264,-0.04999999999999896
82.04166666666666,263.89378290154264,-0.04999999999999896
82.08333333333333,263.89378290154264,-0.04999999999999896
82.125,263.89378290154264,-0.04999999999999896
82.16666666666667,263.89378290154264,-0.04999999999999896
82.20833333333333,263.89378290154264,-0.04999999999999896
82.25,263.89378290154264,-0.04999999999999896
82.29166666666667,263.89378290154264,-0.04999999999999896
82.33333333333333,263.89378290154264,-0.04999999999999896
82.375,263.89378290154264,-0.04999999999999896
82.41666666666667,263.89378290154264,-0.04999999999999896
82.45833333333334,263.89378290154264,-0.04999999999999896
82.5,263.89378290154264,-0.04999999999999896
82.54166666666666,263.89378290154264,-0.04999999999999896
82.58333333333334,263.89378290154264,-0.04999999999999896
82.625,263.89378290154264,-0.04999999999999896
82.66666666666667,263.89378290154264,-0.04999999999999896
82.70833333333333,263.89378290154264,-0.04999999999999896
82.75,263.89378290154264,-0.04999999999999896
82.79166666666667,263.89378290154264,-0.04999999999999896
82.83333333333333,263.89378290154264,-0.04999999999999896
82.875,263.89378290154264,-0.04999999999999896
82.91666666666667,263.89378290154264,-0.04999999999999896
82.95833333333333,263.89378290154264,-0.04999999999999896
83.0,263.89378290154264,-0.04999999999999896
83.04166666666666,263.89378290154264,-0.04999999999999896
83.08333333333334,263.89378290154264,-0.04999999999999896
83.125,263.89378290154264,-0.04999999999999896
83.16666666666667,263.89378290154264,-0.04999999999999896
83.20833333333333,263.89378290154264,-0.04999999999999896
83.25,263.89378290154264,-0.04999999999999896
83.29166666666667,263.89378290154264,-0.04999999999999896
83.33333333333333,263.89378290154264,-0.04999999999999896
83.375,263.89378290154264,-0.04999999999999896
83.41666666666667,263.89378290154264,-0.04999999999999896
83.45833333333333,263.89378290154264,-0.04999999999999896
83.5,263.89378290154264,-0.04999999999999896
83.54166666666666,263.89378290154264,-0.04999999999999896
83.58333333333334,263.89378290154264,-0.04999999999999896
83.625,263.89378290154264,-0.04999999999999896
83.66666666666666,263.89378290154264,-0.04999999999999896
83.70833333333334,263.89378290154264,-0.04999999999999896
83.75,263.89378290154264,-0.04999999999999896
83.79166666666667,263.89378290154264,-0.04999999999999896
83.83333333333333,263.89378290154264,-0.04999999999999896
83.875,263.89378290154264,-0.04999999999999896
83.91666666666667,263.89378290154264,-0.04999999999999896
83.95833333333333,263.89378290154264,-0.04999999999999896
84.0,263.89378290154264,-0.04999999999999896
84.04166666666667,263.89378290154264,-0.04999999999999896
84.08333333333333,263.89378290154264,-0.04999999999999896
84.125,263.89378290154264,-0.04999999999999896
84.16666666666666,263.89378290154264,-0.04999999999999896
84.20833333333334,263.89378290154264,-0.04999999999999896
84.25,263.89378290154264,-0.04999999999999896
84.29166666666667,263.89378290154264,-0.04999999999999896
84.33333333333333,263.89378290154264,-0.04999999999999896
84.375,263.89378290154264,-0.04999999999999896
84.41666666666667,263.89378290154264,-0.04999999999999896
84.45833333333333,263.89378290154264,-0.04999999999999896
84.5,263.89378290154264,-0.04999999999999896
84.54166666666667,263.89378290154264,-0.04999999999999896
84.58333333333333,263.89378290154264,-0.04999999999999896
84.625,263.89378290154264,-0.04999999999999896
84.66666666666666,263.89378290154264,-0.04999999999999896
84.70833333333334,263.89378290154264,-0.04999999999999896
84.75,263.89378290154264,-0.04999999999999896
84.79166666666666,263.89378290154264,-0.04999999999999896
84.83333333333334,263.89378290154264,-0.04999999999999896
84.875,263.89378290154264,-0.04999999999999896
84.91666666666667,263.89378290154264,-0.04999999999999896
84.95833333333333,263.89378290154264,-0.04999999999999896
85.0,263.89378290154264,-0.04999999999999896
85.04166666666667,263.89378290154264,-0.04999999999999896
85.08333333333333,263.89378290154264,-0.04999999999999896
85.125,263.89378290154264,-0.04999999999999896
85.16666666666667,263.89378290154264,-0.04999999999999896
85.20833333333333,263.89378290154264,-0.04999999999999896
85.25,263.89378290154264,-0.04999999999999896
85.29166666666666,263.89378290154264,-0.04999999999999896
85.33333333333334,263.89378290154264,-0.04999999999999896
85.375,263.89378290154264,-0.04999999999999896
85.41666666666667,263.89378290154264,-0.04999999999999896
85.45833333333333,263.89378290154264,-0.04999999999999896
85.5,263.89378290154264,-0.04999999999999896
85.54166666666667,263.89378290154264,-0.04999999999999896
85.58333333333333,263.89378290154264,-0.04999999999999896
85.625,263.89378290154264,-0.04999999999999896
85.66666666666667,263.89378290154264,-0.04999999999999896
85.70833333333333,263.89378290154264,-0.04999999999999896
85.75,263.89378290154264,-0.04999999999999896
85.79166666666666,263.89378290154264,-0.04999999999999896
85.83333333333334,263.89378290154264,-0.04999999999999896
85.875,263.89378290154264,-0.04999999999999896
85.91666666666666,263.89378290154264,-0.04999999999999896
85.95833333333333,263.89378290154264,-0.04999999999999896
86.0,263.89378290154264,-0.04999999999999896
86.04166666666667,263.89378290154264,-0.04999999999999896
86.08333333333333,263.89378290154264,-0.04999999999999896
86.125,263.89378290154264,-0.04999999999999896
86.16666666666667,263.89378290154264,-0.04999999999999896
86.20833333333333,263.89378290154264,-0.04999999999999896
86.25,263.89378290154264,-0.04999999999999896
86.29166666666667,263.89378290154264,-0.04999999999999896
86.33333333333334,263.89378290154264,-0.04999999999999896
86.375,263.89378290154264,-0.04999999999999896
86.41666666666666,263.89378290154264,-0.04999999999999896
86.45833333333334,263.89378290154264,-0.04999999999999896
86.5,263.89378290154264,-0.04999999999999896
86.54166666666667,263.89378290154264,-0.04999999999999896
86.58333333333333,263.89378290154264,-0.04999999999999896
86.625,263.89378290154264,-0.04999999999999896
86.66666666666667,263.89378290154264,-0.04999999999999896
86.70833333333333,263.89378290154264,-0.04999999999999896
86.75,263.89378290154264,-0.04999999999999896
86.79166666666667,263.89378290154264,-0.04999999999999896
86.83333333333333,263.89378290154264,-0.04999999999999896
86.875,263.89378290154264,-0.04999999999999896
86.91666666666666,263.89378290154264,-0.04999999999999896
86.95833333333334,263.89378290154264,-0.04999999999999896
87.0,263.89378290154264,-0.04999999999999896
87.04166666666666,263.89378290154264,-0.04999999999999896
87.08333333333333,263.89378290154264,-0.04999999999999896
87.125,263.89378290154264,-0.04999999999999896
87.16666666666667,263.89378290154264,-0.04999999999999896
87.20833333333333,263.89378290154264,-0.04999999999999896
87.25,263.89378290154264,-0.04999999999999896
87.29166666666667,263.89378290154264,-0.04999999999999896
87.33333333333333,263.89378290154264,-0.04999999999999896
87.375,263.89378290154264,-0.04999999999999896
87.41666666666667,263.89378290154264,-0.04999999999999896
87.45833333333334,263.89378290154264,-0.04999999999999896
87.5,263.89378290154264,-0.04999999999999896
87.54166666666666,263.89378290154264,-0.04999999999999896
87.58333333333334,263.89378290154264,-0.04999999999999896
87.625,263.89378290154264,-0.04999999999999896
87.66666666666667,263.89378290154264,-0.04999999999999896
87.70833333333333,263.89378290154264,-0.04999999999999896
87.75,263.89378290154264,-0.04999999999999896
87.79166666666667,263.89378290154264,-0.04999999999999896
87.83333333333333,263.89378290154264,-0.04999999999999896
87.875,263.89378290154264,-0.04999999999999896
87.91666666666667,263.89378290154264,-0.04999999999999896
87.95833333333333,263.89378290154264,-0.04999999999999896
88.0,263.89378290154264,-0.04999999999999896
88.04166666666666,263.89378290154264,-0.04999999999999896
88.08333333333334,263.89378290154264,-0.04999999999999896
88.125,263.89378290154264,-0.04999999999999896
88.16666666666666,263.89378290154264,-0.04999999999999896
88.20833333333333,263.89378290154264,-0.04999999999999896
88.25,263.89378290154264,-0.04999999999999896
88.29166666666667,263.89378290154264,-0.04999999999999896
88.33333333333333,263.89378290154264,-0.04999999999999896
88.375,263.89378290154264,-0.04999999999999896
88.41666666666667,263.89378290154264,-0.04999999999999896
88.45833333333333,263.89378290154264,-0.04999999999999896
88.5,263.89378290154264,-0.04999999999999896
88.54166666666667,263.89378290154264,-0.04999999999999896
88.58333333333334,263.89378290154264,-0.04999999999999896
88.625,263.89378290154264,-0.04999999999999896
88.66666666666666,263.89378290154264,-0.04999999999999896
88.70833333333334,263.89378290154264,-0.04999999999999896
88.75,263.89378290154264,-0.04999999999999896
88.79166666666667,263.89378290154264,-0.04999999999999896
88.83333333333333,263.89378290154264,-0.04999999999999896
88.875,263.89378290154264,-0.04999999999999896
88.91666666666667,263.89378290154264,-0.04999999999999896
88.95833333333333,263.89378290154264,-0.04999999999999896
89.0,263.89378290154264,-0.04999999999999896
89.04166666666667,263.89378290154264,-0.04999999999999896
89.08333333333333,263.89378290154264,-0.04999999999999896
89.125,263.89378290154264,-0.04999999999999896
89.16666666666666,263.89378290154264,-0.04999999999999896
89.20833333333334,263.89378290154264,-0.04999999999999896
89.25,263.89378290154264,-0.04999999999999896
89.29166666666666,263.89378290154264,-0.04999999999999896
89.33333333333333,263.89378290154264,-0.04999999999999896
89.375,263.89378290154264,-0.04999999999999896
89.41666666666667,263.89378290154264,-0.04999999999999896
89.45833333333333,263.89378290154264,-0.04999999999999896
89.5,263.89378290154264,-0.04999999999999896
89.54166666666667,263.89378290154264,-0.04999999999999896
89.58333333333333,263.89378290154264,-0.04999999999999896
89.625,263.89378290154264,-0.04999999999999896
89.66666666666667,263.89378290154264,-0.04999999999999896
89.70833333333334,263.89378290154264,-0.04999999999999896
89.75,263.89378290154264,-0.04999999999999896
89.79166666666666,263.89378290154264,-0.04999999999999896
89.83333333333334,263.89378290154264,-0.04999999999999896
89.875,263.89378290154264,-0.04999999999999896
89.91666666666667,263.89378290154264,-0.04999999999999896
89.95833333333333,263.89378290154264,-0.04999999999999896
90.0,263.89378290154264,-0.04999999999999896
90.04166666666667,263.89378290154264,-0.04999999999999896
90.08333333333333,263.89378290154264,-0.04999999999999896
90.125,263.89378290154264,-0.04999999999999896
90.16666666666667,263.89378290154264,-0.04999999999999896
90.20833333333333,263.89378290154264,-0.04999999999999896
90.25,263.89378290154264,-0.04999999999999896
90.29166666666666,263.89378290154264,-0.04999999999999896
90.33333333333334,263.89378290154264,-0.04999999999999896
90.375,263.89378290154264,-0.04999999999999896
90.41666666666667,263.89378290154264,-0.04999999999999896
90.45833333333333,263.89378290154264,-0.04999999999999896
90.5,263.89378290154264,-0.04999999999999896
90.54166666666667,263.89378290154264,-0.04999999999999896
90.58333333333333,263.89378290154264,-0.04999999999999896
90.625,263.89378290154264,-0.04999999999999896
90.66666666666667,263.89378290154264,-0.04999999999999896
90.70833333333333,263.89378290154264,-0.04999999999999896
90.75,263.89378290154264,-0.04999999999999896
90.79166666666666,263.89378290154264,-0.04999999999999896
90.83333333333334,263.89378290154264,-0.04999999999999896
90.875,263.89378290154264,-0.04999999999999896
90.91666666666666,263.89378290154264,-0.04999999999999896
90.95833333333334,263.89378290154264,-0.04999999999999896
91.0,263.89378290154264,-0.04999999999999896
91.04166666666667,263.89378290154264,-0.04999999999999896
91.08333333333333,263.89378290154264,-0.04999999999999896
91.125,263.89378290154264,-0.04999999999999896
91.16666666666667,263.89378290154264,-0.04999999999999896
91.20833333333333,263.89378290154264,-0.04999999999999896
91.25,263.89378290154264,-0.04999999999999896
91.29166666666667,263.89378290154264,-0.04999999999999896
91.33333333333333,263.89378290154264,-0.04999999999999896
91.375,263.89378290154264,-0.04999999999999896
91.41666666666666,263.89378290154264,-0.04999999999999896
91.45833333333334,263.89378290154264,-0.04999999999999896
91.5,263.89378290154264,-0.04999999999999896
91.54166666666667,263.89378290154264,-0.04999999999999896
91.58333333333333,263.89378290154264,-0.04999999999999896
91.625,263.89378290154264,-0.04999999999999896
91.66666666666667,263.89378290154264,-0.04999999999999896
91.70833333333333,263.89378290154264,-0.04999999999999896
91.75,263.89378290154264,-0.04999999999999896
91.79166666666667,263.89378290154264,-0.04999999999999896
91.83333333333333,263.89378290154264,-0.04999999999999896
91.875,263.89378290154264,-0.04999999999999896
91.91666666666666,263.89378290154264,-0.04999999999999896
91.95833333333334,263.89378290154264,-0.04999999999999896
92.0,263.89378290154264,-0.04999999999999896
92.04166666666666,263.89378290154264,-0.04999999999999896
92.08333333333334,263.89378290154264,-0.04999999999999896
92.125,263.89378290154264,-0.04999999999999896
92.16666666666667,263.89378290154264,-0.04999999999999896
92.20833333333333,263.89378290154264,-0.04999999999999896
92.25,263.89378290154264,-0.04999999999999896
92.29166666666667,263.89378290154264,-0.04999999999999896
92.33333333333333,263.89378290154264,-0.04999999999999896
92.375,263.89378290154264,-0.04999999999999896
92.41666666666667,263.89378290154264,-0.04999999999999896
92.45833333333333,263.89378290154264,-0.04999999999999896
92.5,263.89378290154264,-0.04999999999999896
92.54166666666666,263.89378290154264,-0.04999999999999896
92.58333333333334,263.89378290154264,-0.04999999999999896
92.625,263.89378290154264,-0.04999999999999896
92.66666666666667,263.89378290154264,-0.04999999999999896
92.70833333333333,263.89378290154264,-0.04999999999999896
92.75,263.89378290154264,-0.04999999999999896
92.79166666666667,263.89378290154264,-0.04999999999999896
92.83333333333333,263.89378290154264,-0.04999999999999896
92.875,263.89378290154264,-0.04999999999999896
92.91666666666667,263.89378290154264,-0.04999999999999896
92.95833333333333,263.89378290154264,-0.04999999999999896
93.0,263.89378290154264,-0.04999999999999896
93.04166666666666,263.89378290154264,-0.04999999999999896
93.08333333333334,263.89378290154264,-0.04999999999999896
93.125,263.89378290154264,-0.04999999999999896
93.16666666666666,263.89378290154264,-0.04999999999999896
93.20833333333333,263.89378290154264,-0.04999999999999896
93.25,263.89378290154264,-0.04999999999999896
93.29166666666667,263.89378290154264,-0.04999999999999896
93.33333333333333,263.89378290154264,-0.04999999999999896
93.375,263.89378290154264,-0.04999999999999896
93.41666666666667,263.89378290154264,-0.04999999999999896
93.45833333333333,263.89378290154264,-0.04999999999999896
93.5,263.89378290154264,-0.04999999999999896
93.54166666666667,263.89378290154264,-0.04999999999999896
93.58333333333334,263.89378290154264,-0.04999999999999896
93.625,263.89378290154264,-0.04999999999999896
93.66666666666666,263.89378290154264,-0.04999999999999896
93.70833333333334,263.89378290154264,-0.04999999999999896
93.75,263.89378290154264,-0.04999999999999896
93.79166666666667,263.89378290154264,-0.04999999999999896
93.83333333333333,263.89378290154264,-0.04999999999999896
93.875,263.89378290154264,-0.04999999999999896
93.91666666666667,263.89378290154264,-0.04999999999999896
93.95833333333333,263.89378290154264,-0.04999999999999896
94.0,263.89378290154264,-0.04999999999999896
94.04166666666667,263.89378290154264,-0.04999999999999896
94.08333333333333,263.89378290154264,-0.04999999999999896
94.125,263.89378290154264,-0.04999999999999896
94.16666666666666,263.89378290154264,-0.04999999999999896
94.20833333333334,263.89378290154264,-0.04999999999999896
94.25,263.89378290154264,-0.04999999999999896
94.29166666666666,263.89378290154264,-0.04999999999999896
94.33333333333333,263.89378290154264,-0.04999999999999896
94.375,263.89378290154264,-0.04999999999999896
94.41666666666667,263.89378290154264,-0.04999999999999896
94.45833333333333,263.89378290154264,-0.04999999999999896
94.5,263.89378290154264,-0.04999999999999896
94.54166666666667,263.89378290154264,-0.04999999999999896
94.58333333333333,263.89378290154264,-0.04999999999999896
94.625,263.89378290154264,-0.04999999999999896
94.66666666666667,263.89378290154264,-0.04999999999999896
94.70833333333334,263.89378290154264,-0.04999999999999896
94.75,263.89378290154264,-0.04999999999999896
94.79166666666666,263.89378290154264,-0.04999999999999896
94.83333333333334,263.89378290154264,-0.04999999999999896
94.875,263.89378290154264,-0.04999999999999896
94.91666666666667,263.89378290154264,-0.04999999999999896
94.95833333333333,263.89378290154264,-0.04999999999999896
95.0,263.89378290154264,-0.04999999999999896
95.04166666666667,263.89378290154264,-0.04999999999999896
95.08333333333333,263.89378290154264,-0.04999999999999896
95.125,263.89378290154264,-0.04999999999999896
95.16666666666667,263.89378290154264,-0.04999999999999896
95.20833333333333,263.89378290154264,-0.04999999999999896
95.25,263.89378290154264,-0.04999999999999896
95.29166666666666,263.89378290154264,-0.04999999999999896
95.33333333333334,263.89378290154264,-0.04999999999999896
95.375,263.89378290154264,-0.04999999999999896
95.41666666666666,263.89378290154264,-0.04999999999999896
95.45833333333333,263.89378290154264,-0.04999999999999896
95.5,263.89378290154264,-0.04999999999999896
95.54166666666667,263.89378290154264,-0.04999999999999896
95.58333333333333,263.89378290154264,-0.04999999999999896
95.625,263.89378290154264,-0.04999999999999896
95.66666666666667,263.89378290154264,-0.04999999999999896
95.70833333333333,263.89378290154264,-0.04999999999999896
95.75,263.89378290154264,-0.04999999999999896
95.79166666666667,263.89378290154264,-0.04999999999999896
95.83333333333334,263.89378290154264,-0.04999999999999896
95.875,263.89378290154264,-0.04999999999999896
95.91666666666666,263.89378290154264,-0.04999999999999896
95.95833333333334,263.89378290154264,-0.04999999999999896
96.0,263.89378290154264,-0.04999999999999896
96.04166666666667,263.89378290154264,-0.04999999999999896
96.08333333333333,263.89378290154264,-0.04999999999999896
96.125,263.89378290154264,-0.04999999999999896
96.16666666666667,263.89378290154264,-0.04999999999999896
96.20833333333333,263.89378290154264,-0.04999999999999896
96.25,263.89378290154264,-0.04999999999999896
96.29166666666667,263.89378290154264,-0.04999999999999896
96.33333333333333,263.89378290154264,-0.04999999999999896
96.375,263.89378290154264,-0.04999999999999896
96.41666666666666,263.89378290154264,-0.04999999999999896
96.45833333333334,263.89378290154264,-0.04999999999999896
96.5,263.89378290154264,-0.04999999999999896
96.54166666666666,263.89378290154264,-0.04999999999999896
96.58333333333333,263.89378290154264,-0.04999999999999896
96.625,263.89378290154264,-0.04999999999999896
96.66666666666667,263.89378290154264,-0.04999999999999896
96.70833333333333,263.89378290154264,-0.04999999999999896
96.75,263.89378290154264,-0.04999999999999896
96.79166666666667,263.89378290154264,-0.04999999999999896
96.83333333333333,263.89378290154264,-0.04999999999999896
96.875,263.89378290154264,-0.04999999999999896
96.91666666666667,263.89378290154264,-0.04999999999999896
96.95833333333334,263.89378290154264,-0.04999999999999896
97.0,263.89378290154264,-0.04999999999999896
97.04166666666666,263.89378290154264,-0.04999999999999896
97.08333333333334,263.89378290154264,-0.04999999999999896
97.125,263.89378290154264,-0.04999999999999896
97.16666666666667,263.89378290154264,-0.04999999999999896
97.20833333333333,263.89378290154264,-0.04999999999999896
97.25,263.89378290154264,-0.04999999999999896
97.29166666666667,263.89378290154264,-0.04999999999999896
97.33333333333333,263.89378290154264,-0.04999999999999896
97.375,263.89378290154264,-0.04999999999999896
97.41666666666667,263.89378290154264,-0.04999999999999896
97.45833333333333,263.89378290154264,-0.04999999999999896
97.5,263.89378290154264,-0.04999999999999896
97.54166666666666,263.89378290154264,-0.04999999999999896
97.58333333333334,263.89378290154264,-0.04999999999999896
97.625,263.89378290154264,-0.04999999999999896
97.66666666666667,263.89378290154264,-0.04999999999999896
97.70833333333333,263.89378290154264,-0.04999999999999896
97.75,263.89378290154264,-0.04999999999999896
97.79166666666667,263.89378290154264,-0.04999999999999896
97.83333333333333,263.89378290154264,-0.04999999999999896
97.875,263.89378290154264,-0.04999999999999896
97.91666666666667,263.89378290154264,-0.04999999999999896
97.95833333333333,263.89378290154264,-0.04999999999999896
98.0,263.89378290154264,-0.04999999999999896
98.04166666666666,263.89378290154264,-0.04999999999999896
98.08333333333334,263.89378290154264,-0.04999999999999896
98.125,263.89378290154264,-0.04999999999999896
98.16666666666666,263.89378290154264,-0.04999999999999896
98.20833333333334,263.89378290154264,-0.04999999999999896
98.25,263.89378290154264,-0.04999999999999896
98.29166666666667,263.89378290154264,-0.04999999999999896
98.33333333333333,263.89378290154264,-0.04999999999999896
98.375,263.89378290154264,-0.04999999999999896
98.41666666666667,263.89378290154264,-0.04999999999999896
98.45833333333333,263.89378290154264,-0.04999999999999896
98.5,263.89378290154264,-0.04999999999999896
98.54166666666667,263.89378290154264,-0.04999999999999896
98.58333333333333,263.89378290154264,-0.04999999999999896
98.625,263.89378290154264,-0.04999999999999896
98.66666666666666,263.89378290154264,-0.04999999999999896
98.70833333333334,263.89378290154264,-0.04999999999999896
98.75,263.89378290154264,-0.04999999999999896
98.79166666666667,263.89378290154264,-0.04999999999999896
98.83333333333333,263.89378290154264,-0.04999999999999896
98.875,263.89378290154264,-0.04999999999999896
98.91666666666667,263.89378290154264,-0.04999999999999896
98.95833333333333,263.89378290154264,-0.04999999999999896
99.0,263.89378290154264,-0.04999999999999896
99.04166666666667,263.89378290154264,-0.04999999999999896
99.08333333333333,263.89378290154264,-0.04999999999999896
99.125,263.89378290154264,-0.04999999999999896
99.16666666666666,263.89378290154264,-0.04999999999999896
99.20833333333334,263.89378290154264,-0.04999999999999896
99.25,263.89378290154264,-0.04999999999999896
99.29166666666666,263.89378290154264,-0.04999999999999896
99.33333333333334,263.89378290154264,-0.04999999999999896
99.375,263.89378290154264,-0.04999999999999896
99.41666666666667,263.89378290154264,-0.04999999999999896
99.45833333333333,263.89378290154264,-0.04999999999999896
99.5,263.89378290154264,-0.04999999999999896
99.54166666666667,263.89378290154264,-0.04999999999999896
99.58333333333333,263.89378290154264,-0.04999999999999896
99.625,263.89378290154264,-0.04999999999999896
99.66666666666667,263.89378290154264,-0.04999999999999896
99.70833333333333,263.89378290154264,-0.04999999999999896
99.75,263.89378290154264,-0.04999999999999896
99.79166666666666,263.89378290154264,-0.04999999999999896
99.83333333333334,263.89378290154264,-0.04999999999999896
99.875,263.89378290154264,-0.04999999999999896
99.91666666666667,263.89378290154264,-0.04999999999999896
99.95833333333333,263.89378290154264,-0.04999999999999896
