time_us,unwrapped_phase_rad,control_deviation_v
0.0,0.5,0.0
0.04166666666666667,0.6812031781345123,-0.0026257908949311307
0.08333333333333334,0.7999289521513913,-0.004625021206174655
0.125,0.8738765357539695,-0.006140656746241671
0.16666666666666669,0.9151518929919258,-0.007324631171315579
0.20833333333333334,0.9317194706451866,-0.00828879766631489
0.25,0.9289274492888537,-0.00910278752948017
0.29166666666666663,0.9106204302832073,-0.009805522195368423
0.33333333333333337,0.8798380664194723,-0.010416706436300395
0.375,0.8392119969746341,-0.010945209295499603
0.4166666666666667,0.7911631219897313,-0.011394658131065296
0.4583333333333333,0.7379708314657347,-0.011767084365150783
0.5,0.6817637846060125,-0.012065203626842384
0.5416666666666666,0.6244696175012073,-0.012293635996968613
0.5833333333333333,0.5677534391252681,-0.012459249718035349
0.625,0.5129677270249746,-0.012570820010777216
0.6666666666666667,0.4611275448792273,-0.01263825142557305
0.7083333333333334,0.4129156747519125,-0.012671641491636187
0.75,0.36871426658369333,-0.012680429585311643
0.7916666666666666,0.32865460906815214,-0.012672788076662842
0.8333333333333334,0.29267507994302466,-0.012655309612456008
0.875,0.26057853527428465,-0.01263296080020676
0.9166666666666666,0.23208306960180586,-0.01260922654235012
0.9583333333333334,0.20686301269911753,-0.012586359369895392
1.0,0.18457944435456497,-0.012565661849097217
1.0416666666666667,0.16490110254368673,-0.012547753420786519
1.0833333333333333,0.14751736866765952,-0.012532795772596021
1.125,0.1321452352884092,-0.01252066809965094
1.1666666666666665,0.11853202581881533,-0.012511094365626805
1.2083333333333333,0.10645533014775432,-0.012503730008511538
1.25,0.09572127163828134,-0.012498217172958992
1.2916666666666667,0.08616189991180931,-0.01249421708175205
1.3333333333333335,0.07763224072835084,-0.012491426737006687
1.375,0.07000733507982915,-0.012489585478396167
1.4166666666666667,0.06317945788120125,-0.012488475391362552
1.4583333333333333,0.05705561118896196,-0.012487918302574032
1.5,0.05155532605240315,-0.012487771148070573
1.5416666666666665,0.04660877077719522,-0.012487920817861561
1.5833333333333333,0.042155143566543846,-0.012488279114932716
1.625,0.038141318309070305,-0.01248877816184473
1.6666666666666667,0.03452070956929504,-0.012489366397499084
1.7083333333333335,0.031252323825481015,-0.01249000519367279
1.75,0.028299966894871048,-0.012490666058771306
1.7916666666666667,0.025631581177296497,-0.012491328366106924
1.8333333333333333,0.023218690182883722,-0.012491977533157726
1.875,0.021035931433094818,-0.012492603578380857
1.9166666666666667,0.019060662066651107,-0.012493199987979582
1.9583333333333333,0.017272624283624777,-0.012493762833347855
2.0,0.015653660125143437,-0.01249429008887248
2.0416666666666665,0.014187467047875851,-0.012494781108345605
2.0833333333333335,0.012859387360779295,-0.012495236225937213
2.125,0.011656225898809991,-0.01249565645431562
2.1666666666666665,0.010566091364369312,-0.012496043258074562
2.2083333333333335,0.009578257616982055,-0.012496398385208642
2.25,0.008683041873767061,-0.012496723743094528
2.2916666666666665,0.007871697330197658,-0.01249702130841325
2.333333333333333,0.007136318149332632,-0.012497293062814278
2.375,0.0064697551200132986,-0.012497540947987225
2.4166666666666665,0.005865540568116612,-0.01249776683526864
2.458333333333333,0.005317821333964579,-0.01249797250605129
2.5,0.004821298814652042,-0.012498159640148125
2.541666666666667,0.004371175221284107,-0.01249832980994734
2.5833333333333335,0.003963105324956306,-0.012498484478722397
2.625,0.003593153067310728,-0.012498625001865628
2.666666666666667,0.003257752496045929,-0.012498752630124258
2.7083333333333335,0.002953672556287701,-0.012498868514154132
2.75,0.0026779853279631505,-0.012498973709886466
2.7916666666666665,0.002428037349403389,-0.01249906918433929
2.8333333333333335,0.002201423710028627,-0.012499155821608326
2.875,0.0019959646314843815,-0.012499234428849286
2.9166666666666665,0.0018096842880742647,-0.012499305742121618
2.9583333333333335,0.001640791644618722,-0.012499370432006766
3.0,0.0014876631136533924,-0.012499429108945711
3.0416666666666665,0.0013488268547112714,-0.012499482328263815
3.083333333333333,0.001222948556765746,-0.012499530594867891
3.125,0.001108818561101288,-0.012499574367612254
3.1666666666666665,0.0010053401962368813,-0.01249961406333891
3.208333333333333,0.0009115192092970514,-0.012499650060602786
3.25,0.0008264541896121358,-0.012499682703096388
3.291666666666667,0.0007493278905136291,-0.012499712302790731
3.3333333333333335,0.0006793993644106933,-0.012499739142810247
3.375,0.0006159968344230382,-0.012499763480060105
3.416666666666667,0.0005585112332052722,-0.012499785547623977
3.4583333333333335,0.0005063903462225183,-0.012499805556949885
3.5,0.00045913350270809783,-0.012499823699841137
3.5416666666666665,0.0004162867629190492,-0.012499840150268225
3.5833333333333335,0.00037743855516647606,-0.012499855066016875
3.625,0.0003422157204906462,-0.01249986859018616
3.6666666666666665,0.0003102799268198675,-0.012499880852549829
3.7083333333333335,0.0002813244180417951,-0.012499891970792813
3.75,0.0002550710666657241,-0.012499902051634086
3.7916666666666665,0.0002312677016916842,-0.012499911191845979
3.8333333333333335,0.00020968568596568815,-0.012499919479179373
3.875,0.0001901177197087267,-0.012499926993203308
3.9166666666666665,0.00017237584909091108,-0.012499933806066763
3.9583333333333335,0.00015628966069852757,-0.012499939983189807
4.0,0.00014170464453377996,-0.012499945583890532
4.041666666666666,0.000128480709810197,-0.012499950661953762
4.083333333333333,0.00011649083927683934,-0.012499955266146846
4.125,0.00010561986913859567,-0.01249995944068746
4.166666666666667,9.57633828479465e-05,-0.012499963225667866
4.208333333333333,8.68267081380325e-05,-0.012499966657439656
4.25,7.872400766040233e-05,-0.012499969768962638
4.291666666666666,7.137745449004029e-05,-0.012499972590121236
4.333333333333333,6.471648457700985e-05,-0.012499975148011365
4.375,5.8677118963013086e-05,-0.01249997746720058
4.416666666666667,5.320134925068665e-05,-0.012499979569963975
4.458333333333334,4.8236580423355324e-05,-0.012499981476498055
4.5,4.37351256623586e-05,-0.012499983205114694
4.541666666666667,3.9653748309054215e-05,-0.012499984772416962
4.583333333333333,3.595324657207355e-05,-0.012499986193458596
4.625,3.25980769901868e-05,-0.012499987481888547
4.666666666666666,2.955601303450406e-05,-0.012499988650082089
4.708333333333334,2.6797835570024908e-05,-0.012499989709259638
4.75,2.4297052203858804e-05,-0.012499990669594549
4.791666666666667,2.2029642824217266e-05,-0.012499991540310812
4.833333333333333,1.9973828885799794e-05,-0.01249999232977163
4.875,1.8109864225623884e-05,-0.012499993045559767
4.916666666666666,1.6419845400350574e-05,-0.01249999369455036
4.958333333333333,1.4887539722618914e-05,-0.012499994282976976
5.0,1.3498229345598745e-05,-0.012499994816491446
5.041666666666667,1.2238569897293772e-05,-0.012499995300218187
5.083333333333334,1.1096462307347288e-05,-0.012499995738803399
5.125,1.0060936595113201e-05,-0.0124999961364597
5.166666666666667,9.122046502385572e-06,-0.012499996497006586
5.208333333333333,8.270773959373479e-06,-0.01249999682390712
5.25,7.498942465766767e-06,-0.01249999712030119
5.291666666666666,6.799138555058093e-06,-0.012499997389035667
5.333333333333334,6.1646405881687905e-06,-0.012499997632691754
5.375,5.589354191648521e-06,-0.012499997853609772
5.416666666666667,5.067753721221813e-06,-0.012499998053911644
5.458333333333333,4.594829187631877e-06,-0.01249999823552128
5.5,4.1660381354668985e-06,-0.012499998400183041
5.541666666666666,3.7772620129494783e-06,-0.01249999854947851
5.583333333333333,3.424766613024932e-06,-0.012499998684841676
5.625,3.1051662059411456e-06,-0.012499998807572707
5.666666666666667,2.8153910196504484e-06,-0.01249999891885043
5.708333333333333,2.5526577541734596e-06,-0.012499999019743684
5.75,2.3144428480947887e-06,-0.012499999111221542
5.791666666666667,2.098458239563339e-06,-0.012499999194162654
5.833333333333333,1.902629389538557e-06,-0.012499999269363675
5.875,1.7250753557296328e-06,-0.012499999337546908
5.916666666666667,1.5640907258251957e-06,-0.01249999939936726
5.958333333333334,1.4181292374293442e-06,-0.012499999455418513
6.0,1.285788925664555e-06,-0.012499999506239047
6.041666666666667,1.1657986576651957e-06,-0.01249999955231699
6.083333333333333,1.0570059230663453e-06,-0.012499999594094924
6.125,9.583657640810372e-07,-0.012499999631974125
6.166666666666666,8.689307389730949e-07,-0.012499999666318425
6.208333333333334,7.878418213924654e-07,-0.012499999697457704
6.25,7.143201497528118e-07,-0.012499999725691057
6.291666666666667,6.476595459381507e-07,-0.01249999975128966
6.333333333333333,5.872197327838613e-07,-0.012499999774499395
6.375,5.324201839407294e-07,-0.01249999979554319
6.416666666666666,4.827345479463396e-07,-0.012499999814623174
6.458333333333333,4.376855926579992e-07,-0.012499999831922601
6.5,3.9684062153044763e-07,-0.012499999847607643
6.541666666666667,3.59807317218408e-07,-0.012499999861828953
6.583333333333334,3.2622997370168605e-07,-0.01249999987472312
6.625,2.9578607951830094e-07,-0.012499999886414004
6.666666666666667,2.681832200757128e-07,-0.012499999897013886
6.708333333333333,2.4315626906412646e-07,-0.012499999906624586
6.75,2.2046484177140613e-07,-0.012499999915338409
6.791666666666666,1.9989098642980707e-07,-0.012499999923239058
6.833333333333334,1.8123709033535107e-07,-0.012499999930402414
6.875,1.643239823101439e-07,-0.012499999936897285
6.916666666666667,1.489892114125979e-07,-0.012499999942786054
6.958333333333333,1.350854866299933e-07,-0.01249999994812528
7.0,1.224792622323001e-07,-0.012499999952966249
7.041666666666666,1.1104945502049546e-07,-0.012499999957355453
7.083333333333333,1.0068628142345659e-07,-0.012499999961335054
7.125,9.12902027305762e-08,-0.012499999964943281
7.166666666666667,8.277096941178286e-08,-0.012499999968214782
7.208333333333334,7.504675397784766e-08,-0.01249999997118099
7.25,6.80433649979939e-08,-0.01249999997387039
7.291666666666667,6.169353461427107e-08,-0.012499999976308816
7.333333333333333,5.5936272613799076e-08,-0.012499999978519681
7.375,5.071628028652242e-08,-0.012499999980524232
7.416666666666667,4.598341946104867e-08,-0.012499999982341718
7.458333333333334,4.169223088990037e-08,-0.012499999983989596
7.5,3.780149748777717e-08,-0.012499999985483692
7.541666666666667,3.4273848648069816e-08,-0.012499999986838359
7.583333333333333,3.107540125224517e-08,-0.012499999988066605
7.625,2.817543409694423e-08,-0.012499999989180234
7.666666666666667,2.554609290772447e-08,-0.012499999990189938
7.708333333333334,2.3162122719799783e-08,-0.012499999991105416
7.75,2.1000625460843025e-08,-0.012499999991935464
7.791666666666667,1.9040839849271407e-08,-0.012499999992688048
7.833333333333333,1.7263942053702408e-08,-0.012499999993370406
7.875,1.5652864948645373e-08,-0.012499999993989082
7.916666666666667,1.4192134134560774e-08,-0.012499999994550023
7.958333333333333,1.2867719223486063e-08,-0.012499999995058617
8.0,1.166689916898278e-08,-0.012499999995519748
8.041666666666666,1.0578140086092702e-08,-0.012499999995937844
8.083333333333332,9.590984395568825e-09,-0.012499999996316928
8.125,8.69595040420279e-09,-0.01249999999666063
8.166666666666666,7.88444132204802e-09,-0.01249999999697226
8.208333333333334,7.148662550804374e-09,-0.012499999997254811
8.25,6.481546854786302e-09,-0.012499999997510992
8.291666666666668,5.876686637318329e-09,-0.012499999997743268
8.333333333333334,5.328272212334895e-09,-0.012499999997953867
8.375,4.831036015673362e-09,-0.012499999998144813
8.416666666666666,4.380202034415248e-09,-0.012499999998317938
8.458333333333334,3.971440121208758e-09,-0.012499999998474906
8.5,3.6008240278384562e-09,-0.012499999998617228
8.541666666666666,3.2647939351981847e-09,-0.012499999998746266
8.583333333333332,2.9601223139330557e-09,-0.012499999998863262
8.625,2.683882782683611e-09,-0.01249999999896934
8.666666666666666,2.4334220194432987e-09,-0.012499999999065523
8.708333333333332,2.20633433745121e-09,-0.01249999999915273
8.75,2.000438481530864e-09,-0.012499999999231797
8.791666666666668,1.8137569224307981e-09,-0.012499999999303487
8.833333333333334,1.6444965389439403e-09,-0.012499999999368487
8.875,1.4910315759841808e-09,-0.012499999999427422
8.916666666666668,1.3518879904417247e-09,-0.012499999999480855
8.958333333333334,1.2257293513506795e-09,-0.0124999999995293
9.0,1.1113438502796669e-09,-0.012499999999573227
9.041666666666666,1.0076328105235177e-09,-0.012499999999613055
9.083333333333334,9.136001399845384e-10,-0.012499999999649165
9.125,8.28342616721045e-10,-0.012499999999681903
9.166666666666666,7.510413402300742e-10,-0.012499999999711589
9.208333333333332,6.80953904375059e-10,-0.012499999999738502
9.25,6.174070699138667e-10,-0.012499999999762904
9.291666666666666,5.597904917387098e-10,-0.01249999999978503
9.333333333333332,5.075506681606612e-10,-0.01249999999980509
9.375,4.601858893948929e-10,-0.012499999999823283
9.416666666666668,4.172411305347623e-10,-0.012499999999839771
9.458333333333334,3.783040547489236e-10,-0.012499999999854725
9.5,3.430005723892293e-10,-0.012499999999868281
9.541666666666668,3.109916768551102e-10,-0.01249999999988057
9.583333333333334,2.8196983636874506e-10,-0.012499999999891718
9.625,2.5565632943980177e-10,-0.01249999999990182
9.666666666666666,2.317984137967244e-10,-0.012499999999910983
9.708333333333334,2.1016699491838153e-10,-0.01249999999991929
9.75,1.9055418354341214e-10,-0.012499999999926818
9.791666666666666,1.7277168584683977e-10,-0.01249999999993365
9.833333333333332,1.566485829940234e-10,-0.01249999999993984
9.875,1.4203010989533027e-10,-0.012499999999945454
9.916666666666666,1.2877587884929653e-10,-0.012499999999950544
9.958333333333332,1.1675854727499768e-10,-0.012499999999955158
10.0,1.058626519778727e-10,-0.012499999999959342
10.041666666666668,9.59836099490019e-11,-0.012499999999963136
10.083333333333334,8.70264416086286e-11,-0.012499999999966576
10.125,7.890516018349558e-11,-0.012499999999969697
10.166666666666668,7.154177250612292e-11,-0.012499999999972524
10.208333333333334,6.486550185869078e-11,-0.012499999999975087
10.25,5.881223286152704e-11,-0.012499999999977408
10.291666666666666,5.332395636159504e-11,-0.012499999999979512
10.333333333333334,4.8347881254073855e-11,-0.012499999999981425
10.375,4.3836156926602143e-11,-0.01249999999998316
10.416666666666666,3.974542917006829e-11,-0.012499999999984732
10.458333333333332,3.60364516005518e-11,-0.012499999999986158
10.5,3.267353054781097e-11,-0.012499999999987448
10.541666666666666,2.962441403298044e-11,-0.012499999999988621
10.583333333333332,2.6859847679361337e-11,-0.012499999999989683
10.625,2.435329715666512e-11,-0.012499999999990647
10.666666666666668,2.2080559602954963e-11,-0.01249999999999152
10.708333333333334,2.0019985669250673e-11,-0.012499999999992309
10.75,1.815170236341146e-11,-0.012499999999993025
10.791666666666668,1.6457779583589627e-11,-0.012499999999993678
10.833333333333334,1.4921952562474416e-11,-0.012499999999994267
10.875,1.3529455333838314e-11,-0.012499999999994802
10.916666666666666,1.2266909710234586e-11,-0.01249999999999528
10.958333333333334,1.112226977184605e-11,-0.012499999999995723
11.0,1.0084377777275222e-11,-0.01249999999999612
11.041666666666666,9.14335274160294e-12,-0.012499999999996484
11.083333333333332,8.290146347178506e-12,-0.012499999999996812
11.125,7.516542943619697e-12,-0.012499999999997109
11.166666666666666,6.815159547812755e-12,-0.012499999999997378
11.208333333333334,6.179223799307465e-12,-0.012499999999997622
11.25,5.602684982619621e-12,-0.012499999999997844
11.291666666666668,5.079880960323635e-12,-0.012499999999998044
11.333333333333334,4.6058712399599244e-12,-0.012499999999998228
11.375,4.176103907127526e-12,-0.012499999999998394
11.416666666666666,3.786360114332865e-12,-0.012499999999998547
11.458333333333334,3.4329761255946778e-12,-0.012499999999998677
11.5,3.11267678299032e-12,-0.0124999999999988
11.541666666666666,2.822242439748379e-12,-0.012499999999998911
11.583333333333334,2.558897538307292e-12,-0.012499999999999014
11.625,2.3201995880128834e-12,-0.012499999999999106
11.666666666666666,2.103761609362209e-12,-0.012499999999999187
11.708333333333332,1.9074741786084815e-12,-0.012499999999999262
11.75,1.7295054277610689e-12,-0.01249999999999933
11.791666666666666,1.5681900222830336e-12,-0.012499999999999392
11.833333333333334,1.4219181387886692e-12,-0.01249999999999945
11.875,1.2893019984971943e-12,-0.012499999999999498
11.916666666666668,1.1690648449302898e-12,-0.012499999999999544
11.958333333333334,1.0600409439120995e-12,-0.012499999999999588
12.0,9.611755835692293e-13,-0.012499999999999624
12.041666666666666,8.715250743307479e-13,-0.01249999999999966
12.083333333333334,7.903122600794177e-13,-0.012499999999999692
12.125,7.166489623955385e-13,-0.012499999999999721
12.166666666666666,6.498135363131041e-13,-0.012499999999999747
12.208333333333334,5.892508703198018e-13,-0.012499999999999772
12.25,5.343503417520878e-13,-0.01249999999999979
12.291666666666666,4.845568390976496e-13,-0.01249999999999981
12.333333333333332,4.3942627314663696e-13,-0.012499999999999827
12.375,3.984590435379687e-13,-0.012499999999999841
12.416666666666668,3.613220833642572e-13,-0.012499999999999855
12.458333333333334,3.2768232571811495e-13,-0.012499999999999869
12.5,2.972067036921544e-13,-0.01249999999999988
12.541666666666668,2.69562150378988e-13,-0.01249999999999989
12.583333333333334,2.4447111002245947e-13,-0.0124999999999999
12.625,2.2171153801764376e-13,-0.012499999999999912
12.666666666666666,2.0106138975961585e-13,-0.01249999999999992
12.708333333333334,1.822986206434507e-13,-0.012499999999999926
12.75,1.653122083666858e-13,-0.012499999999999935
12.791666666666666,1.4988010832439613e-13,-0.01249999999999994
12.833333333333332,1.3589129821411916e-13,-0.012499999999999949
12.875,1.2312373343092986e-13,-0.012499999999999952
12.916666666666666,1.1157741397482823e-13,-0.012499999999999956
12.958333333333332,1.0114131754335176e-13,-0.012499999999999963
13.0,9.164891068280667e-14,-0.012499999999999964
13.041666666666668,8.304468224196171e-14,-0.012499999999999964
13.083333333333334,7.538414337204813e-14,-0.01249999999999997
13.125,6.833422716567839e-14,-0.012499999999999971
13.166666666666668,6.195044477408373e-14,-0.012499999999999971
13.208333333333334,5.623279619726418e-14,-0.012499999999999971
13.25,5.10702591327572e-14,-0.012499999999999971
13.291666666666666,4.6407322429331543e-14,-0.012499999999999976
13.333333333333334,4.213296378452469e-14,-0.01249999999999998
13.375,3.8191672047105385e-14,-0.012499999999999982
13.416666666666666,3.4638958368304884e-14,-0.012499999999999982
13.458333333333332,3.141931159689193e-14,-0.012499999999999985
13.5,2.853273173286652e-14,-0.012499999999999989
13.541666666666666,2.5868196473766147e-14,-0.012499999999999989
13.583333333333332,2.348121697082206e-14,-0.012499999999999985
13.625,2.1371793224034263e-14,-0.012499999999999989
13.666666666666668,1.942890293094024e-14,-0.012499999999999985
13.708333333333334,1.7708057242771247e-14,-0.012499999999999985
13.75,1.6153745008296028e-14,-0.01249999999999999
13.791666666666668,1.4654943925052066e-14,-0.01249999999999999
13.833333333333334,1.3322676295501878e-14,-0.01249999999999999
13.875,1.2156942119645464e-14,-0.012499999999999994
13.916666666666666,1.099120794378905e-14,-0.012499999999999994
13.958333333333334,9.992007221626409e-15,-0.012499999999999994
14.0,9.103828801926284e-15,-0.012499999999999994
14.041666666666666,8.271161533457416e-15,-0.012499999999999994
14.083333333333332,7.549516567451064e-15,-0.012499999999999994
14.125,6.8833827526759706e-15,-0.012499999999999995
14.166666666666666,6.2727600891321345e-15,-0.012499999999999994
14.208333333333332,5.717648576819556e-15,-0.012499999999999994
14.25,5.2735593669694936e-15,-0.012499999999999994
14.291666666666668,4.829470157119431e-15,-0.012499999999999995
14.333333333333334,4.385380947269368e-15,-0.012499999999999995
14.375,3.9968028886505635e-15,-0.012499999999999995
14.416666666666668,3.6637359812630166e-15,-0.012499999999999995
14.458333333333334,3.3306690738754696e-15,-0.012499999999999999
14.5,2.9976021664879227e-15,-0.012499999999999999
14.541666666666666,2.7200464103316335e-15,-0.012499999999999995
14.583333333333334,2.4980018054066022e-15,-0.012499999999999999
14.625,2.220446049250313e-15,-0.012499999999999999
14.666666666666666,1.9984014443252818e-15,-0.012499999999999999
14.708333333333332,1.8318679906315083e-15,-0.012499999999999995
14.75,1.7208456881689926e-15,-0.012499999999999994
14.791666666666666,1.6653345369377348e-15,-0.012499999999999994
14.833333333333334,1.609823385706477e-15,-0.01249999999999999
14.875,1.609823385706477e-15,-0.012499999999999989
14.916666666666668,1.609823385706477e-15,-0.012499999999999989
14.958333333333334,1.609823385706477e-15,-0.012499999999999989
15.0,1.609823385706477e-15,-0.012499999999999989
15.041666666666666,1.609823385706477e-15,-0.012499999999999989
15.083333333333334,1.609823385706477e-15,-0.012499999999999989
15.125,1.609823385706477e-15,-0.012499999999999989
15.166666666666666,1.609823385706477e-15,-0.012499999999999989
15.208333333333334,1.609823385706477e-15,-0.012499999999999989
15.25,1.609823385706477e-15,-0.012499999999999989
15.291666666666668,1.609823385706477e-15,-0.012499999999999989
15.333333333333334,1.609823385706477e-15,-0.012499999999999989
15.375000000000002,1.609823385706477e-15,-0.012499999999999989
15.416666666666668,1.609823385706477e-15,-0.012499999999999989
15.458333333333334,1.609823385706477e-15,-0.012499999999999989
15.5,1.609823385706477e-15,-0.012499999999999989
15.541666666666668,1.609823385706477e-15,-0.012499999999999989
15.583333333333334,1.609823385706477e-15,-0.012499999999999989
15.625,1.609823385706477e-15,-0.012499999999999989
15.666666666666666,1.609823385706477e-15,-0.012499999999999989
15.708333333333334,1.609823385706477e-15,-0.012499999999999989
15.75,1.609823385706477e-15,-0.012499999999999989
15.791666666666666,1.609823385706477e-15,-0.012499999999999989
15.833333333333334,1.609823385706477e-15,-0.012499999999999989
15.875,1.609823385706477e-15,-0.012499999999999989
15.916666666666666,1.609823385706477e-15,-0.012499999999999989
15.958333333333332,1.609823385706477e-15,-0.012499999999999989
16.0,1.609823385706477e-15,-0.012499999999999989
16.041666666666664,1.609823385706477e-15,-0.012499999999999989
16.083333333333332,1.609823385706477e-15,-0.012499999999999989
16.125,1.609823385706477e-15,-0.012499999999999989
16.166666666666664,1.609823385706477e-15,-0.012499999999999989
16.208333333333332,1.609823385706477e-15,-0.012499999999999989
16.25,1.609823385706477e-15,-0.012499999999999989
16.291666666666664,1.609823385706477e-15,-0.012499999999999989
16.333333333333332,1.609823385706477e-15,-0.012499999999999989
16.375,1.609823385706477e-15,-0.012499999999999989
16.416666666666668,1.609823385706477e-15,-0.012499999999999989
16.458333333333336,1.609823385706477e-15,-0.012499999999999989
16.5,1.609823385706477e-15,-0.012499999999999989
16.541666666666668,1.609823385706477e-15,-0.012499999999999989
16.583333333333336,1.609823385706477e-15,-0.012499999999999989
16.625,1.609823385706477e-15,-0.012499999999999989
16.666666666666668,1.609823385706477e-15,-0.012499999999999989
16.708333333333336,1.609823385706477e-15,-0.012499999999999989
16.75,1.609823385706477e-15,-0.012499999999999989
16.791666666666668,1.609823385706477e-15,-0.012499999999999989
16.833333333333332,1.609823385706477e-15,-0.012499999999999989
16.875,1.609823385706477e-15,-0.012499999999999989
16.916666666666668,1.609823385706477e-15,-0.012499999999999989
16.958333333333332,1.609823385706477e-15,-0.012499999999999989
17.0,1.609823385706477e-15,-0.012499999999999989
17.041666666666668,1.609823385706477e-15,-0.012499999999999989
17.083333333333332,1.609823385706477e-15,-0.012499999999999989
17.125,1.609823385706477e-15,-0.012499999999999989
17.166666666666664,1.609823385706477e-15,-0.012499999999999989
17.208333333333332,1.609823385706477e-15,-0.012499999999999989
17.25,1.609823385706477e-15,-0.012499999999999989
17.291666666666664,1.609823385706477e-15,-0.012499999999999989
17.333333333333332,1.609823385706477e-15,-0.012499999999999989
17.375,1.609823385706477e-15,-0.012499999999999989
17.416666666666664,1.609823385706477e-15,-0.012499999999999989
17.458333333333332,1.609823385706477e-15,-0.012499999999999989
17.5,1.609823385706477e-15,-0.012499999999999989
17.541666666666664,1.609823385706477e-15,-0.012499999999999989
17.583333333333336,1.609823385706477e-15,-0.012499999999999989
17.625,1.609823385706477e-15,-0.012499999999999989
17.666666666666668,1.609823385706477e-15,-0.012499999999999989
17.708333333333336,1.609823385706477e-15,-0.012499999999999989
17.75,1.609823385706477e-15,-0.012499999999999989
17.791666666666668,1.609823385706477e-15,-0.012499999999999989
17.833333333333336,1.609823385706477e-15,-0.012499999999999989
17.875,1.609823385706477e-15,-0.012499999999999989
17.916666666666668,1.609823385706477e-15,-0.012499999999999989
17.958333333333332,1.609823385706477e-15,-0.012499999999999989
18.0,1.609823385706477e-15,-0.012499999999999989
18.041666666666668,1.609823385706477e-15,-0.012499999999999989
18.083333333333332,1.609823385706477e-15,-0.012499999999999989
18.125,1.609823385706477e-15,-0.012499999999999989
18.166666666666668,1.609823385706477e-15,-0.012499999999999989
18.208333333333332,1.609823385706477e-15,-0.012499999999999989
18.25,1.609823385706477e-15,-0.012499999999999989
18.291666666666668,1.609823385706477e-15,-0.012499999999999989
18.333333333333332,1.609823385706477e-15,-0.012499999999999989
18.375,1.609823385706477e-15,-0.012499999999999989
18.416666666666664,1.609823385706477e-15,-0.012499999999999989
18.458333333333332,1.609823385706477e-15,-0.012499999999999989
18.5,1.609823385706477e-15,-0.012499999999999989
18.541666666666664,1.609823385706477e-15,-0.012499999999999989
18.583333333333332,1.609823385706477e-15,-0.012499999999999989
18.625,1.609823385706477e-15,-0.012499999999999989
18.666666666666664,1.609823385706477e-15,-0.012499999999999989
18.708333333333332,1.609823385706477e-15,-0.012499999999999989
18.75,1.609823385706477e-15,-0.012499999999999989
18.791666666666668,1.609823385706477e-15,-0.012499999999999989
18.833333333333336,1.609823385706477e-15,-0.012499999999999989
18.875,1.609823385706477e-15,-0.012499999999999989
18.916666666666668,1.609823385706477e-15,-0.012499999999999989
18.958333333333336,1.609823385706477e-15,-0.012499999999999989
19.0,1.609823385706477e-15,-0.012499999999999989
19.041666666666668,1.609823385706477e-15,-0.012499999999999989
19.083333333333336,1.609823385706477e-15,-0.012499999999999989
19.125,1.609823385706477e-15,-0.012499999999999989
19.166666666666668,1.609823385706477e-15,-0.012499999999999989
19.208333333333332,1.609823385706477e-15,-0.012499999999999989
19.25,1.609823385706477e-15,-0.012499999999999989
19.291666666666668,1.609823385706477e-15,-0.012499999999999989
19.333333333333332,1.609823385706477e-15,-0.012499999999999989
19.375,1.609823385706477e-15,-0.012499999999999989
19.416666666666668,1.609823385706477e-15,-0.012499999999999989
19.458333333333332,1.609823385706477e-15,-0.012499999999999989
19.5,1.609823385706477e-15,-0.012499999999999989
19.541666666666668,1.609823385706477e-15,-0.012499999999999989
19.583333333333332,1.609823385706477e-15,-0.012499999999999989
19.625,1.609823385706477e-15,-0.012499999999999989
19.666666666666664,1.609823385706477e-15,-0.012499999999999989
19.708333333333332,1.609823385706477e-15,-0.012499999999999989
19.75,1.609823385706477e-15,-0.012499999999999989
19.791666666666664,1.609823385706477e-15,-0.012499999999999989
19.833333333333332,1.609823385706477e-15,-0.012499999999999989
19.875,1.609823385706477e-15,-0.012499999999999989
19.916666666666664,1.609823385706477e-15,-0.012499999999999989
19.958333333333332,1.609823385706477e-15,-0.012499999999999989
20.0,1.609823385706477e-15,-0.012499999999999989
20.041666666666668,1.609823385706477e-15,-0.012499999999999989
20.083333333333336,1.609823385706477e-15,-0.012499999999999989
20.125,1.609823385706477e-15,-0.012499999999999989
20.166666666666668,1.609823385706477e-15,-0.012499999999999989
20.208333333333336,1.609823385706477e-15,-0.012499999999999989
20.25,1.609823385706477e-15,-0.012499999999999989
20.291666666666668,1.609823385706477e-15,-0.012499999999999989
20.333333333333336,1.609823385706477e-15,-0.012499999999999989
20.375,1.609823385706477e-15,-0.012499999999999989
20.416666666666668,1.609823385706477e-15,-0.012499999999999989
20.458333333333332,1.609823385706477e-15,-0.012499999999999989
20.5,1.609823385706477e-15,-0.012499999999999989
20.541666666666668,1.609823385706477e-15,-0.012499999999999989
20.583333333333332,1.609823385706477e-15,-0.012499999999999989
20.625,1.609823385706477e-15,-0.012499999999999989
20.666666666666668,1.609823385706477e-15,-0.012499999999999989
20.708333333333332,1.609823385706477e-15,-0.012499999999999989
20.75,1.609823385706477e-15,-0.012499999999999989
20.791666666666668,1.609823385706477e-15,-0.012499999999999989
20.833333333333332,1.609823385706477e-15,-0.012499999999999989
20.875,1.609823385706477e-15,-0.012499999999999989
20.916666666666664,1.609823385706477e-15,-0.012499999999999989
20.958333333333332,1.609823385706477e-15,-0.012499999999999989
21.0,1.609823385706477e-15,-0.012499999999999989
21.041666666666664,1.609823385706477e-15,-0.012499999999999989
21.083333333333332,1.609823385706477e-15,-0.012499999999999989
21.125,1.609823385706477e-15,-0.012499999999999989
21.166666666666664,1.609823385706477e-15,-0.012499999999999989
21.208333333333336,1.609823385706477e-15,-0.012499999999999989
21.25,1.609823385706477e-15,-0.012499999999999989
21.291666666666668,1.609823385706477e-15,-0.012499999999999989
21.333333333333336,1.609823385706477e-15,-0.012499999999999989
21.375,1.609823385706477e-15,-0.012499999999999989
21.416666666666668,1.609823385706477e-15,-0.012499999999999989
21.458333333333336,1.609823385706477e-15,-0.012499999999999989
21.5,1.609823385706477e-15,-0.012499999999999989
21.541666666666668,1.609823385706477e-15,-0.012499999999999989
21.583333333333336,1.609823385706477e-15,-0.012499999999999989
21.625,1.609823385706477e-15,-0.012499999999999989
21.666666666666668,1.609823385706477e-15,-0.012499999999999989
21.708333333333332,1.609823385706477e-15,-0.012499999999999989
21.75,1.609823385706477e-15,-0.012499999999999989
21.791666666666668,1.609823385706477e-15,-0.012499999999999989
21.833333333333332,1.609823385706477e-15,-0.012499999999999989
21.875,1.609823385706477e-15,-0.012499999999999989
21.916666666666668,1.609823385706477e-15,-0.012499999999999989
21.958333333333332,1.609823385706477e-15,-0.012499999999999989
22.0,1.609823385706477e-15,-0.012499999999999989
22.041666666666664,1.609823385706477e-15,-0.012499999999999989
22.083333333333332,1.609823385706477e-15,-0.012499999999999989
22.125,1.609823385706477e-15,-0.012499999999999989
22.166666666666664,1.609823385706477e-15,-0.012499999999999989
22.208333333333332,1.609823385706477e-15,-0.012499999999999989
22.25,1.609823385706477e-15,-0.012499999999999989
22.291666666666664,1.609823385706477e-15,-0.012499999999999989
22.333333333333332,1.609823385706477e-15,-0.012499999999999989
22.375,1.609823385706477e-15,-0.012499999999999989
22.416666666666668,1.609823385706477e-15,-0.012499999999999989
22.458333333333336,1.609823385706477e-15,-0.012499999999999989
22.5,1.609823385706477e-15,-0.012499999999999989
22.541666666666668,1.609823385706477e-15,-0.012499999999999989
22.583333333333336,1.609823385706477e-15,-0.012499999999999989
22.625,1.609823385706477e-15,-0.012499999999999989
22.666666666666668,1.609823385706477e-15,-0.012499999999999989
22.708333333333336,1.609823385706477e-15,-0.012499999999999989
22.75,1.609823385706477e-15,-0.012499999999999989
22.791666666666668,1.609823385706477e-15,-0.012499999999999989
22.833333333333332,1.609823385706477e-15,-0.012499999999999989
22.875,1.609823385706477e-15,-0.012499999999999989
22.916666666666668,1.609823385706477e-15,-0.012499999999999989
22.958333333333332,1.609823385706477e-15,-0.012499999999999989
23.0,1.609823385706477e-15,-0.012499999999999989
23.041666666666668,1.609823385706477e-15,-0.012499999999999989
23.083333333333332,1.609823385706477e-15,-0.012499999999999989
23.125,1.609823385706477e-15,-0.012499999999999989
23.166666666666668,1.609823385706477e-15,-0.012499999999999989
23.208333333333332,1.609823385706477e-15,-0.012499999999999989
23.25,1.609823385706477e-15,-0.012499999999999989
23.291666666666664,1.609823385706477e-15,-0.012499999999999989
23.333333333333332,1.609823385706477e-15,-0.012499999999999989
23.375,1.609823385706477e-15,-0.012499999999999989
23.416666666666664,1.609823385706477e-15,-0.012499999999999989
23.458333333333332,1.609823385706477e-15,-0.012499999999999989
23.5,1.609823385706477e-15,-0.012499999999999989
23.541666666666664,1.609823385706477e-15,-0.012499999999999989
23.583333333333332,1.609823385706477e-15,-0.012499999999999989
23.625,1.609823385706477e-15,-0.012499999999999989
23.666666666666668,1.609823385706477e-15,-0.012499999999999989
23.708333333333336,1.609823385706477e-15,-0.012499999999999989
23.75,1.609823385706477e-15,-0.012499999999999989
23.791666666666668,1.609823385706477e-15,-0.012499999999999989
23.833333333333336,1.609823385706477e-15,-0.012499999999999989
23.875,1.609823385706477e-15,-0.012499999999999989
23.916666666666668,1.609823385706477e-15,-0.012499999999999989
23.958333333333336,1.609823385706477e-15,-0.012499999999999989
24.0,1.609823385706477e-15,-0.012499999999999989
24.041666666666668,1.609823385706477e-15,-0.012499999999999989
24.083333333333332,1.609823385706477e-15,-0.012499999999999989
24.125,1.609823385706477e-15,-0.012499999999999989
24.166666666666668,1.609823385706477e-15,-0.012499999999999989
24.208333333333332,1.609823385706477e-15,-0.012499999999999989
24.25,1.609823385706477e-15,-0.012499999999999989
24.291666666666668,1.609823385706477e-15,-0.012499999999999989
24.333333333333332,1.609823385706477e-15,-0.012499999999999989
24.375,1.609823385706477e-15,-0.012499999999999989
24.416666666666668,1.609823385706477e-15,-0.012499999999999989
24.458333333333332,1.609823385706477e-15,-0.012499999999999989
24.5,1.609823385706477e-15,-0.012499999999999989
24.541666666666664,1.609823385706477e-15,-0.012499999999999989
24.583333333333332,1.609823385706477e-15,-0.012499999999999989
24.625,1.609823385706477e-15,-0.012499999999999989
24.666666666666664,1.609823385706477e-15,-0.012499999999999989
24.708333333333332,1.609823385706477e-15,-0.012499999999999989
24.75,1.609823385706477e-15,-0.012499999999999989
24.791666666666664,1.609823385706477e-15,-0.012499999999999989
24.833333333333336,1.609823385706477e-15,-0.012499999999999989
24.875,1.609823385706477e-15,-0.012499999999999989
24.916666666666668,1.609823385706477e-15,-0.012499999999999989
24.958333333333336,1.609823385706477e-15,-0.012499999999999989
25.0,1.609823385706477e-15,-0.012499999999999989
25.041666666666668,1.609823385706477e-15,-0.012499999999999989
25.083333333333336,1.609823385706477e-15,-0.012499999999999989
25.125,1.609823385706477e-15,-0.012499999999999989
25.166666666666668,1.609823385706477e-15,-0.012499999999999989
25.208333333333336,1.609823385706477e-15,-0.012499999999999989
25.25,1.609823385706477e-15,-0.012499999999999989
25.291666666666668,1.609823385706477e-15,-0.012499999999999989
25.333333333333332,1.609823385706477e-15,-0.012499999999999989
25.375,1.609823385706477e-15,-0.012499999999999989
25.416666666666668,1.609823385706477e-15,-0.012499999999999989
25.458333333333332,1.609823385706477e-15,-0.012499999999999989
25.5,1.609823385706477e-15,-0.012499999999999989
25.541666666666668,1.609823385706477e-15,-0.012499999999999989
25.583333333333332,1.609823385706477e-15,-0.012499999999999989
25.625,1.609823385706477e-15,-0.012499999999999989
25.666666666666664,1.609823385706477e-15,-0.012499999999999989
25.708333333333332,1.609823385706477e-15,-0.012499999999999989
25.75,1.609823385706477e-15,-0.012499999999999989
25.791666666666664,1.609823385706477e-15,-0.012499999999999989
25.833333333333332,1.609823385706477e-15,-0.012499999999999989
25.875,1.609823385706477e-15,-0.012499999999999989
25.916666666666664,1.609823385706477e-15,-0.012499999999999989
25.958333333333332,1.609823385706477e-15,-0.012499999999999989
26.0,1.609823385706477e-15,-0.012499999999999989
26.041666666666668,1.609823385706477e-15,-0.012499999999999989
26.083333333333336,1.609823385706477e-15,-0.012499999999999989
26.125,1.609823385706477e-15,-0.012499999999999989
26.166666666666668,1.609823385706477e-15,-0.012499999999999989
26.208333333333336,1.609823385706477e-15,-0.012499999999999989
26.25,1.609823385706477e-15,-0.012499999999999989
26.291666666666668,1.609823385706477e-15,-0.012499999999999989
26.333333333333336,1.609823385706477e-15,-0.012499999999999989
26.375,1.609823385706477e-15,-0.012499999999999989
26.416666666666668,1.609823385706477e-15,-0.012499999999999989
26.458333333333332,1.609823385706477e-15,-0.012499999999999989
26.5,1.609823385706477e-15,-0.012499999999999989
26.541666666666668,1.609823385706477e-15,-0.012499999999999989
26.583333333333332,1.609823385706477e-15,-0.012499999999999989
26.625,1.609823385706477e-15,-0.012499999999999989
26.666666666666668,1.609823385706477e-15,-0.012499999999999989
26.708333333333332,1.609823385706477e-15,-0.012499999999999989
26.75,1.609823385706477e-15,-0.012499999999999989
26.791666666666668,1.609823385706477e-15,-0.012499999999999989
26.833333333333332,1.609823385706477e-15,-0.012499999999999989
26.875,1.609823385706477e-15,-0.012499999999999989
26.916666666666664,1.609823385706477e-15,-0.012499999999999989
26.958333333333332,1.609823385706477e-15,-0.012499999999999989
27.0,1.609823385706477e-15,-0.012499999999999989
27.041666666666664,1.609823385706477e-15,-0.012499999999999989
27.083333333333332,1.609823385706477e-15,-0.012499999999999989
27.125,1.609823385706477e-15,-0.012499999999999989
27.166666666666664,1.609823385706477e-15,-0.012499999999999989
27.208333333333332,1.609823385706477e-15,-0.012499999999999989
27.25,1.609823385706477e-15,-0.012499999999999989
27.291666666666668,1.609823385706477e-15,-0.012499999999999989
27.333333333333336,1.609823385706477e-15,-0.012499999999999989
27.375,1.609823385706477e-15,-0.012499999999999989
27.416666666666668,1.609823385706477e-15,-0.012499999999999989
27.458333333333336,1.609823385706477e-15,-0.012499999999999989
27.5,1.609823385706477e-15,-0.012499999999999989
27.541666666666668,1.609823385706477e-15,-0.012499999999999989
27.583333333333336,1.609823385706477e-15,-0.012499999999999989
27.625,1.609823385706477e-15,-0.012499999999999989
27.666666666666668,1.609823385706477e-15,-0.012499999999999989
27.708333333333332,1.609823385706477e-15,-0.012499999999999989
27.75,1.609823385706477e-15,-0.012499999999999989
27.791666666666668,1.609823385706477e-15,-0.012499999999999989
27.833333333333332,1.609823385706477e-15,-0.012499999999999989
27.875,1.609823385706477e-15,-0.012499999999999989
27.916666666666668,1.609823385706477e-15,-0.012499999999999989
27.958333333333332,1.609823385706477e-15,-0.012499999999999989
28.0,1.609823385706477e-15,-0.012499999999999989
28.041666666666668,1.609823385706477e-15,-0.012499999999999989
28.083333333333332,1.609823385706477e-15,-0.012499999999999989
28.125,1.609823385706477e-15,-0.012499999999999989
28.166666666666664,1.609823385706477e-15,-0.012499999999999989
28.208333333333332,1.609823385706477e-15,-0.012499999999999989
28.25,1.609823385706477e-15,-0.012499999999999989
28.291666666666664,1.609823385706477e-15,-0.012499999999999989
28.333333333333332,1.609823385706477e-15,-0.012499999999999989
28.375,1.609823385706477e-15,-0.012499999999999989
28.416666666666664,1.609823385706477e-15,-0.012499999999999989
28.458333333333336,1.609823385706477e-15,-0.012499999999999989
28.5,1.609823385706477e-15,-0.012499999999999989
28.541666666666668,1.609823385706477e-15,-0.012499999999999989
28.583333333333336,1.609823385706477e-15,-0.012499999999999989
28.625,1.609823385706477e-15,-0.012499999999999989
28.666666666666668,1.609823385706477e-15,-0.012499999999999989
28.708333333333336,1.609823385706477e-15,-0.012499999999999989
28.75,1.609823385706477e-15,-0.012499999999999989
28.791666666666668,1.609823385706477e-15,-0.012499999999999989
28.833333333333336,1.609823385706477e-15,-0.012499999999999989
28.875,1.609823385706477e-15,-0.012499999999999989
28.916666666666668,1.609823385706477e-15,-0.012499999999999989
28.958333333333332,1.609823385706477e-15,-0.012499999999999989
29.0,1.609823385706477e-15,-0.012499999999999989
29.041666666666668,1.609823385706477e-15,-0.012499999999999989
29.083333333333332,1.609823385706477e-15,-0.012499999999999989
29.125,1.609823385706477e-15,-0.012499999999999989
29.166666666666668,1.609823385706477e-15,-0.012499999999999989
29.208333333333332,1.609823385706477e-15,-0.012499999999999989
29.25,1.609823385706477e-15,-0.012499999999999989
29.291666666666664,1.609823385706477e-15,-0.012499999999999989
29.333333333333332,1.609823385706477e-15,-0.012499999999999989
29.375,1.609823385706477e-15,-0.012499999999999989
29.416666666666664,1.609823385706477e-15,-0.012499999999999989
29.458333333333332,1.609823385706477e-15,-0.012499999999999989
29.5,1.609823385706477e-15,-0.012499999999999989
29.541666666666664,1.609823385706477e-15,-0.012499999999999989
29.583333333333332,1.609823385706477e-15,-0.012499999999999989
29.625,1.609823385706477e-15,-0.012499999999999989
29.666666666666668,1.609823385706477e-15,-0.012499999999999989
29.708333333333336,1.609823385706477e-15,-0.012499999999999989
29.75,1.609823385706477e-15,-0.012499999999999989
29.791666666666668,1.609823385706477e-15,-0.012499999999999989
29.833333333333336,1.609823385706477e-15,-0.012499999999999989
29.875,1.609823385706477e-15,-0.012499999999999989
29.916666666666668,1.609823385706477e-15,-0.012499999999999989
29.958333333333336,1.609823385706477e-15,-0.012499999999999989
30.0,1.609823385706477e-15,-0.012499999999999989
30.041666666666668,1.609823385706477e-15,-0.012499999999999989
30.083333333333332,1.609823385706477e-15,-0.012499999999999989
30.125,1.609823385706477e-15,-0.012499999999999989
30.166666666666668,1.609823385706477e-15,-0.012499999999999989
30.208333333333332,1.609823385706477e-15,-0.012499999999999989
30.25,1.609823385706477e-15,-0.012499999999999989
30.291666666666668,1.609823385706477e-15,-0.012499999999999989
30.333333333333332,1.609823385706477e-15,-0.012499999999999989
30.375,1.609823385706477e-15,-0.012499999999999989
30.416666666666668,1.609823385706477e-15,-0.012499999999999989
30.458333333333332,1.609823385706477e-15,-0.012499999999999989
30.5,1.609823385706477e-15,-0.012499999999999989
30.541666666666664,1.609823385706477e-15,-0.012499999999999989
30.583333333333336,1.609823385706477e-15,-0.012499999999999989
30.625,1.609823385706477e-15,-0.012499999999999989
30.666666666666668,1.609823385706477e-15,-0.012499999999999989
30.708333333333332,1.609823385706477e-15,-0.012499999999999989
30.750000000000004,1.609823385706477e-15,-0.012499999999999989
30.791666666666664,1.609823385706477e-15,-0.012499999999999989
30.833333333333336,1.609823385706477e-15,-0.012499999999999989
30.875,1.609823385706477e-15,-0.012499999999999989
30.916666666666668,1.609823385706477e-15,-0.012499999999999989
30.958333333333332,1.609823385706477e-15,-0.012499999999999989
31.0,1.609823385706477e-15,-0.012499999999999989
31.041666666666664,1.609823385706477e-15,-0.012499999999999989
31.083333333333336,1.609823385706477e-15,-0.012499999999999989
31.124999999999996,1.609823385706477e-15,-0.012499999999999989
31.166666666666668,1.609823385706477e-15,-0.012499999999999989
31.208333333333332,1.609823385706477e-15,-0.012499999999999989
31.25,1.609823385706477e-15,-0.012499999999999989
31.291666666666664,1.609823385706477e-15,-0.012499999999999989
31.333333333333332,1.609823385706477e-15,-0.012499999999999989
31.374999999999996,1.609823385706477e-15,-0.012499999999999989
31.416666666666668,1.609823385706477e-15,-0.012499999999999989
31.45833333333333,1.609823385706477e-15,-0.012499999999999989
31.5,1.609823385706477e-15,-0.012499999999999989
31.54166666666667,1.609823385706477e-15,-0.012499999999999989
31.583333333333332,1.609823385706477e-15,-0.012499999999999989
31.625000000000004,1.609823385706477e-15,-0.012499999999999989
31.666666666666668,1.609823385706477e-15,-0.012499999999999989
31.708333333333336,1.609823385706477e-15,-0.012499999999999989
31.75,1.609823385706477e-15,-0.012499999999999989
31.791666666666668,1.609823385706477e-15,-0.012499999999999989
31.833333333333332,1.609823385706477e-15,-0.012499999999999989
31.875000000000004,1.609823385706477e-15,-0.012499999999999989
31.916666666666664,1.609823385706477e-15,-0.012499999999999989
31.958333333333336,1.609823385706477e-15,-0.012499999999999989
32.0,1.609823385706477e-15,-0.012499999999999989
32.04166666666667,1.609823385706477e-15,-0.012499999999999989
32.08333333333333,1.609823385706477e-15,-0.012499999999999989
32.125,1.609823385706477e-15,-0.012499999999999989
32.166666666666664,1.609823385706477e-15,-0.012499999999999989
32.208333333333336,1.609823385706477e-15,-0.012499999999999989
32.25,1.609823385706477e-15,-0.012499999999999989
32.291666666666664,1.609823385706477e-15,-0.012499999999999989
32.33333333333333,1.609823385706477e-15,-0.012499999999999989
32.375,1.609823385706477e-15,-0.012499999999999989
32.416666666666664,1.609823385706477e-15,-0.012499999999999989
32.458333333333336,1.609823385706477e-15,-0.012499999999999989
32.5,1.609823385706477e-15,-0.012499999999999989
32.541666666666664,1.609823385706477e-15,-0.012499999999999989
32.58333333333333,1.609823385706477e-15,-0.012499999999999989
32.625,1.609823385706477e-15,-0.012499999999999989
32.666666666666664,1.609823385706477e-15,-0.012499999999999989
32.708333333333336,1.609823385706477e-15,-0.012499999999999989
32.75,1.609823385706477e-15,-0.012499999999999989
32.791666666666664,1.609823385706477e-15,-0.012499999999999989
32.833333333333336,1.609823385706477e-15,-0.012499999999999989
32.875,1.609823385706477e-15,-0.012499999999999989
32.91666666666667,1.609823385706477e-15,-0.012499999999999989
32.958333333333336,1.609823385706477e-15,-0.012499999999999989
33.0,1.609823385706477e-15,-0.012499999999999989
33.041666666666664,1.609823385706477e-15,-0.012499999999999989
33.083333333333336,1.609823385706477e-15,-0.012499999999999989
33.125,1.609823385706477e-15,-0.012499999999999989
33.16666666666667,1.609823385706477e-15,-0.012499999999999989
33.20833333333333,1.609823385706477e-15,-0.012499999999999989
33.25,1.609823385706477e-15,-0.012499999999999989
33.291666666666664,1.609823385706477e-15,-0.012499999999999989
33.333333333333336,1.609823385706477e-15,-0.012499999999999989
33.375,1.609823385706477e-15,-0.012499999999999989
33.41666666666667,1.609823385706477e-15,-0.012499999999999989
33.45833333333333,1.609823385706477e-15,-0.012499999999999989
33.5,1.609823385706477e-15,-0.012499999999999989
33.541666666666664,1.609823385706477e-15,-0.012499999999999989
33.583333333333336,1.609823385706477e-15,-0.012499999999999989
33.625,1.609823385706477e-15,-0.012499999999999989
33.666666666666664,1.609823385706477e-15,-0.012499999999999989
33.70833333333333,1.609823385706477e-15,-0.012499999999999989
33.75,1.609823385706477e-15,-0.012499999999999989
33.791666666666664,1.609823385706477e-15,-0.012499999999999989
33.833333333333336,1.609823385706477e-15,-0.012499999999999989
33.875,1.609823385706477e-15,-0.012499999999999989
33.916666666666664,1.609823385706477e-15,-0.012499999999999989
33.958333333333336,1.609823385706477e-15,-0.012499999999999989
34.0,1.609823385706477e-15,-0.012499999999999989
34.04166666666667,1.609823385706477e-15,-0.012499999999999989
34.083333333333336,1.609823385706477e-15,-0.012499999999999989
34.125,1.609823385706477e-15,-0.012499999999999989
34.166666666666664,1.609823385706477e-15,-0.012499999999999989
34.208333333333336,1.609823385706477e-15,-0.012499999999999989
34.25,1.609823385706477e-15,-0.012499999999999989
34.29166666666667,1.609823385706477e-15,-0.012499999999999989
34.33333333333333,1.609823385706477e-15,-0.012499999999999989
34.375,1.609823385706477e-15,-0.012499999999999989
34.416666666666664,1.609823385706477e-15,-0.012499999999999989
34.458333333333336,1.609823385706477e-15,-0.012499999999999989
34.5,1.609823385706477e-15,-0.012499999999999989
34.54166666666667,1.609823385706477e-15,-0.012499999999999989
34.58333333333333,1.609823385706477e-15,-0.012499999999999989
34.625,1.609823385706477e-15,-0.012499999999999989
34.666666666666664,1.609823385706477e-15,-0.012499999999999989
34.708333333333336,1.609823385706477e-15,-0.012499999999999989
34.75,1.609823385706477e-15,-0.012499999999999989
34.791666666666664,1.609823385706477e-15,-0.012499999999999989
34.83333333333333,1.609823385706477e-15,-0.012499999999999989
34.875,1.609823385706477e-15,-0.012499999999999989
34.916666666666664,1.609823385706477e-15,-0.012499999999999989
34.958333333333336,1.609823385706477e-15,-0.012499999999999989
35.0,1.609823385706477e-15,-0.012499999999999989
35.041666666666664,1.609823385706477e-15,-0.012499999999999989
35.08333333333333,1.609823385706477e-15,-0.012499999999999989
35.125,1.609823385706477e-15,-0.012499999999999989
35.16666666666667,1.609823385706477e-15,-0.012499999999999989
35.208333333333336,1.609823385706477e-15,-0.012499999999999989
35.25,1.609823385706477e-15,-0.012499999999999989
35.291666666666664,1.609823385706477e-15,-0.012499999999999989
35.333333333333336,1.609823385706477e-15,-0.012499999999999989
35.375,1.609823385706477e-15,-0.012499999999999989
35.41666666666667,1.609823385706477e-15,-0.012499999999999989
35.458333333333336,1.609823385706477e-15,-0.012499999999999989
35.5,1.609823385706477e-15,-0.012499999999999989
35.541666666666664,1.609823385706477e-15,-0.012499999999999989
35.583333333333336,1.609823385706477e-15,-0.012499999999999989
35.625,1.609823385706477e-15,-0.012499999999999989
35.66666666666667,1.609823385706477e-15,-0.012499999999999989
35.70833333333333,1.609823385706477e-15,-0.012499999999999989
35.75,1.609823385706477e-15,-0.012499999999999989
35.791666666666664,1.609823385706477e-15,-0.012499999999999989
35.833333333333336,1.609823385706477e-15,-0.012499999999999989
35.875,1.609823385706477e-15,-0.012499999999999989
35.916666666666664,1.609823385706477e-15,-0.012499999999999989
35.95833333333333,1.609823385706477e-15,-0.012499999999999989
36.0,1.609823385706477e-15,-0.012499999999999989
36.041666666666664,1.609823385706477e-15,-0.012499999999999989
36.083333333333336,1.609823385706477e-15,-0.012499999999999989
36.125,1.609823385706477e-15,-0.012499999999999989
36.166666666666664,1.609823385706477e-15,-0.012499999999999989
36.20833333333333,1.609823385706477e-15,-0.012499999999999989
36.25,1.609823385706477e-15,-0.012499999999999989
36.291666666666664,1.609823385706477e-15,-0.012499999999999989
36.333333333333336,1.609823385706477e-15,-0.012499999999999989
36.375,1.609823385706477e-15,-0.012499999999999989
36.416666666666664,1.609823385706477e-15,-0.012499999999999989
36.458333333333336,1.609823385706477e-15,-0.012499999999999989
36.5,1.609823385706477e-15,-0.012499999999999989
36.54166666666667,1.609823385706477e-15,-0.012499999999999989
36.583333333333336,1.609823385706477e-15,-0.012499999999999989
36.625,1.609823385706477e-15,-0.012499999999999989
36.666666666666664,1.609823385706477e-15,-0.012499999999999989
36.708333333333336,1.609823385706477e-15,-0.012499999999999989
36.75,1.609823385706477e-15,-0.012499999999999989
36.79166666666667,1.609823385706477e-15,-0.012499999999999989
36.83333333333333,1.609823385706477e-15,-0.012499999999999989
36.875,1.609823385706477e-15,-0.012499999999999989
36.916666666666664,1.609823385706477e-15,-0.012499999999999989
36.958333333333336,1.609823385706477e-15,-0.012499999999999989
37.0,1.609823385706477e-15,-0.012499999999999989
37.04166666666667,1.609823385706477e-15,-0.012499999999999989
37.08333333333333,1.609823385706477e-15,-0.012499999999999989
37.125,1.609823385706477e-15,-0.012499999999999989
37.166666666666664,1.609823385706477e-15,-0.012499999999999989
37.208333333333336,1.609823385706477e-15,-0.012499999999999989
37.25,1.609823385706477e-15,-0.012499999999999989
37.291666666666664,1.609823385706477e-15,-0.012499999999999989
37.33333333333333,1.609823385706477e-15,-0.012499999999999989
37.375,1.609823385706477e-15,-0.012499999999999989
37.416666666666664,1.609823385706477e-15,-0.012499999999999989
37.458333333333336,1.609823385706477e-15,-0.012499999999999989
37.5,1.609823385706477e-15,-0.012499999999999989
37.541666666666664,1.609823385706477e-15,-0.012499999999999989
37.583333333333336,1.609823385706477e-15,-0.012499999999999989
37.625,1.609823385706477e-15,-0.012499999999999989
37.66666666666667,1.609823385706477e-15,-0.012499999999999989
37.708333333333336,1.609823385706477e-15,-0.012499999999999989
37.75,1.609823385706477e-15,-0.012499999999999989
37.791666666666664,1.609823385706477e-15,-0.012499999999999989
37.833333333333336,1.609823385706477e-15,-0.012499999999999989
37.875,1.609823385706477e-15,-0.012499999999999989
37.91666666666667,1.609823385706477e-15,-0.012499999999999989
37.958333333333336,1.609823385706477e-15,-0.012499999999999989
38.0,1.609823385706477e-15,-0.012499999999999989
38.041666666666664,1.609823385706477e-15,-0.012499999999999989
38.083333333333336,1.609823385706477e-15,-0.012499999999999989
38.125,1.609823385706477e-15,-0.012499999999999989
38.16666666666667,1.609823385706477e-15,-0.012499999999999989
38.20833333333333,1.609823385706477e-15,-0.012499999999999989
38.25,1.609823385706477e-15,-0.012499999999999989
38.291666666666664,1.609823385706477e-15,-0.012499999999999989
38.333333333333336,1.609823385706477e-15,-0.012499999999999989
38.375,1.609823385706477e-15,-0.012499999999999989
38.416666666666664,1.609823385706477e-15,-0.012499999999999989
38.45833333333333,1.609823385706477e-15,-0.012499999999999989
38.5,1.609823385706477e-15,-0.012499999999999989
38.541666666666664,1.609823385706477e-15,-0.012499999999999989
38.583333333333336,1.609823385706477e-15,-0.012499999999999989
38.625,1.609823385706477e-15,-0.012499999999999989
38.666666666666664,1.609823385706477e-15,-0.012499999999999989
38.70833333333333,1.609823385706477e-15,-0.012499999999999989
38.75,1.609823385706477e-15,-0.012499999999999989
38.79166666666667,1.609823385706477e-15,-0.012499999999999989
38.833333333333336,1.609823385706477e-15,-0.012499999999999989
38.875,1.609823385706477e-15,-0.012499999999999989
38.916666666666664,1.609823385706477e-15,-0.012499999999999989
38.958333333333336,1.609823385706477e-15,-0.012499999999999989
39.0,1.609823385706477e-15,-0.012499999999999989
39.04166666666667,1.609823385706477e-15,-0.012499999999999989
39.083333333333336,1.609823385706477e-15,-0.012499999999999989
39.125,1.609823385706477e-15,-0.012499999999999989
39.166666666666664,1.609823385706477e-15,-0.012499999999999989
39.208333333333336,1.609823385706477e-15,-0.012499999999999989
39.25,1.609823385706477e-15,-0.012499999999999989
39.29166666666667,1.609823385706477e-15,-0.012499999999999989
39.33333333333333,1.609823385706477e-15,-0.012499999999999989
39.375,1.609823385706477e-15,-0.012499999999999989
39.416666666666664,1.609823385706477e-15,-0.012499999999999989
39.458333333333336,1.609823385706477e-15,-0.012499999999999989
39.5,1.609823385706477e-15,-0.012499999999999989
39.541666666666664,1.609823385706477e-15,-0.012499999999999989
39.58333333333333,1.609823385706477e-15,-0.012499999999999989
39.625,1.609823385706477e-15,-0.012499999999999989
39.666666666666664,1.609823385706477e-15,-0.012499999999999989
39.708333333333336,1.609823385706477e-15,-0.012499999999999989
39.75,1.609823385706477e-15,-0.012499999999999989
39.791666666666664,1.609823385706477e-15,-0.012499999999999989
39.83333333333333,1.609823385706477e-15,-0.012499999999999989
39.875,1.609823385706477e-15,-0.012499999999999989
39.916666666666664,1.609823385706477e-15,-0.012499999999999989
39.958333333333336,1.609823385706477e-15,-0.012499999999999989
40.0,1.609823385706477e-15,-0.012499999999999989
40.041666666666664,1.609823385706477e-15,-0.012499999999999989
40.083333333333336,1.609823385706477e-15,-0.012499999999999989
40.125,1.609823385706477e-15,-0.012499999999999989
40.16666666666667,1.609823385706477e-15,-0.012499999999999989
40.208333333333336,1.609823385706477e-15,-0.012499999999999989
40.25,1.609823385706477e-15,-0.012499999999999989
40.291666666666664,1.609823385706477e-15,-0.012499999999999989
40.333333333333336,1.609823385706477e-15,-0.012499999999999989
40.375,1.609823385706477e-15,-0.012499999999999989
40.41666666666667,1.609823385706477e-15,-0.012499999999999989
40.45833333333333,1.609823385706477e-15,-0.012499999999999989
40.5,1.609823385706477e-15,-0.012499999999999989
40.541666666666664,1.609823385706477e-15,-0.012499999999999989
40.583333333333336,1.609823385706477e-15,-0.012499999999999989
40.625,1.609823385706477e-15,-0.012499999999999989
40.66666666666667,1.609823385706477e-15,-0.012499999999999989
40.70833333333333,1.609823385706477e-15,-0.012499999999999989
40.75,1.609823385706477e-15,-0.012499999999999989
40.791666666666664,1.609823385706477e-15,-0.012499999999999989
40.833333333333336,1.609823385706477e-15,-0.012499999999999989
40.875,1.609823385706477e-15,-0.012499999999999989
40.916666666666664,1.609823385706477e-15,-0.012499999999999989
40.95833333333333,1.609823385706477e-15,-0.012499999999999989
41.0,1.609823385706477e-15,-0.012499999999999989
41.041666666666664,1.609823385706477e-15,-0.012499999999999989
41.083333333333336,1.609823385706477e-15,-0.012499999999999989
41.125,1.609823385706477e-15,-0.012499999999999989
41.166666666666664,1.609823385706477e-15,-0.012499999999999989
41.208333333333336,1.609823385706477e-15,-0.012499999999999989
41.25,1.609823385706477e-15,-0.012499999999999989
41.29166666666667,1.609823385706477e-15,-0.012499999999999989
41.333333333333336,1.609823385706477e-15,-0.012499999999999989
41.375,1.609823385706477e-15,-0.012499999999999989
41.416666666666664,1.609823385706477e-15,-0.012499999999999989
41.458333333333336,1.609823385706477e-15,-0.012499999999999989
41.5,1.609823385706477e-15,-0.012499999999999989
41.54166666666667,1.609823385706477e-15,-0.012499999999999989
41.583333333333336,1.609823385706477e-15,-0.012499999999999989
41.625,1.609823385706477e-15,-0.012499999999999989
41.666666666666664,1.609823385706477e-15,-0.012499999999999989
41.708333333333336,1.609823385706477e-15,-0.012499999999999989
41.75,1.609823385706477e-15,-0.012499999999999989
41.79166666666667,1.609823385706477e-15,-0.012499999999999989
41.83333333333333,1.609823385706477e-15,-0.012499999999999989
41.875,1.609823385706477e-15,-0.012499999999999989
41.916666666666664,1.609823385706477e-15,-0.012499999999999989
41.958333333333336,1.609823385706477e-15,-0.012499999999999989
42.0,1.609823385706477e-15,-0.012499999999999989
42.041666666666664,1.609823385706477e-15,-0.012499999999999989
42.08333333333333,1.609823385706477e-15,-0.012499999999999989
42.125,1.609823385706477e-15,-0.012499999999999989
42.166666666666664,1.609823385706477e-15,-0.012499999999999989
42.208333333333336,1.609823385706477e-15,-0.012499999999999989
42.25,1.609823385706477e-15,-0.012499999999999989
42.291666666666664,1.609823385706477e-15,-0.012499999999999989
42.33333333333333,1.609823385706477e-15,-0.012499999999999989
42.375,1.609823385706477e-15,-0.012499999999999989
42.41666666666667,1.609823385706477e-15,-0.012499999999999989
42.458333333333336,1.609823385706477e-15,-0.012499999999999989
42.5,1.609823385706477e-15,-0.012499999999999989
42.541666666666664,1.609823385706477e-15,-0.012499999999999989
42.583333333333336,1.609823385706477e-15,-0.012499999999999989
42.625,1.609823385706477e-15,-0.012499999999999989
42.66666666666667,1.609823385706477e-15,-0.012499999999999989
42.708333333333336,1.609823385706477e-15,-0.012499999999999989
42.75,1.609823385706477e-15,-0.012499999999999989
42.791666666666664,1.609823385706477e-15,-0.012499999999999989
42.833333333333336,1.609823385706477e-15,-0.012499999999999989
42.875,1.609823385706477e-15,-0.012499999999999989
42.91666666666667,1.609823385706477e-15,-0.012499999999999989
42.95833333333333,1.609823385706477e-15,-0.012499999999999989
43.0,1.609823385706477e-15,-0.012499999999999989
43.041666666666664,1.609823385706477e-15,-0.012499999999999989
43.083333333333336,1.609823385706477e-15,-0.012499999999999989
43.125,1.609823385706477e-15,-0.012499999999999989
43.16666666666667,1.609823385706477e-15,-0.012499999999999989
43.20833333333333,1.609823385706477e-15,-0.012499999999999989
43.25,1.609823385706477e-15,-0.012499999999999989
43.291666666666664,1.609823385706477e-15,-0.012499999999999989
43.333333333333336,1.609823385706477e-15,-0.012499999999999989
43.375,1.609823385706477e-15,-0.012499999999999989
43.416666666666664,1.609823385706477e-15,-0.012499999999999989
43.45833333333333,1.609823385706477e-15,-0.012499999999999989
43.5,1.609823385706477e-15,-0.012499999999999989
43.541666666666664,1.609823385706477e-15,-0.012499999999999989
43.583333333333336,1.609823385706477e-15,-0.012499999999999989
43.625,1.609823385706477e-15,-0.012499999999999989
43.666666666666664,1.609823385706477e-15,-0.012499999999999989
43.708333333333336,1.609823385706477e-15,-0.012499999999999989
43.75,1.609823385706477e-15,-0.012499999999999989
43.79166666666667,1.609823385706477e-15,-0.012499999999999989
43.833333333333336,1.609823385706477e-15,-0.012499999999999989
43.875,1.609823385706477e-15,-0.012499999999999989
43.916666666666664,1.609823385706477e-15,-0.012499999999999989
43.958333333333336,1.609823385706477e-15,-0.012499999999999989
44.0,1.609823385706477e-15,-0.012499999999999989
44.04166666666667,1.609823385706477e-15,-0.012499999999999989
44.08333333333333,1.609823385706477e-15,-0.012499999999999989
44.125,1.609823385706477e-15,-0.012499999999999989
44.166666666666664,1.609823385706477e-15,-0.012499999999999989
44.208333333333336,1.609823385706477e-15,-0.012499999999999989
44.25,1.609823385706477e-15,-0.012499999999999989
44.29166666666667,1.609823385706477e-15,-0.012499999999999989
44.33333333333333,1.609823385706477e-15,-0.012499999999999989
44.375,1.609823385706477e-15,-0.012499999999999989
44.416666666666664,1.609823385706477e-15,-0.012499999999999989
44.458333333333336,1.609823385706477e-15,-0.012499999999999989
44.5,1.609823385706477e-15,-0.012499999999999989
44.541666666666664,1.609823385706477e-15,-0.012499999999999989
44.58333333333333,1.609823385706477e-15,-0.012499999999999989
44.625,1.609823385706477e-15,-0.012499999999999989
44.666666666666664,1.609823385706477e-15,-0.012499999999999989
44.708333333333336,1.609823385706477e-15,-0.012499999999999989
44.75,1.609823385706477e-15,-0.012499999999999989
44.791666666666664,1.609823385706477e-15,-0.012499999999999989
44.833333333333336,1.609823385706477e-15,-0.012499999999999989
44.875,1.609823385706477e-15,-0.012499999999999989
44.91666666666667,1.609823385706477e-15,-0.012499999999999989
44.958333333333336,1.609823385706477e-15,-0.012499999999999989
45.0,1.609823385706477e-15,-0.012499999999999989
45.041666666666664,1.609823385706477e-15,-0.012499999999999989
45.083333333333336,1.609823385706477e-15,-0.012499999999999989
45.125,1.609823385706477e-15,-0.012499999999999989
45.16666666666667,1.609823385706477e-15,-0.012499999999999989
45.208333333333336,1.609823385706477e-15,-0.012499999999999989
45.25,1.609823385706477e-15,-0.012499999999999989
45.291666666666664,1.609823385706477e-15,-0.012499999999999989
45.333333333333336,1.609823385706477e-15,-0.012499999999999989
45.375,1.609823385706477e-15,-0.012499999999999989
45.41666666666667,1.609823385706477e-15,-0.012499999999999989
45.45833333333333,1.609823385706477e-15,-0.012499999999999989
45.5,1.609823385706477e-15,-0.012499999999999989
45.541666666666664,1.609823385706477e-15,-0.012499999999999989
45.583333333333336,1.609823385706477e-15,-0.012499999999999989
45.625,1.609823385706477e-15,-0.012499999999999989
45.666666666666664,1.609823385706477e-15,-0.012499999999999989
45.70833333333333,1.609823385706477e-15,-0.012499999999999989
45.75,1.609823385706477e-15,-0.012499999999999989
45.791666666666664,1.609823385706477e-15,-0.012499999999999989
45.833333333333336,1.609823385706477e-15,-0.012499999999999989
45.875,1.609823385706477e-15,-0.012499999999999989
45.916666666666664,1.609823385706477e-15,-0.012499999999999989
45.95833333333333,1.609823385706477e-15,-0.012499999999999989
46.0,1.609823385706477e-15,-0.012499999999999989
46.04166666666667,1.609823385706477e-15,-0.012499999999999989
46.083333333333336,1.609823385706477e-15,-0.012499999999999989
46.125,1.609823385706477e-15,-0.012499999999999989
46.166666666666664,1.609823385706477e-15,-0.012499999999999989
46.208333333333336,1.609823385706477e-15,-0.012499999999999989
46.25,1.609823385706477e-15,-0.012499999999999989
46.29166666666667,1.609823385706477e-15,-0.012499999999999989
46.333333333333336,1.609823385706477e-15,-0.012499999999999989
46.375,1.609823385706477e-15,-0.012499999999999989
46.416666666666664,1.609823385706477e-15,-0.012499999999999989
46.458333333333336,1.609823385706477e-15,-0.012499999999999989
46.5,1.609823385706477e-15,-0.012499999999999989
46.54166666666667,1.609823385706477e-15,-0.012499999999999989
46.58333333333333,1.609823385706477e-15,-0.012499999999999989
46.625,1.609823385706477e-15,-0.012499999999999989
46.666666666666664,1.609823385706477e-15,-0.012499999999999989
46.708333333333336,1.609823385706477e-15,-0.012499999999999989
46.75,1.609823385706477e-15,-0.012499999999999989
46.79166666666667,1.609823385706477e-15,-0.012499999999999989
46.83333333333333,1.609823385706477e-15,-0.012499999999999989
46.875,1.609823385706477e-15,-0.012499999999999989
46.916666666666664,1.609823385706477e-15,-0.012499999999999989
46.958333333333336,1.609823385706477e-15,-0.012499999999999989
47.0,1.609823385706477e-15,-0.012499999999999989
47.041666666666664,1.609823385706477e-15,-0.012499999999999989
47.08333333333333,1.609823385706477e-15,-0.012499999999999989
47.125,1.609823385706477e-15,-0.012499999999999989
47.166666666666664,1.609823385706477e-15,-0.012499999999999989
47.208333333333336,1.609823385706477e-15,-0.012499999999999989
47.25,1.609823385706477e-15,-0.012499999999999989
47.291666666666664,1.609823385706477e-15,-0.012499999999999989
47.333333333333336,1.609823385706477e-15,-0.012499999999999989
47.375,1.609823385706477e-15,-0.012499999999999989
47.41666666666667,1.609823385706477e-15,-0.012499999999999989
47.458333333333336,1.609823385706477e-15,-0.012499999999999989
47.5,1.609823385706477e-15,-0.012499999999999989
47.541666666666664,1.609823385706477e-15,-0.012499999999999989
47.583333333333336,1.609823385706477e-15,-0.012499999999999989
47.625,1.609823385706477e-15,-0.012499999999999989
47.66666666666667,1.609823385706477e-15,-0.012499999999999989
47.70833333333333,1.609823385706477e-15,-0.012499999999999989
47.75,1.609823385706477e-15,-0.012499999999999989
47.791666666666664,1.609823385706477e-15,-0.012499999999999989
47.833333333333336,1.609823385706477e-15,-0.012499999999999989
47.875,1.609823385706477e-15,-0.012499999999999989
47.91666666666667,1.609823385706477e-15,-0.012499999999999989
47.95833333333333,1.609823385706477e-15,-0.012499999999999989
48.0,1.609823385706477e-15,-0.012499999999999989
48.041666666666664,1.609823385706477e-15,-0.012499999999999989
48.083333333333336,1.609823385706477e-15,-0.012499999999999989
48.125,1.609823385706477e-15,-0.012499999999999989
48.166666666666664,1.609823385706477e-15,-0.012499999999999989
48.20833333333333,1.609823385706477e-15,-0.012499999999999989
48.25,1.609823385706477e-15,-0.012499999999999989
48.291666666666664,1.609823385706477e-15,-0.012499999999999989
48.333333333333336,1.609823385706477e-15,-0.012499999999999989
48.375,1.609823385706477e-15,-0.012499999999999989
48.416666666666664,1.609823385706477e-15,-0.012499999999999989
48.458333333333336,1.609823385706477e-15,-0.012499999999999989
48.5,1.609823385706477e-15,-0.012499999999999989
48.54166666666667,1.609823385706477e-15,-0.012499999999999989
48.583333333333336,1.609823385706477e-15,-0.012499999999999989
48.625,1.609823385706477e-15,-0.012499999999999989
48.666666666666664,1.609823385706477e-15,-0.012499999999999989
48.708333333333336,1.609823385706477e-15,-0.012499999999999989
48.75,1.609823385706477e-15,-0.012499999999999989
48.79166666666667,1.609823385706477e-15,-0.012499999999999989
48.833333333333336,1.609823385706477e-15,-0.012499999999999989
48.875,1.609823385706477e-15,-0.012499999999999989
48.916666666666664,1.609823385706477e-15,-0.012499999999999989
48.958333333333336,1.609823385706477e-15,-0.012499999999999989
49.0,1.609823385706477e-15,-0.012499999999999989
49.04166666666667,1.609823385706477e-15,-0.012499999999999989
49.08333333333333,1.609823385706477e-15,-0.012499999999999989
49.125,1.609823385706477e-15,-0.012499999999999989
49.166666666666664,1.609823385706477e-15,-0.012499999999999989
49.208333333333336,1.609823385706477e-15,-0.012499999999999989
49.25,1.609823385706477e-15,-0.012499999999999989
49.291666666666664,1.609823385706477e-15,-0.012499999999999989
49.33333333333333,1.609823385706477e-15,-0.012499999999999989
49.375,1.609823385706477e-15,-0.012499999999999989
49.416666666666664,1.609823385706477e-15,-0.012499999999999989
49.458333333333336,1.609823385706477e-15,-0.012499999999999989
49.5,1.609823385706477e-15,-0.012499999999999989
49.541666666666664,1.609823385706477e-15,-0.012499999999999989
49.58333333333333,1.609823385706477e-15,-0.012499999999999989
49.625,1.609823385706477e-15,-0.012499999999999989
49.66666666666667,1.609823385706477e-15,-0.012499999999999989
49.708333333333336,1.609823385706477e-15,-0.012499999999999989
49.75,1.609823385706477e-15,-0.012499999999999989
49.791666666666664,1.609823385706477e-15,-0.012499999999999989
49.833333333333336,1.609823385706477e-15,-0.012499999999999989
49.875,1.609823385706477e-15,-0.012499999999999989
49.91666666666667,1.609823385706477e-15,-0.012499999999999989
49.958333333333336,1.609823385706477e-15,-0.012499999999999989
50.0,1.609823385706477e-15,-0.012499999999999989
50.041666666666664,1.609823385706477e-15,-0.012499999999999989
50.083333333333336,1.609823385706477e-15,-0.012499999999999989
50.125,1.609823385706477e-15,-0.012499999999999989
50.16666666666667,1.609823385706477e-15,-0.012499999999999989
50.20833333333333,1.609823385706477e-15,-0.012499999999999989
50.25,1.609823385706477e-15,-0.012499999999999989
50.291666666666664,1.609823385706477e-15,-0.012499999999999989
50.333333333333336,1.609823385706477e-15,-0.012499999999999989
50.375,1.609823385706477e-15,-0.012499999999999989
50.41666666666667,1.609823385706477e-15,-0.012499999999999989
50.45833333333333,1.609823385706477e-15,-0.012499999999999989
50.5,1.609823385706477e-15,-0.012499999999999989
50.541666666666664,1.609823385706477e-15,-0.012499999999999989
50.583333333333336,1.609823385706477e-15,-0.012499999999999989
50.625,1.609823385706477e-15,-0.012499999999999989
50.666666666666664,1.609823385706477e-15,-0.012499999999999989
50.70833333333333,1.609823385706477e-15,-0.012499999999999989
50.75,1.609823385706477e-15,-0.012499999999999989
50.791666666666664,1.609823385706477e-15,-0.012499999999999989
50.833333333333336,1.609823385706477e-15,-0.012499999999999989
50.875,1.609823385706477e-15,-0.012499999999999989
50.916666666666664,1.609823385706477e-15,-0.012499999999999989
50.958333333333336,1.609823385706477e-15,-0.012499999999999989
51.0,1.609823385706477e-15,-0.012499999999999989
51.04166666666667,1.609823385706477e-15,-0.012499999999999989
51.083333333333336,1.609823385706477e-15,-0.012499999999999989
51.125,1.609823385706477e-15,-0.012499999999999989
51.166666666666664,1.609823385706477e-15,-0.012499999999999989
51.208333333333336,1.609823385706477e-15,-0.012499999999999989
51.25,1.609823385706477e-15,-0.012499999999999989
51.29166666666667,1.609823385706477e-15,-0.012499999999999989
51.33333333333333,1.609823385706477e-15,-0.012499999999999989
51.375,1.609823385706477e-15,-0.012499999999999989
51.416666666666664,1.609823385706477e-15,-0.012499999999999989
51.458333333333336,1.609823385706477e-15,-0.012499999999999989
51.5,1.609823385706477e-15,-0.012499999999999989
51.54166666666667,1.609823385706477e-15,-0.012499999999999989
51.58333333333333,1.609823385706477e-15,-0.012499999999999989
51.625,1.609823385706477e-15,-0.012499999999999989
51.666666666666664,1.609823385706477e-15,-0.012499999999999989
51.708333333333336,1.609823385706477e-15,-0.012499999999999989
51.75,1.609823385706477e-15,-0.012499999999999989
51.791666666666664,1.609823385706477e-15,-0.012499999999999989
51.83333333333333,1.609823385706477e-15,-0.012499999999999989
51.875,1.609823385706477e-15,-0.012499999999999989
51.916666666666664,1.609823385706477e-15,-0.012499999999999989
51.958333333333336,1.609823385706477e-15,-0.012499999999999989
52.0,1.609823385706477e-15,-0.012499999999999989
52.041666666666664,1.609823385706477e-15,-0.012499999999999989
52.083333333333336,1.609823385706477e-15,-0.012499999999999989
52.125,1.609823385706477e-15,-0.012499999999999989
52.16666666666667,1.609823385706477e-15,-0.012499999999999989
52.208333333333336,1.609823385706477e-15,-0.012499999999999989
52.25,1.609823385706477e-15,-0.012499999999999989
52.291666666666664,1.609823385706477e-15,-0.012499999999999989
52.333333333333336,1.609823385706477e-15,-0.012499999999999989
52.375,1.609823385706477e-15,-0.012499999999999989
52.41666666666667,1.609823385706477e-15,-0.012499999999999989
52.458333333333336,1.609823385706477e-15,-0.012499999999999989
52.5,1.609823385706477e-15,-0.012499999999999989
52.541666666666664,1.609823385706477e-15,-0.012499999999999989
52.583333333333336,1.609823385706477e-15,-0.012499999999999989
52.625,1.609823385706477e-15,-0.012499999999999989
52.66666666666667,1.609823385706477e-15,-0.012499999999999989
52.70833333333333,1.609823385706477e-15,-0.012499999999999989
52.75,1.609823385706477e-15,-0.012499999999999989
52.791666666666664,1.609823385706477e-15,-0.012499999999999989
52.833333333333336,1.609823385706477e-15,-0.012499999999999989
52.875,1.609823385706477e-15,-0.012499999999999989
52.916666666666664,1.609823385706477e-15,-0.012499999999999989
52.95833333333333,1.609823385706477e-15,-0.012499999999999989
53.0,1.609823385706477e-15,-0.012499999999999989
53.041666666666664,1.609823385706477e-15,-0.012499999999999989
53.083333333333336,1.609823385706477e-15,-0.012499999999999989
53.125,1.609823385706477e-15,-0.012499999999999989
53.166666666666664,1.609823385706477e-15,-0.012499999999999989
53.20833333333333,1.609823385706477e-15,-0.012499999999999989
53.25,1.609823385706477e-15,-0.012499999999999989
53.29166666666667,1.609823385706477e-15,-0.012499999999999989
53.333333333333336,1.609823385706477e-15,-0.012499999999999989
53.375,1.609823385706477e-15,-0.012499999999999989
53.416666666666664,1.609823385706477e-15,-0.012499999999999989
53.458333333333336,1.609823385706477e-15,-0.012499999999999989
53.5,1.609823385706477e-15,-0.012499999999999989
53.54166666666667,1.609823385706477e-15,-0.012499999999999989
53.583333333333336,1.609823385706477e-15,-0.012499999999999989
53.625,1.609823385706477e-15,-0.012499999999999989
53.666666666666664,1.609823385706477e-15,-0.012499999999999989
53.708333333333336,1.609823385706477e-15,-0.012499999999999989
53.75,1.609823385706477e-15,-0.012499999999999989
53.79166666666667,1.609823385706477e-15,-0.012499999999999989
53.83333333333333,1.609823385706477e-15,-0.012499999999999989
53.875,1.609823385706477e-15,-0.012499999999999989
53.916666666666664,1.609823385706477e-15,-0.012499999999999989
53.958333333333336,1.609823385706477e-15,-0.012499999999999989
54.0,1.609823385706477e-15,-0.012499999999999989
54.04166666666667,1.609823385706477e-15,-0.012499999999999989
54.08333333333333,1.609823385706477e-15,-0.012499999999999989
54.125,1.609823385706477e-15,-0.012499999999999989
54.166666666666664,1.609823385706477e-15,-0.012499999999999989
54.208333333333336,1.609823385706477e-15,-0.012499999999999989
54.25,1.609823385706477e-15,-0.012499999999999989
54.291666666666664,1.609823385706477e-15,-0.012499999999999989
54.33333333333333,1.609823385706477e-15,-0.012499999999999989
54.375,1.609823385706477e-15,-0.012499999999999989
54.416666666666664,1.609823385706477e-15,-0.012499999999999989
54.458333333333336,1.609823385706477e-15,-0.012499999999999989
54.5,1.609823385706477e-15,-0.012499999999999989
54.541666666666664,1.609823385706477e-15,-0.012499999999999989
54.583333333333336,1.609823385706477e-15,-0.012499999999999989
54.625,1.609823385706477e-15,-0.012499999999999989
54.66666666666667,1.609823385706477e-15,-0.012499999999999989
54.708333333333336,1.609823385706477e-15,-0.012499999999999989
54.75,1.609823385706477e-15,-0.012499999999999989
54.791666666666664,1.609823385706477e-15,-0.012499999999999989
54.833333333333336,1.609823385706477e-15,-0.012499999999999989
54.875,1.609823385706477e-15,-0.012499999999999989
54.91666666666667,1.609823385706477e-15,-0.012499999999999989
54.95833333333333,1.609823385706477e-15,-0.012499999999999989
55.0,1.609823385706477e-15,-0.012499999999999989
55.041666666666664,1.609823385706477e-15,-0.012499999999999989
55.083333333333336,1.609823385706477e-15,-0.012499999999999989
55.125,1.609823385706477e-15,-0.012499999999999989
55.16666666666667,1.609823385706477e-15,-0.012499999999999989
55.20833333333333,1.609823385706477e-15,-0.012499999999999989
55.25,1.609823385706477e-15,-0.012499999999999989
55.291666666666664,1.609823385706477e-15,-0.012499999999999989
55.333333333333336,1.609823385706477e-15,-0.012499999999999989
55.375,1.609823385706477e-15,-0.012499999999999989
55.416666666666664,1.609823385706477e-15,-0.012499999999999989
55.45833333333333,1.609823385706477e-15,-0.012499999999999989
55.5,1.609823385706477e-15,-0.012499999999999989
55.541666666666664,1.609823385706477e-15,-0.012499999999999989
55.583333333333336,1.609823385706477e-15,-0.012499999999999989
55.625,1.609823385706477e-15,-0.012499999999999989
55.666666666666664,1.609823385706477e-15,-0.012499999999999989
55.708333333333336,1.609823385706477e-15,-0.012499999999999989
55.75,1.609823385706477e-15,-0.012499999999999989
55.79166666666667,1.609823385706477e-15,-0.012499999999999989
55.833333333333336,1.609823385706477e-15,-0.012499999999999989
55.875,1.609823385706477e-15,-0.012499999999999989
55.916666666666664,1.609823385706477e-15,-0.012499999999999989
55.958333333333336,1.609823385706477e-15,-0.012499999999999989
56.0,1.609823385706477e-15,-0.012499999999999989
56.04166666666667,1.609823385706477e-15,-0.012499999999999989
56.083333333333336,1.609823385706477e-15,-0.012499999999999989
56.125,1.609823385706477e-15,-0.012499999999999989
56.166666666666664,1.609823385706477e-15,-0.012499999999999989
56.208333333333336,1.609823385706477e-15,-0.012499999999999989
56.25,1.609823385706477e-15,-0.012499999999999989
56.29166666666667,1.609823385706477e-15,-0.012499999999999989
56.33333333333333,1.609823385706477e-15,-0.012499999999999989
56.375,1.609823385706477e-15,-0.012499999999999989
56.416666666666664,1.609823385706477e-15,-0.012499999999999989
56.458333333333336,1.609823385706477e-15,-0.012499999999999989
56.5,1.609823385706477e-15,-0.012499999999999989
56.541666666666664,1.609823385706477e-15,-0.012499999999999989
56.58333333333333,1.609823385706477e-15,-0.012499999999999989
56.625,1.609823385706477e-15,-0.012499999999999989
56.666666666666664,1.609823385706477e-15,-0.012499999999999989
56.708333333333336,1.609823385706477e-15,-0.012499999999999989
56.75,1.609823385706477e-15,-0.012499999999999989
56.791666666666664,1.609823385706477e-15,-0.012499999999999989
56.83333333333333,1.609823385706477e-15,-0.012499999999999989
56.875,1.609823385706477e-15,-0.012499999999999989
56.91666666666667,1.609823385706477e-15,-0.012499999999999989
56.958333333333336,1.609823385706477e-15,-0.012499999999999989
57.0,1.609823385706477e-15,-0.012499999999999989
57.041666666666664,1.609823385706477e-15,-0.012499999999999989
57.083333333333336,1.609823385706477e-15,-0.012499999999999989
57.125,1.609823385706477e-15,-0.012499999999999989
57.16666666666667,1.609823385706477e-15,-0.012499999999999989
57.208333333333336,1.609823385706477e-15,-0.012499999999999989
57.25,1.609823385706477e-15,-0.012499999999999989
57.291666666666664,1.609823385706477e-15,-0.012499999999999989
57.333333333333336,1.609823385706477e-15,-0.012499999999999989
57.375,1.609823385706477e-15,-0.012499999999999989
57.41666666666667,1.609823385706477e-15,-0.012499999999999989
57.45833333333333,1.609823385706477e-15,-0.012499999999999989
57.5,1.609823385706477e-15,-0.012499999999999989
57.541666666666664,1.609823385706477e-15,-0.012499999999999989
57.583333333333336,1.609823385706477e-15,-0.012499999999999989
57.625,1.609823385706477e-15,-0.012499999999999989
57.66666666666667,1.609823385706477e-15,-0.012499999999999989
57.70833333333333,1.609823385706477e-15,-0.012499999999999989
57.75,1.609823385706477e-15,-0.012499999999999989
57.791666666666664,1.609823385706477e-15,-0.012499999999999989
57.833333333333336,1.609823385706477e-15,-0.012499999999999989
57.875,1.609823385706477e-15,-0.012499999999999989
57.916666666666664,1.609823385706477e-15,-0.012499999999999989
57.95833333333333,1.609823385706477e-15,-0.012499999999999989
58.0,1.609823385706477e-15,-0.012499999999999989
58.041666666666664,1.609823385706477e-15,-0.012499999999999989
58.083333333333336,1.609823385706477e-15,-0.012499999999999989
58.125,1.609823385706477e-15,-0.012499999999999989
58.166666666666664,1.609823385706477e-15,-0.012499999999999989
58.208333333333336,1.609823385706477e-15,-0.012499999999999989
58.25,1.609823385706477e-15,-0.012499999999999989
58.29166666666667,1.609823385706477e-15,-0.012499999999999989
58.333333333333336,1.609823385706477e-15,-0.012499999999999989
58.375,1.609823385706477e-15,-0.012499999999999989
58.416666666666664,1.609823385706477e-15,-0.012499999999999989
58.458333333333336,1.609823385706477e-15,-0.012499999999999989
58.5,1.609823385706477e-15,-0.012499999999999989
58.54166666666667,1.609823385706477e-15,-0.012499999999999989
58.58333333333333,1.609823385706477e-15,-0.012499999999999989
58.625,1.609823385706477e-15,-0.012499999999999989
58.666666666666664,1.609823385706477e-15,-0.012499999999999989
58.708333333333336,1.609823385706477e-15,-0.012499999999999989
58.75,1.609823385706477e-15,-0.012499999999999989
58.79166666666667,1.609823385706477e-15,-0.012499999999999989
58.83333333333333,1.609823385706477e-15,-0.012499999999999989
58.875,1.609823385706477e-15,-0.012499999999999989
58.916666666666664,1.609823385706477e-15,-0.012499999999999989
58.958333333333336,1.609823385706477e-15,-0.012499999999999989
59.0,1.609823385706477e-15,-0.012499999999999989
59.041666666666664,1.609823385706477e-15,-0.012499999999999989
59.08333333333333,1.609823385706477e-15,-0.012499999999999989
59.125,1.609823385706477e-15,-0.012499999999999989
59.166666666666664,1.609823385706477e-15,-0.012499999999999989
59.208333333333336,1.609823385706477e-15,-0.012499999999999989
59.25,1.609823385706477e-15,-0.012499999999999989
59.291666666666664,1.609823385706477e-15,-0.012499999999999989
59.333333333333336,1.609823385706477e-15,-0.012499999999999989
59.375,1.609823385706477e-15,-0.012499999999999989
59.41666666666667,1.609823385706477e-15,-0.012499999999999989
59.458333333333336,1.609823385706477e-15,-0.012499999999999989
59.5,1.609823385706477e-15,-0.012499999999999989
59.541666666666664,1.609823385706477e-15,-0.012499999999999989
59.583333333333336,1.609823385706477e-15,-0.012499999999999989
59.625,1.609823385706477e-15,-0.012499999999999989
59.66666666666667,1.609823385706477e-15,-0.012499999999999989
59.708333333333336,1.609823385706477e-15,-0.012499999999999989
59.75,1.609823385706477e-15,-0.012499999999999989
59.791666666666664,1.609823385706477e-15,-0.012499999999999989
59.833333333333336,1.609823385706477e-15,-0.012499999999999989
59.875,1.609823385706477e-15,-0.012499999999999989
59.91666666666667,1.609823385706477e-15,-0.012499999999999989
59.95833333333333,1.609823385706477e-15,-0.012499999999999989
60.0,1.609823385706477e-15,-0.012499999999999989
60.041666666666664,1.609823385706477e-15,-0.012499999999999989
60.083333333333336,1.609823385706477e-15,-0.012499999999999989
60.125,1.609823385706477e-15,-0.012499999999999989
60.166666666666664,1.609823385706477e-15,-0.012499999999999989
60.20833333333333,1.609823385706477e-15,-0.012499999999999989
60.25,1.609823385706477e-15,-0.012499999999999989
60.291666666666664,1.609823385706477e-15,-0.012499999999999989
60.333333333333336,1.609823385706477e-15,-0.012499999999999989
60.375,1.609823385706477e-15,-0.012499999999999989
60.416666666666664,1.609823385706477e-15,-0.012499999999999989
60.45833333333333,1.609823385706477e-15,-0.012499999999999989
60.5,1.609823385706477e-15,-0.012499999999999989
60.541666666666664,1.609823385706477e-15,-0.012499999999999989
60.583333333333336,1.609823385706477e-15,-0.012499999999999989
60.625,1.609823385706477e-15,-0.012499999999999989
60.666666666666664,1.609823385706477e-15,-0.012499999999999989
60.708333333333336,1.609823385706477e-15,-0.012499999999999989
60.75,1.609823385706477e-15,-0.012499999999999989
60.79166666666667,1.609823385706477e-15,-0.012499999999999989
60.833333333333336,1.609823385706477e-15,-0.012499999999999989
60.875,1.609823385706477e-15,-0.012499999999999989
60.916666666666664,1.609823385706477e-15,-0.012499999999999989
60.958333333333336,1.609823385706477e-15,-0.012499999999999989
61.0,1.609823385706477e-15,-0.012499999999999989
61.04166666666667,1.609823385706477e-15,-0.012499999999999989
61.08333333333333,1.609823385706477e-15,-0.012499999999999989
61.12499999999999,1.609823385706477e-15,-0.012499999999999989
61.16666666666667,1.609823385706477e-15,-0.012499999999999989
61.208333333333336,1.609823385706477e-15,-0.012499999999999989
61.25,1.609823385706477e-15,-0.012499999999999989
61.291666666666664,1.609823385706477e-15,-0.012499999999999989
61.333333333333336,1.609823385706477e-15,-0.012499999999999989
61.375,1.609823385706477e-15,-0.012499999999999989
61.416666666666664,1.609823385706477e-15,-0.012499999999999989
61.45833333333333,1.609823385706477e-15,-0.012499999999999989
61.50000000000001,1.609823385706477e-15,-0.012499999999999989
61.541666666666664,1.609823385706477e-15,-0.012499999999999989
61.58333333333333,1.609823385706477e-15,-0.012499999999999989
61.62499999999999,1.609823385706477e-15,-0.012499999999999989
61.66666666666667,1.609823385706477e-15,-0.012499999999999989
61.708333333333336,1.609823385706477e-15,-0.012499999999999989
61.75,1.609823385706477e-15,-0.012499999999999989
61.79166666666667,1.609823385706477e-15,-0.012499999999999989
61.833333333333336,1.609823385706477e-15,-0.012499999999999989
61.875,1.609823385706477e-15,-0.012499999999999989
61.916666666666664,1.609823385706477e-15,-0.012499999999999989
61.95833333333334,1.609823385706477e-15,-0.012499999999999989
62.0,1.609823385706477e-15,-0.012499999999999989
62.041666666666664,1.609823385706477e-15,-0.012499999999999989
62.08333333333333,1.609823385706477e-15,-0.012499999999999989
62.12500000000001,1.609823385706477e-15,-0.012499999999999989
62.16666666666667,1.609823385706477e-15,-0.012499999999999989
62.20833333333333,1.609823385706477e-15,-0.012499999999999989
62.24999999999999,1.609823385706477e-15,-0.012499999999999989
62.29166666666667,1.609823385706477e-15,-0.012499999999999989
62.333333333333336,1.609823385706477e-15,-0.012499999999999989
62.375,1.609823385706477e-15,-0.012499999999999989
62.416666666666664,1.609823385706477e-15,-0.012499999999999989
62.458333333333336,1.609823385706477e-15,-0.012499999999999989
62.5,1.609823385706477e-15,-0.012499999999999989
62.541666666666664,1.609823385706477e-15,-0.012499999999999989
62.58333333333333,1.609823385706477e-15,-0.012499999999999989
62.62500000000001,1.609823385706477e-15,-0.012499999999999989
62.666666666666664,1.609823385706477e-15,-0.012499999999999989
62.70833333333333,1.609823385706477e-15,-0.012499999999999989
62.74999999999999,1.609823385706477e-15,-0.012499999999999989
62.79166666666667,1.609823385706477e-15,-0.012499999999999989
62.833333333333336,1.609823385706477e-15,-0.012499999999999989
62.875,1.609823385706477e-15,-0.012499999999999989
62.91666666666666,1.609823385706477e-15,-0.012499999999999989
62.958333333333336,1.609823385706477e-15,-0.012499999999999989
63.0,1.609823385706477e-15,-0.012499999999999989
63.041666666666664,1.609823385706477e-15,-0.012499999999999989
63.08333333333334,1.609823385706477e-15,-0.012499999999999989
63.125,1.609823385706477e-15,-0.012499999999999989
63.166666666666664,1.609823385706477e-15,-0.012499999999999989
63.20833333333333,1.609823385706477e-15,-0.012499999999999989
63.25000000000001,1.609823385706477e-15,-0.012499999999999989
63.29166666666667,1.609823385706477e-15,-0.012499999999999989
63.333333333333336,1.609823385706477e-15,-0.012499999999999989
63.37499999999999,1.609823385706477e-15,-0.012499999999999989
63.41666666666667,1.609823385706477e-15,-0.012499999999999989
63.458333333333336,1.609823385706477e-15,-0.012499999999999989
63.5,1.609823385706477e-15,-0.012499999999999989
63.541666666666664,1.609823385706477e-15,-0.012499999999999989
63.583333333333336,1.609823385706477e-15,-0.012499999999999989
63.625,1.609823385706477e-15,-0.012499999999999989
63.666666666666664,1.609823385706477e-15,-0.012499999999999989
63.70833333333333,1.609823385706477e-15,-0.012499999999999989
63.75000000000001,1.609823385706477e-15,-0.012499999999999989
63.791666666666664,1.609823385706477e-15,-0.012499999999999989
63.83333333333333,1.609823385706477e-15,-0.012499999999999989
63.87499999999999,1.609823385706477e-15,-0.012499999999999989
63.91666666666667,1.609823385706477e-15,-0.012499999999999989
63.958333333333336,1.609823385706477e-15,-0.012499999999999989
64.0,1.609823385706477e-15,-0.012499999999999989
64.04166666666666,1.609823385706477e-15,-0.012499999999999989
64.08333333333334,1.609823385706477e-15,-0.012499999999999989
64.125,1.609823385706477e-15,-0.012499999999999989
64.16666666666666,1.609823385706477e-15,-0.012499999999999989
64.20833333333334,1.609823385706477e-15,-0.012499999999999989
64.25,1.609823385706477e-15,-0.012499999999999989
64.29166666666667,1.609823385706477e-15,-0.012499999999999989
64.33333333333333,1.609823385706477e-15,-0.012499999999999989
64.375,1.609823385706477e-15,-0.012499999999999989
64.41666666666667,1.609823385706477e-15,-0.012499999999999989
64.45833333333333,1.609823385706477e-15,-0.012499999999999989
64.5,1.609823385706477e-15,-0.012499999999999989
64.54166666666667,1.609823385706477e-15,-0.012499999999999989
64.58333333333333,1.609823385706477e-15,-0.012499999999999989
64.625,1.609823385706477e-15,-0.012499999999999989
64.66666666666666,1.609823385706477e-15,-0.012499999999999989
64.70833333333334,1.609823385706477e-15,-0.012499999999999989
64.75,1.609823385706477e-15,-0.012499999999999989
64.79166666666667,1.609823385706477e-15,-0.012499999999999989
64.83333333333333,1.609823385706477e-15,-0.012499999999999989
64.875,1.609823385706477e-15,-0.012499999999999989
64.91666666666667,1.609823385706477e-15,-0.012499999999999989
64.95833333333333,1.609823385706477e-15,-0.012499999999999989
65.0,1.609823385706477e-15,-0.012499999999999989
65.04166666666667,1.609823385706477e-15,-0.012499999999999989
65.08333333333333,1.609823385706477e-15,-0.012499999999999989
65.125,1.609823385706477e-15,-0.012499999999999989
65.16666666666666,1.609823385706477e-15,-0.012499999999999989
65.20833333333334,1.609823385706477e-15,-0.012499999999999989
65.25,1.609823385706477e-15,-0.012499999999999989
65.29166666666666,1.609823385706477e-15,-0.012499999999999989
65.33333333333333,1.609823385706477e-15,-0.012499999999999989
65.375,1.609823385706477e-15,-0.012499999999999989
65.41666666666667,1.609823385706477e-15,-0.012499999999999989
65.45833333333333,1.609823385706477e-15,-0.012499999999999989
65.5,1.609823385706477e-15,-0.012499999999999989
65.54166666666667,1.609823385706477e-15,-0.012499999999999989
65.58333333333333,1.609823385706477e-15,-0.012499999999999989
65.625,1.609823385706477e-15,-0.012499999999999989
65.66666666666667,1.609823385706477e-15,-0.012499999999999989
65.70833333333334,1.609823385706477e-15,-0.012499999999999989
65.75,1.609823385706477e-15,-0.012499999999999989
65.79166666666666,1.609823385706477e-15,-0.012499999999999989
65.83333333333334,1.609823385706477e-15,-0.012499999999999989
65.875,1.609823385706477e-15,-0.012499999999999989
65.91666666666667,1.609823385706477e-15,-0.012499999999999989
65.95833333333333,1.609823385706477e-15,-0.012499999999999989
66.0,1.609823385706477e-15,-0.012499999999999989
66.04166666666667,1.609823385706477e-15,-0.012499999999999989
66.08333333333333,1.609823385706477e-15,-0.012499999999999989
66.125,1.609823385706477e-15,-0.012499999999999989
66.16666666666667,1.609823385706477e-15,-0.012499999999999989
66.20833333333333,1.609823385706477e-15,-0.012499999999999989
66.25,1.609823385706477e-15,-0.012499999999999989
66.29166666666666,1.609823385706477e-15,-0.012499999999999989
66.33333333333334,1.609823385706477e-15,-0.012499999999999989
66.375,1.609823385706477e-15,-0.012499999999999989
66.41666666666666,1.609823385706477e-15,-0.012499999999999989
66.45833333333333,1.609823385706477e-15,-0.012499999999999989
66.5,1.609823385706477e-15,-0.012499999999999989
66.54166666666667,1.609823385706477e-15,-0.012499999999999989
66.58333333333333,1.609823385706477e-15,-0.012499999999999989
66.625,1.609823385706477e-15,-0.012499999999999989
66.66666666666667,1.609823385706477e-15,-0.012499999999999989
66.70833333333333,1.609823385706477e-15,-0.012499999999999989
66.75,1.609823385706477e-15,-0.012499999999999989
66.79166666666667,1.609823385706477e-15,-0.012499999999999989
66.83333333333334,1.609823385706477e-15,-0.012499999999999989
66.875,1.609823385706477e-15,-0.012499999999999989
66.91666666666666,1.609823385706477e-15,-0.012499999999999989
66.95833333333334,1.609823385706477e-15,-0.012499999999999989
67.0,1.609823385706477e-15,-0.012499999999999989
67.04166666666667,1.609823385706477e-15,-0.012499999999999989
67.08333333333333,1.609823385706477e-15,-0.012499999999999989
67.125,1.609823385706477e-15,-0.012499999999999989
67.16666666666667,1.609823385706477e-15,-0.012499999999999989
67.20833333333333,1.609823385706477e-15,-0.012499999999999989
67.25,1.609823385706477e-15,-0.012499999999999989
67.29166666666667,1.609823385706477e-15,-0.012499999999999989
67.33333333333333,1.609823385706477e-15,-0.012499999999999989
67.375,1.609823385706477e-15,-0.012499999999999989
67.41666666666666,1.609823385706477e-15,-0.012499999999999989
67.45833333333334,1.609823385706477e-15,-0.012499999999999989
67.5,1.609823385706477e-15,-0.012499999999999989
67.54166666666666,1.609823385706477e-15,-0.012499999999999989
67.58333333333333,1.609823385706477e-15,-0.012499999999999989
67.625,1.609823385706477e-15,-0.012499999999999989
67.66666666666667,1.609823385706477e-15,-0.012499999999999989
67.70833333333333,1.609823385706477e-15,-0.012499999999999989
67.75,1.609823385706477e-15,-0.012499999999999989
67.79166666666667,1.609823385706477e-15,-0.012499999999999989
67.83333333333333,1.609823385706477e-15,-0.012499999999999989
67.875,1.609823385706477e-15,-0.012499999999999989
67.91666666666667,1.609823385706477e-15,-0.012499999999999989
67.95833333333334,1.609823385706477e-15,-0.012499999999999989
68.0,1.609823385706477e-15,-0.012499999999999989
68.04166666666666,1.609823385706477e-15,-0.012499999999999989
68.08333333333334,1.609823385706477e-15,-0.012499999999999989
68.125,1.609823385706477e-15,-0.012499999999999989
68.16666666666667,1.609823385706477e-15,-0.012499999999999989
68.20833333333333,1.609823385706477e-15,-0.012499999999999989
68.25,1.609823385706477e-15,-0.012499999999999989
68.29166666666667,1.609823385706477e-15,-0.012499999999999989
68.33333333333333,1.609823385706477e-15,-0.012499999999999989
68.375,1.609823385706477e-15,-0.012499999999999989
68.41666666666667,1.609823385706477e-15,-0.012499999999999989
68.45833333333333,1.609823385706477e-15,-0.012499999999999989
68.5,1.609823385706477e-15,-0.012499999999999989
68.54166666666666,1.609823385706477e-15,-0.012499999999999989
68.58333333333334,1.609823385706477e-15,-0.012499999999999989
68.625,1.609823385706477e-15,-0.012499999999999989
68.66666666666666,1.609823385706477e-15,-0.012499999999999989
68.70833333333333,1.609823385706477e-15,-0.012499999999999989
68.75,1.609823385706477e-15,-0.012499999999999989
68.79166666666667,1.609823385706477e-15,-0.012499999999999989
68.83333333333333,1.609823385706477e-15,-0.012499999999999989
68.875,1.609823385706477e-15,-0.012499999999999989
68.91666666666667,1.609823385706477e-15,-0.012499999999999989
68.95833333333333,1.609823385706477e-15,-0.012499999999999989
69.0,1.609823385706477e-15,-0.012499999999999989
69.04166666666667,1.609823385706477e-15,-0.012499999999999989
69.08333333333334,1.609823385706477e-15,-0.012499999999999989
69.125,1.609823385706477e-15,-0.012499999999999989
69.16666666666666,1.609823385706477e-15,-0.012499999999999989
69.20833333333334,1.609823385706477e-15,-0.012499999999999989
69.25,1.609823385706477e-15,-0.012499999999999989
69.29166666666667,1.609823385706477e-15,-0.012499999999999989
69.33333333333333,1.609823385706477e-15,-0.012499999999999989
69.375,1.609823385706477e-15,-0.012499999999999989
69.41666666666667,1.609823385706477e-15,-0.012499999999999989
69.45833333333333,1.609823385706477e-15,-0.012499999999999989
69.5,1.609823385706477e-15,-0.012499999999999989
69.54166666666667,1.609823385706477e-15,-0.012499999999999989
69.58333333333333,1.609823385706477e-15,-0.012499999999999989
69.625,1.609823385706477e-15,-0.012499999999999989
69.66666666666666,1.609823385706477e-15,-0.012499999999999989
69.70833333333334,1.609823385706477e-15,-0.012499999999999989
69.75,1.609823385706477e-15,-0.012499999999999989
69.79166666666667,1.609823385706477e-15,-0.012499999999999989
69.83333333333333,1.609823385706477e-15,-0.012499999999999989
69.875,1.609823385706477e-15,-0.012499999999999989
69.91666666666667,1.609823385706477e-15,-0.012499999999999989
69.95833333333333,1.609823385706477e-15,-0.012499999999999989
70.0,1.609823385706477e-15,-0.012499999999999989
70.04166666666667,1.609823385706477e-15,-0.012499999999999989
70.08333333333333,1.609823385706477e-15,-0.012499999999999989
70.125,1.609823385706477e-15,-0.012499999999999989
70.16666666666666,1.609823385706477e-15,-0.012499999999999989
70.20833333333334,1.609823385706477e-15,-0.012499999999999989
70.25,1.609823385706477e-15,-0.012499999999999989
70.29166666666666,1.609823385706477e-15,-0.012499999999999989
70.33333333333334,1.609823385706477e-15,-0.012499999999999989
70.375,1.609823385706477e-15,-0.012499999999999989
70.41666666666667,1.609823385706477e-15,-0.012499999999999989
70.45833333333333,1.609823385706477e-15,-0.012499999999999989
70.5,1.609823385706477e-15,-0.012499999999999989
70.54166666666667,1.609823385706477e-15,-0.012499999999999989
70.58333333333333,1.609823385706477e-15,-0.012499999999999989
70.625,1.609823385706477e-15,-0.012499999999999989
70.66666666666667,1.609823385706477e-15,-0.012499999999999989
70.70833333333333,1.609823385706477e-15,-0.012499999999999989
70.75,1.609823385706477e-15,-0.012499999999999989
70.79166666666666,1.609823385706477e-15,-0.012499999999999989
70.83333333333334,1.609823385706477e-15,-0.012499999999999989
70.875,1.609823385706477e-15,-0.012499999999999989
70.91666666666667,1.609823385706477e-15,-0.012499999999999989
70.95833333333333,1.609823385706477e-15,-0.012499999999999989
71.0,1.609823385706477e-15,-0.012499999999999989
71.04166666666667,1.609823385706477e-15,-0.012499999999999989
71.08333333333333,1.609823385706477e-15,-0.012499999999999989
71.125,1.609823385706477e-15,-0.012499999999999989
71.16666666666667,1.609823385706477e-15,-0.012499999999999989
71.20833333333333,1.609823385706477e-15,-0.012499999999999989
71.25,1.609823385706477e-15,-0.012499999999999989
71.29166666666666,1.609823385706477e-15,-0.012499999999999989
71.33333333333334,1.609823385706477e-15,-0.012499999999999989
71.375,1.609823385706477e-15,-0.012499999999999989
71.41666666666666,1.609823385706477e-15,-0.012499999999999989
71.45833333333334,1.609823385706477e-15,-0.012499999999999989
71.5,1.609823385706477e-15,-0.012499999999999989
71.54166666666667,1.609823385706477e-15,-0.012499999999999989
71.58333333333333,1.609823385706477e-15,-0.012499999999999989
71.625,1.609823385706477e-15,-0.012499999999999989
71.66666666666667,1.609823385706477e-15,-0.012499999999999989
71.70833333333333,1.609823385706477e-15,-0.012499999999999989
71.75,1.609823385706477e-15,-0.012499999999999989
71.79166666666667,1.609823385706477e-15,-0.012499999999999989
71.83333333333333,1.609823385706477e-15,-0.012499999999999989
71.875,1.609823385706477e-15,-0.012499999999999989
71.91666666666666,1.609823385706477e-15,-0.012499999999999989
71.95833333333334,1.609823385706477e-15,-0.012499999999999989
72.0,1.609823385706477e-15,-0.012499999999999989
72.04166666666667,1.609823385706477e-15,-0.012499999999999989
72.08333333333333,1.609823385706477e-15,-0.012499999999999989
72.125,1.609823385706477e-15,-0.012499999999999989
72.16666666666667,1.609823385706477e-15,-0.012499999999999989
72.20833333333333,1.609823385706477e-15,-0.012499999999999989
72.25,1.609823385706477e-15,-0.012499999999999989
72.29166666666667,1.609823385706477e-15,-0.012499999999999989
72.33333333333333,1.609823385706477e-15,-0.012499999999999989
72.375,1.609823385706477e-15,-0.012499999999999989
72.41666666666666,1.609823385706477e-15,-0.012499999999999989
72.45833333333334,1.609823385706477e-15,-0.012499999999999989
72.5,1.609823385706477e-15,-0.012499999999999989
72.54166666666666,1.609823385706477e-15,-0.012499999999999989
72.58333333333333,1.609823385706477e-15,-0.012499999999999989
72.625,1.609823385706477e-15,-0.012499999999999989
72.66666666666667,1.609823385706477e-15,-0.012499999999999989
72.70833333333333,1.609823385706477e-15,-0.012499999999999989
72.75,1.609823385706477e-15,-0.012499999999999989
72.79166666666667,1.609823385706477e-15,-0.012499999999999989
72.83333333333333,1.609823385706477e-15,-0.012499999999999989
72.875,1.609823385706477e-15,-0.012499999999999989
72.91666666666667,1.609823385706477e-15,-0.012499999999999989
72.95833333333334,1.609823385706477e-15,-0.012499999999999989
73.0,1.609823385706477e-15,-0.012499999999999989
73.04166666666666,1.609823385706477e-15,-0.012499999999999989
73.08333333333334,1.609823385706477e-15,-0.012499999999999989
73.125,1.609823385706477e-15,-0.012499999999999989
73.16666666666667,1.609823385706477e-15,-0.012499999999999989
73.20833333333333,1.609823385706477e-15,-0.012499999999999989
73.25,1.609823385706477e-15,-0.012499999999999989
73.29166666666667,1.609823385706477e-15,-0.012499999999999989
73.33333333333333,1.609823385706477e-15,-0.012499999999999989
73.375,1.609823385706477e-15,-0.012499999999999989
73.41666666666667,1.609823385706477e-15,-0.012499999999999989
73.45833333333333,1.609823385706477e-15,-0.012499999999999989
73.5,1.609823385706477e-15,-0.012499999999999989
73.54166666666666,1.609823385706477e-15,-0.012499999999999989
73.58333333333334,1.609823385706477e-15,-0.012499999999999989
73.625,1.609823385706477e-15,-0.012499999999999989
73.66666666666666,1.609823385706477e-15,-0.012499999999999989
73.70833333333333,1.609823385706477e-15,-0.012499999999999989
73.75,1.609823385706477e-15,-0.012499999999999989
73.79166666666667,1.609823385706477e-15,-0.012499999999999989
73.83333333333333,1.609823385706477e-15,-0.012499999999999989
73.875,1.609823385706477e-15,-0.012499999999999989
73.91666666666667,1.609823385706477e-15,-0.012499999999999989
73.95833333333333,1.609823385706477e-15,-0.012499999999999989
74.0,1.609823385706477e-15,-0.012499999999999989
74.04166666666667,1.609823385706477e-15,-0.012499999999999989
74.08333333333334,1.609823385706477e-15,-0.012499999999999989
74.125,1.609823385706477e-15,-0.012499999999999989
74.16666666666666,1.609823385706477e-15,-0.012499999999999989
74.20833333333334,1.609823385706477e-15,-0.012499999999999989
74.25,1.609823385706477e-15,-0.012499999999999989
74.29166666666667,1.609823385706477e-15,-0.012499999999999989
74.33333333333333,1.609823385706477e-15,-0.012499999999999989
74.375,1.609823385706477e-15,-0.012499999999999989
74.41666666666667,1.609823385706477e-15,-0.012499999999999989
74.45833333333333,1.609823385706477e-15,-0.012499999999999989
74.5,1.609823385706477e-15,-0.012499999999999989
74.54166666666667,1.609823385706477e-15,-0.012499999999999989
74.58333333333333,1.609823385706477e-15,-0.012499999999999989
74.625,1.609823385706477e-15,-0.012499999999999989
74.66666666666666,1.609823385706477e-15,-0.012499999999999989
74.70833333333334,1.609823385706477e-15,-0.012499999999999989
74.75,1.609823385706477e-15,-0.012499999999999989
74.79166666666666,1.609823385706477e-15,-0.012499999999999989
74.83333333333333,1.609823385706477e-15,-0.012499999999999989
74.875,1.609823385706477e-15,-0.012499999999999989
74.91666666666667,1.609823385706477e-15,-0.012499999999999989
74.95833333333333,1.609823385706477e-15,-0.012499999999999989
75.0,1.609823385706477e-15,-0.012499999999999989
75.04166666666667,1.609823385706477e-15,-0.012499999999999989
75.08333333333333,1.609823385706477e-15,-0.012499999999999989
75.125,1.609823385706477e-15,-0.012499999999999989
75.16666666666667,1.609823385706477e-15,-0.012499999999999989
75.20833333333334,1.609823385706477e-15,-0.012499999999999989
75.25,1.609823385706477e-15,-0.012499999999999989
75.29166666666666,1.609823385706477e-15,-0.012499999999999989
75.33333333333334,1.609823385706477e-15,-0.012499999999999989
75.375,1.609823385706477e-15,-0.012499999999999989
75.41666666666667,1.609823385706477e-15,-0.012499999999999989
75.45833333333333,1.609823385706477e-15,-0.012499999999999989
75.5,1.609823385706477e-15,-0.012499999999999989
75.54166666666667,1.609823385706477e-15,-0.012499999999999989
75.58333333333333,1.609823385706477e-15,-0.012499999999999989
75.625,1.609823385706477e-15,-0.012499999999999989
75.66666666666667,1.609823385706477e-15,-0.012499999999999989
75.70833333333333,1.609823385706477e-15,-0.012499999999999989
75.75,1.609823385706477e-15,-0.012499999999999989
75.79166666666666,1.609823385706477e-15,-0.012499999999999989
75.83333333333334,1.609823385706477e-15,-0.012499999999999989
75.875,1.609823385706477e-15,-0.012499999999999989
75.91666666666667,1.609823385706477e-15,-0.012499999999999989
75.95833333333333,1.609823385706477e-15,-0.012499999999999989
76.0,1.609823385706477e-15,-0.012499999999999989
76.04166666666667,1.609823385706477e-15,-0.012499999999999989
76.08333333333333,1.609823385706477e-15,-0.012499999999999989
76.125,1.609823385706477e-15,-0.012499999999999989
76.16666666666667,1.609823385706477e-15,-0.012499999999999989
76.20833333333333,1.609823385706477e-15,-0.012499999999999989
76.25,1.609823385706477e-15,-0.012499999999999989
76.29166666666667,1.609823385706477e-15,-0.012499999999999989
76.33333333333334,1.609823385706477e-15,-0.012499999999999989
76.375,1.609823385706477e-15,-0.012499999999999989
76.41666666666666,1.609823385706477e-15,-0.012499999999999989
76.45833333333334,1.609823385706477e-15,-0.012499999999999989
76.5,1.609823385706477e-15,-0.012499999999999989
76.54166666666667,1.609823385706477e-15,-0.012499999999999989
76.58333333333333,1.609823385706477e-15,-0.012499999999999989
76.625,1.609823385706477e-15,-0.012499999999999989
76.66666666666667,1.609823385706477e-15,-0.012499999999999989
76.70833333333333,1.609823385706477e-15,-0.012499999999999989
76.75,1.609823385706477e-15,-0.012499999999999989
76.79166666666667,1.609823385706477e-15,-0.012499999999999989
76.83333333333333,1.609823385706477e-15,-0.012499999999999989
76.875,1.609823385706477e-15,-0.012499999999999989
76.91666666666666,1.609823385706477e-15,-0.012499999999999989
76.95833333333334,1.609823385706477e-15,-0.012499999999999989
77.0,1.609823385706477e-15,-0.012499999999999989
77.04166666666667,1.609823385706477e-15,-0.012499999999999989
77.08333333333333,1.609823385706477e-15,-0.012499999999999989
77.125,1.609823385706477e-15,-0.012499999999999989
77.16666666666667,1.609823385706477e-15,-0.012499999999999989
77.20833333333333,1.609823385706477e-15,-0.012499999999999989
77.25,1.609823385706477e-15,-0.012499999999999989
77.29166666666667,1.609823385706477e-15,-0.012499999999999989
77.33333333333333,1.609823385706477e-15,-0.012499999999999989
77.375,1.609823385706477e-15,-0.012499999999999989
77.41666666666666,1.609823385706477e-15,-0.012499999999999989
77.45833333333334,1.609823385706477e-15,-0.012499999999999989
77.5,1.609823385706477e-15,-0.012499999999999989
77.54166666666666,1.609823385706477e-15,-0.012499999999999989
77.58333333333334,1.609823385706477e-15,-0.012499999999999989
77.625,1.609823385706477e-15,-0.012499999999999989
77.66666666666667,1.609823385706477e-15,-0.012499999999999989
77.70833333333333,1.609823385706477e-15,-0.012499999999999989
77.75,1.609823385706477e-15,-0.012499999999999989
77.79166666666667,1.609823385706477e-15,-0.012499999999999989
77.83333333333333,1.609823385706477e-15,-0.012499999999999989
77.875,1.609823385706477e-15,-0.012499999999999989
77.91666666666667,1.609823385706477e-15,-0.012499999999999989
77.95833333333333,1.609823385706477e-15,-0.012499999999999989
78.0,1.609823385706477e-15,-0.012499999999999989
78.04166666666666,1.609823385706477e-15,-0.012499999999999989
78.08333333333334,1.609823385706477e-15,-0.012499999999999989
78.125,1.609823385706477e-15,-0.012499999999999989
78.16666666666667,1.609823385706477e-15,-0.012499999999999989
78.20833333333333,1.609823385706477e-15,-0.012499999999999989
78.25,1.609823385706477e-15,-0.012499999999999989
78.29166666666667,1.609823385706477e-15,-0.012499999999999989
78.33333333333333,1.609823385706477e-15,-0.012499999999999989
78.375,1.609823385706477e-15,-0.012499999999999989
78.41666666666667,1.609823385706477e-15,-0.012499999999999989
78.45833333333333,1.609823385706477e-15,-0.012499999999999989
78.5,1.609823385706477e-15,-0.012499999999999989
78.54166666666666,1.609823385706477e-15,-0.012499999999999989
78.58333333333334,1.609823385706477e-15,-0.012499999999999989
78.625,1.609823385706477e-15,-0.012499999999999989
78.66666666666666,1.609823385706477e-15,-0.012499999999999989
78.70833333333334,1.609823385706477e-15,-0.012499999999999989
78.75,1.609823385706477e-15,-0.012499999999999989
78.79166666666667,1.609823385706477e-15,-0.012499999999999989
78.83333333333333,1.609823385706477e-15,-0.012499999999999989
78.875,1.609823385706477e-15,-0.012499999999999989
78.91666666666667,1.609823385706477e-15,-0.012499999999999989
78.95833333333333,1.609823385706477e-15,-0.012499999999999989
79.0,1.609823385706477e-15,-0.012499999999999989
79.04166666666667,1.609823385706477e-15,-0.012499999999999989
79.08333333333333,1.609823385706477e-15,-0.012499999999999989
79.125,1.609823385706477e-15,-0.012499999999999989
79.16666666666666,1.609823385706477e-15,-0.012499999999999989
79.20833333333334,1.609823385706477e-15,-0.012499999999999989
79.25,1.609823385706477e-15,-0.012499999999999989
79.29166666666667,1.609823385706477e-15,-0.012499999999999989
79.33333333333333,1.609823385706477e-15,-0.012499999999999989
79.375,1.609823385706477e-15,-0.012499999999999989
79.41666666666667,1.609823385706477e-15,-0.012499999999999989
79.45833333333333,1.609823385706477e-15,-0.012499999999999989
79.5,1.609823385706477e-15,-0.012499999999999989
79.54166666666667,1.609823385706477e-15,-0.012499999999999989
79.58333333333333,1.609823385706477e-15,-0.012499999999999989
79.625,1.609823385706477e-15,-0.012499999999999989
79.66666666666666,1.609823385706477e-15,-0.012499999999999989
79.70833333333334,1.609823385706477e-15,-0.012499999999999989
79.75,1.609823385706477e-15,-0.012499999999999989
79.79166666666666,1.609823385706477e-15,-0.012499999999999989
79.83333333333333,1.609823385706477e-15,-0.012499999999999989
79.875,1.609823385706477e-15,-0.012499999999999989
79.91666666666667,1.609823385706477e-15,-0.012499999999999989
79.95833333333333,1.609823385706477e-15,-0.012499999999999989
80.0,1.609823385706477e-15,-0.012499999999999989
80.04166666666667,1.609823385706477e-15,-0.012499999999999989
80.08333333333333,1.609823385706477e-15,-0.012499999999999989
80.125,1.609823385706477e-15,-0.012499999999999989
80.16666666666667,1.609823385706477e-15,-0.012499999999999989
80.20833333333334,1.609823385706477e-15,-0.012499999999999989
80.25,1.609823385706477e-15,-0.012499999999999989
80.29166666666666,1.609823385706477e-15,-0.012499999999999989
80.33333333333334,1.609823385706477e-15,-0.012499999999999989
80.375,1.609823385706477e-15,-0.012499999999999989
80.41666666666667,1.609823385706477e-15,-0.012499999999999989
80.45833333333333,1.609823385706477e-15,-0.012499999999999989
80.5,1.609823385706477e-15,-0.012499999999999989
80.54166666666667,1.609823385706477e-15,-0.012499999999999989
80.58333333333333,1.609823385706477e-15,-0.012499999999999989
80.625,1.609823385706477e-15,-0.012499999999999989
80.66666666666667,1.609823385706477e-15,-0.012499999999999989
80.70833333333333,1.609823385706477e-15,-0.012499999999999989
80.75,1.609823385706477e-15,-0.012499999999999989
80.79166666666666,1.609823385706477e-15,-0.012499999999999989
80.83333333333334,1.609823385706477e-15,-0.012499999999999989
80.875,1.609823385706477e-15,-0.012499999999999989
80.91666666666666,1.609823385706477e-15,-0.012499999999999989
80.95833333333333,1.609823385706477e-15,-0.012499999999999989
81.0,1.609823385706477e-15,-0.012499999999999989
81.04166666666667,1.609823385706477e-15,-0.012499999999999989
81.08333333333333,1.609823385706477e-15,-0.012499999999999989
81.125,1.609823385706477e-15,-0.012499999999999989
81.16666666666667,1.609823385706477e-15,-0.012499999999999989
81.20833333333333,1.609823385706477e-15,-0.012499999999999989
81.25,1.609823385706477e-15,-0.012499999999999989
81.29166666666667,1.609823385706477e-15,-0.012499999999999989
81.33333333333334,1.609823385706477e-15,-0.012499999999999989
81.375,1.609823385706477e-15,-0.012499999999999989
81.41666666666666,1.609823385706477e-15,-0.012499999999999989
81.45833333333334,1.609823385706477e-15,-0.012499999999999989
81.5,1.609823385706477e-15,-0.012499999999999989
81.54166666666667,1.609823385706477e-15,-0.012499999999999989
81.58333333333333,1.609823385706477e-15,-0.012499999999999989
81.625,1.609823385706477e-15,-0.012499999999999989
81.66666666666667,1.609823385706477e-15,-0.012499999999999989
81.70833333333333,1.609823385706477e-15,-0.012499999999999989
81.75,1.609823385706477e-15,-0.012499999999999989
81.79166666666667,1.609823385706477e-15,-0.012499999999999989
81.83333333333333,1.609823385706477e-15,-0.012499999999999989
81.875,1.609823385706477e-15,-0.012499999999999989
81.91666666666666,1.609823385706477e-15,-0.012499999999999989
81.95833333333334,1.609823385706477e-15,-0.012499999999999989
82.0,1.609823385706477e-15,-0.012499999999999989
82.04166666666666,1.609823385706477e-15,-0.012499999999999989
82.08333333333333,1.609823385706477e-15,-0.012499999999999989
82.125,1.609823385706477e-15,-0.012499999999999989
82.16666666666667,1.609823385706477e-15,-0.012499999999999989
82.20833333333333,1.609823385706477e-15,-0.012499999999999989
82.25,1.609823385706477e-15,-0.012499999999999989
82.29166666666667,1.609823385706477e-15,-0.012499999999999989
82.33333333333333,1.609823385706477e-15,-0.012499999999999989
82.375,1.609823385706477e-15,-0.012499999999999989
82.41666666666667,1.609823385706477e-15,-0.012499999999999989
82.45833333333334,1.609823385706477e-15,-0.012499999999999989
82.5,1.609823385706477e-15,-0.012499999999999989
82.54166666666666,1.609823385706477e-15,-0.012499999999999989
82.58333333333334,1.609823385706477e-15,-0.012499999999999989
82.625,1.609823385706477e-15,-0.012499999999999989
82.66666666666667,1.609823385706477e-15,-0.012499999999999989
82.70833333333333,1.609823385706477e-15,-0.012499999999999989
82.75,1.609823385706477e-15,-0.012499999999999989
82.79166666666667,1.609823385706477e-15,-0.012499999999999989
82.83333333333333,1.609823385706477e-15,-0.012499999999999989
82.875,1.609823385706477e-15,-0.012499999999999989
82.91666666666667,1.609823385706477e-15,-0.012499999999999989
82.95833333333333,1.609823385706477e-15,-0.012499999999999989
83.0,1.609823385706477e-15,-0.012499999999999989
83.04166666666666,1.609823385706477e-15,-0.012499999999999989
83.08333333333334,1.609823385706477e-15,-0.012499999999999989
83.125,1.609823385706477e-15,-0.012499999999999989
83.16666666666667,1.609823385706477e-15,-0.012499999999999989
83.20833333333333,1.609823385706477e-15,-0.012499999999999989
83.25,1.609823385706477e-15,-0.012499999999999989
83.29166666666667,1.609823385706477e-15,-0.012499999999999989
83.33333333333333,1.609823385706477e-15,-0.012499999999999989
83.375,1.609823385706477e-15,-0.012499999999999989
83.41666666666667,1.609823385706477e-15,-0.012499999999999989
83.45833333333333,1.609823385706477e-15,-0.012499999999999989
83.5,1.609823385706477e-15,-0.012499999999999989
83.54166666666666,1.609823385706477e-15,-0.012499999999999989
83.58333333333334,1.609823385706477e-15,-0.012499999999999989
83.625,1.609823385706477e-15,-0.012499999999999989
83.66666666666666,1.609823385706477e-15,-0.012499999999999989
83.70833333333334,1.609823385706477e-15,-0.012499999999999989
83.75,1.609823385706477e-15,-0.012499999999999989
83.79166666666667,1.609823385706477e-15,-0.012499999999999989
83.83333333333333,1.609823385706477e-15,-0.012499999999999989
83.875,1.609823385706477e-15,-0.012499999999999989
83.91666666666667,1.609823385706477e-15,-0.012499999999999989
83.95833333333333,1.609823385706477e-15,-0.012499999999999989
84.0,1.609823385706477e-15,-0.012499999999999989
84.04166666666667,1.609823385706477e-15,-0.012499999999999989
84.08333333333333,1.609823385706477e-15,-0.012499999999999989
84.125,1.609823385706477e-15,-0.012499999999999989
84.16666666666666,1.609823385706477e-15,-0.012499999999999989
84.20833333333334,1.609823385706477e-15,-0.012499999999999989
84.25,1.609823385706477e-15,-0.012499999999999989
84.29166666666667,1.609823385706477e-15,-0.012499999999999989
84.33333333333333,1.609823385706477e-15,-0.012499999999999989
84.375,1.609823385706477e-15,-0.012499999999999989
84.41666666666667,1.609823385706477e-15,-0.012499999999999989
84.45833333333333,1.609823385706477e-15,-0.012499999999999989
84.5,1.609823385706477e-15,-0.012499999999999989
84.54166666666667,1.609823385706477e-15,-0.012499999999999989
84.58333333333333,1.609823385706477e-15,-0.012499999999999989
84.625,1.609823385706477e-15,-0.012499999999999989
84.66666666666666,1.609823385706477e-15,-0.012499999999999989
84.70833333333334,1.609823385706477e-15,-0.012499999999999989
84.75,1.609823385706477e-15,-0.012499999999999989
84.79166666666666,1.609823385706477e-15,-0.012499999999999989
84.83333333333334,1.609823385706477e-15,-0.012499999999999989
84.875,1.609823385706477e-15,-0.012499999999999989
84.91666666666667,1.609823385706477e-15,-0.012499999999999989
84.95833333333333,1.609823385706477e-15,-0.012499999999999989
85.0,1.609823385706477e-15,-0.012499999999999989
85.04166666666667,1.609823385706477e-15,-0.012499999999999989
85.08333333333333,1.609823385706477e-15,-0.012499999999999989
85.125,1.609823385706477e-15,-0.012499999999999989
85.16666666666667,1.609823385706477e-15,-0.012499999999999989
85.20833333333333,1.609823385706477e-15,-0.012499999999999989
85.25,1.609823385706477e-15,-0.012499999999999989
85.29166666666666,1.609823385706477e-15,-0.012499999999999989
85.33333333333334,1.609823385706477e-15,-0.012499999999999989
85.375,1.609823385706477e-15,-0.012499999999999989
85.41666666666667,1.609823385706477e-15,-0.012499999999999989
85.45833333333333,1.609823385706477e-15,-0.012499999999999989
85.5,1.609823385706477e-15,-0.012499999999999989
85.54166666666667,1.609823385706477e-15,-0.012499999999999989
85.58333333333333,1.609823385706477e-15,-0.012499999999999989
85.625,1.609823385706477e-15,-0.012499999999999989
85.66666666666667,1.609823385706477e-15,-0.012499999999999989
85.70833333333333,1.609823385706477e-15,-0.012499999999999989
85.75,1.609823385706477e-15,-0.012499999999999989
85.79166666666666,1.609823385706477e-15,-0.012499999999999989
85.83333333333334,1.609823385706477e-15,-0.012499999999999989
85.875,1.609823385706477e-15,-0.012499999999999989
85.91666666666666,1.609823385706477e-15,-0.012499999999999989
85.95833333333333,1.609823385706477e-15,-0.012499999999999989
86.0,1.609823385706477e-15,-0.012499999999999989
86.04166666666667,1.609823385706477e-15,-0.012499999999999989
86.08333333333333,1.609823385706477e-15,-0.012499999999999989
86.125,1.609823385706477e-15,-0.012499999999999989
86.16666666666667,1.609823385706477e-15,-0.012499999999999989
86.20833333333333,1.609823385706477e-15,-0.012499999999999989
86.25,1.609823385706477e-15,-0.012499999999999989
86.29166666666667,1.609823385706477e-15,-0.012499999999999989
86.33333333333334,1.609823385706477e-15,-0.012499999999999989
86.375,1.609823385706477e-15,-0.012499999999999989
86.41666666666666,1.609823385706477e-15,-0.012499999999999989
86.45833333333334,1.609823385706477e-15,-0.012499999999999989
86.5,1.609823385706477e-15,-0.012499999999999989
86.54166666666667,1.609823385706477e-15,-0.012499999999999989
86.58333333333333,1.609823385706477e-15,-0.012499999999999989
86.625,1.609823385706477e-15,-0.012499999999999989
86.66666666666667,1.609823385706477e-15,-0.012499999999999989
86.70833333333333,1.609823385706477e-15,-0.012499999999999989
86.75,1.609823385706477e-15,-0.012499999999999989
86.79166666666667,1.609823385706477e-15,-0.012499999999999989
86.83333333333333,1.609823385706477e-15,-0.012499999999999989
86.875,1.609823385706477e-15,-0.012499999999999989
86.91666666666666,1.609823385706477e-15,-0.012499999999999989
86.95833333333334,1.609823385706477e-15,-0.012499999999999989
87.0,1.609823385706477e-15,-0.012499999999999989
87.04166666666666,1.609823385706477e-15,-0.012499999999999989
87.08333333333333,1.609823385706477e-15,-0.012499999999999989
87.125,1.609823385706477e-15,-0.012499999999999989
87.16666666666667,1.609823385706477e-15,-0.012499999999999989
87.20833333333333,1.609823385706477e-15,-0.012499999999999989
87.25,1.609823385706477e-15,-0.012499999999999989
87.29166666666667,1.609823385706477e-15,-0.012499999999999989
87.33333333333333,1.609823385706477e-15,-0.012499999999999989
87.375,1.609823385706477e-15,-0.012499999999999989
87.41666666666667,1.609823385706477e-15,-0.012499999999999989
87.45833333333334,1.609823385706477e-15,-0.012499999999999989
87.5,1.609823385706477e-15,-0.012499999999999989
87.54166666666666,1.609823385706477e-15,-0.012499999999999989
87.58333333333334,1.609823385706477e-15,-0.012499999999999989
87.625,1.609823385706477e-15,-0.012499999999999989
87.66666666666667,1.609823385706477e-15,-0.012499999999999989
87.70833333333333,1.609823385706477e-15,-0.012499999999999989
87.75,1.609823385706477e-15,-0.012499999999999989
87.79166666666667,1.609823385706477e-15,-0.012499999999999989
87.83333333333333,1.609823385706477e-15,-0.012499999999999989
87.875,1.609823385706477e-15,-0.012499999999999989
87.91666666666667,1.609823385706477e-15,-0.012499999999999989
87.95833333333333,1.609823385706477e-15,-0.012499999999999989
88.0,1.609823385706477e-15,-0.012499999999999989
88.04166666666666,1.609823385706477e-15,-0.012499999999999989
88.08333333333334,1.609823385706477e-15,-0.012499999999999989
88.125,1.609823385706477e-15,-0.012499999999999989
88.16666666666666,1.609823385706477e-15,-0.012499999999999989
88.20833333333333,1.609823385706477e-15,-0.012499999999999989
88.25,1.609823385706477e-15,-0.012499999999999989
88.29166666666667,1.609823385706477e-15,-0.012499999999999989
88.33333333333333,1.609823385706477e-15,-0.012499999999999989
88.375,1.609823385706477e-15,-0.012499999999999989
88.41666666666667,1.609823385706477e-15,-0.012499999999999989
88.45833333333333,1.609823385706477e-15,-0.012499999999999989
88.5,1.609823385706477e-15,-0.012499999999999989
88.54166666666667,1.609823385706477e-15,-0.012499999999999989
88.58333333333334,1.609823385706477e-15,-0.012499999999999989
88.625,1.609823385706477e-15,-0.012499999999999989
88.66666666666666,1.609823385706477e-15,-0.012499999999999989
88.70833333333334,1.609823385706477e-15,-0.012499999999999989
88.75,1.609823385706477e-15,-0.012499999999999989
88.79166666666667,1.609823385706477e-15,-0.012499999999999989
88.83333333333333,1.609823385706477e-15,-0.012499999999999989
88.875,1.609823385706477e-15,-0.012499999999999989
88.91666666666667,1.609823385706477e-15,-0.012499999999999989
88.95833333333333,1.609823385706477e-15,-0.012499999999999989
89.0,1.609823385706477e-15,-0.012499999999999989
89.04166666666667,1.609823385706477e-15,-0.012499999999999989
89.08333333333333,1.609823385706477e-15,-0.012499999999999989
89.125,1.609823385706477e-15,-0.012499999999999989
89.16666666666666,1.609823385706477e-15,-0.012499999999999989
89.20833333333334,1.609823385706477e-15,-0.012499999999999989
89.25,1.609823385706477e-15,-0.012499999999999989
89.29166666666666,1.609823385706477e-15,-0.012499999999999989
89.33333333333333,1.609823385706477e-15,-0.012499999999999989
89.375,1.609823385706477e-15,-0.012499999999999989
89.41666666666667,1.609823385706477e-15,-0.012499999999999989
89.45833333333333,1.609823385706477e-15,-0.012499999999999989
89.5,1.609823385706477e-15,-0.012499999999999989
89.54166666666667,1.609823385706477e-15,-0.012499999999999989
89.58333333333333,1.609823385706477e-15,-0.012499999999999989
89.625,1.609823385706477e-15,-0.012499999999999989
89.66666666666667,1.609823385706477e-15,-0.012499999999999989
89.70833333333334,1.609823385706477e-15,-0.012499999999999989
89.75,1.609823385706477e-15,-0.012499999999999989
89.79166666666666,1.609823385706477e-15,-0.012499999999999989
89.83333333333334,1.609823385706477e-15,-0.012499999999999989
89.875,1.609823385706477e-15,-0.012499999999999989
89.91666666666667,1.609823385706477e-15,-0.012499999999999989
89.95833333333333,1.609823385706477e-15,-0.012499999999999989
90.0,1.609823385706477e-15,-0.012499999999999989
90.04166666666667,1.609823385706477e-15,-0.012499999999999989
90.08333333333333,1.609823385706477e-15,-0.012499999999999989
90.125,1.609823385706477e-15,-0.012499999999999989
90.16666666666667,1.609823385706477e-15,-0.012499999999999989
90.20833333333333,1.609823385706477e-15,-0.012499999999999989
90.25,1.609823385706477e-15,-0.012499999999999989
90.29166666666666,1.609823385706477e-15,-0.012499999999999989
90.33333333333334,1.609823385706477e-15,-0.012499999999999989
90.375,1.609823385706477e-15,-0.012499999999999989
90.41666666666667,1.609823385706477e-15,-0.012499999999999989
90.45833333333333,1.609823385706477e-15,-0.012499999999999989
90.5,1.609823385706477e-15,-0.012499999999999989
90.54166666666667,1.609823385706477e-15,-0.012499999999999989
90.58333333333333,1.609823385706477e-15,-0.012499999999999989
90.625,1.609823385706477e-15,-0.012499999999999989
90.66666666666667,1.609823385706477e-15,-0.012499999999999989
90.70833333333333,1.609823385706477e-15,-0.012499999999999989
90.75,1.609823385706477e-15,-0.012499999999999989
90.79166666666666,1.609823385706477e-15,-0.012499999999999989
90.83333333333334,1.609823385706477e-15,-0.012499999999999989
90.875,1.609823385706477e-15,-0.012499999999999989
90.91666666666666,1.609823385706477e-15,-0.012499999999999989
90.95833333333334,1.609823385706477e-15,-0.012499999999999989
91.0,1.609823385706477e-15,-0.012499999999999989
91.04166666666667,1.609823385706477e-15,-0.012499999999999989
91.08333333333333,1.609823385706477e-15,-0.012499999999999989
91.125,1.609823385706477e-15,-0.012499999999999989
91.16666666666667,1.609823385706477e-15,-0.012499999999999989
91.20833333333333,1.609823385706477e-15,-0.012499999999999989
91.25,1.609823385706477e-15,-0.012499999999999989
91.29166666666667,1.609823385706477e-15,-0.012499999999999989
91.33333333333333,1.609823385706477e-15,-0.012499999999999989
91.375,1.609823385706477e-15,-0.012499999999999989
91.41666666666666,1.609823385706477e-15,-0.012499999999999989
91.45833333333334,1.609823385706477e-15,-0.012499999999999989
91.5,1.609823385706477e-15,-0.012499999999999989
91.54166666666667,1.609823385706477e-15,-0.012499999999999989
91.58333333333333,1.609823385706477e-15,-0.012499999999999989
91.625,1.609823385706477e-15,-0.012499999999999989
91.66666666666667,1.609823385706477e-15,-0.012499999999999989
91.70833333333333,1.609823385706477e-15,-0.012499999999999989
91.75,1.609823385706477e-15,-0.012499999999999989
91.79166666666667,1.609823385706477e-15,-0.012499999999999989
91.83333333333333,1.609823385706477e-15,-0.012499999999999989
91.875,1.609823385706477e-15,-0.012499999999999989
91.91666666666666,1.609823385706477e-15,-0.012499999999999989
91.95833333333334,1.609823385706477e-15,-0.012499999999999989
92.0,1.609823385706477e-15,-0.012499999999999989
92.04166666666666,1.609823385706477e-15,-0.012499999999999989
92.08333333333334,1.609823385706477e-15,-0.012499999999999989
92.125,1.609823385706477e-15,-0.012499999999999989
92.16666666666667,1.609823385706477e-15,-0.012499999999999989
92.20833333333333,1.609823385706477e-15,-0.012499999999999989
92.25,1.609823385706477e-15,-0.012499999999999989
92.29166666666667,1.609823385706477e-15,-0.012499999999999989
92.33333333333333,1.609823385706477e-15,-0.012499999999999989
92.375,1.609823385706477e-15,-0.012499999999999989
92.41666666666667,1.609823385706477e-15,-0.012499999999999989
92.45833333333333,1.609823385706477e-15,-0.012499999999999989
92.5,1.609823385706477e-15,-0.012499999999999989
92.54166666666666,1.609823385706477e-15,-0.012499999999999989
92.58333333333334,1.609823385706477e-15,-0.012499999999999989
92.625,1.609823385706477e-15,-0.012499999999999989
92.66666666666667,1.609823385706477e-15,-0.012499999999999989
92.70833333333333,1.609823385706477e-15,-0.012499999999999989
92.75,1.609823385706477e-15,-0.012499999999999989
92.79166666666667,1.609823385706477e-15,-0.012499999999999989
92.83333333333333,1.609823385706477e-15,-0.012499999999999989
92.875,1.609823385706477e-15,-0.012499999999999989
92.91666666666667,1.609823385706477e-15,-0.012499999999999989
92.95833333333333,1.609823385706477e-15,-0.012499999999999989
93.0,1.609823385706477e-15,-0.012499999999999989
93.04166666666666,1.609823385706477e-15,-0.012499999999999989
93.08333333333334,1.609823385706477e-15,-0.012499999999999989
93.125,1.609823385706477e-15,-0.012499999999999989
93.16666666666666,1.609823385706477e-15,-0.012499999999999989
93.20833333333333,1.609823385706477e-15,-0.012499999999999989
93.25,1.609823385706477e-15,-0.012499999999999989
93.29166666666667,1.609823385706477e-15,-0.012499999999999989
93.33333333333333,1.609823385706477e-15,-0.012499999999999989
93.375,1.609823385706477e-15,-0.012499999999999989
93.41666666666667,1.609823385706477e-15,-0.012499999999999989
93.45833333333333,1.609823385706477e-15,-0.012499999999999989
93.5,1.609823385706477e-15,-0.012499999999999989
93.54166666666667,1.609823385706477e-15,-0.012499999999999989
93.58333333333334,1.609823385706477e-15,-0.012499999999999989
93.625,1.609823385706477e-15,-0.012499999999999989
93.66666666666666,1.609823385706477e-15,-0.012499999999999989
93.70833333333334,1.609823385706477e-15,-0.012499999999999989
93.75,1.609823385706477e-15,-0.012499999999999989
93.79166666666667,1.609823385706477e-15,-0.012499999999999989
93.83333333333333,1.609823385706477e-15,-0.012499999999999989
93.875,1.609823385706477e-15,-0.012499999999999989
93.91666666666667,1.609823385706477e-15,-0.012499999999999989
93.95833333333333,1.609823385706477e-15,-0.012499999999999989
94.0,1.609823385706477e-15,-0.012499999999999989
94.04166666666667,1.609823385706477e-15,-0.012499999999999989
94.08333333333333,1.609823385706477e-15,-0.012499999999999989
94.125,1.609823385706477e-15,-0.012499999999999989
94.16666666666666,1.609823385706477e-15,-0.012499999999999989
94.20833333333334,1.609823385706477e-15,-0.012499999999999989
94.25,1.609823385706477e-15,-0.012499999999999989
94.29166666666666,1.609823385706477e-15,-0.012499999999999989
94.33333333333333,1.609823385706477e-15,-0.012499999999999989
94.375,1.609823385706477e-15,-0.012499999999999989
94.41666666666667,1.609823385706477e-15,-0.012499999999999989
94.45833333333333,1.609823385706477e-15,-0.012499999999999989
94.5,1.609823385706477e-15,-0.012499999999999989
94.54166666666667,1.609823385706477e-15,-0.012499999999999989
94.58333333333333,1.609823385706477e-15,-0.012499999999999989
94.625,1.609823385706477e-15,-0.012499999999999989
94.66666666666667,1.609823385706477e-15,-0.012499999999999989
94.70833333333334,1.609823385706477e-15,-0.012499999999999989
94.75,1.609823385706477e-15,-0.012499999999999989
94.79166666666666,1.609823385706477e-15,-0.012499999999999989
94.83333333333334,1.609823385706477e-15,-0.012499999999999989
94.875,1.609823385706477e-15,-0.012499999999999989
94.91666666666667,1.609823385706477e-15,-0.012499999999999989
94.95833333333333,1.609823385706477e-15,-0.012499999999999989
95.0,1.609823385706477e-15,-0.012499999999999989
95.04166666666667,1.609823385706477e-15,-0.012499999999999989
95.08333333333333,1.609823385706477e-15,-0.012499999999999989
95.125,1.609823385706477e-15,-0.012499999999999989
95.16666666666667,1.609823385706477e-15,-0.012499999999999989
95.20833333333333,1.609823385706477e-15,-0.012499999999999989
95.25,1.609823385706477e-15,-0.012499999999999989
95.29166666666666,1.609823385706477e-15,-0.012499999999999989
95.33333333333334,1.609823385706477e-15,-0.012499999999999989
95.375,1.609823385706477e-15,-0.012499999999999989
95.41666666666666,1.609823385706477e-15,-0.012499999999999989
95.45833333333333,1.609823385706477e-15,-0.012499999999999989
95.5,1.609823385706477e-15,-0.012499999999999989
95.54166666666667,1.609823385706477e-15,-0.012499999999999989
95.58333333333333,1.609823385706477e-15,-0.012499999999999989
95.625,1.609823385706477e-15,-0.012499999999999989
95.66666666666667,1.609823385706477e-15,-0.012499999999999989
95.70833333333333,1.609823385706477e-15,-0.012499999999999989
95.75,1.609823385706477e-15,-0.012499999999999989
95.79166666666667,1.609823385706477e-15,-0.012499999999999989
95.83333333333334,1.609823385706477e-15,-0.012499999999999989
95.875,1.609823385706477e-15,-0.012499999999999989
95.91666666666666,1.609823385706477e-15,-0.012499999999999989
95.95833333333334,1.609823385706477e-15,-0.012499999999999989
96.0,1.609823385706477e-15,-0.012499999999999989
96.04166666666667,1.609823385706477e-15,-0.012499999999999989
96.08333333333333,1.609823385706477e-15,-0.012499999999999989
96.125,1.609823385706477e-15,-0.012499999999999989
96.16666666666667,1.609823385706477e-15,-0.012499999999999989
96.20833333333333,1.609823385706477e-15,-0.012499999999999989
96.25,1.609823385706477e-15,-0.012499999999999989
96.29166666666667,1.609823385706477e-15,-0.012499999999999989
96.33333333333333,1.609823385706477e-15,-0.012499999999999989
96.375,1.609823385706477e-15,-0.012499999999999989
96.41666666666666,1.609823385706477e-15,-0.012499999999999989
96.45833333333334,1.609823385706477e-15,-0.012499999999999989
96.5,1.609823385706477e-15,-0.012499999999999989
96.54166666666666,1.609823385706477e-15,-0.012499999999999989
96.58333333333333,1.609823385706477e-15,-0.012499999999999989
96.625,1.609823385706477e-15,-0.012499999999999989
96.66666666666667,1.609823385706477e-15,-0.012499999999999989
96.70833333333333,1.609823385706477e-15,-0.012499999999999989
96.75,1.609823385706477e-15,-0.012499999999999989
96.79166666666667,1.609823385706477e-15,-0.012499999999999989
96.83333333333333,1.609823385706477e-15,-0.012499999999999989
96.875,1.609823385706477e-15,-0.012499999999999989
96.91666666666667,1.609823385706477e-15,-0.012499999999999989
96.95833333333334,1.609823385706477e-15,-0.012499999999999989
97.0,1.609823385706477e-15,-0.012499999999999989
97.04166666666666,1.609823385706477e-15,-0.012499999999999989
97.08333333333334,1.609823385706477e-15,-0.012499999999999989
97.125,1.609823385706477e-15,-0.012499999999999989
97.16666666666667,1.609823385706477e-15,-0.012499999999999989
97.20833333333333,1.609823385706477e-15,-0.012499999999999989
97.25,1.609823385706477e-15,-0.012499999999999989
97.29166666666667,1.609823385706477e-15,-0.012499999999999989
97.33333333333333,1.609823385706477e-15,-0.012499999999999989
97.375,1.609823385706477e-15,-0.012499999999999989
97.41666666666667,1.609823385706477e-15,-0.012499999999999989
97.45833333333333,1.609823385706477e-15,-0.012499999999999989
97.5,1.609823385706477e-15,-0.012499999999999989
97.54166666666666,1.609823385706477e-15,-0.012499999999999989
97.58333333333334,1.609823385706477e-15,-0.012499999999999989
97.625,1.609823385706477e-15,-0.012499999999999989
97.66666666666667,1.609823385706477e-15,-0.012499999999999989
97.70833333333333,1.609823385706477e-15,-0.012499999999999989
97.75,1.609823385706477e-15,-0.012499999999999989
97.79166666666667,1.609823385706477e-15,-0.012499999999999989
97.83333333333333,1.609823385706477e-15,-0.012499999999999989
97.875,1.609823385706477e-15,-0.012499999999999989
97.91666666666667,1.609823385706477e-15,-0.012499999999999989
97.95833333333333,1.609823385706477e-15,-0.012499999999999989
98.0,1.609823385706477e-15,-0.012499999999999989
98.04166666666666,1.609823385706477e-15,-0.012499999999999989
98.08333333333334,1.609823385706477e-15,-0.012499999999999989
98.125,1.609823385706477e-15,-0.012499999999999989
98.16666666666666,1.609823385706477e-15,-0.012499999999999989
98.20833333333334,1.609823385706477e-15,-0.012499999999999989
98.25,1.609823385706477e-15,-0.012499999999999989
98.29166666666667,1.609823385706477e-15,-0.012499999999999989
98.33333333333333,1.609823385706477e-15,-0.012499999999999989
98.375,1.609823385706477e-15,-0.012499999999999989
98.41666666666667,1.609823385706477e-15,-0.012499999999999989
98.45833333333333,1.609823385706477e-15,-0.012499999999999989
98.5,1.609823385706477e-15,-0.012499999999999989
98.54166666666667,1.609823385706477e-15,-0.012499999999999989
98.58333333333333,1.609823385706477e-15,-0.012499999999999989
98.625,1.609823385706477e-15,-0.012499999999999989
98.66666666666666,1.609823385706477e-15,-0.012499999999999989
98.70833333333334,1.609823385706477e-15,-0.012499999999999989
98.75,1.609823385706477e-15,-0.012499999999999989
98.79166666666667,1.609823385706477e-15,-0.012499999999999989
98.83333333333333,1.609823385706477e-15,-0.012499999999999989
98.875,1.609823385706477e-15,-0.012499999999999989
98.91666666666667,1.609823385706477e-15,-0.012499999999999989
98.95833333333333,1.609823385706477e-15,-0.012499999999999989
99.0,1.609823385706477e-15,-0.012499999999999989
99.04166666666667,1.609823385706477e-15,-0.012499999999999989
99.08333333333333,1.609823385706477e-15,-0.012499999999999989
99.125,1.609823385706477e-15,-0.012499999999999989
99.16666666666666,1.609823385706477e-15,-0.012499999999999989
99.20833333333334,1.609823385706477e-15,-0.012499999999999989
99.25,1.609823385706477e-15,-0.012499999999999989
99.29166666666666,1.609823385706477e-15,-0.012499999999999989
99.33333333333334,1.609823385706477e-15,-0.012499999999999989
99.375,1.609823385706477e-15,-0.012499999999999989
99.41666666666667,1.609823385706477e-15,-0.012499999999999989
99.45833333333333,1.609823385706477e-15,-0.012499999999999989
99.5,1.609823385706477e-15,-0.012499999999999989
99.54166666666667,1.609823385706477e-15,-0.012499999999999989
99.58333333333333,1.609823385706477e-15,-0.012499999999999989
99.625,1.609823385706477e-15,-0.012499999999999989
99.66666666666667,1.609823385706477e-15,-0.012499999999999989
99.70833333333333,1.609823385706477e-15,-0.012499999999999989
99.75,1.609823385706477e-15,-0.012499999999999989
99.79166666666666,1.609823385706477e-15,-0.012499999999999989
99.83333333333334,1.609823385706477e-15,-0.012499999999999989
99.875,1.609823385706477e-15,-0.012499999999999989
99.91666666666667,1.609823385706477e-15,-0.012499999999999989
99.95833333333333,1.609823385706477e-15,-0.012499999999999989
