time_s,code,state,phase_error_rad,vctrl_v,vc1_v,fvco_hz,searches
0.000000000000000000e+00,1.270000000000000000e+02,0.000000000000000000e+00,6.999999999999999556e-01,5.999999999999999778e-01,5.999999999999999778e-01,3.118438937665384293e+09,1.000000000000000000e+00
4.166666666666666919e-08,1.270000000000000000e+02,0.000000000000000000e+00,2.913148364812853108e-01,5.999999999999999778e-01,5.999999999999999778e-01,3.118438937665384293e+09,1.000000000000000000e+00
8.333333333333333839e-08,1.270000000000000000e+02,0.000000000000000000e+00,-1.173703270374179958e-01,5.999999999999999778e-01,5.999999999999999778e-01,3.118438937665384293e+09,1.000000000000000000e+00
1.249999999999999943e-07,1.270000000000000000e+02,0.000000000000000000e+00,-5.260554905560929084e-01,5.999999999999999778e-01,5.999999999999999778e-01,3.118438937665384293e+09,1.000000000000000000e+00
1.666666666666666768e-07,1.270000000000000000e+02,0.000000000000000000e+00,-9.347406540747678072e-01,5.999999999999999778e-01,5.999999999999999778e-01,3.118438937665384293e+09,1.000000000000000000e+00
2.083333333333333327e-07,1.270000000000000000e+02,0.000000000000000000e+00,-1.343425817593442595e+00,5.999999999999999778e-01,5.999999999999999778e-01,3.118438937665384293e+09,1.000000000000000000e+00
2.499999999999999887e-07,1.270000000000000000e+02,0.000000000000000000e+00,-1.752110981112231292e+00,5.999999999999999778e-01,5.999999999999999778e-01,3.118438937665384293e+09,1.000000000000000000e+00
2.916666666666666446e-07,1.270000000000000000e+02,0.000000000000000000e+00,-2.160796144631019988e+00,5.999999999999999778e-01,5.999999999999999778e-01,3.118438937665384293e+09,1.000000000000000000e+00
3.333333333333333535e-07,1.270000000000000000e+02,0.000000000000000000e+00,-2.569481308149808463e+00,5.999999999999999778e-01,5.999999999999999778e-01,3.118438937665384293e+09,1.000000000000000000e+00
3.750000000000000095e-07,1.270000000000000000e+02,0.000000000000000000e+00,-2.978166471668596937e+00,5.999999999999999778e-01,5.999999999999999778e-01,3.118438937665384293e+09,1.000000000000000000e+00
4.166666666666666655e-07,1.270000000000000000e+02,0.000000000000000000e+00,2.896333671992428194e+00,5.999999999999999778e-01,5.999999999999999778e-01,3.118438937665384293e+09,1.000000000000000000e+00
4.583333333333333214e-07,1.270000000000000000e+02,0.000000000000000000e+00,2.487648508473867093e+00,5.999999999999999778e-01,5.999999999999999778e-01,3.118438937665384293e+09,1.000000000000000000e+00
4.999999999999999774e-07,1.270000000000000000e+02,0.000000000000000000e+00,2.078963344955305992e+00,5.999999999999999778e-01,5.999999999999999778e-01,3.118438937665384293e+09,1.000000000000000000e+00
5.416666666666666333e-07,1.270000000000000000e+02,0.000000000000000000e+00,1.670278181436744669e+00,5.999999999999999778e-01,5.999999999999999778e-01,3.118438937665384293e+09,1.000000000000000000e+00
5.833333333333332893e-07,1.270000000000000000e+02,0.000000000000000000e+00,1.261593017918183346e+00,5.999999999999999778e-01,5.999999999999999778e-01,3.118438937665384293e+09,1.000000000000000000e+00
6.250000000000000511e-07,1.270000000000000000e+02,0.000000000000000000e+00,8.529078543996222450e-01,5.999999999999999778e-01,5.999999999999999778e-01,3.118438937665384293e+09,1.000000000000000000e+00
6.666666666666667071e-07,1.270000000000000000e+02,0.000000000000000000e+00,4.442226908810609776e-01,5.999999999999999778e-01,5.999999999999999778e-01,3.118438937665384293e+09,1.000000000000000000e+00
7.083333333333333630e-07,1.270000000000000000e+02,0.000000000000000000e+00,3.553752736249974481e-02,5.999999999999999778e-01,5.999999999999999778e-01,3.118438937665384293e+09,1.000000000000000000e+00
7.500000000000000190e-07,1.270000000000000000e+02,0.000000000000000000e+00,-3.731476361560615018e-01,5.999999999999999778e-01,5.999999999999999778e-01,3.118438937665384293e+09,1.000000000000000000e+00
7.916666666666666750e-07,1.270000000000000000e+02,0.000000000000000000e+00,-7.818327996746226027e-01,5.999999999999999778e-01,5.999999999999999778e-01,3.118438937665384293e+09,1.000000000000000000e+00
8.333333333333333309e-07,1.270000000000000000e+02,0.000000000000000000e+00,-1.190517963193638673e+00,5.999999999999999778e-01,5.999999999999999778e-01,3.118438937665384293e+09,1.000000000000000000e+00
8.749999999999999869e-07,1.270000000000000000e+02,0.000000000000000000e+00,-1.599203126712654521e+00,5.999999999999999778e-01,5.999999999999999778e-01,3.118438937665384293e+09,1.000000000000000000e+00
9.166666666666666428e-07,1.270000000000000000e+02,0.000000000000000000e+00,-2.007888290231670592e+00,5.999999999999999778e-01,5.999999999999999778e-01,3.118438937665384293e+09,1.000000000000000000e+00
9.583333333333334047e-07,1.270000000000000000e+02,0.000000000000000000e+00,-2.416573453750686440e+00,5.999999999999999778e-01,5.999999999999999778e-01,3.118438937665384293e+09,1.000000000000000000e+00
9.999999999999999547e-07,1.270000000000000000e+02,0.000000000000000000e+00,-2.825258617269702288e+00,5.999999999999999778e-01,5.999999999999999778e-01,3.118438937665384293e+09,1.000000000000000000e+00
1.041666666666666717e-06,1.270000000000000000e+02,0.000000000000000000e+00,3.049241526390868096e+00,5.999999999999999778e-01,5.999999999999999778e-01,3.118438937665384293e+09,1.000000000000000000e+00
1.083333333333333267e-06,1.270000000000000000e+02,0.000000000000000000e+00,2.640556362871852247e+00,5.999999999999999778e-01,5.999999999999999778e-01,3.118438937665384293e+09,1.000000000000000000e+00
1.125000000000000029e-06,1.270000000000000000e+02,0.000000000000000000e+00,2.231871199352835955e+00,5.999999999999999778e-01,5.999999999999999778e-01,3.118438937665384293e+09,1.000000000000000000e+00
1.166666666666666579e-06,1.270000000000000000e+02,0.000000000000000000e+00,1.823186035833820107e+00,5.999999999999999778e-01,5.999999999999999778e-01,3.118438937665384293e+09,1.000000000000000000e+00
1.208333333333333340e-06,1.270000000000000000e+02,0.000000000000000000e+00,1.414500872314804258e+00,5.999999999999999778e-01,5.999999999999999778e-01,3.118438937665384293e+09,1.000000000000000000e+00
1.250000000000000102e-06,1.270000000000000000e+02,0.000000000000000000e+00,1.005815708795788188e+00,5.999999999999999778e-01,5.999999999999999778e-01,3.118438937665384293e+09,1.000000000000000000e+00
1.291666666666666652e-06,1.270000000000000000e+02,0.000000000000000000e+00,5.971305452767722288e-01,5.999999999999999778e-01,5.999999999999999778e-01,3.118438937665384293e+09,1.000000000000000000e+00
1.333333333333333414e-06,1.270000000000000000e+02,0.000000000000000000e+00,1.884453817577563528e-01,5.999999999999999778e-01,5.999999999999999778e-01,3.118438937665384293e+09,1.000000000000000000e+00
1.374999999999999964e-06,1.270000000000000000e+02,0.000000000000000000e+00,-2.202397817612596065e-01,5.999999999999999778e-01,5.999999999999999778e-01,3.118438937665384293e+09,1.000000000000000000e+00
1.416666666666666726e-06,6.300000000000000000e+01,0.000000000000000000e+00,-6.289249452802755380e-01,5.999999999999999778e-01,5.999999999999999778e-01,3.481407809190100670e+09,1.000000000000000000e+00
1.458333333333333276e-06,6.300000000000000000e+01,0.000000000000000000e+00,-2.603613611734973410e-01,5.999999999999999778e-01,5.999999999999999778e-01,3.481407809190100670e+09,1.000000000000000000e+00
1.500000000000000038e-06,6.300000000000000000e+01,0.000000000000000000e+00,1.082022229332809116e-01,5.999999999999999778e-01,5.999999999999999778e-01,3.481407809190100670e+09,1.000000000000000000e+00
1.541666666666666588e-06,6.300000000000000000e+01,0.000000000000000000e+00,4.767658070400591641e-01,5.999999999999999778e-01,5.999999999999999778e-01,3.481407809190100670e+09,1.000000000000000000e+00
1.583333333333333350e-06,6.300000000000000000e+01,0.000000000000000000e+00,8.453293911468373611e-01,5.999999999999999778e-01,5.999999999999999778e-01,3.481407809190100670e+09,1.000000000000000000e+00
1.624999999999999900e-06,6.300000000000000000e+01,0.000000000000000000e+00,1.213892975253615614e+00,5.999999999999999778e-01,5.999999999999999778e-01,3.481407809190100670e+09,1.000000000000000000e+00
1.666666666666666662e-06,6.300000000000000000e+01,0.000000000000000000e+00,1.582456559360393866e+00,5.999999999999999778e-01,5.999999999999999778e-01,3.481407809190100670e+09,1.000000000000000000e+00
1.708333333333333424e-06,6.300000000000000000e+01,0.000000000000000000e+00,1.951020143467172119e+00,5.999999999999999778e-01,5.999999999999999778e-01,3.481407809190100670e+09,1.000000000000000000e+00
1.749999999999999974e-06,6.300000000000000000e+01,0.000000000000000000e+00,2.319583727573041099e+00,5.999999999999999778e-01,5.999999999999999778e-01,3.481407809190100670e+09,1.000000000000000000e+00
1.791666666666666736e-06,6.300000000000000000e+01,0.000000000000000000e+00,2.688147311679819129e+00,5.999999999999999778e-01,5.999999999999999778e-01,3.481407809190100670e+09,1.000000000000000000e+00
1.833333333333333286e-06,6.300000000000000000e+01,0.000000000000000000e+00,3.056710895786597160e+00,5.999999999999999778e-01,5.999999999999999778e-01,3.481407809190100670e+09,1.000000000000000000e+00
1.875000000000000048e-06,6.300000000000000000e+01,0.000000000000000000e+00,-2.857910827286211042e+00,5.999999999999999778e-01,5.999999999999999778e-01,3.481407809190100670e+09,1.000000000000000000e+00
1.916666666666666809e-06,6.300000000000000000e+01,0.000000000000000000e+00,-2.489347243179432567e+00,5.999999999999999778e-01,5.999999999999999778e-01,3.481407809190100670e+09,1.000000000000000000e+00
1.958333333333333359e-06,6.300000000000000000e+01,0.000000000000000000e+00,-2.120783659072654537e+00,5.999999999999999778e-01,5.999999999999999778e-01,3.481407809190100670e+09,1.000000000000000000e+00
1.999999999999999909e-06,6.300000000000000000e+01,0.000000000000000000e+00,-1.752220074965876062e+00,5.999999999999999778e-01,5.999999999999999778e-01,3.481407809190100670e+09,1.000000000000000000e+00
2.041666666666666460e-06,6.300000000000000000e+01,0.000000000000000000e+00,-1.383656490859097810e+00,5.999999999999999778e-01,5.999999999999999778e-01,3.481407809190100670e+09,1.000000000000000000e+00
2.083333333333333433e-06,6.300000000000000000e+01,0.000000000000000000e+00,-1.015092906752319779e+00,5.999999999999999778e-01,5.999999999999999778e-01,3.481407809190100670e+09,1.000000000000000000e+00
2.124999999999999983e-06,6.300000000000000000e+01,0.000000000000000000e+00,-6.465293226455414155e-01,5.999999999999999778e-01,5.999999999999999778e-01,3.481407809190100670e+09,1.000000000000000000e+00
2.166666666666666533e-06,6.300000000000000000e+01,0.000000000000000000e+00,-2.779657385387631630e-01,5.999999999999999778e-01,5.999999999999999778e-01,3.481407809190100670e+09,1.000000000000000000e+00
2.208333333333333507e-06,6.300000000000000000e+01,0.000000000000000000e+00,9.059784556801508959e-02,5.999999999999999778e-01,5.999999999999999778e-01,3.481407809190100670e+09,1.000000000000000000e+00
2.250000000000000057e-06,6.300000000000000000e+01,0.000000000000000000e+00,4.591614296747932866e-01,5.999999999999999778e-01,5.999999999999999778e-01,3.481407809190100670e+09,1.000000000000000000e+00
2.291666666666666607e-06,6.300000000000000000e+01,0.000000000000000000e+00,8.277250137815714837e-01,5.999999999999999778e-01,5.999999999999999778e-01,3.481407809190100670e+09,1.000000000000000000e+00
2.333333333333333157e-06,6.300000000000000000e+01,0.000000000000000000e+00,1.196288597888349736e+00,5.999999999999999778e-01,5.999999999999999778e-01,3.481407809190100670e+09,1.000000000000000000e+00
2.375000000000000131e-06,6.300000000000000000e+01,0.000000000000000000e+00,1.564852181995127989e+00,5.999999999999999778e-01,5.999999999999999778e-01,3.481407809190100670e+09,1.000000000000000000e+00
2.416666666666666681e-06,6.300000000000000000e+01,0.000000000000000000e+00,1.933415766101906241e+00,5.999999999999999778e-01,5.999999999999999778e-01,3.481407809190100670e+09,1.000000000000000000e+00
2.458333333333333231e-06,6.300000000000000000e+01,0.000000000000000000e+00,2.301979350208684494e+00,5.999999999999999778e-01,5.999999999999999778e-01,3.481407809190100670e+09,1.000000000000000000e+00
2.500000000000000205e-06,6.300000000000000000e+01,0.000000000000000000e+00,2.670542934315462968e+00,5.999999999999999778e-01,5.999999999999999778e-01,3.481407809190100670e+09,1.000000000000000000e+00
2.541666666666666755e-06,6.300000000000000000e+01,0.000000000000000000e+00,3.039106518422240999e+00,5.999999999999999778e-01,5.999999999999999778e-01,3.481407809190100670e+09,1.000000000000000000e+00
2.583333333333333305e-06,6.300000000000000000e+01,0.000000000000000000e+00,-2.875515204650567203e+00,5.999999999999999778e-01,5.999999999999999778e-01,3.481407809190100670e+09,1.000000000000000000e+00
2.624999999999999855e-06,6.300000000000000000e+01,0.000000000000000000e+00,-2.506951620543788728e+00,5.999999999999999778e-01,5.999999999999999778e-01,3.481407809190100670e+09,1.000000000000000000e+00
2.666666666666666828e-06,6.300000000000000000e+01,0.000000000000000000e+00,-2.138388036437010697e+00,5.999999999999999778e-01,5.999999999999999778e-01,3.481407809190100670e+09,1.000000000000000000e+00
2.708333333333333378e-06,6.300000000000000000e+01,0.000000000000000000e+00,-1.769824452330232445e+00,5.999999999999999778e-01,5.999999999999999778e-01,3.481407809190100670e+09,1.000000000000000000e+00
2.749999999999999928e-06,6.300000000000000000e+01,0.000000000000000000e+00,-1.401260868223454192e+00,5.999999999999999778e-01,5.999999999999999778e-01,3.481407809190100670e+09,1.000000000000000000e+00
2.791666666666666479e-06,6.300000000000000000e+01,0.000000000000000000e+00,-1.032697284116675940e+00,5.999999999999999778e-01,5.999999999999999778e-01,3.481407809190100670e+09,1.000000000000000000e+00
2.833333333333333452e-06,6.300000000000000000e+01,0.000000000000000000e+00,-6.641337000098977983e-01,5.999999999999999778e-01,5.999999999999999778e-01,3.481407809190100670e+09,1.000000000000000000e+00
2.875000000000000002e-06,3.100000000000000000e+01,0.000000000000000000e+00,-2.955701159031194902e-01,5.999999999999999778e-01,5.999999999999999778e-01,3.717891948614120960e+09,1.000000000000000000e+00
2.916666666666666552e-06,3.100000000000000000e+01,0.000000000000000000e+00,-8.474566781761646572e-01,5.999999999999999778e-01,5.999999999999999778e-01,3.717891948614120960e+09,1.000000000000000000e+00
2.958333333333333526e-06,3.100000000000000000e+01,0.000000000000000000e+00,-1.399343240449209658e+00,5.999999999999999778e-01,5.999999999999999778e-01,3.717891948614120960e+09,1.000000000000000000e+00
3.000000000000000076e-06,3.100000000000000000e+01,0.000000000000000000e+00,-1.951229802722254769e+00,5.999999999999999778e-01,5.999999999999999778e-01,3.717891948614120960e+09,1.000000000000000000e+00
3.041666666666666626e-06,3.100000000000000000e+01,0.000000000000000000e+00,-2.503116364995300103e+00,5.999999999999999778e-01,5.999999999999999778e-01,3.717891948614120960e+09,1.000000000000000000e+00
3.083333333333333176e-06,3.100000000000000000e+01,0.000000000000000000e+00,-3.055002927268345214e+00,5.999999999999999778e-01,5.999999999999999778e-01,3.717891948614120960e+09,1.000000000000000000e+00
3.125000000000000150e-06,3.100000000000000000e+01,0.000000000000000000e+00,2.676295817638196350e+00,5.999999999999999778e-01,5.999999999999999778e-01,3.717891948614120960e+09,1.000000000000000000e+00
3.166666666666666700e-06,3.100000000000000000e+01,0.000000000000000000e+00,2.124409255365151239e+00,5.999999999999999778e-01,5.999999999999999778e-01,3.717891948614120960e+09,1.000000000000000000e+00
3.208333333333333250e-06,3.100000000000000000e+01,0.000000000000000000e+00,1.572522693092105905e+00,5.999999999999999778e-01,5.999999999999999778e-01,3.717891948614120960e+09,1.000000000000000000e+00
3.249999999999999800e-06,3.100000000000000000e+01,0.000000000000000000e+00,1.020636130819060794e+00,5.999999999999999778e-01,5.999999999999999778e-01,3.717891948614120960e+09,1.000000000000000000e+00
3.291666666666666774e-06,3.100000000000000000e+01,0.000000000000000000e+00,4.687495685460156825e-01,5.999999999999999778e-01,5.999999999999999778e-01,3.717891948614120960e+09,1.000000000000000000e+00
3.333333333333333324e-06,3.100000000000000000e+01,0.000000000000000000e+00,-8.313699372702942902e-02,5.999999999999999778e-01,5.999999999999999778e-01,3.717891948614120960e+09,1.000000000000000000e+00
3.374999999999999874e-06,3.100000000000000000e+01,0.000000000000000000e+00,-6.350235560000745405e-01,5.999999999999999778e-01,5.999999999999999778e-01,3.717891948614120960e+09,1.000000000000000000e+00
3.416666666666666847e-06,3.100000000000000000e+01,0.000000000000000000e+00,-1.186910118273119652e+00,5.999999999999999778e-01,5.999999999999999778e-01,3.717891948614120960e+09,1.000000000000000000e+00
3.458333333333333397e-06,3.100000000000000000e+01,0.000000000000000000e+00,-1.738796680546164763e+00,5.999999999999999778e-01,5.999999999999999778e-01,3.717891948614120960e+09,1.000000000000000000e+00
3.499999999999999947e-06,3.100000000000000000e+01,0.000000000000000000e+00,-2.290683242819210097e+00,5.999999999999999778e-01,5.999999999999999778e-01,3.717891948614120960e+09,1.000000000000000000e+00
3.541666666666666498e-06,3.100000000000000000e+01,0.000000000000000000e+00,-2.842569805092255208e+00,5.999999999999999778e-01,5.999999999999999778e-01,3.717891948614120960e+09,1.000000000000000000e+00
3.583333333333333471e-06,3.100000000000000000e+01,0.000000000000000000e+00,2.888728939814286356e+00,5.999999999999999778e-01,5.999999999999999778e-01,3.717891948614120960e+09,1.000000000000000000e+00
3.625000000000000021e-06,3.100000000000000000e+01,0.000000000000000000e+00,2.336842377541241245e+00,5.999999999999999778e-01,5.999999999999999778e-01,3.717891948614120960e+09,1.000000000000000000e+00
3.666666666666666571e-06,3.100000000000000000e+01,0.000000000000000000e+00,1.784955815268195911e+00,5.999999999999999778e-01,5.999999999999999778e-01,3.717891948614120960e+09,1.000000000000000000e+00
3.708333333333333545e-06,3.100000000000000000e+01,0.000000000000000000e+00,1.233069252995150800e+00,5.999999999999999778e-01,5.999999999999999778e-01,3.717891948614120960e+09,1.000000000000000000e+00
3.750000000000000095e-06,3.100000000000000000e+01,0.000000000000000000e+00,6.811826907221057992e-01,5.999999999999999778e-01,5.999999999999999778e-01,3.717891948614120960e+09,1.000000000000000000e+00
3.791666666666666645e-06,3.100000000000000000e+01,0.000000000000000000e+00,1.292961284490606599e-01,5.999999999999999778e-01,5.999999999999999778e-01,3.717891948614120960e+09,1.000000000000000000e+00
3.833333333333333619e-06,3.100000000000000000e+01,0.000000000000000000e+00,-4.225904338239844793e-01,5.999999999999999778e-01,5.999999999999999778e-01,3.717891948614120960e+09,1.000000000000000000e+00
3.875000000000000169e-06,3.100000000000000000e+01,0.000000000000000000e+00,-9.744769960970295353e-01,5.999999999999999778e-01,5.999999999999999778e-01,3.717891948614120960e+09,1.000000000000000000e+00
3.916666666666666719e-06,3.100000000000000000e+01,0.000000000000000000e+00,-1.526363558370074758e+00,5.999999999999999778e-01,5.999999999999999778e-01,3.717891948614120960e+09,1.000000000000000000e+00
3.958333333333333269e-06,3.100000000000000000e+01,0.000000000000000000e+00,-2.078250120643119647e+00,5.999999999999999778e-01,5.999999999999999778e-01,3.717891948614120960e+09,1.000000000000000000e+00
3.999999999999999819e-06,3.100000000000000000e+01,0.000000000000000000e+00,-2.630136682916165203e+00,5.999999999999999778e-01,5.999999999999999778e-01,3.717891948614120960e+09,1.000000000000000000e+00
4.041666666666666369e-06,3.100000000000000000e+01,0.000000000000000000e+00,3.101162061990376362e+00,5.999999999999999778e-01,5.999999999999999778e-01,3.717891948614120960e+09,1.000000000000000000e+00
4.083333333333332919e-06,3.100000000000000000e+01,0.000000000000000000e+00,2.549275499717331250e+00,5.999999999999999778e-01,5.999999999999999778e-01,3.717891948614120960e+09,1.000000000000000000e+00
4.125000000000000316e-06,3.100000000000000000e+01,0.000000000000000000e+00,1.997388937444286139e+00,5.999999999999999778e-01,5.999999999999999778e-01,3.717891948614120960e+09,1.000000000000000000e+00
4.166666666666666866e-06,3.100000000000000000e+01,0.000000000000000000e+00,1.445502375171241027e+00,5.999999999999999778e-01,5.999999999999999778e-01,3.717891948614120960e+09,1.000000000000000000e+00
4.208333333333333416e-06,3.100000000000000000e+01,0.000000000000000000e+00,8.936158128981958049e-01,5.999999999999999778e-01,5.999999999999999778e-01,3.717891948614120960e+09,1.000000000000000000e+00
4.249999999999999966e-06,3.100000000000000000e+01,0.000000000000000000e+00,3.417292506251506934e-01,5.999999999999999778e-01,5.999999999999999778e-01,3.717891948614120960e+09,1.000000000000000000e+00
4.291666666666666517e-06,3.100000000000000000e+01,0.000000000000000000e+00,-2.101573116478944181e-01,5.999999999999999778e-01,5.999999999999999778e-01,3.717891948614120960e+09,1.000000000000000000e+00
4.333333333333333067e-06,1.500000000000000000e+01,0.000000000000000000e+00,-7.620438739209395296e-01,5.999999999999999778e-01,5.999999999999999778e-01,3.855761169724107742e+09,1.000000000000000000e+00
4.374999999999999617e-06,1.500000000000000000e+01,0.000000000000000000e+00,-2.918964596330370309e+00,5.999999999999999778e-01,5.999999999999999778e-01,3.855761169724107742e+09,1.000000000000000000e+00
4.416666666666667014e-06,1.500000000000000000e+01,0.000000000000000000e+00,1.207299988439785698e+00,5.999999999999999778e-01,5.999999999999999778e-01,3.855761169724107742e+09,1.000000000000000000e+00
4.458333333333333564e-06,1.500000000000000000e+01,0.000000000000000000e+00,-9.496207339696448591e-01,5.999999999999999778e-01,5.999999999999999778e-01,3.855761169724107742e+09,1.000000000000000000e+00
4.500000000000000114e-06,1.500000000000000000e+01,0.000000000000000000e+00,-3.106541456379075417e+00,5.999999999999999778e-01,5.999999999999999778e-01,3.855761169724107742e+09,1.000000000000000000e+00
4.541666666666666664e-06,1.500000000000000000e+01,0.000000000000000000e+00,1.019723128391080369e+00,5.999999999999999778e-01,5.999999999999999778e-01,3.855761169724107742e+09,1.000000000000000000e+00
4.583333333333333214e-06,1.500000000000000000e+01,0.000000000000000000e+00,-1.137197594018350300e+00,5.999999999999999778e-01,5.999999999999999778e-01,3.855761169724107742e+09,1.000000000000000000e+00
4.624999999999999764e-06,1.500000000000000000e+01,0.000000000000000000e+00,2.989066990751805708e+00,5.999999999999999778e-01,5.999999999999999778e-01,3.855761169724107742e+09,1.000000000000000000e+00
4.666666666666666314e-06,1.500000000000000000e+01,0.000000000000000000e+00,8.321462683423751505e-01,5.999999999999999778e-01,5.999999999999999778e-01,3.855761169724107742e+09,1.000000000000000000e+00
4.708333333333333711e-06,1.500000000000000000e+01,0.000000000000000000e+00,-1.324774454067055407e+00,5.999999999999999778e-01,5.999999999999999778e-01,3.855761169724107742e+09,1.000000000000000000e+00
4.750000000000000262e-06,1.500000000000000000e+01,0.000000000000000000e+00,2.801490130703100156e+00,5.999999999999999778e-01,5.999999999999999778e-01,3.855761169724107742e+09,1.000000000000000000e+00
4.791666666666666812e-06,1.500000000000000000e+01,0.000000000000000000e+00,6.445694082936698210e-01,5.999999999999999778e-01,5.999999999999999778e-01,3.855761169724107742e+09,1.000000000000000000e+00
4.833333333333333362e-06,1.500000000000000000e+01,0.000000000000000000e+00,-1.512351314115760736e+00,5.999999999999999778e-01,5.999999999999999778e-01,3.855761169724107742e+09,1.000000000000000000e+00
4.874999999999999912e-06,1.500000000000000000e+01,0.000000000000000000e+00,2.613913270654395049e+00,5.999999999999999778e-01,5.999999999999999778e-01,3.855761169724107742e+09,1.000000000000000000e+00
4.916666666666666462e-06,1.500000000000000000e+01,0.000000000000000000e+00,4.569925482449644916e-01,5.999999999999999778e-01,5.999999999999999778e-01,3.855761169724107742e+09,1.000000000000000000e+00
4.958333333333333012e-06,1.500000000000000000e+01,0.000000000000000000e+00,-1.699928174164466066e+00,5.999999999999999778e-01,5.999999999999999778e-01,3.855761169724107742e+09,1.000000000000000000e+00
5.000000000000000409e-06,1.500000000000000000e+01,0.000000000000000000e+00,2.426336410605689942e+00,5.999999999999999778e-01,5.999999999999999778e-01,3.855761169724107742e+09,1.000000000000000000e+00
5.041666666666666959e-06,1.500000000000000000e+01,0.000000000000000000e+00,2.694156881962591066e-01,5.999999999999999778e-01,5.999999999999999778e-01,3.855761169724107742e+09,1.000000000000000000e+00
5.083333333333333509e-06,1.500000000000000000e+01,0.000000000000000000e+00,-1.887505034213171395e+00,5.999999999999999778e-01,5.999999999999999778e-01,3.855761169724107742e+09,1.000000000000000000e+00
5.125000000000000059e-06,1.500000000000000000e+01,0.000000000000000000e+00,2.238759550556984390e+00,5.999999999999999778e-01,5.999999999999999778e-01,3.855761169724107742e+09,1.000000000000000000e+00
5.166666666666666609e-06,1.500000000000000000e+01,0.000000000000000000e+00,8.183882814755380486e-02,5.999999999999999778e-01,5.999999999999999778e-01,3.855761169724107742e+09,1.000000000000000000e+00
5.208333333333333159e-06,1.500000000000000000e+01,0.000000000000000000e+00,-2.075081894261876947e+00,5.999999999999999778e-01,5.999999999999999778e-01,3.855761169724107742e+09,1.000000000000000000e+00
5.249999999999999709e-06,1.500000000000000000e+01,0.000000000000000000e+00,2.051182690508279283e+00,5.999999999999999778e-01,5.999999999999999778e-01,3.855761169724107742e+09,1.000000000000000000e+00
5.291666666666666260e-06,1.500000000000000000e+01,0.000000000000000000e+00,-1.057380319011515246e-01,5.999999999999999778e-01,5.999999999999999778e-01,3.855761169724107742e+09,1.000000000000000000e+00
5.333333333333333657e-06,1.500000000000000000e+01,0.000000000000000000e+00,-2.262658754310582054e+00,5.999999999999999778e-01,5.999999999999999778e-01,3.855761169724107742e+09,1.000000000000000000e+00
5.375000000000000207e-06,1.500000000000000000e+01,0.000000000000000000e+00,1.863605830459573731e+00,5.999999999999999778e-01,5.999999999999999778e-01,3.855761169724107742e+09,1.000000000000000000e+00
5.416666666666666757e-06,1.500000000000000000e+01,0.000000000000000000e+00,-2.933148919498568263e-01,5.999999999999999778e-01,5.999999999999999778e-01,3.855761169724107742e+09,1.000000000000000000e+00
5.458333333333333307e-06,1.500000000000000000e+01,0.000000000000000000e+00,-2.450235614359287606e+00,5.999999999999999778e-01,5.999999999999999778e-01,3.855761169724107742e+09,1.000000000000000000e+00
5.499999999999999857e-06,1.500000000000000000e+01,0.000000000000000000e+00,1.676028970410868402e+00,5.999999999999999778e-01,5.999999999999999778e-01,3.855761169724107742e+09,1.000000000000000000e+00
5.541666666666666407e-06,1.500000000000000000e+01,0.000000000000000000e+00,-4.808917519985621558e-01,5.999999999999999778e-01,5.999999999999999778e-01,3.855761169724107742e+09,1.000000000000000000e+00
5.583333333333332957e-06,1.500000000000000000e+01,0.000000000000000000e+00,-2.637812474407992713e+00,5.999999999999999778e-01,5.999999999999999778e-01,3.855761169724107742e+09,1.000000000000000000e+00
5.625000000000000354e-06,1.500000000000000000e+01,0.000000000000000000e+00,1.488452110362163072e+00,5.999999999999999778e-01,5.999999999999999778e-01,3.855761169724107742e+09,1.000000000000000000e+00
5.666666666666666904e-06,1.500000000000000000e+01,0.000000000000000000e+00,-6.684686120472674853e-01,5.999999999999999778e-01,5.999999999999999778e-01,3.855761169724107742e+09,1.000000000000000000e+00
5.708333333333333454e-06,1.500000000000000000e+01,0.000000000000000000e+00,-2.825389334456698265e+00,5.999999999999999778e-01,5.999999999999999778e-01,3.855761169724107742e+09,1.000000000000000000e+00
5.750000000000000004e-06,1.500000000000000000e+01,0.000000000000000000e+00,1.300875250313457743e+00,5.999999999999999778e-01,5.999999999999999778e-01,3.855761169724107742e+09,1.000000000000000000e+00
5.791666666666666555e-06,7.000000000000000000e+00,0.000000000000000000e+00,-8.560454720959728148e-01,5.999999999999999778e-01,5.999999999999999778e-01,3.930707455651634216e+09,1.000000000000000000e+00
5.833333333333333105e-06,7.000000000000000000e+00,0.000000000000000000e+00,-2.241630342398382325e+00,5.999999999999999778e-01,5.999999999999999778e-01,3.930707455651634216e+09,1.000000000000000000e+00
5.874999999999999655e-06,7.000000000000000000e+00,0.000000000000000000e+00,2.655970094478794952e+00,5.999999999999999778e-01,5.999999999999999778e-01,3.930707455651634216e+09,1.000000000000000000e+00
5.916666666666667052e-06,7.000000000000000000e+00,0.000000000000000000e+00,1.270385224176385552e+00,5.999999999999999778e-01,5.999999999999999778e-01,3.930707455651634216e+09,1.000000000000000000e+00
5.958333333333333602e-06,7.000000000000000000e+00,0.000000000000000000e+00,-1.151996461260239302e-01,5.999999999999999778e-01,5.999999999999999778e-01,3.930707455651634216e+09,1.000000000000000000e+00
6.000000000000000152e-06,7.000000000000000000e+00,0.000000000000000000e+00,-1.500784516428433246e+00,5.999999999999999778e-01,5.999999999999999778e-01,3.930707455651634216e+09,1.000000000000000000e+00
6.041666666666666702e-06,7.000000000000000000e+00,0.000000000000000000e+00,-2.886369386730842646e+00,5.999999999999999778e-01,5.999999999999999778e-01,3.930707455651634216e+09,1.000000000000000000e+00
6.083333333333333252e-06,7.000000000000000000e+00,0.000000000000000000e+00,2.011231050146334187e+00,5.999999999999999778e-01,5.999999999999999778e-01,3.930707455651634216e+09,1.000000000000000000e+00
6.124999999999999802e-06,7.000000000000000000e+00,0.000000000000000000e+00,6.256461798439250099e-01,5.999999999999999778e-01,5.999999999999999778e-01,3.930707455651634216e+09,1.000000000000000000e+00
6.166666666666666352e-06,7.000000000000000000e+00,0.000000000000000000e+00,-7.599386904584843894e-01,5.999999999999999778e-01,5.999999999999999778e-01,3.930707455651634216e+09,1.000000000000000000e+00
6.208333333333333749e-06,7.000000000000000000e+00,0.000000000000000000e+00,-2.145523560760894011e+00,5.999999999999999778e-01,5.999999999999999778e-01,3.930707455651634216e+09,1.000000000000000000e+00
6.250000000000000300e-06,7.000000000000000000e+00,0.000000000000000000e+00,2.752076876116283266e+00,5.999999999999999778e-01,5.999999999999999778e-01,3.930707455651634216e+09,1.000000000000000000e+00
6.291666666666666850e-06,7.000000000000000000e+00,0.000000000000000000e+00,1.366492005813873867e+00,5.999999999999999778e-01,5.999999999999999778e-01,3.930707455651634216e+09,1.000000000000000000e+00
6.333333333333333400e-06,7.000000000000000000e+00,0.000000000000000000e+00,-1.909286448853557069e-02,5.999999999999999778e-01,5.999999999999999778e-01,3.930707455651634216e+09,1.000000000000000000e+00
6.374999999999999950e-06,7.000000000000000000e+00,0.000000000000000000e+00,-1.404677734790944932e+00,5.999999999999999778e-01,5.999999999999999778e-01,3.930707455651634216e+09,1.000000000000000000e+00
6.416666666666666500e-06,7.000000000000000000e+00,0.000000000000000000e+00,-2.790262605093354331e+00,5.999999999999999778e-01,5.999999999999999778e-01,3.930707455651634216e+09,1.000000000000000000e+00
6.458333333333333050e-06,7.000000000000000000e+00,0.000000000000000000e+00,2.107337831783822502e+00,5.999999999999999778e-01,5.999999999999999778e-01,3.930707455651634216e+09,1.000000000000000000e+00
6.499999999999999600e-06,7.000000000000000000e+00,0.000000000000000000e+00,7.217529614814133243e-01,5.999999999999999778e-01,5.999999999999999778e-01,3.930707455651634216e+09,1.000000000000000000e+00
6.541666666666666997e-06,7.000000000000000000e+00,0.000000000000000000e+00,-6.638319088209960750e-01,5.999999999999999778e-01,5.999999999999999778e-01,3.930707455651634216e+09,1.000000000000000000e+00
6.583333333333333547e-06,7.000000000000000000e+00,0.000000000000000000e+00,-2.049416779123405696e+00,5.999999999999999778e-01,5.999999999999999778e-01,3.930707455651634216e+09,1.000000000000000000e+00
6.625000000000000097e-06,7.000000000000000000e+00,0.000000000000000000e+00,2.848183657753771580e+00,5.999999999999999778e-01,5.999999999999999778e-01,3.930707455651634216e+09,1.000000000000000000e+00
6.666666666666666647e-06,7.000000000000000000e+00,0.000000000000000000e+00,1.462598787451362181e+00,5.999999999999999778e-01,5.999999999999999778e-01,3.930707455651634216e+09,1.000000000000000000e+00
6.708333333333333197e-06,7.000000000000000000e+00,0.000000000000000000e+00,7.701391714895279572e-02,5.999999999999999778e-01,5.999999999999999778e-01,3.930707455651634216e+09,1.000000000000000000e+00
6.749999999999999747e-06,7.000000000000000000e+00,0.000000000000000000e+00,-1.308570953153456617e+00,5.999999999999999778e-01,5.999999999999999778e-01,3.930707455651634216e+09,1.000000000000000000e+00
6.791666666666666298e-06,7.000000000000000000e+00,0.000000000000000000e+00,-2.694155823455866017e+00,5.999999999999999778e-01,5.999999999999999778e-01,3.930707455651634216e+09,1.000000000000000000e+00
6.833333333333333695e-06,7.000000000000000000e+00,0.000000000000000000e+00,2.203444613421311260e+00,5.999999999999999778e-01,5.999999999999999778e-01,3.930707455651634216e+09,1.000000000000000000e+00
6.875000000000000245e-06,7.000000000000000000e+00,0.000000000000000000e+00,8.178597431189017497e-01,5.999999999999999778e-01,5.999999999999999778e-01,3.930707455651634216e+09,1.000000000000000000e+00
6.916666666666666795e-06,7.000000000000000000e+00,0.000000000000000000e+00,-5.677251271835077606e-01,5.999999999999999778e-01,5.999999999999999778e-01,3.930707455651634216e+09,1.000000000000000000e+00
6.958333333333333345e-06,7.000000000000000000e+00,0.000000000000000000e+00,-1.953309997485917160e+00,5.999999999999999778e-01,5.999999999999999778e-01,3.930707455651634216e+09,1.000000000000000000e+00
6.999999999999999895e-06,7.000000000000000000e+00,0.000000000000000000e+00,2.944290439391259895e+00,5.999999999999999778e-01,5.999999999999999778e-01,3.930707455651634216e+09,1.000000000000000000e+00
7.041666666666666445e-06,7.000000000000000000e+00,0.000000000000000000e+00,1.558705569088850496e+00,5.999999999999999778e-01,5.999999999999999778e-01,3.930707455651634216e+09,1.000000000000000000e+00
7.083333333333332995e-06,7.000000000000000000e+00,0.000000000000000000e+00,1.731206987864411517e-01,5.999999999999999778e-01,5.999999999999999778e-01,3.930707455651634216e+09,1.000000000000000000e+00
7.125000000000000392e-06,7.000000000000000000e+00,0.000000000000000000e+00,-1.212464171515968303e+00,5.999999999999999778e-01,5.999999999999999778e-01,3.930707455651634216e+09,1.000000000000000000e+00
7.166666666666666942e-06,7.000000000000000000e+00,0.000000000000000000e+00,-2.598049041818377702e+00,5.999999999999999778e-01,5.999999999999999778e-01,3.930707455651634216e+09,1.000000000000000000e+00
7.208333333333333492e-06,7.000000000000000000e+00,0.000000000000000000e+00,2.299551395058799574e+00,5.999999999999999778e-01,5.999999999999999778e-01,3.930707455651634216e+09,1.000000000000000000e+00
7.250000000000000043e-06,3.000000000000000000e+00,0.000000000000000000e+00,9.139665247563899531e-01,5.999999999999999778e-01,5.999999999999999778e-01,3.969857485038919926e+09,1.000000000000000000e+00
7.291666666666666593e-06,3.000000000000000000e+00,0.000000000000000000e+00,-2.788535233995276030e+00,5.999999999999999778e-01,5.999999999999999778e-01,3.969857485038919926e+09,1.000000000000000000e+00
7.333333333333333143e-06,3.000000000000000000e+00,0.000000000000000000e+00,-2.078516855673560038e-01,5.999999999999999778e-01,5.999999999999999778e-01,3.969857485038919926e+09,1.000000000000000000e+00
7.374999999999999693e-06,3.000000000000000000e+00,0.000000000000000000e+00,2.372831862860564023e+00,5.999999999999999778e-01,5.999999999999999778e-01,3.969857485038919926e+09,1.000000000000000000e+00
7.416666666666667090e-06,3.000000000000000000e+00,0.000000000000000000e+00,-1.329669895891101961e+00,5.999999999999999778e-01,5.999999999999999778e-01,3.969857485038919926e+09,1.000000000000000000e+00
7.458333333333333640e-06,3.000000000000000000e+00,0.000000000000000000e+00,1.251013652536818288e+00,5.999999999999999778e-01,5.999999999999999778e-01,3.969857485038919926e+09,1.000000000000000000e+00
7.500000000000000190e-06,3.000000000000000000e+00,0.000000000000000000e+00,-2.451488106214847917e+00,5.999999999999999778e-01,5.999999999999999778e-01,3.969857485038919926e+09,1.000000000000000000e+00
7.541666666666666740e-06,3.000000000000000000e+00,0.000000000000000000e+00,1.291954422130721924e-01,5.999999999999999778e-01,5.999999999999999778e-01,3.969857485038919926e+09,1.000000000000000000e+00
7.583333333333333290e-06,3.000000000000000000e+00,0.000000000000000000e+00,2.709878990640992580e+00,5.999999999999999778e-01,5.999999999999999778e-01,3.969857485038919926e+09,1.000000000000000000e+00
7.624999999999999840e-06,3.000000000000000000e+00,0.000000000000000000e+00,-9.926227681106738476e-01,5.999999999999999778e-01,5.999999999999999778e-01,3.969857485038919926e+09,1.000000000000000000e+00
7.666666666666667237e-06,3.000000000000000000e+00,0.000000000000000000e+00,1.588060780317246401e+00,5.999999999999999778e-01,5.999999999999999778e-01,3.969857485038919926e+09,1.000000000000000000e+00
7.708333333333333787e-06,3.000000000000000000e+00,0.000000000000000000e+00,-2.114440978434419804e+00,5.999999999999999778e-01,5.999999999999999778e-01,3.969857485038919926e+09,1.000000000000000000e+00
7.750000000000000338e-06,3.000000000000000000e+00,0.000000000000000000e+00,4.662425699935003331e-01,5.999999999999999778e-01,5.999999999999999778e-01,3.969857485038919926e+09,1.000000000000000000e+00
7.791666666666666888e-06,3.000000000000000000e+00,0.000000000000000000e+00,3.046926118421420693e+00,5.999999999999999778e-01,5.999999999999999778e-01,3.969857485038919926e+09,1.000000000000000000e+00
7.833333333333333438e-06,3.000000000000000000e+00,0.000000000000000000e+00,-6.555756403302457347e-01,5.999999999999999778e-01,5.999999999999999778e-01,3.969857485038919926e+09,1.000000000000000000e+00
7.874999999999999988e-06,3.000000000000000000e+00,0.000000000000000000e+00,1.925107908097674514e+00,5.999999999999999778e-01,5.999999999999999778e-01,3.969857485038919926e+09,1.000000000000000000e+00
7.916666666666666538e-06,3.000000000000000000e+00,0.000000000000000000e+00,-1.777393850653991692e+00,5.999999999999999778e-01,5.999999999999999778e-01,3.969857485038919926e+09,1.000000000000000000e+00
7.958333333333333088e-06,3.000000000000000000e+00,0.000000000000000000e+00,8.032896977739285571e-01,5.999999999999999778e-01,5.999999999999999778e-01,3.969857485038919926e+09,1.000000000000000000e+00
7.999999999999999638e-06,3.000000000000000000e+00,0.000000000000000000e+00,-2.899212060977737870e+00,5.999999999999999778e-01,5.999999999999999778e-01,3.969857485038919926e+09,1.000000000000000000e+00
8.041666666666666188e-06,3.000000000000000000e+00,0.000000000000000000e+00,-3.185285125498175107e-01,5.999999999999999778e-01,5.999999999999999778e-01,3.969857485038919926e+09,1.000000000000000000e+00
8.083333333333332738e-06,3.000000000000000000e+00,0.000000000000000000e+00,2.262155035878102627e+00,5.999999999999999778e-01,5.999999999999999778e-01,3.969857485038919926e+09,1.000000000000000000e+00
8.124999999999999288e-06,3.000000000000000000e+00,0.000000000000000000e+00,-1.440346722873563579e+00,5.999999999999999778e-01,5.999999999999999778e-01,3.969857485038919926e+09,1.000000000000000000e+00
8.166666666666665838e-06,3.000000000000000000e+00,0.000000000000000000e+00,1.140336825554356670e+00,5.999999999999999778e-01,5.999999999999999778e-01,3.969857485038919926e+09,1.000000000000000000e+00
8.208333333333334082e-06,3.000000000000000000e+00,0.000000000000000000e+00,-2.562164933197309313e+00,5.999999999999999778e-01,5.999999999999999778e-01,3.969857485038919926e+09,1.000000000000000000e+00
8.250000000000000633e-06,3.000000000000000000e+00,0.000000000000000000e+00,1.851861523061067508e-02,5.999999999999999778e-01,5.999999999999999778e-01,3.969857485038919926e+09,1.000000000000000000e+00
8.291666666666667183e-06,3.000000000000000000e+00,0.000000000000000000e+00,2.599202163658530740e+00,5.999999999999999778e-01,5.999999999999999778e-01,3.969857485038919926e+09,1.000000000000000000e+00
8.333333333333333733e-06,3.000000000000000000e+00,0.000000000000000000e+00,-1.103299595093135244e+00,5.999999999999999778e-01,5.999999999999999778e-01,3.969857485038919926e+09,1.000000000000000000e+00
8.375000000000000283e-06,3.000000000000000000e+00,0.000000000000000000e+00,1.477383953334784783e+00,5.999999999999999778e-01,5.999999999999999778e-01,3.969857485038919926e+09,1.000000000000000000e+00
8.416666666666666833e-06,3.000000000000000000e+00,0.000000000000000000e+00,-2.225117805416881200e+00,5.999999999999999778e-01,5.999999999999999778e-01,3.969857485038919926e+09,1.000000000000000000e+00
8.458333333333333383e-06,3.000000000000000000e+00,0.000000000000000000e+00,3.555657430110388817e-01,5.999999999999999778e-01,5.999999999999999778e-01,3.969857485038919926e+09,1.000000000000000000e+00
8.499999999999999933e-06,3.000000000000000000e+00,0.000000000000000000e+00,2.936249291438959297e+00,5.999999999999999778e-01,5.999999999999999778e-01,3.969857485038919926e+09,1.000000000000000000e+00
8.541666666666666483e-06,3.000000000000000000e+00,0.000000000000000000e+00,-7.662524673127071306e-01,5.999999999999999778e-01,5.999999999999999778e-01,3.969857485038919926e+09,1.000000000000000000e+00
8.583333333333333033e-06,3.000000000000000000e+00,0.000000000000000000e+00,1.814431081115213118e+00,5.999999999999999778e-01,5.999999999999999778e-01,3.969857485038919926e+09,1.000000000000000000e+00
8.624999999999999583e-06,3.000000000000000000e+00,0.000000000000000000e+00,-1.888070677636453309e+00,5.999999999999999778e-01,5.999999999999999778e-01,3.969857485038919926e+09,1.000000000000000000e+00
8.666666666666666133e-06,3.000000000000000000e+00,0.000000000000000000e+00,6.926128707914670501e-01,5.999999999999999778e-01,5.999999999999999778e-01,3.969857485038919926e+09,1.000000000000000000e+00
8.708333333333332683e-06,5.000000000000000000e+00,0.000000000000000000e+00,-3.009888887960199266e+00,5.999999999999999778e-01,5.999999999999999778e-01,3.950136970986226082e+09,1.000000000000000000e+00
8.749999999999999233e-06,5.000000000000000000e+00,0.000000000000000000e+00,6.911614615673778994e-01,5.999999999999999778e-01,5.999999999999999778e-01,3.950136970986226082e+09,1.000000000000000000e+00
8.791666666666667478e-06,5.000000000000000000e+00,0.000000000000000000e+00,-1.890973496084631611e+00,5.999999999999999778e-01,5.999999999999999778e-01,3.950136970986226082e+09,1.000000000000000000e+00
8.833333333333334028e-06,5.000000000000000000e+00,0.000000000000000000e+00,1.810076853442945444e+00,5.999999999999999778e-01,5.999999999999999778e-01,3.950136970986226082e+09,1.000000000000000000e+00
8.875000000000000578e-06,5.000000000000000000e+00,0.000000000000000000e+00,-7.720581042090639556e-01,5.999999999999999778e-01,5.999999999999999778e-01,3.950136970986226082e+09,1.000000000000000000e+00
8.916666666666667128e-06,5.000000000000000000e+00,0.000000000000000000e+00,2.928992245318513099e+00,5.999999999999999778e-01,5.999999999999999778e-01,3.950136970986226082e+09,1.000000000000000000e+00
8.958333333333333678e-06,5.000000000000000000e+00,0.000000000000000000e+00,3.468572876665036997e-01,5.999999999999999778e-01,5.999999999999999778e-01,3.950136970986226082e+09,1.000000000000000000e+00
9.000000000000000228e-06,5.000000000000000000e+00,0.000000000000000000e+00,-2.235277669985505700e+00,5.999999999999999778e-01,5.999999999999999778e-01,3.950136970986226082e+09,1.000000000000000000e+00
9.041666666666666778e-06,5.000000000000000000e+00,0.000000000000000000e+00,1.465772679542071355e+00,5.999999999999999778e-01,5.999999999999999778e-01,3.950136970986226082e+09,1.000000000000000000e+00
9.083333333333333328e-06,5.000000000000000000e+00,0.000000000000000000e+00,-1.116362278109938044e+00,5.999999999999999778e-01,5.999999999999999778e-01,3.950136970986226082e+09,1.000000000000000000e+00
9.124999999999999878e-06,5.000000000000000000e+00,0.000000000000000000e+00,2.584688071417638788e+00,5.999999999999999778e-01,5.999999999999999778e-01,3.950136970986226082e+09,1.000000000000000000e+00
9.166666666666666428e-06,5.000000000000000000e+00,0.000000000000000000e+00,2.553113765629514732e-03,5.999999999999999778e-01,5.999999999999999778e-01,3.950136970986226082e+09,1.000000000000000000e+00
9.208333333333332978e-06,5.000000000000000000e+00,0.000000000000000000e+00,-2.579581843886380010e+00,5.999999999999999778e-01,5.999999999999999778e-01,3.950136970986226082e+09,1.000000000000000000e+00
9.249999999999999528e-06,5.000000000000000000e+00,0.000000000000000000e+00,1.121468505641197266e+00,5.999999999999999778e-01,5.999999999999999778e-01,3.950136970986226082e+09,1.000000000000000000e+00
9.291666666666666079e-06,5.000000000000000000e+00,0.000000000000000000e+00,-1.460666452010812355e+00,5.999999999999999778e-01,5.999999999999999778e-01,3.950136970986226082e+09,1.000000000000000000e+00
9.333333333333332629e-06,5.000000000000000000e+00,0.000000000000000000e+00,2.240383897516764922e+00,5.999999999999999778e-01,5.999999999999999778e-01,3.950136970986226082e+09,1.000000000000000000e+00
9.374999999999999179e-06,5.000000000000000000e+00,0.000000000000000000e+00,-3.417510601352446442e-01,5.999999999999999778e-01,5.999999999999999778e-01,3.950136970986226082e+09,1.000000000000000000e+00
9.416666666666667423e-06,5.000000000000000000e+00,0.000000000000000000e+00,-2.923886017787253877e+00,5.999999999999999778e-01,5.999999999999999778e-01,3.950136970986226082e+09,1.000000000000000000e+00
9.458333333333333973e-06,5.000000000000000000e+00,0.000000000000000000e+00,7.771643317403229556e-01,5.999999999999999778e-01,5.999999999999999778e-01,3.950136970986226082e+09,1.000000000000000000e+00
9.500000000000000523e-06,5.000000000000000000e+00,0.000000000000000000e+00,-1.804970625911686444e+00,5.999999999999999778e-01,5.999999999999999778e-01,3.950136970986226082e+09,1.000000000000000000e+00
9.541666666666667073e-06,5.000000000000000000e+00,0.000000000000000000e+00,1.896079723615890611e+00,5.999999999999999778e-01,5.999999999999999778e-01,3.950136970986226082e+09,1.000000000000000000e+00
9.583333333333333623e-06,5.000000000000000000e+00,0.000000000000000000e+00,-6.860552340361187884e-01,5.999999999999999778e-01,5.999999999999999778e-01,3.950136970986226082e+09,1.000000000000000000e+00
9.625000000000000173e-06,5.000000000000000000e+00,0.000000000000000000e+00,3.014995115491458044e+00,5.999999999999999778e-01,5.999999999999999778e-01,3.950136970986226082e+09,1.000000000000000000e+00
9.666666666666666723e-06,5.000000000000000000e+00,0.000000000000000000e+00,4.328601578394488669e-01,5.999999999999999778e-01,5.999999999999999778e-01,3.950136970986226082e+09,1.000000000000000000e+00
9.708333333333333273e-06,5.000000000000000000e+00,0.000000000000000000e+00,-2.149274799812560754e+00,5.999999999999999778e-01,5.999999999999999778e-01,3.950136970986226082e+09,1.000000000000000000e+00
9.749999999999999823e-06,5.000000000000000000e+00,0.000000000000000000e+00,1.551775549715016522e+00,5.999999999999999778e-01,5.999999999999999778e-01,3.950136970986226082e+09,1.000000000000000000e+00
9.791666666666666374e-06,5.000000000000000000e+00,0.000000000000000000e+00,-1.030359407936992877e+00,5.999999999999999778e-01,5.999999999999999778e-01,3.950136970986226082e+09,1.000000000000000000e+00
9.833333333333332924e-06,5.000000000000000000e+00,0.000000000000000000e+00,2.670690941590584178e+00,5.999999999999999778e-01,5.999999999999999778e-01,3.950136970986226082e+09,1.000000000000000000e+00
9.874999999999999474e-06,5.000000000000000000e+00,0.000000000000000000e+00,8.855598393857466721e-02,5.999999999999999778e-01,5.999999999999999778e-01,3.950136970986226082e+09,1.000000000000000000e+00
9.916666666666666024e-06,5.000000000000000000e+00,0.000000000000000000e+00,-2.493578973713434621e+00,5.999999999999999778e-01,5.999999999999999778e-01,3.950136970986226082e+09,1.000000000000000000e+00
9.958333333333332574e-06,5.000000000000000000e+00,0.000000000000000000e+00,1.207471375814142212e+00,5.999999999999999778e-01,5.999999999999999778e-01,3.950136970986226082e+09,1.000000000000000000e+00
1.000000000000000082e-05,5.000000000000000000e+00,0.000000000000000000e+00,-1.374663581837867188e+00,5.999999999999999778e-01,5.999999999999999778e-01,3.950136970986226082e+09,1.000000000000000000e+00
1.004166666666666737e-05,5.000000000000000000e+00,0.000000000000000000e+00,2.326386767689709867e+00,5.999999999999999778e-01,5.999999999999999778e-01,3.950136970986226082e+09,1.000000000000000000e+00
1.008333333333333392e-05,5.000000000000000000e+00,0.000000000000000000e+00,-2.557481899622994770e-01,5.999999999999999778e-01,5.999999999999999778e-01,3.950136970986226082e+09,1.000000000000000000e+00
1.012500000000000047e-05,5.000000000000000000e+00,0.000000000000000000e+00,-2.837883147614308932e+00,5.999999999999999778e-01,5.999999999999999778e-01,3.950136970986226082e+09,1.000000000000000000e+00
1.016666666666666702e-05,6.000000000000000000e+00,0.000000000000000000e+00,8.631672019132681228e-01,5.999999999999999778e-01,5.999999999999999778e-01,3.940386287150311470e+09,1.000000000000000000e+00
1.020833333333333357e-05,6.000000000000000000e+00,0.000000000000000000e+00,2.011494492575832460e+00,5.999999999999999778e-01,5.999999999999999778e-01,3.940386287150311470e+09,1.000000000000000000e+00
1.025000000000000012e-05,6.000000000000000000e+00,0.000000000000000000e+00,-3.123363523941189435e+00,5.999999999999999778e-01,5.999999999999999778e-01,3.940386287150311470e+09,1.000000000000000000e+00
1.029166666666666667e-05,6.000000000000000000e+00,0.000000000000000000e+00,-1.975036233278625319e+00,5.999999999999999778e-01,5.999999999999999778e-01,3.940386287150311470e+09,1.000000000000000000e+00
1.033333333333333322e-05,6.000000000000000000e+00,0.000000000000000000e+00,-8.267089426160610932e-01,5.999999999999999778e-01,5.999999999999999778e-01,3.940386287150311470e+09,1.000000000000000000e+00
1.037499999999999977e-05,6.000000000000000000e+00,0.000000000000000000e+00,3.216183480465032996e-01,5.999999999999999778e-01,5.999999999999999778e-01,3.940386287150311470e+09,1.000000000000000000e+00
1.041666666666666632e-05,6.000000000000000000e+00,0.000000000000000000e+00,1.469945638709067692e+00,5.999999999999999778e-01,5.999999999999999778e-01,3.940386287150311470e+09,1.000000000000000000e+00
1.045833333333333287e-05,6.000000000000000000e+00,0.000000000000000000e+00,2.618272929371632252e+00,5.999999999999999778e-01,5.999999999999999778e-01,3.940386287150311470e+09,1.000000000000000000e+00
1.049999999999999942e-05,6.000000000000000000e+00,0.000000000000000000e+00,-2.516585087145390087e+00,5.999999999999999778e-01,5.999999999999999778e-01,3.940386287150311470e+09,1.000000000000000000e+00
1.054166666666666597e-05,6.000000000000000000e+00,0.000000000000000000e+00,-1.368257796482825750e+00,5.999999999999999778e-01,5.999999999999999778e-01,3.940386287150311470e+09,1.000000000000000000e+00
1.058333333333333252e-05,6.000000000000000000e+00,0.000000000000000000e+00,-2.199305058202614405e-01,5.999999999999999778e-01,5.999999999999999778e-01,3.940386287150311470e+09,1.000000000000000000e+00
1.062500000000000076e-05,6.000000000000000000e+00,0.000000000000000000e+00,9.283967848423029245e-01,5.999999999999999778e-01,5.999999999999999778e-01,3.940386287150311470e+09,1.000000000000000000e+00
1.066666666666666731e-05,6.000000000000000000e+00,0.000000000000000000e+00,2.076724075504867262e+00,5.999999999999999778e-01,5.999999999999999778e-01,3.940386287150311470e+09,1.000000000000000000e+00
1.070833333333333386e-05,6.000000000000000000e+00,0.000000000000000000e+00,-3.058133941012155077e+00,5.999999999999999778e-01,5.999999999999999778e-01,3.940386287150311470e+09,1.000000000000000000e+00
1.075000000000000041e-05,6.000000000000000000e+00,0.000000000000000000e+00,-1.909806650349590518e+00,5.999999999999999778e-01,5.999999999999999778e-01,3.940386287150311470e+09,1.000000000000000000e+00
1.079166666666666696e-05,6.000000000000000000e+00,0.000000000000000000e+00,-7.614793596870261805e-01,5.999999999999999778e-01,5.999999999999999778e-01,3.940386287150311470e+09,1.000000000000000000e+00
1.083333333333333351e-05,6.000000000000000000e+00,0.000000000000000000e+00,3.868479309755381568e-01,5.999999999999999778e-01,5.999999999999999778e-01,3.940386287150311470e+09,1.000000000000000000e+00
1.087500000000000006e-05,6.000000000000000000e+00,0.000000000000000000e+00,1.535175221638102494e+00,5.999999999999999778e-01,5.999999999999999778e-01,3.940386287150311470e+09,1.000000000000000000e+00
1.091666666666666661e-05,6.000000000000000000e+00,0.000000000000000000e+00,2.683502512300666609e+00,5.999999999999999778e-01,5.999999999999999778e-01,3.940386287150311470e+09,1.000000000000000000e+00
1.095833333333333316e-05,6.000000000000000000e+00,0.000000000000000000e+00,-2.451355504216355286e+00,5.999999999999999778e-01,5.999999999999999778e-01,3.940386287150311470e+09,1.000000000000000000e+00
1.099999999999999971e-05,6.000000000000000000e+00,0.000000000000000000e+00,-1.303028213553790948e+00,5.999999999999999778e-01,5.999999999999999778e-01,3.940386287150311470e+09,1.000000000000000000e+00
1.104166666666666626e-05,6.000000000000000000e+00,0.000000000000000000e+00,-1.547009228912266665e-01,5.999999999999999778e-01,5.999999999999999778e-01,3.940386287150311470e+09,1.000000000000000000e+00
1.108333333333333281e-05,6.000000000000000000e+00,0.000000000000000000e+00,9.936263677713376152e-01,5.999999999999999778e-01,5.999999999999999778e-01,3.940386287150311470e+09,1.000000000000000000e+00
1.112499999999999936e-05,6.000000000000000000e+00,0.000000000000000000e+00,2.141953658433902064e+00,5.999999999999999778e-01,5.999999999999999778e-01,3.940386287150311470e+09,1.000000000000000000e+00
1.116666666666666591e-05,6.000000000000000000e+00,0.000000000000000000e+00,-2.992904358083120275e+00,5.999999999999999778e-01,5.999999999999999778e-01,3.940386287150311470e+09,1.000000000000000000e+00
1.120833333333333416e-05,6.000000000000000000e+00,0.000000000000000000e+00,-1.844577067420555716e+00,5.999999999999999778e-01,5.999999999999999778e-01,3.940386287150311470e+09,1.000000000000000000e+00
1.125000000000000071e-05,6.000000000000000000e+00,0.000000000000000000e+00,-6.962497767579914898e-01,5.999999999999999778e-01,5.999999999999999778e-01,3.940386287150311470e+09,1.000000000000000000e+00
1.129166666666666726e-05,6.000000000000000000e+00,0.000000000000000000e+00,4.520775139045729030e-01,5.999999999999999778e-01,5.999999999999999778e-01,3.940386287150311470e+09,1.000000000000000000e+00
1.133333333333333381e-05,6.000000000000000000e+00,0.000000000000000000e+00,1.600404804567137296e+00,5.999999999999999778e-01,5.999999999999999778e-01,3.940386287150311470e+09,1.000000000000000000e+00
1.137500000000000036e-05,6.000000000000000000e+00,0.000000000000000000e+00,2.748732095229701411e+00,5.999999999999999778e-01,5.999999999999999778e-01,3.940386287150311470e+09,1.000000000000000000e+00
1.141666666666666691e-05,6.000000000000000000e+00,0.000000000000000000e+00,-2.386125921287320484e+00,5.999999999999999778e-01,5.999999999999999778e-01,3.940386287150311470e+09,1.000000000000000000e+00
1.145833333333333346e-05,6.000000000000000000e+00,0.000000000000000000e+00,-1.237798630624756147e+00,5.999999999999999778e-01,5.999999999999999778e-01,3.940386287150311470e+09,1.000000000000000000e+00
1.150000000000000001e-05,6.000000000000000000e+00,0.000000000000000000e+00,-8.947133996219192031e-02,5.999999999999999778e-01,5.999999999999999778e-01,3.940386287150311470e+09,1.000000000000000000e+00
1.154166666666666656e-05,6.000000000000000000e+00,0.000000000000000000e+00,1.058855950700372306e+00,5.999999999999999778e-01,5.999999999999999778e-01,3.940386287150311470e+09,1.000000000000000000e+00
1.158333333333333311e-05,6.000000000000000000e+00,0.000000000000000000e+00,2.207183241362936865e+00,5.999999999999999778e-01,5.999999999999999778e-01,3.940386287150311470e+09,1.000000000000000000e+00
1.162499999999999966e-05,6.000000000000000000e+00,1.000000000000000000e+00,-2.927674775154085474e+00,3.750000000000000000e-01,3.750000000000000000e-01,3.935886287150311470e+09,1.000000000000000000e+00
1.166666666666666621e-05,6.000000000000000000e+00,1.000000000000000000e+00,-2.957444729587590082e+00,3.750000000000000000e-01,3.750000000000000000e-01,3.935886287150311470e+09,1.000000000000000000e+00
1.170833333333333276e-05,6.000000000000000000e+00,1.000000000000000000e+00,-2.987214684021094691e+00,3.750000000000000000e-01,3.750000000000000000e-01,3.935886287150311470e+09,1.000000000000000000e+00
1.174999999999999931e-05,6.000000000000000000e+00,2.000000000000000000e+00,-3.016984638454599299e+00,3.750000000000000000e-01,3.750000000000000000e-01,3.935886287150311470e+09,1.000000000000000000e+00
1.179166666666666586e-05,6.000000000000000000e+00,2.000000000000000000e+00,-3.025860912066858255e+00,3.777228296264483198e-01,3.752523173003429191e-01,3.935940743742840290e+09,1.000000000000000000e+00
1.183333333333333410e-05,6.000000000000000000e+00,2.000000000000000000e+00,-3.026572315639353583e+00,3.787492644810149800e-01,3.755869670945568006e-01,3.935961272439931870e+09,1.000000000000000000e+00
1.187500000000000065e-05,6.000000000000000000e+00,2.000000000000000000e+00,-3.023319109861771103e+00,3.793392576778792380e-01,3.759482462422455429e-01,3.935973072303869247e+09,1.000000000000000000e+00
1.191666666666666720e-05,6.000000000000000000e+00,2.000000000000000000e+00,-3.016860347790864871e+00,3.798608617356211692e-01,3.763253633222713446e-01,3.935983504385024071e+09,1.000000000000000000e+00
1.195833333333333375e-05,6.000000000000000000e+00,2.000000000000000000e+00,-3.006862335705958067e+00,3.804349975475123657e-01,3.767213573659070613e-01,3.935994987101261616e+09,1.000000000000000000e+00
1.200000000000000030e-05,6.000000000000000000e+00,2.000000000000000000e+00,-2.992523964769500999e+00,3.811179248629439353e-01,3.771447048718360451e-01,3.936008645647570133e+09,1.000000000000000000e+00
1.204166666666666685e-05,6.000000000000000000e+00,2.000000000000000000e+00,-2.972708040388536865e+00,3.819538570171471248e-01,3.776073989384342022e-01,3.936025364290654182e+09,1.000000000000000000e+00
1.208333333333333340e-05,6.000000000000000000e+00,2.000000000000000000e+00,-2.945922520379466114e+00,3.829913111717334617e-01,3.781249554574170890e-01,3.936046113373745918e+09,1.000000000000000000e+00
1.212499999999999995e-05,6.000000000000000000e+00,2.000000000000000000e+00,-2.910246940591972198e+00,3.842894743856946072e-01,3.787170787669448258e-01,3.936072076638025284e+09,1.000000000000000000e+00
1.216666666666666650e-05,6.000000000000000000e+00,2.000000000000000000e+00,-2.863230858231330167e+00,3.859217899815293173e-01,3.794086224109196048e-01,3.936104722949942112e+09,1.000000000000000000e+00
1.220833333333333305e-05,6.000000000000000000e+00,2.000000000000000000e+00,-2.801775762855325702e+00,3.879782920625313714e-01,3.802306884631130868e-01,3.936145852991561890e+09,1.000000000000000000e+00
1.224999999999999960e-05,6.000000000000000000e+00,2.000000000000000000e+00,-2.722016442494717303e+00,3.905659668540191753e-01,3.812216637626821836e-01,3.936197606487391949e+09,1.000000000000000000e+00
1.229166666666666615e-05,6.000000000000000000e+00,2.000000000000000000e+00,-2.619237753693963278e+00,3.938045002548090645e-01,3.824277631666405108e-01,3.936262377155407429e+09,1.000000000000000000e+00
1.233333333333333270e-05,6.000000000000000000e+00,2.000000000000000000e+00,-2.487904734826227759e+00,3.978119082670993345e-01,3.839021703003113739e-01,3.936342525315653324e+09,1.000000000000000000e+00
1.237499999999999925e-05,6.000000000000000000e+00,2.000000000000000000e+00,-2.321959099565359175e+00,4.026701937478390780e-01,3.857010174839778927e-01,3.936439691025268078e+09,1.000000000000000000e+00
1.241666666666666750e-05,6.000000000000000000e+00,2.000000000000000000e+00,-2.115644849562525742e+00,4.083565607177025436e-01,3.878732339346009361e-01,3.936553418364665508e+09,1.000000000000000000e+00
1.245833333333333405e-05,6.000000000000000000e+00,2.000000000000000000e+00,-1.865217118073272395e+00,4.146278829593811333e-01,3.904403772167724940e-01,3.936678844809499264e+09,1.000000000000000000e+00
1.250000000000000060e-05,6.000000000000000000e+00,2.000000000000000000e+00,-1.571757828367847942e+00,4.208746042203851401e-01,3.933643859307659474e-01,3.936803779234719276e+09,1.000000000000000000e+00
1.254166666666666715e-05,6.000000000000000000e+00,2.000000000000000000e+00,-1.244557916121633134e+00,4.260420873528402153e-01,3.965105439457265457e-01,3.936907128897368431e+09,1.000000000000000000e+00
1.258333333333333370e-05,6.000000000000000000e+00,2.000000000000000000e+00,-9.029402276286447870e-01,4.288240416682190803e-01,3.996316225254361587e-01,3.936962767983675957e+09,1.000000000000000000e+00
1.262500000000000025e-05,6.000000000000000000e+00,2.000000000000000000e+00,-5.733745864621625499e-01,4.282610276106114666e-01,4.024098514948042382e-01,3.936951507702523708e+09,1.000000000000000000e+00
1.266666666666666680e-05,6.000000000000000000e+00,2.000000000000000000e+00,-2.813186558782064806e-01,4.244145896293552989e-01,4.045598583461074704e-01,3.936874578942898750e+09,1.000000000000000000e+00
1.270833333333333335e-05,6.000000000000000000e+00,2.000000000000000000e+00,-4.273568607314084250e-02,4.184148394209883937e-01,4.059289277645512506e-01,3.936754583938731194e+09,1.000000000000000000e+00
1.274999999999999990e-05,6.000000000000000000e+00,2.000000000000000000e+00,1.386951374657626468e-01,4.117529641776765392e-01,4.065221830633745093e-01,3.936621346433865070e+09,1.000000000000000000e+00
1.279166666666666645e-05,6.000000000000000000e+00,2.000000000000000000e+00,2.683603461096907283e-01,4.055411930881158700e-01,4.064537144546406799e-01,3.936497111012073994e+09,1.000000000000000000e+00
1.283333333333333300e-05,6.000000000000000000e+00,2.000000000000000000e+00,3.556321334377541832e-01,4.002875999628328629e-01,4.058784030032105417e-01,3.936392039149568081e+09,1.000000000000000000e+00
1.287499999999999955e-05,6.000000000000000000e+00,2.000000000000000000e+00,4.101681267216888971e-01,3.960617472259386762e-01,4.049447385221689455e-01,3.936307522094830036e+09,1.000000000000000000e+00
1.291666666666666610e-05,6.000000000000000000e+00,2.000000000000000000e+00,4.402183203870634332e-01,3.927311247784773252e-01,4.037748327644141710e-01,3.936240909645881176e+09,1.000000000000000000e+00
1.295833333333333265e-05,6.000000000000000000e+00,2.000000000000000000e+00,4.522599390944349040e-01,3.901156331505821750e-01,4.024617001975817066e-01,3.936188599813323021e+09,1.000000000000000000e+00
1.299999999999999920e-05,6.000000000000000000e+00,2.000000000000000000e+00,4.512112286443850651e-01,3.880546722063549225e-01,4.010736820014857429e-01,3.936147380594438553e+09,1.000000000000000000e+00
1.304166666666666744e-05,6.000000000000000000e+00,2.000000000000000000e+00,4.407857952315651362e-01,3.864238758079242553e-01,3.996602796581129047e-01,3.936114764666470051e+09,1.000000000000000000e+00
1.308333333333333399e-05,6.000000000000000000e+00,2.000000000000000000e+00,4.238083987707766953e-01,3.851314220873970351e-01,3.982571528007857742e-01,3.936088915592059612e+09,1.000000000000000000e+00
1.312500000000000054e-05,6.000000000000000000e+00,2.000000000000000000e+00,4.024486754165961799e-01,3.841093397640792384e-01,3.968898110410786773e-01,3.936068473945592880e+09,1.000000000000000000e+00
1.316666666666666709e-05,6.000000000000000000e+00,2.000000000000000000e+00,3.783816516275662623e-01,3.833057307749634379e-01,3.955761898493029838e-01,3.936052401765810966e+09,1.000000000000000000e+00
1.320833333333333364e-05,6.000000000000000000e+00,2.000000000000000000e+00,3.528965352630591412e-01,3.826793415121517716e-01,3.943284402566513136e-01,3.936039873980554581e+09,1.000000000000000000e+00
1.325000000000000019e-05,6.000000000000000000e+00,2.000000000000000000e+00,3.269730670323013344e-01,3.821962478860941315e-01,3.931542145610457117e-01,3.936030212108033180e+09,1.000000000000000000e+00
1.329166666666666674e-05,6.000000000000000000e+00,2.000000000000000000e+00,3.013388512277713205e-01,3.818280042638532712e-01,3.920576416230121541e-01,3.936022847235588551e+09,1.000000000000000000e+00
1.333333333333333329e-05,6.000000000000000000e+00,2.000000000000000000e+00,2.765156701076164070e-01,3.815506523473307654e-01,3.910401078154411847e-01,3.936017300197257996e+09,1.000000000000000000e+00
1.337499999999999984e-05,6.000000000000000000e+00,2.000000000000000000e+00,2.528589185600110811e-01,3.813441571534428309e-01,3.901009057374492106e-01,3.936013170293380260e+09,1.000000000000000000e+00
1.341666666666666639e-05,6.000000000000000000e+00,2.000000000000000000e+00,2.305919481237622415e-01,3.811920074773058609e-01,3.892377805877251795e-01,3.936010127299857616e+09,1.000000000000000000e+00
1.345833333333333294e-05,6.000000000000000000e+00,2.000000000000000000e+00,2.098359123698144701e-01,3.810808482761209315e-01,3.884473877835120659e-01,3.936007904115833759e+09,1.000000000000000000e+00
1.349999999999999949e-05,6.000000000000000000e+00,2.000000000000000000e+00,1.906352509136893802e-01,3.810000970015966493e-01,3.877256690800323091e-01,3.936006289090343475e+09,1.000000000000000000e+00
1.354166666666666605e-05,6.000000000000000000e+00,2.000000000000000000e+00,1.729789004981255596e-01,3.809415424460318444e-01,3.870681534030261384e-01,3.936005117999232292e+09,1.000000000000000000e+00
1.358333333333333260e-05,6.000000000000000000e+00,2.000000000000000000e+00,1.568174429754406185e-01,3.808989442645502876e-01,3.864701896816244986e-01,3.936004266035602570e+09,1.000000000000000000e+00
1.362500000000000084e-05,6.000000000000000000e+00,2.000000000000000000e+00,1.420765508370066266e-01,3.808676546222232173e-01,3.859271203277369056e-01,3.936003640242755890e+09,1.000000000000000000e+00
1.366666666666666739e-05,6.000000000000000000e+00,2.000000000000000000e+00,1.286672027268621343e-01,3.808442786710448669e-01,3.854344048098367059e-01,3.936003172723732471e+09,1.000000000000000000e+00
1.370833333333333394e-05,6.000000000000000000e+00,2.000000000000000000e+00,1.164931932722509111e-01,3.808263832764104961e-01,3.849877027975386889e-01,3.936002814815839767e+09,1.000000000000000000e+00
1.375000000000000049e-05,6.000000000000000000e+00,2.000000000000000000e+00,1.054564586935128195e-01,3.808122566271537890e-01,3.845829257190577222e-01,3.936002532282854557e+09,1.000000000000000000e+00
1.379166666666666704e-05,6.000000000000000000e+00,2.000000000000000000e+00,9.546069752977634493e-02,3.808007163532731720e-01,3.842162645074738148e-01,3.936002301477376938e+09,1.000000000000000000e+00
1.383333333333333359e-05,6.000000000000000000e+00,2.000000000000000000e+00,8.641370181576055187e-02,3.807909607518882300e-01,3.838842000472512672e-01,3.936002106365349293e+09,1.000000000000000000e+00
1.387500000000000014e-05,6.000000000000000000e+00,2.000000000000000000e+00,7.822874184748505877e-02,3.807824563626177050e-01,3.835835015516543822e-01,3.936001936277564049e+09,1.000000000000000000e+00
1.391666666666666669e-05,6.000000000000000000e+00,2.000000000000000000e+00,7.082527741440279578e-02,3.807748549580112218e-01,3.833112169229710986e-01,3.936001784249471664e+09,1.000000000000000000e+00
1.395833333333333324e-05,6.000000000000000000e+00,2.000000000000000000e+00,6.412920535840092862e-02,3.807679335517191177e-01,3.830646581320332755e-01,3.936001645821345806e+09,1.000000000000000000e+00
1.399999999999999979e-05,6.000000000000000000e+00,2.000000000000000000e+00,5.807280017652081266e-02,3.807615519181547503e-01,3.828413838214205223e-01,3.936001518188674450e+09,1.000000000000000000e+00
1.404166666666666634e-05,6.000000000000000000e+00,2.000000000000000000e+00,5.259446168347201717e-02,3.807556231144342829e-01,3.826391806815319097e-01,3.936001399612600327e+09,1.000000000000000000e+00
1.408333333333333289e-05,6.000000000000000000e+00,2.000000000000000000e+00,4.763835034973160770e-02,3.807500934469464360e-01,3.824560446494849608e-01,3.936001289019250393e+09,1.000000000000000000e+00
1.412499999999999944e-05,6.000000000000000000e+00,2.000000000000000000e+00,4.315396590718299091e-02,3.807449291625069066e-01,3.822901626116810836e-01,3.936001185733561516e+09,1.000000000000000000e+00
1.416666666666666599e-05,6.000000000000000000e+00,2.000000000000000000e+00,3.909570627874634635e-02,3.807401078341524081e-01,3.821398950250877169e-01,3.936001089306994438e+09,1.000000000000000000e+00
1.420833333333333254e-05,6.000000000000000000e+00,2.000000000000000000e+00,3.542243062074410670e-02,3.807356129609806294e-01,3.820037596861366458e-01,3.936000999409531116e+09,1.000000000000000000e+00
1.425000000000000078e-05,6.000000000000000000e+00,2.000000000000000000e+00,3.209704100990782433e-02,3.807314307231591810e-01,3.818804167494680435e-01,3.936000915764774799e+09,1.000000000000000000e+00
1.429166666666666733e-05,6.000000000000000000e+00,2.000000000000000000e+00,2.908609085133937594e-02,3.807275481475683732e-01,3.817686550153052694e-01,3.936000838113262653e+09,1.000000000000000000e+00
1.433333333333333388e-05,6.000000000000000000e+00,2.000000000000000000e+00,2.635942387277898785e-02,3.807239521716201391e-01,3.816673794517381757e-01,3.936000766193743706e+09,1.000000000000000000e+00
1.437500000000000043e-05,6.000000000000000000e+00,2.000000000000000000e+00,2.388984480203069222e-02,3.807206292580383455e-01,3.815755998870935528e-01,3.936000699735472202e+09,1.000000000000000000e+00
1.441666666666666698e-05,6.000000000000000000e+00,2.000000000000000000e+00,2.165282110908881355e-02,3.807175653304454288e-01,3.814924207910341813e-01,3.936000638456920147e+09,1.000000000000000000e+00
1.445833333333333353e-05,6.000000000000000000e+00,2.000000000000000000e+00,1.962621418860797246e-02,3.807147458809232443e-01,3.814170320561408589e-01,3.936000582067929745e+09,1.000000000000000000e+00
1.450000000000000009e-05,6.000000000000000000e+00,2.000000000000000000e+00,1.779003786359387856e-02,3.807121561563373002e-01,3.813487006910095123e-01,3.936000530273438454e+09,1.000000000000000000e+00
1.454166666666666664e-05,6.000000000000000000e+00,2.000000000000000000e+00,1.612624183471487310e-02,3.807097813667890129e-01,3.812867633388749011e-01,3.936000482777647018e+09,1.000000000000000000e+00
1.458333333333333319e-05,6.000000000000000000e+00,2.000000000000000000e+00,1.461851770327191567e-02,3.807076068845713923e-01,3.812306195409344012e-01,3.936000439288002968e+09,1.000000000000000000e+00
1.462499999999999974e-05,6.000000000000000000e+00,2.000000000000000000e+00,1.325212529409034584e-02,3.807056184172539215e-01,3.811797256697314618e-01,3.936000399518656731e+09,1.000000000000000000e+00
1.466666666666666629e-05,6.000000000000000000e+00,2.000000000000000000e+00,1.201373710282203043e-02,3.807038021478811318e-01,3.811335894644721778e-01,3.936000363193269253e+09,1.000000000000000000e+00
1.470833333333333284e-05,6.000000000000000000e+00,2.000000000000000000e+00,1.089129895226213091e-02,3.807021448420500054e-01,3.810917651067037282e-01,3.936000330047152519e+09,1.000000000000000000e+00
1.474999999999999939e-05,6.000000000000000000e+00,2.000000000000000000e+00,9.873905067794820634e-03,3.807006339235387560e-01,3.810538487809073116e-01,3.936000299828782082e+09,1.000000000000000000e+00
1.479166666666666594e-05,6.000000000000000000e+00,2.000000000000000000e+00,8.951685991266255735e-03,3.806992575225969788e-01,3.810194746703198798e-01,3.936000272300763607e+09,1.000000000000000000e+00
1.483333333333333418e-05,6.000000000000000000e+00,2.000000000000000000e+00,8.115707932662896348e-03,3.806980045014053959e-01,3.809883113435552637e-01,3.936000247240339756e+09,1.000000000000000000e+00
1.487500000000000073e-05,6.000000000000000000e+00,2.000000000000000000e+00,7.357882320863406642e-03,3.806968644610133623e-01,3.809600584923180655e-01,3.936000224439531803e+09,1.000000000000000000e+00
1.491666666666666728e-05,6.000000000000000000e+00,2.000000000000000000e+00,6.670884438423652606e-03,3.806958277335960039e-01,3.809344439847311969e-01,3.936000203704983234e+09,1.000000000000000000e+00
1.495833333333333383e-05,6.000000000000000000e+00,2.000000000000000000e+00,6.048080167235436386e-03,3.806948853637659447e-01,3.809112212025976274e-01,3.936000184857586861e+09,1.000000000000000000e+00
1.500000000000000038e-05,6.000000000000000000e+00,2.000000000000000000e+00,5.483459993771955775e-03,3.806940290819914585e-01,3.808901666342894288e-01,3.936000167731951237e+09,1.000000000000000000e+00
1.504166666666666693e-05,6.000000000000000000e+00,2.000000000000000000e+00,4.971579495392486857e-03,3.806932512724076623e-01,3.808710776979254420e-01,3.936000152175759792e+09,1.000000000000000000e+00
1.508333333333333348e-05,6.000000000000000000e+00,2.000000000000000000e+00,4.507505663784083447e-03,3.806925449373022019e-01,3.808537707721775245e-01,3.936000138049057484e+09,1.000000000000000000e+00
1.512500000000000003e-05,6.000000000000000000e+00,2.000000000000000000e+00,4.086768417980036171e-03,3.806919036593019445e-01,3.808380794143472192e-01,3.936000125223497391e+09,1.000000000000000000e+00
1.516666666666666658e-05,6.000000000000000000e+00,2.000000000000000000e+00,3.705316832198857300e-03,3.806913215633243031e-01,3.808238527475232837e-01,3.936000113581577778e+09,1.000000000000000000e+00
1.520833333333333313e-05,6.000000000000000000e+00,2.000000000000000000e+00,3.359479567367795825e-03,3.806907932783303861e-01,3.808109540004085414e-01,3.936000103015878201e+09,1.000000000000000000e+00
1.524999999999999968e-05,6.000000000000000000e+00,2.000000000000000000e+00,3.045929084325305156e-03,3.806903139000296088e-01,3.807992591850994923e-01,3.936000093428311825e+09,1.000000000000000000e+00
1.529166666666666792e-05,6.000000000000000000e+00,2.000000000000000000e+00,2.761649305827429488e-03,3.806898789552198847e-01,3.807886558995998705e-01,3.936000084729415894e+09,1.000000000000000000e+00
1.533333333333333447e-05,6.000000000000000000e+00,2.000000000000000000e+00,2.503906318085480451e-03,3.806894843672368189e-01,3.807790422430844535e-01,3.936000076837656021e+09,1.000000000000000000e+00
1.537500000000000102e-05,6.000000000000000000e+00,2.000000000000000000e+00,2.270221889918300727e-03,3.806891264239503636e-01,3.807703258332207907e-01,3.936000069678790569e+09,1.000000000000000000e+00
1.541666666666666757e-05,6.000000000000000000e+00,2.000000000000000000e+00,2.058349480282029107e-03,3.806888017472004893e-01,3.807624229157985374e-01,3.936000063185255527e+09,1.000000000000000000e+00
1.545833333333333412e-05,6.000000000000000000e+00,2.000000000000000000e+00,1.866252521355616116e-03,3.806885072645054824e-01,3.807552575579342680e-01,3.936000057295601368e+09,1.000000000000000000e+00
1.550000000000000068e-05,6.000000000000000000e+00,2.000000000000000000e+00,1.692084749808398045e-03,3.806882401826989781e-01,3.807487609169353249e-01,3.936000051953965664e+09,1.000000000000000000e+00
1.554166666666666723e-05,6.000000000000000000e+00,2.000000000000000000e+00,1.534172386160914973e-03,3.806879979635209299e-01,3.807428705776776390e-01,3.936000047109581947e+09,1.000000000000000000e+00
1.558333333333333378e-05,6.000000000000000000e+00,2.000000000000000000e+00,1.390997991253950603e-03,3.806877783011970995e-01,3.807375299520470158e-01,3.936000042716335297e+09,1.000000000000000000e+00
1.562500000000000033e-05,6.000000000000000000e+00,2.000000000000000000e+00,1.261185847030699223e-03,3.806875791018374811e-01,3.807326877346028926e-01,3.936000038732348442e+09,1.000000000000000000e+00
1.566666666666666688e-05,6.000000000000000000e+00,2.000000000000000000e+00,1.143488708836937293e-03,3.806873984643773801e-01,3.807282974091652505e-01,3.936000035119598866e+09,1.000000000000000000e+00
1.570833333333333343e-05,6.000000000000000000e+00,2.000000000000000000e+00,1.036775789177024707e-03,3.806872346630695292e-01,3.807243168015366219e-01,3.936000031843573093e+09,1.000000000000000000e+00
1.574999999999999998e-05,6.000000000000000000e+00,2.000000000000000000e+00,9.400218728813137560e-04,3.806870861316871135e-01,3.807207076740518614e-01,3.936000028872945309e+09,1.000000000000000000e+00
1.579166666666666653e-05,6.000000000000000000e+00,2.000000000000000000e+00,8.522974581835819109e-04,3.806869514490662798e-01,3.807174353580320414e-01,3.936000026179292679e+09,1.000000000000000000e+00
1.583333333333333308e-05,6.000000000000000000e+00,2.000000000000000000e+00,7.727598163881133943e-04,3.806868293257664737e-01,3.807144684205752139e-01,3.936000023736826897e+09,1.000000000000000000e+00
1.587499999999999963e-05,6.000000000000000000e+00,2.000000000000000000e+00,7.006448846339275761e-04,3.806867185919414753e-01,3.807117783624740515e-01,3.936000021522150517e+09,1.000000000000000000e+00
1.591666666666666618e-05,6.000000000000000000e+00,2.000000000000000000e+00,6.352599153585992454e-04,3.806866181863762244e-01,3.807093393443536922e-01,3.936000019514039040e+09,1.000000000000000000e+00
1.595833333333333273e-05,6.000000000000000000e+00,2.000000000000000000e+00,5.759768242540098428e-04,3.806865271465757483e-01,3.807071279383971718e-01,3.936000017693243027e+09,1.000000000000000000e+00
1.599999999999999928e-05,6.000000000000000000e+00,2.000000000000000000e+00,5.222261512215276881e-04,3.806864445995355450e-01,3.807051229032446527e-01,3.936000016042302132e+09,1.000000000000000000e+00
1.604166666666666583e-05,6.000000000000000000e+00,2.000000000000000000e+00,4.734915870328926571e-04,3.806863697534516033e-01,3.807033049799106728e-01,3.936000014545380592e+09,1.000000000000000000e+00
1.608333333333333238e-05,6.000000000000000000e+00,2.000000000000000000e+00,4.293050056701553686e-04,3.806863018901947560e-01,3.807016567067547097e-01,3.936000013188115597e+09,1.000000000000000000e+00
1.612499999999999893e-05,6.000000000000000000e+00,2.000000000000000000e+00,3.892419750598287453e-04,3.806862403586011023e-01,3.807001622517381945e-01,3.936000011957483292e+09,1.000000000000000000e+00
1.616666666666666548e-05,6.000000000000000000e+00,2.000000000000000000e+00,3.529176752606667821e-04,3.806861845681207557e-01,3.806988072603275097e-01,3.936000010841673851e+09,1.000000000000000000e+00
1.620833333333333203e-05,6.000000000000000000e+00,2.000000000000000000e+00,3.199831950012389814e-04,3.806861339832007252e-01,3.806975787175967407e-01,3.936000009829975605e+09,1.000000000000000000e+00
1.624999999999999858e-05,6.000000000000000000e+00,2.000000000000000000e+00,2.901221920153852795e-04,3.806860881183085632e-01,3.806964648232145088e-01,3.936000008912677765e+09,1.000000000000000000e+00
1.629166666666666513e-05,6.000000000000000000e+00,2.000000000000000000e+00,2.630478444159757047e-04,3.806860465330758059e-01,3.806954548780808745e-01,3.936000008080973148e+09,1.000000000000000000e+00
1.633333333333333168e-05,6.000000000000000000e+00,2.000000000000000000e+00,2.385000949259642484e-04,3.806860088282024712e-01,3.806945391815546031e-01,3.936000007326875687e+09,1.000000000000000000e+00
1.637500000000000161e-05,6.000000000000000000e+00,2.000000000000000000e+00,2.162431570439161705e-04,3.806859746416880741e-01,3.806937089382788630e-01,3.936000006643145084e+09,1.000000000000000000e+00
1.641666666666666816e-05,6.000000000000000000e+00,2.000000000000000000e+00,1.960632504022009643e-04,3.806859436452921797e-01,3.806929561736960843e-01,3.936000006023217201e+09,1.000000000000000000e+00
1.645833333333333471e-05,6.000000000000000000e+00,2.000000000000000000e+00,1.777665453089661597e-04,3.806859155413518936e-01,3.806922736574441801e-01,3.936000005461138725e+09,1.000000000000000000e+00
1.650000000000000127e-05,6.000000000000000000e+00,2.000000000000000000e+00,1.611772982839988517e-04,3.806858900599521811e-01,3.806916548339042694e-01,3.936000004951510429e+09,1.000000000000000000e+00
1.654166666666666782e-05,6.000000000000000000e+00,2.000000000000000000e+00,1.461361676745377182e-04,3.806858669564017750e-01,3.806910937592364874e-01,3.936000004489439487e+09,1.000000000000000000e+00
1.658333333333333437e-05,6.000000000000000000e+00,2.000000000000000000e+00,1.324986838851850181e-04,3.806858460088313745e-01,3.806905850442865447e-01,3.936000004070487976e+09,1.000000000000000000e+00
1.662500000000000092e-05,6.000000000000000000e+00,2.000000000000000000e+00,1.201338560320231900e-04,3.806858270160252689e-01,3.806901238028173040e-01,3.936000003690631866e+09,1.000000000000000000e+00
1.666666666666666747e-05,6.000000000000000000e+00,2.000000000000000000e+00,1.089229204779052943e-04,3.806858097955959641e-01,3.806897056045807637e-01,3.936000003346223354e+09,1.000000000000000000e+00
1.670833333333333402e-05,6.000000000000000000e+00,2.000000000000000000e+00,9.875819305014142994e-05,3.806857941821298885e-01,3.806893264327606552e-01,3.936000003033954144e+09,1.000000000000000000e+00
1.675000000000000057e-05,6.000000000000000000e+00,2.000000000000000000e+00,8.954204131148569006e-05,3.806857800257106295e-01,3.806889826453960790e-01,3.936000002750825882e+09,1.000000000000000000e+00
1.679166666666666712e-05,6.000000000000000000e+00,2.000000000000000000e+00,8.118594778059328202e-05,3.806857671903809415e-01,3.806886709403971558e-01,3.936000002494119167e+09,1.000000000000000000e+00
1.683333333333333367e-05,6.000000000000000000e+00,2.000000000000000000e+00,7.360964591205397848e-05,3.806857555527758397e-01,3.806883883238188493e-01,3.936000002261366844e+09,1.000000000000000000e+00
1.687500000000000022e-05,6.000000000000000000e+00,2.000000000000000000e+00,6.674036885376831744e-05,3.806857450012102184e-01,3.806881320811202896e-01,3.936000002050335884e+09,1.000000000000000000e+00
1.691666666666666677e-05,6.000000000000000000e+00,2.000000000000000000e+00,6.051213276512267973e-05,3.806857354342904620e-01,3.806878997510790841e-01,3.936000001858997345e+09,1.000000000000000000e+00
1.695833333333333332e-05,6.000000000000000000e+00,2.000000000000000000e+00,5.486511836059204276e-05,3.806857267601987393e-01,3.806876891021611642e-01,3.936000001685515404e+09,1.000000000000000000e+00
1.699999999999999987e-05,6.000000000000000000e+00,2.000000000000000000e+00,4.974508519515207942e-05,3.806857188955821147e-01,3.806874981110770495e-01,3.936000001528223038e+09,1.000000000000000000e+00
1.704166666666666642e-05,6.000000000000000000e+00,2.000000000000000000e+00,4.510285689027792070e-05,3.806857117649012356e-01,3.806873249433512241e-01,3.936000001385609627e+09,1.000000000000000000e+00
1.708333333333333297e-05,6.000000000000000000e+00,2.000000000000000000e+00,4.089384273973106380e-05,3.806857052996282520e-01,3.806871679356985116e-01,3.936000001256304264e+09,1.000000000000000000e+00
1.712499999999999952e-05,6.000000000000000000e+00,2.000000000000000000e+00,3.707761388502827141e-05,3.806856994376902059e-01,3.806870255800545166e-01,3.936000001139065266e+09,1.000000000000000000e+00
1.716666666666666607e-05,6.000000000000000000e+00,2.000000000000000000e+00,3.361751768968812164e-05,3.806856941228175528e-01,3.806868965090911550e-01,3.936000001032767773e+09,1.000000000000000000e+00
1.720833333333333262e-05,6.000000000000000000e+00,2.000000000000000000e+00,3.048031939831840779e-05,3.806856893039242129e-01,3.806867794830767204e-01,3.936000000936389923e+09,1.000000000000000000e+00
1.724999999999999917e-05,6.000000000000000000e+00,2.000000000000000000e+00,2.763588563245999262e-05,3.806856849347186600e-01,3.806866733779710188e-01,3.936000000849005699e+09,1.000000000000000000e+00
1.729166666666666572e-05,6.000000000000000000e+00,2.000000000000000000e+00,2.505689335228222396e-05,3.806856809732420688e-01,3.806865771746302807e-01,3.936000000769776344e+09,1.000000000000000000e+00
1.733333333333333227e-05,6.000000000000000000e+00,2.000000000000000000e+00,2.271857337907700434e-05,3.806856773814941697e-01,3.806864899490223220e-01,3.936000000697941303e+09,1.000000000000000000e+00
1.737499999999999882e-05,6.000000000000000000e+00,2.000000000000000000e+00,2.059846665067876324e-05,3.806856741249514120e-01,3.806864108633438160e-01,3.936000000632810593e+09,1.000000000000000000e+00
1.741666666666666537e-05,6.000000000000000000e+00,2.000000000000000000e+00,1.867621139970420494e-05,3.806856711723132225e-01,3.806863391579735634e-01,3.936000000573757648e+09,1.000000000000000000e+00
1.745833333333333192e-05,6.000000000000000000e+00,2.000000000000000000e+00,1.693334124572853193e-05,3.806856684951683834e-01,3.806862741441737752e-01,3.936000000520215034e+09,1.000000000000000000e+00
1.749999999999999847e-05,6.000000000000000000e+00,2.000000000000000000e+00,1.535311602927091505e-05,3.806856660678465953e-01,3.806862151974835795e-01,3.936000000471668243e+09,1.000000000000000000e+00
1.754166666666666502e-05,6.000000000000000000e+00,2.000000000000000000e+00,1.392035810274815922e-05,3.806856638670462201e-01,3.806861617517185992e-01,3.936000000427652359e+09,1.000000000000000000e+00
1.758333333333333496e-05,6.000000000000000000e+00,2.000000000000000000e+00,1.262130499233304327e-05,3.806856618716233376e-01,3.806861132935304148e-01,3.936000000387743950e+09,1.000000000000000000e+00
1.762500000000000151e-05,6.000000000000000000e+00,2.000000000000000000e+00,1.144348024970664277e-05,3.806856600624272113e-01,3.806860693574778964e-01,3.936000000351560116e+09,1.000000000000000000e+00
1.766666666666666806e-05,6.000000000000000000e+00,2.000000000000000000e+00,1.037557157976831114e-05,3.806856584220653650e-01,3.806860295215537260e-01,3.936000000318752766e+09,1.000000000000000000e+00
1.770833333333333461e-05,6.000000000000000000e+00,2.000000000000000000e+00,9.407321701271448188e-06,3.806856569347596420e-01,3.806859934031302517e-01,3.936000000289006710e+09,1.000000000000000000e+00
1.775000000000000116e-05,6.000000000000000000e+00,2.000000000000000000e+00,8.529428302406322115e-06,3.806856555862139779e-01,3.806859606552858155e-01,3.936000000262035847e+09,1.000000000000000000e+00
1.779166666666666771e-05,6.000000000000000000e+00,2.000000000000000000e+00,7.733458548298094326e-06,3.806856543635185885e-01,3.806859309634773592e-01,3.936000000237581730e+09,1.000000000000000000e+00
1.783333333333333426e-05,6.000000000000000000e+00,2.000000000000000000e+00,7.011769045473064284e-06,3.806856532549609540e-01,3.806859040425183971e-01,3.936000000215410709e+09,1.000000000000000000e+00
1.787500000000000081e-05,6.000000000000000000e+00,2.000000000000000000e+00,6.357427625314320426e-06,3.806856522498662798e-01,3.806858796338334905e-01,3.936000000195308685e+09,1.000000000000000000e+00
1.791666666666666736e-05,6.000000000000000000e+00,2.000000000000000000e+00,5.764149679432611817e-06,3.806856513385776242e-01,3.806858575029773428e-01,3.936000000177083015e+09,1.000000000000000000e+00
1.795833333333333391e-05,6.000000000000000000e+00,2.000000000000000000e+00,5.226238133016030292e-06,3.806856505123334955e-01,3.806858374373821574e-01,3.936000000160558224e+09,1.000000000000000000e+00
1.800000000000000046e-05,6.000000000000000000e+00,2.000000000000000000e+00,4.738523418179701071e-06,3.806856497631642133e-01,3.806858192443141609e-01,3.936000000145574570e+09,1.000000000000000000e+00
1.804166666666666701e-05,6.000000000000000000e+00,2.000000000000000000e+00,4.296321637209492724e-06,3.806856490839226614e-01,3.806858027490298557e-01,3.936000000131989956e+09,1.000000000000000000e+00
1.808333333333333356e-05,6.000000000000000000e+00,2.000000000000000000e+00,3.895387268837530070e-06,3.806856484680911090e-01,3.806857877930936995e-01,3.936000000119673252e+09,1.000000000000000000e+00
1.812500000000000011e-05,6.000000000000000000e+00,2.000000000000000000e+00,3.531869512496503990e-06,3.806856479097179835e-01,3.806857742328518257e-01,3.936000000108505726e+09,1.000000000000000000e+00
1.816666666666666666e-05,6.000000000000000000e+00,2.000000000000000000e+00,3.202275908531608980e-06,3.806856474034208127e-01,3.806857619380545898e-01,3.936000000098380089e+09,1.000000000000000000e+00
1.820833333333333321e-05,6.000000000000000000e+00,2.000000000000000000e+00,2.903437777401867735e-06,3.806856469443459234e-01,3.806857507906079574e-01,3.936000000089198589e+09,1.000000000000000000e+00
1.824999999999999976e-05,6.000000000000000000e+00,2.000000000000000000e+00,2.632486572817887591e-06,3.806856465281502899e-01,3.806857406834445734e-01,3.936000000080874443e+09,1.000000000000000000e+00
1.829166666666666631e-05,6.000000000000000000e+00,2.000000000000000000e+00,2.386821139932598399e-06,3.806856461508253409e-01,3.806857315194879243e-01,3.936000000073328018e+09,1.000000000000000000e+00
1.833333333333333286e-05,6.000000000000000000e+00,2.000000000000000000e+00,2.164080430500197636e-06,3.806856458087151118e-01,3.806857232107177524e-01,3.936000000066485882e+09,1.000000000000000000e+00
1.837499999999999941e-05,6.000000000000000000e+00,2.000000000000000000e+00,1.962128950960922467e-06,3.806856454985524940e-01,3.806857156773295059e-01,3.936000000060282707e+09,1.000000000000000000e+00
1.841666666666666596e-05,6.000000000000000000e+00,2.000000000000000000e+00,1.779022201642382582e-06,3.806856452172800998e-01,3.806857088469589034e-01,3.936000000054656982e+09,1.000000000000000000e+00
1.845833333333333251e-05,6.000000000000000000e+00,2.000000000000000000e+00,1.613004857770155596e-06,3.806856449622662009e-01,3.806857026540008127e-01,3.936000000049556732e+09,1.000000000000000000e+00
1.849999999999999906e-05,6.000000000000000000e+00,2.000000000000000000e+00,1.462478027658525335e-06,3.806856447310144609e-01,3.806856970389684847e-01,3.936000000044931889e+09,1.000000000000000000e+00
1.854166666666666561e-05,6.000000000000000000e+00,2.000000000000000000e+00,1.325999252710479724e-06,3.806856445213770979e-01,3.806856919479330026e-01,3.936000000040739059e+09,1.000000000000000000e+00
1.858333333333333216e-05,6.000000000000000000e+00,2.000000000000000000e+00,1.202257041566062411e-06,3.806856443312981453e-01,3.806856873319943713e-01,3.936000000036937237e+09,1.000000000000000000e+00
1.862499999999999871e-05,6.000000000000000000e+00,2.000000000000000000e+00,1.090063594144757318e-06,3.806856441589482887e-01,3.806856831468156122e-01,3.936000000033490658e+09,1.000000000000000000e+00
1.866666666666666526e-05,6.000000000000000000e+00,2.000000000000000000e+00,9.883384307408590518e-07,3.806856440026538668e-01,3.806856793521954385e-01,3.936000000030364513e+09,1.000000000000000000e+00
1.870833333333333181e-05,6.000000000000000000e+00,2.000000000000000000e+00,8.961065730340661875e-07,3.806856438609677040e-01,3.806856759116892253e-01,3.936000000027530670e+09,1.000000000000000000e+00
1.874999999999999836e-05,6.000000000000000000e+00,2.000000000000000000e+00,8.124803541954489818e-07,3.806856437325056852e-01,3.806856727922512951e-01,3.936000000024961472e+09,1.000000000000000000e+00
1.879166666666666830e-05,6.000000000000000000e+00,2.000000000000000000e+00,7.366594188874470464e-07,3.806856436160642732e-01,3.806856699639226127e-01,3.936000000022632599e+09,1.000000000000000000e+00
1.883333333333333485e-05,6.000000000000000000e+00,2.000000000000000000e+00,6.679143523592385984e-07,3.806856435104756797e-01,3.806856673995354101e-01,3.936000000020521164e+09,1.000000000000000000e+00
1.887500000000000140e-05,6.000000000000000000e+00,2.000000000000000000e+00,6.055848614573362804e-07,3.806856434147307677e-01,3.806856650744575021e-01,3.936000000018606186e+09,1.000000000000000000e+00
1.891666666666666795e-05,6.000000000000000000e+00,2.000000000000000000e+00,5.490724986679736114e-07,3.806856433279111052e-01,3.806856629663555314e-01,3.936000000016869545e+09,1.000000000000000000e+00
1.895833333333333450e-05,6.000000000000000000e+00,2.000000000000000000e+00,4.978333861594903804e-07,3.806856432491776410e-01,3.806856610549798625e-01,3.936000000015295029e+09,1.000000000000000000e+00
1.900000000000000105e-05,6.000000000000000000e+00,2.000000000000000000e+00,4.513763967929292060e-07,3.806856431777948524e-01,3.806856593219724028e-01,3.936000000013867378e+09,1.000000000000000000e+00
1.904166666666666760e-05,6.000000000000000000e+00,2.000000000000000000e+00,4.092540591750178076e-07,3.806856431130632989e-01,3.806856577506869677e-01,3.936000000012572765e+09,1.000000000000000000e+00
1.908333333333333415e-05,6.000000000000000000e+00,2.000000000000000000e+00,3.710625576581690050e-07,3.806856430543827940e-01,3.806856563260329063e-01,3.936000000011399269e+09,1.000000000000000000e+00
1.912500000000000070e-05,6.000000000000000000e+00,2.000000000000000000e+00,3.364344563828665353e-07,3.806856430011821280e-01,3.806856550343269419e-01,3.936000000010334969e+09,1.000000000000000000e+00
1.916666666666666725e-05,6.000000000000000000e+00,2.000000000000000000e+00,3.050368802882614537e-07,3.806856429529611452e-01,3.806856538631638864e-01,3.936000000009370804e+09,1.000000000000000000e+00
1.920833333333333380e-05,6.000000000000000000e+00,2.000000000000000000e+00,2.765715151121723457e-07,3.806856429092678740e-01,3.806856528012971808e-01,3.936000000008496761e+09,1.000000000000000000e+00
1.925000000000000035e-05,6.000000000000000000e+00,2.000000000000000000e+00,2.507600554758566953e-07,3.806856428696169803e-01,3.806856518385238752e-01,3.936000000007703781e+09,1.000000000000000000e+00
1.929166666666666690e-05,6.000000000000000000e+00,2.000000000000000000e+00,2.273605757886427711e-07,3.806856428337069831e-01,3.806856509656001419e-01,3.936000000006985664e+09,1.000000000000000000e+00
1.933333333333333345e-05,6.000000000000000000e+00,2.000000000000000000e+00,2.061420643962803553e-07,3.806856428010948479e-01,3.806856501741362475e-01,3.936000000006333351e+09,1.000000000000000000e+00
1.937500000000000000e-05,6.000000000000000000e+00,2.000000000000000000e+00,1.869044324643793772e-07,3.806856427715628599e-01,3.806856494565334925e-01,3.936000000005742550e+09,1.000000000000000000e+00
1.941666666666666655e-05,6.000000000000000000e+00,2.000000000000000000e+00,1.694621430737781330e-07,3.806856427447854463e-01,3.806856488058991683e-01,3.936000000005207062e+09,1.000000000000000000e+00
1.945833333333333310e-05,6.000000000000000000e+00,2.000000000000000000e+00,1.536460302099469374e-07,3.806856427205055349e-01,3.806856482159832744e-01,3.936000000004721642e+09,1.000000000000000000e+00
1.949999999999999965e-05,6.000000000000000000e+00,2.000000000000000000e+00,1.393069367417949508e-07,3.806856426985254505e-01,3.806856476811227852e-01,3.936000000004281998e+09,1.000000000000000000e+00
1.954166666666666620e-05,6.000000000000000000e+00,2.000000000000000000e+00,1.263066194746527146e-07,3.806856426785891756e-01,3.806856471961789223e-01,3.936000000003883362e+09,1.000000000000000000e+00
1.958333333333333275e-05,6.000000000000000000e+00,2.000000000000000000e+00,1.145213871290791105e-07,3.806856426604984245e-01,3.806856467564917468e-01,3.936000000003521442e+09,1.000000000000000000e+00
1.962499999999999930e-05,6.000000000000000000e+00,2.000000000000000000e+00,1.038348243832472037e-07,3.806856426440494712e-01,3.806856463578332517e-01,3.936000000003192425e+09,1.000000000000000000e+00
1.966666666666666585e-05,6.000000000000000000e+00,2.000000000000000000e+00,9.414688681996197209e-08,3.806856426291403972e-01,3.806856459963752215e-01,3.936000000002894402e+09,1.000000000000000000e+00
1.970833333333333240e-05,6.000000000000000000e+00,2.000000000000000000e+00,8.536116800083548531e-08,3.806856426155934003e-01,3.806856456686437684e-01,3.936000000002623558e+09,1.000000000000000000e+00
1.974999999999999895e-05,6.000000000000000000e+00,2.000000000000000000e+00,7.739581340270817980e-08,3.806856426033370377e-01,3.806856453714941857e-01,3.936000000002377987e+09,1.000000000000000000e+00
1.979166666666666550e-05,6.000000000000000000e+00,2.000000000000000000e+00,7.017260648122758373e-08,3.806856425922229836e-01,3.806856451020728116e-01,3.936000000002155781e+09,1.000000000000000000e+00
1.983333333333333205e-05,6.000000000000000000e+00,2.000000000000000000e+00,6.362424462846250042e-08,3.806856425821703027e-01,3.806856448577943253e-01,3.936000000001955032e+09,1.000000000000000000e+00
1.987499999999999860e-05,6.000000000000000000e+00,2.000000000000000000e+00,5.768706321528882488e-08,3.806856425730484883e-01,3.806856446363119373e-01,3.936000000001772404e+09,1.000000000000000000e+00
1.991666666666666515e-05,6.000000000000000000e+00,2.000000000000000000e+00,5.230285458079308310e-08,3.806856425647732189e-01,3.806856444354977942e-01,3.936000000001606941e+09,1.000000000000000000e+00
1.995833333333333170e-05,6.000000000000000000e+00,2.000000000000000000e+00,4.742068702167601093e-08,3.806856425572918701e-01,3.806856442534252150e-01,3.936000000001457214e+09,1.000000000000000000e+00
2.000000000000000164e-05,6.000000000000000000e+00,2.000000000000000000e+00,4.299508580284894213e-08,3.806856425505271146e-01,3.806856440883467640e-01,3.936000000001321793e+09,1.000000000000000000e+00
2.004166666666666819e-05,6.000000000000000000e+00,2.000000000000000000e+00,3.898239517862678274e-08,3.806856425443816416e-01,3.806856439386752666e-01,3.936000000001199245e+09,1.000000000000000000e+00
2.008333333333333474e-05,6.000000000000000000e+00,2.000000000000000000e+00,3.534441637153506979e-08,3.806856425388081000e-01,3.806856438029726508e-01,3.936000000001087666e+09,1.000000000000000000e+00
2.012500000000000129e-05,6.000000000000000000e+00,2.000000000000000000e+00,3.204658858290643200e-08,3.806856425337494798e-01,3.806856436799346266e-01,3.936000000000986576e+09,1.000000000000000000e+00
2.016666666666666784e-05,6.000000000000000000e+00,2.000000000000000000e+00,2.905435101407349479e-08,3.806856425291471613e-01,3.806856435683777518e-01,3.936000000000894547e+09,1.000000000000000000e+00
2.020833333333333439e-05,6.000000000000000000e+00,2.000000000000000000e+00,2.634405680279017195e-08,3.806856425250149112e-01,3.806856434672344358e-01,3.936000000000811577e+09,1.000000000000000000e+00
2.025000000000000094e-05,6.000000000000000000e+00,2.000000000000000000e+00,2.388478312919617399e-08,3.806856425212268302e-01,3.806856433755288482e-01,3.936000000000736237e+09,1.000000000000000000e+00
2.029166666666666749e-05,6.000000000000000000e+00,2.000000000000000000e+00,2.165652110985249650e-08,3.806856425178171688e-01,3.806856432923825251e-01,3.936000000000668049e+09,1.000000000000000000e+00
2.033333333333333404e-05,6.000000000000000000e+00,2.000000000000000000e+00,1.963744287191659912e-08,3.806856425147030487e-01,3.806856432169946070e-01,3.936000000000605583e+09,1.000000000000000000e+00
2.037500000000000059e-05,6.000000000000000000e+00,2.000000000000000000e+00,1.780390155314237249e-08,3.806856425118430032e-01,3.806856431486376757e-01,3.936000000000548363e+09,1.000000000000000000e+00
2.041666666666666714e-05,6.000000000000000000e+00,2.000000000000000000e+00,1.614316422770500883e-08,3.806856425092961516e-01,3.806856430866600860e-01,3.936000000000497341e+09,1.000000000000000000e+00
2.045833333333333369e-05,6.000000000000000000e+00,2.000000000000000000e+00,1.463704100156903802e-08,3.806856425069681249e-01,3.806856430304650374e-01,3.936000000000450611e+09,1.000000000000000000e+00
2.050000000000000024e-05,6.000000000000000000e+00,2.000000000000000000e+00,1.327097995950609980e-08,3.806856425048570913e-01,3.806856429795129060e-01,3.936000000000408649e+09,1.000000000000000000e+00
2.054166666666666679e-05,6.000000000000000000e+00,2.000000000000000000e+00,1.203406716509491740e-08,3.806856425029530588e-01,3.806856429333154157e-01,3.936000000000370502e+09,1.000000000000000000e+00
2.058333333333333334e-05,6.000000000000000000e+00,2.000000000000000000e+00,1.090993171370357810e-08,3.806856425011939660e-01,3.806856428914258128e-01,3.936000000000335217e+09,1.000000000000000000e+00
2.062499999999999989e-05,6.000000000000000000e+00,2.000000000000000000e+00,9.891297647717898471e-09,3.806856424996423183e-01,3.806856428534464154e-01,3.936000000000304222e+09,1.000000000000000000e+00
2.066666666666666644e-05,6.000000000000000000e+00,2.000000000000000000e+00,8.967251030716603381e-09,3.806856424982399401e-01,3.806856428190127928e-01,3.936000000000276089e+09,1.000000000000000000e+00
2.070833333333333299e-05,6.000000000000000000e+00,2.000000000000000000e+00,8.130515905085509402e-09,3.806856424969814467e-01,3.806856427877950422e-01,3.936000000000251293e+09,1.000000000000000000e+00
2.074999999999999954e-05,6.000000000000000000e+00,2.000000000000000000e+00,7.371997323806888079e-09,3.806856424958234286e-01,3.806856427594914050e-01,3.936000000000227928e+09,1.000000000000000000e+00
2.079166666666666609e-05,6.000000000000000000e+00,2.000000000000000000e+00,6.684419329266554331e-09,3.806856424947644424e-01,3.806856427338289328e-01,3.936000000000206947e+09,1.000000000000000000e+00
2.083333333333333264e-05,6.000000000000000000e+00,2.000000000000000000e+00,6.060505963850325560e-09,3.806856424937972161e-01,3.806856427105603791e-01,3.936000000000187397e+09,1.000000000000000000e+00
2.087499999999999919e-05,6.000000000000000000e+00,2.000000000000000000e+00,5.494800259347564196e-09,3.806856424929279115e-01,3.806856426894631995e-01,3.936000000000170231e+09,1.000000000000000000e+00
2.091666666666666574e-05,6.000000000000000000e+00,2.000000000000000000e+00,4.981845247547632670e-09,3.806856424921430948e-01,3.806856426703350005e-01,3.936000000000154495e+09,1.000000000000000000e+00
2.095833333333333229e-05,6.000000000000000000e+00,2.000000000000000000e+00,4.516183960239893412e-09,3.806856424914338843e-01,3.806856426529924287e-01,3.936000000000140190e+09,1.000000000000000000e+00
2.099999999999999884e-05,6.000000000000000000e+00,2.000000000000000000e+00,4.095997408020800566e-09,3.806856424908045544e-01,3.806856426372698943e-01,3.936000000000127792e+09,1.000000000000000000e+00
2.104166666666666539e-05,6.000000000000000000e+00,2.000000000000000000e+00,3.714009633276170706e-09,3.806856424901962077e-01,3.806856426230127433e-01,3.936000000000115395e+09,1.000000000000000000e+00
2.108333333333333194e-05,6.000000000000000000e+00,2.000000000000000000e+00,3.368401646602457976e-09,3.806856424896509772e-01,3.806856426100847512e-01,3.936000000000104427e+09,1.000000000000000000e+00
2.112499999999999849e-05,6.000000000000000000e+00,2.000000000000000000e+00,3.055535469192570662e-09,3.806856424891421620e-01,3.806856425983606851e-01,3.936000000000094414e+09,1.000000000000000000e+00
2.116666666666666504e-05,6.000000000000000000e+00,2.000000000000000000e+00,2.771773122239417052e-09,3.806856424886629342e-01,3.806856425877268579e-01,3.936000000000084877e+09,1.000000000000000000e+00
2.120833333333333498e-05,6.000000000000000000e+00,2.000000000000000000e+00,2.513476626935905432e-09,3.806856424882211209e-01,3.806856425780809627e-01,3.936000000000075817e+09,1.000000000000000000e+00
2.125000000000000153e-05,6.000000000000000000e+00,2.000000000000000000e+00,2.278826993878489947e-09,3.806856424878372058e-01,3.806856425693329049e-01,3.936000000000068188e+09,1.000000000000000000e+00
2.129166666666666808e-05,6.000000000000000000e+00,2.000000000000000000e+00,2.064186244260078883e-09,3.806856424875042499e-01,3.806856425614004724e-01,3.936000000000061512e+09,1.000000000000000000e+00
2.133333333333333463e-05,6.000000000000000000e+00,2.000000000000000000e+00,1.871373367484218096e-09,3.806856424872492317e-01,3.806856425542121114e-01,3.936000000000056267e+09,1.000000000000000000e+00
2.137500000000000118e-05,6.000000000000000000e+00,2.000000000000000000e+00,1.694931395340270018e-09,3.806856424869993205e-01,3.806856425476964345e-01,3.936000000000051498e+09,1.000000000000000000e+00
2.141666666666666773e-05,6.000000000000000000e+00,2.000000000000000000e+00,1.536679317231780505e-09,3.806856424868020339e-01,3.806856425417931566e-01,3.936000000000047684e+09,1.000000000000000000e+00
2.145833333333333428e-05,6.000000000000000000e+00,2.000000000000000000e+00,1.392979154351657843e-09,3.806856424865995292e-01,3.806856425364426588e-01,3.936000000000043392e+09,1.000000000000000000e+00
2.150000000000000083e-05,6.000000000000000000e+00,2.000000000000000000e+00,1.262011917296356177e-09,3.806856424864125676e-01,3.806856425315927606e-01,3.936000000000039577e+09,1.000000000000000000e+00
2.154166666666666738e-05,6.000000000000000000e+00,2.000000000000000000e+00,1.143777606065875506e-09,3.806856424862573585e-01,3.806856425271978317e-01,3.936000000000036716e+09,1.000000000000000000e+00
2.158333333333333393e-05,6.000000000000000000e+00,2.000000000000000000e+00,1.036457231256669974e-09,3.806856424861125299e-01,3.806856425232150176e-01,3.936000000000033855e+09,1.000000000000000000e+00
2.162500000000000048e-05,6.000000000000000000e+00,2.000000000000000000e+00,9.400507928687395806e-10,3.806856424859833554e-01,3.806856425196056826e-01,3.936000000000030994e+09,1.000000000000000000e+00
2.166666666666666703e-05,6.000000000000000000e+00,2.000000000000000000e+00,8.527393014985383664e-10,3.806856424858484633e-01,3.806856425163333002e-01,3.936000000000028610e+09,1.000000000000000000e+00
2.170833333333333358e-05,6.000000000000000000e+00,2.000000000000000000e+00,7.745227571460665379e-10,3.806856424857172350e-01,3.806856425133654520e-01,3.936000000000025749e+09,1.000000000000000000e+00
2.175000000000000013e-05,6.000000000000000000e+00,2.000000000000000000e+00,6.999441916006864224e-10,3.806856424855734611e-01,3.806856425106714403e-01,3.936000000000022888e+09,1.000000000000000000e+00
2.179166666666666668e-05,6.000000000000000000e+00,2.000000000000000000e+00,6.344605730730355893e-10,3.806856424855116217e-01,3.806856425082323359e-01,3.936000000000021935e+09,1.000000000000000000e+00
2.183333333333333323e-05,6.000000000000000000e+00,2.000000000000000000e+00,5.744339227560223256e-10,3.806856424854377918e-01,3.806856425060225479e-01,3.936000000000020027e+09,1.000000000000000000e+00
2.187499999999999978e-05,6.000000000000000000e+00,2.000000000000000000e+00,5.216832300531924878e-10,3.806856424853792831e-01,3.806856425040213709e-01,3.936000000000019073e+09,1.000000000000000000e+00
2.191666666666666633e-05,6.000000000000000000e+00,2.000000000000000000e+00,4.743895055610002194e-10,3.806856424852942400e-01,3.806856425022059898e-01,3.936000000000017166e+09,1.000000000000000000e+00
2.195833333333333288e-05,6.000000000000000000e+00,2.000000000000000000e+00,4.307337598758997157e-10,3.806856424851924325e-01,3.806856425005568645e-01,3.936000000000015259e+09,1.000000000000000000e+00
2.199999999999999943e-05,6.000000000000000000e+00,2.000000000000000000e+00,3.907159929978908732e-10,3.806856424851053911e-01,3.806856424990591181e-01,3.936000000000013351e+09,1.000000000000000000e+00
2.204166666666666598e-05,6.000000000000000000e+00,2.000000000000000000e+00,3.543362049269737437e-10,3.806856424850366682e-01,3.806856424976998721e-01,3.936000000000012398e+09,1.000000000000000000e+00
2.208333333333333253e-05,6.000000000000000000e+00,2.000000000000000000e+00,3.197754062596024707e-10,3.806856424849797138e-01,3.806856424964668029e-01,3.936000000000010967e+09,1.000000000000000000e+00
2.212499999999999908e-05,6.000000000000000000e+00,2.000000000000000000e+00,2.888525863993229106e-10,3.806856424849641707e-01,3.806856424953516393e-01,3.936000000000010967e+09,1.000000000000000000e+00
2.216666666666666563e-05,6.000000000000000000e+00,2.000000000000000000e+00,2.615677453461350634e-10,3.806856424849569542e-01,3.806856424943437789e-01,3.936000000000010490e+09,1.000000000000000000e+00
2.220833333333333218e-05,6.000000000000000000e+00,2.000000000000000000e+00,2.379208831000389292e-10,3.806856424849385245e-01,3.806856424934320082e-01,3.936000000000010014e+09,1.000000000000000000e+00
2.224999999999999873e-05,6.000000000000000000e+00,2.000000000000000000e+00,2.160930102574886515e-10,3.806856424848945597e-01,3.806856424926043925e-01,3.936000000000009537e+09,1.000000000000000000e+00
2.229166666666666528e-05,6.000000000000000000e+00,2.000000000000000000e+00,1.960841268184842303e-10,3.806856424848520382e-01,3.806856424918529935e-01,3.936000000000008583e+09,1.000000000000000000e+00
2.233333333333333183e-05,6.000000000000000000e+00,2.000000000000000000e+00,1.778942327830256655e-10,3.806856424848164000e-01,3.806856424911708725e-01,3.936000000000007629e+09,1.000000000000000000e+00
2.237499999999999838e-05,6.000000000000000000e+00,2.000000000000000000e+00,1.633423175546588137e-10,3.806856424847858689e-01,3.806856424905519232e-01,3.936000000000007153e+09,1.000000000000000000e+00
2.241666666666666832e-05,6.000000000000000000e+00,2.000000000000000000e+00,1.487904023262919619e-10,3.806856424847161469e-01,3.806856424899863756e-01,3.936000000000005722e+09,1.000000000000000000e+00
2.245833333333333487e-05,6.000000000000000000e+00,2.000000000000000000e+00,1.342384870979251101e-10,3.806856424846634668e-01,3.806856424894705659e-01,3.936000000000004768e+09,1.000000000000000000e+00
2.250000000000000142e-05,6.000000000000000000e+00,2.000000000000000000e+00,1.233245506766499713e-10,3.806856424846477571e-01,3.806856424890030510e-01,3.936000000000004292e+09,1.000000000000000000e+00
2.254166666666666797e-05,6.000000000000000000e+00,2.000000000000000000e+00,1.124106142553748324e-10,3.806856424845962428e-01,3.806856424885760037e-01,3.936000000000003338e+09,1.000000000000000000e+00
2.258333333333333452e-05,6.000000000000000000e+00,2.000000000000000000e+00,1.014966778340996936e-10,3.806856424845552755e-01,3.806856424881863710e-01,3.936000000000002384e+09,1.000000000000000000e+00
2.262500000000000107e-05,6.000000000000000000e+00,2.000000000000000000e+00,9.240173081637041118e-11,3.806856424845412312e-01,3.806856424878330425e-01,3.936000000000002384e+09,1.000000000000000000e+00
2.266666666666666762e-05,6.000000000000000000e+00,2.000000000000000000e+00,8.148779439509527233e-11,3.806856424845200260e-01,3.806856424875119105e-01,3.936000000000001907e+09,1.000000000000000000e+00
2.270833333333333417e-05,6.000000000000000000e+00,2.000000000000000000e+00,7.239284737736598995e-11,3.806856424845553866e-01,3.806856424872251399e-01,3.936000000000002384e+09,1.000000000000000000e+00
2.275000000000000072e-05,6.000000000000000000e+00,2.000000000000000000e+00,6.511688976318256405e-11,3.806856424845940223e-01,3.806856424869697886e-01,3.936000000000003338e+09,1.000000000000000000e+00
2.279166666666666727e-05,6.000000000000000000e+00,2.000000000000000000e+00,5.784093214899913168e-11,3.806856424846131182e-01,3.806856424867412492e-01,3.936000000000003815e+09,1.000000000000000000e+00
2.283333333333333382e-05,6.000000000000000000e+00,2.000000000000000000e+00,5.238396393836156225e-11,3.806856424846409293e-01,3.806856424865374677e-01,3.936000000000004292e+09,1.000000000000000000e+00
2.287500000000000037e-05,6.000000000000000000e+00,2.000000000000000000e+00,4.692699572772399283e-11,3.806856424846474241e-01,3.806856424863541699e-01,3.936000000000004292e+09,1.000000000000000000e+00
2.291666666666666692e-05,6.000000000000000000e+00,2.000000000000000000e+00,4.510800632417813635e-11,3.806856424846579712e-01,3.806856424861896349e-01,3.936000000000004768e+09,1.000000000000000000e+00
2.295833333333333347e-05,6.000000000000000000e+00,2.000000000000000000e+00,4.328901692063227987e-11,3.806856424846017939e-01,3.806856424860359800e-01,3.936000000000003338e+09,1.000000000000000000e+00
2.300000000000000002e-05,6.000000000000000000e+00,2.000000000000000000e+00,3.783204870999471045e-11,3.806856424845261322e-01,3.806856424858899302e-01,3.936000000000001907e+09,1.000000000000000000e+00
2.304166666666666657e-05,6.000000000000000000e+00,2.000000000000000000e+00,3.419406990290299749e-11,3.806856424845271869e-01,3.806856424857578136e-01,3.936000000000001907e+09,1.000000000000000000e+00
2.308333333333333312e-05,6.000000000000000000e+00,2.000000000000000000e+00,3.055609109581128454e-11,3.806856424845269649e-01,3.806856424856385201e-01,3.936000000000001907e+09,1.000000000000000000e+00
2.312499999999999967e-05,6.000000000000000000e+00,2.000000000000000000e+00,2.691811228871957159e-11,3.806856424845339593e-01,3.806856424855313836e-01,3.936000000000002384e+09,1.000000000000000000e+00
2.316666666666666622e-05,6.000000000000000000e+00,2.000000000000000000e+00,2.509912288517371512e-11,3.806856424845511677e-01,3.806856424854362375e-01,3.936000000000002384e+09,1.000000000000000000e+00
2.320833333333333277e-05,6.000000000000000000e+00,2.000000000000000000e+00,2.328013348162785864e-11,3.806856424845398434e-01,3.806856424853493626e-01,3.936000000000002384e+09,1.000000000000000000e+00
2.324999999999999932e-05,6.000000000000000000e+00,2.000000000000000000e+00,2.146114407808200216e-11,3.806856424845224129e-01,3.806856424852692600e-01,3.936000000000001907e+09,1.000000000000000000e+00
2.329166666666666587e-05,6.000000000000000000e+00,2.000000000000000000e+00,1.964215467453614569e-11,3.806856424845067588e-01,3.806856424851954301e-01,3.936000000000001431e+09,1.000000000000000000e+00
2.333333333333333242e-05,6.000000000000000000e+00,2.000000000000000000e+00,1.782316527099028921e-11,3.806856424844955455e-01,3.806856424851276510e-01,3.936000000000001431e+09,1.000000000000000000e+00
2.337499999999999897e-05,6.000000000000000000e+00,2.000000000000000000e+00,1.418518646389857626e-11,3.806856424844897169e-01,3.806856424850658116e-01,3.936000000000001431e+09,1.000000000000000000e+00
2.341666666666666552e-05,6.000000000000000000e+00,2.000000000000000000e+00,1.236619706035271978e-11,3.806856424845295184e-01,3.806856424850136866e-01,3.936000000000001907e+09,1.000000000000000000e+00
2.345833333333333207e-05,6.000000000000000000e+00,2.000000000000000000e+00,1.054720765680686331e-11,3.806856424845532771e-01,3.806856424849689446e-01,3.936000000000002384e+09,1.000000000000000000e+00
2.349999999999999862e-05,6.000000000000000000e+00,2.000000000000000000e+00,8.728218253261006833e-12,3.806856424845751485e-01,3.806856424849306419e-01,3.936000000000002861e+09,1.000000000000000000e+00
2.354166666666666517e-05,6.000000000000000000e+00,2.000000000000000000e+00,6.909228849715151165e-12,3.806856424846002396e-01,3.806856424848985565e-01,3.936000000000003338e+09,1.000000000000000000e+00
2.358333333333333172e-05,6.000000000000000000e+00,2.000000000000000000e+00,5.090239446169294689e-12,3.806856424846304376e-01,3.806856424848724108e-01,3.936000000000004292e+09,1.000000000000000000e+00
2.362500000000000166e-05,6.000000000000000000e+00,2.000000000000000000e+00,5.090239446169294689e-12,3.806856424846661313e-01,3.806856424848522602e-01,3.936000000000004768e+09,1.000000000000000000e+00
2.366666666666666821e-05,6.000000000000000000e+00,2.000000000000000000e+00,6.909228849715151165e-12,3.806856424846678522e-01,3.806856424848343856e-01,3.936000000000004768e+09,1.000000000000000000e+00
2.370833333333333476e-05,6.000000000000000000e+00,2.000000000000000000e+00,6.909228849715151165e-12,3.806856424846178366e-01,3.806856424848135689e-01,3.936000000000003815e+09,1.000000000000000000e+00
2.375000000000000131e-05,6.000000000000000000e+00,2.000000000000000000e+00,5.090239446169294689e-12,3.806856424845855846e-01,3.806856424847916420e-01,3.936000000000003338e+09,1.000000000000000000e+00
2.379166666666666786e-05,6.000000000000000000e+00,2.000000000000000000e+00,5.090239446169294689e-12,3.806856424845994624e-01,3.806856424847728793e-01,3.936000000000003338e+09,1.000000000000000000e+00
2.383333333333333441e-05,6.000000000000000000e+00,2.000000000000000000e+00,5.090239446169294689e-12,3.806856424845934672e-01,3.806856424847555598e-01,3.936000000000003338e+09,1.000000000000000000e+00
2.387500000000000096e-05,6.000000000000000000e+00,2.000000000000000000e+00,5.090239446169294689e-12,3.806856424845805886e-01,3.806856424847385734e-01,3.936000000000002861e+09,1.000000000000000000e+00
2.391666666666666751e-05,6.000000000000000000e+00,2.000000000000000000e+00,5.090239446169294689e-12,3.806856424845652120e-01,3.806856424847218645e-01,3.936000000000002861e+09,1.000000000000000000e+00
2.395833333333333406e-05,6.000000000000000000e+00,2.000000000000000000e+00,5.090239446169294689e-12,3.806856424845490028e-01,3.806856424847051557e-01,3.936000000000002384e+09,1.000000000000000000e+00
2.400000000000000061e-05,6.000000000000000000e+00,2.000000000000000000e+00,5.090239446169294689e-12,3.806856424845325160e-01,3.806856424846885023e-01,3.936000000000001907e+09,1.000000000000000000e+00
2.404166666666666716e-05,6.000000000000000000e+00,2.000000000000000000e+00,5.090239446169294689e-12,3.806856424845158626e-01,3.806856424846718490e-01,3.936000000000001907e+09,1.000000000000000000e+00
2.408333333333333371e-05,6.000000000000000000e+00,2.000000000000000000e+00,5.090239446169294689e-12,3.806856424844992093e-01,3.806856424846551401e-01,3.936000000000001431e+09,1.000000000000000000e+00
2.412500000000000026e-05,6.000000000000000000e+00,2.000000000000000000e+00,5.090239446169294689e-12,3.806856424844825559e-01,3.806856424846384868e-01,3.936000000000000954e+09,1.000000000000000000e+00
2.416666666666666681e-05,6.000000000000000000e+00,2.000000000000000000e+00,5.090239446169294689e-12,3.806856424844659026e-01,3.806856424846217779e-01,3.936000000000000954e+09,1.000000000000000000e+00
2.420833333333333336e-05,6.000000000000000000e+00,2.000000000000000000e+00,5.090239446169294689e-12,3.806856424844492492e-01,3.806856424846051246e-01,3.936000000000000477e+09,1.000000000000000000e+00
2.424999999999999991e-05,6.000000000000000000e+00,2.000000000000000000e+00,5.090239446169294689e-12,3.806856424844325959e-01,3.806856424845884712e-01,3.936000000000000000e+09,1.000000000000000000e+00
2.429166666666666646e-05,6.000000000000000000e+00,2.000000000000000000e+00,5.090239446169294689e-12,3.806856424844159426e-01,3.806856424845718179e-01,3.936000000000000000e+09,1.000000000000000000e+00
2.433333333333333301e-05,6.000000000000000000e+00,2.000000000000000000e+00,5.090239446169294689e-12,3.806856424843992892e-01,3.806856424845551645e-01,3.935999999999999523e+09,1.000000000000000000e+00
2.437499999999999956e-05,6.000000000000000000e+00,2.000000000000000000e+00,5.090239446169294689e-12,3.806856424843826359e-01,3.806856424845385112e-01,3.935999999999999046e+09,1.000000000000000000e+00
2.441666666666666611e-05,6.000000000000000000e+00,2.000000000000000000e+00,5.090239446169294689e-12,3.806856424843659270e-01,3.806856424845218578e-01,3.935999999999998569e+09,1.000000000000000000e+00
2.445833333333333266e-05,6.000000000000000000e+00,2.000000000000000000e+00,5.090239446169294689e-12,3.806856424843492737e-01,3.806856424845051490e-01,3.935999999999998569e+09,1.000000000000000000e+00
2.449999999999999921e-05,6.000000000000000000e+00,2.000000000000000000e+00,5.090239446169294689e-12,3.806856424843325648e-01,3.806856424844884956e-01,3.935999999999998093e+09,1.000000000000000000e+00
2.454166666666666576e-05,6.000000000000000000e+00,2.000000000000000000e+00,5.090239446169294689e-12,3.806856424843159115e-01,3.806856424844717868e-01,3.935999999999997616e+09,1.000000000000000000e+00
2.458333333333333231e-05,6.000000000000000000e+00,2.000000000000000000e+00,5.090239446169294689e-12,3.806856424842992581e-01,3.806856424844551334e-01,3.935999999999997616e+09,1.000000000000000000e+00
2.462499999999999886e-05,6.000000000000000000e+00,2.000000000000000000e+00,5.090239446169294689e-12,3.806856424842826048e-01,3.806856424844384801e-01,3.935999999999997139e+09,1.000000000000000000e+00
2.466666666666666541e-05,6.000000000000000000e+00,2.000000000000000000e+00,5.090239446169294689e-12,3.806856424842659514e-01,3.806856424844218267e-01,3.935999999999996662e+09,1.000000000000000000e+00
2.470833333333333196e-05,6.000000000000000000e+00,2.000000000000000000e+00,5.090239446169294689e-12,3.806856424842492981e-01,3.806856424844051734e-01,3.935999999999996662e+09,1.000000000000000000e+00
2.474999999999999851e-05,6.000000000000000000e+00,2.000000000000000000e+00,5.090239446169294689e-12,3.806856424842325892e-01,3.806856424843885200e-01,3.935999999999996185e+09,1.000000000000000000e+00
2.479166666666666506e-05,6.000000000000000000e+00,2.000000000000000000e+00,5.090239446169294689e-12,3.806856424842159359e-01,3.806856424843718112e-01,3.935999999999995708e+09,1.000000000000000000e+00
2.483333333333333500e-05,6.000000000000000000e+00,2.000000000000000000e+00,5.090239446169294689e-12,3.806856424841992825e-01,3.806856424843551578e-01,3.935999999999995232e+09,1.000000000000000000e+00
2.487500000000000155e-05,6.000000000000000000e+00,2.000000000000000000e+00,5.090239446169294689e-12,3.806856424841825737e-01,3.806856424843385045e-01,3.935999999999995232e+09,1.000000000000000000e+00
2.491666666666666810e-05,6.000000000000000000e+00,2.000000000000000000e+00,5.090239446169294689e-12,3.806856424841659203e-01,3.806856424843217956e-01,3.935999999999994755e+09,1.000000000000000000e+00
2.495833333333333465e-05,6.000000000000000000e+00,2.000000000000000000e+00,5.090239446169294689e-12,3.806856424841492670e-01,3.806856424843051423e-01,3.935999999999994278e+09,1.000000000000000000e+00
2.500000000000000120e-05,6.000000000000000000e+00,2.000000000000000000e+00,5.090239446169294689e-12,3.806856424841326136e-01,3.806856424842884890e-01,3.935999999999994278e+09,1.000000000000000000e+00
2.504166666666666775e-05,6.000000000000000000e+00,2.000000000000000000e+00,5.090239446169294689e-12,3.806856424841159603e-01,3.806856424842718356e-01,3.935999999999993801e+09,1.000000000000000000e+00
2.508333333333333430e-05,6.000000000000000000e+00,2.000000000000000000e+00,5.090239446169294689e-12,3.806856424840993069e-01,3.806856424842551823e-01,3.935999999999993324e+09,1.000000000000000000e+00
2.512500000000000085e-05,6.000000000000000000e+00,2.000000000000000000e+00,3.271250042623437809e-12,3.806856424840825981e-01,3.806856424842385289e-01,3.935999999999993324e+09,1.000000000000000000e+00
2.516666666666666740e-05,6.000000000000000000e+00,2.000000000000000000e+00,1.452260639077581535e-12,3.806856424841058018e-01,3.806856424842255393e-01,3.935999999999993801e+09,1.000000000000000000e+00
2.520833333333333395e-05,6.000000000000000000e+00,2.000000000000000000e+00,-3.667287644682749407e-13,3.806856424841468245e-01,3.806856424842177122e-01,3.935999999999994278e+09,1.000000000000000000e+00
2.525000000000000050e-05,6.000000000000000000e+00,2.000000000000000000e+00,-3.667287644682749407e-13,3.806856424841980058e-01,3.806856424842156028e-01,3.935999999999995232e+09,1.000000000000000000e+00
2.529166666666666705e-05,6.000000000000000000e+00,2.000000000000000000e+00,-3.667287644682749407e-13,3.806856424842166575e-01,3.806856424842156583e-01,3.935999999999995708e+09,1.000000000000000000e+00
2.533333333333333360e-05,6.000000000000000000e+00,2.000000000000000000e+00,-3.667287644682749407e-13,3.806856424842240960e-01,3.806856424842164355e-01,3.935999999999996185e+09,1.000000000000000000e+00
2.537500000000000015e-05,6.000000000000000000e+00,2.000000000000000000e+00,-3.667287644682749407e-13,3.806856424842274267e-01,3.806856424842174902e-01,3.935999999999996185e+09,1.000000000000000000e+00
2.541666666666666670e-05,6.000000000000000000e+00,2.000000000000000000e+00,-3.667287644682749407e-13,3.806856424842294251e-01,3.806856424842186559e-01,3.935999999999996185e+09,1.000000000000000000e+00
2.545833333333333325e-05,6.000000000000000000e+00,2.000000000000000000e+00,-3.667287644682749407e-13,3.806856424842308684e-01,3.806856424842198772e-01,3.935999999999996185e+09,1.000000000000000000e+00
2.549999999999999980e-05,6.000000000000000000e+00,2.000000000000000000e+00,-3.667287644682749407e-13,3.806856424842322006e-01,3.806856424842210984e-01,3.935999999999996185e+09,1.000000000000000000e+00
2.554166666666666635e-05,6.000000000000000000e+00,2.000000000000000000e+00,-3.667287644682749407e-13,3.806856424842335329e-01,3.806856424842223197e-01,3.935999999999996185e+09,1.000000000000000000e+00
2.558333333333333290e-05,6.000000000000000000e+00,2.000000000000000000e+00,-3.667287644682749407e-13,3.806856424842347542e-01,3.806856424842235409e-01,3.935999999999996185e+09,1.000000000000000000e+00
2.562499999999999945e-05,6.000000000000000000e+00,2.000000000000000000e+00,-3.667287644682749407e-13,3.806856424842359754e-01,3.806856424842247621e-01,3.935999999999996185e+09,1.000000000000000000e+00
2.566666666666666600e-05,6.000000000000000000e+00,2.000000000000000000e+00,-3.667287644682749407e-13,3.806856424842371966e-01,3.806856424842260389e-01,3.935999999999996185e+09,1.000000000000000000e+00
2.570833333333333255e-05,6.000000000000000000e+00,2.000000000000000000e+00,-3.667287644682749407e-13,3.806856424842384179e-01,3.806856424842272602e-01,3.935999999999996185e+09,1.000000000000000000e+00
2.574999999999999910e-05,6.000000000000000000e+00,2.000000000000000000e+00,-3.667287644682749407e-13,3.806856424842396391e-01,3.806856424842284814e-01,3.935999999999996185e+09,1.000000000000000000e+00
2.579166666666666565e-05,6.000000000000000000e+00,2.000000000000000000e+00,-3.667287644682749407e-13,3.806856424842408604e-01,3.806856424842297582e-01,3.935999999999996185e+09,1.000000000000000000e+00
2.583333333333333220e-05,6.000000000000000000e+00,2.000000000000000000e+00,-3.667287644682749407e-13,3.806856424842420816e-01,3.806856424842309794e-01,3.935999999999996185e+09,1.000000000000000000e+00
2.587499999999999875e-05,6.000000000000000000e+00,2.000000000000000000e+00,-3.667287644682749407e-13,3.806856424842433029e-01,3.806856424842322006e-01,3.935999999999996185e+09,1.000000000000000000e+00
2.591666666666666530e-05,6.000000000000000000e+00,2.000000000000000000e+00,-3.667287644682749407e-13,3.806856424842445241e-01,3.806856424842334219e-01,3.935999999999996185e+09,1.000000000000000000e+00
2.595833333333333185e-05,6.000000000000000000e+00,2.000000000000000000e+00,-3.667287644682749407e-13,3.806856424842458009e-01,3.806856424842346431e-01,3.935999999999996185e+09,1.000000000000000000e+00
2.599999999999999840e-05,6.000000000000000000e+00,2.000000000000000000e+00,-3.667287644682749407e-13,3.806856424842470221e-01,3.806856424842358644e-01,3.935999999999996185e+09,1.000000000000000000e+00
2.604166666666666834e-05,6.000000000000000000e+00,2.000000000000000000e+00,-3.667287644682749407e-13,3.806856424842482434e-01,3.806856424842370856e-01,3.935999999999996662e+09,1.000000000000000000e+00
2.608333333333333489e-05,6.000000000000000000e+00,2.000000000000000000e+00,-3.667287644682749407e-13,3.806856424842495201e-01,3.806856424842383069e-01,3.935999999999996662e+09,1.000000000000000000e+00
2.612500000000000144e-05,6.000000000000000000e+00,2.000000000000000000e+00,-3.667287644682749407e-13,3.806856424842507414e-01,3.806856424842395281e-01,3.935999999999996662e+09,1.000000000000000000e+00
2.616666666666666799e-05,6.000000000000000000e+00,2.000000000000000000e+00,-3.667287644682749407e-13,3.806856424842519626e-01,3.806856424842407494e-01,3.935999999999996662e+09,1.000000000000000000e+00
2.620833333333333454e-05,6.000000000000000000e+00,2.000000000000000000e+00,-3.667287644682749407e-13,3.806856424842531839e-01,3.806856424842420261e-01,3.935999999999996662e+09,1.000000000000000000e+00
2.625000000000000109e-05,6.000000000000000000e+00,2.000000000000000000e+00,-3.667287644682749407e-13,3.806856424842544051e-01,3.806856424842432474e-01,3.935999999999996662e+09,1.000000000000000000e+00
2.629166666666666764e-05,6.000000000000000000e+00,2.000000000000000000e+00,-3.667287644682749407e-13,3.806856424842556263e-01,3.806856424842444686e-01,3.935999999999996662e+09,1.000000000000000000e+00
2.633333333333333419e-05,6.000000000000000000e+00,2.000000000000000000e+00,-3.667287644682749407e-13,3.806856424842568476e-01,3.806856424842457454e-01,3.935999999999996662e+09,1.000000000000000000e+00
2.637500000000000074e-05,6.000000000000000000e+00,2.000000000000000000e+00,-3.667287644682749407e-13,3.806856424842580688e-01,3.806856424842469666e-01,3.935999999999996662e+09,1.000000000000000000e+00
2.641666666666666729e-05,6.000000000000000000e+00,2.000000000000000000e+00,-3.667287644682749407e-13,3.806856424842592901e-01,3.806856424842481879e-01,3.935999999999996662e+09,1.000000000000000000e+00
2.645833333333333384e-05,6.000000000000000000e+00,2.000000000000000000e+00,-3.667287644682749407e-13,3.806856424842605113e-01,3.806856424842494091e-01,3.935999999999996662e+09,1.000000000000000000e+00
2.650000000000000039e-05,6.000000000000000000e+00,2.000000000000000000e+00,-3.667287644682749407e-13,3.806856424842617881e-01,3.806856424842506303e-01,3.935999999999996662e+09,1.000000000000000000e+00
2.654166666666666694e-05,6.000000000000000000e+00,2.000000000000000000e+00,-3.667287644682749407e-13,3.806856424842630093e-01,3.806856424842518516e-01,3.935999999999996662e+09,1.000000000000000000e+00
2.658333333333333349e-05,6.000000000000000000e+00,2.000000000000000000e+00,-3.667287644682749407e-13,3.806856424842642306e-01,3.806856424842530728e-01,3.935999999999996662e+09,1.000000000000000000e+00
2.662500000000000004e-05,6.000000000000000000e+00,2.000000000000000000e+00,-3.667287644682749407e-13,3.806856424842655073e-01,3.806856424842542941e-01,3.935999999999996662e+09,1.000000000000000000e+00
2.666666666666666659e-05,6.000000000000000000e+00,2.000000000000000000e+00,-3.667287644682749407e-13,3.806856424842667286e-01,3.806856424842555153e-01,3.935999999999996662e+09,1.000000000000000000e+00
2.670833333333333314e-05,6.000000000000000000e+00,2.000000000000000000e+00,-3.667287644682749407e-13,3.806856424842679498e-01,3.806856424842567366e-01,3.935999999999996662e+09,1.000000000000000000e+00
2.674999999999999969e-05,6.000000000000000000e+00,2.000000000000000000e+00,-3.667287644682749407e-13,3.806856424842691711e-01,3.806856424842580133e-01,3.935999999999996662e+09,1.000000000000000000e+00
2.679166666666666624e-05,6.000000000000000000e+00,2.000000000000000000e+00,-3.667287644682749407e-13,3.806856424842703923e-01,3.806856424842592346e-01,3.935999999999996662e+09,1.000000000000000000e+00
2.683333333333333279e-05,6.000000000000000000e+00,2.000000000000000000e+00,-3.667287644682749407e-13,3.806856424842716136e-01,3.806856424842604558e-01,3.935999999999997139e+09,1.000000000000000000e+00
2.687499999999999934e-05,6.000000000000000000e+00,2.000000000000000000e+00,-3.667287644682749407e-13,3.806856424842728348e-01,3.806856424842617326e-01,3.935999999999997139e+09,1.000000000000000000e+00
2.691666666666666589e-05,6.000000000000000000e+00,2.000000000000000000e+00,-3.667287644682749407e-13,3.806856424842740561e-01,3.806856424842629538e-01,3.935999999999997139e+09,1.000000000000000000e+00
2.695833333333333244e-05,6.000000000000000000e+00,2.000000000000000000e+00,-3.667287644682749407e-13,3.806856424842752773e-01,3.806856424842641751e-01,3.935999999999997139e+09,1.000000000000000000e+00
2.699999999999999899e-05,6.000000000000000000e+00,2.000000000000000000e+00,-3.667287644682749407e-13,3.806856424842764985e-01,3.806856424842653963e-01,3.935999999999997139e+09,1.000000000000000000e+00
2.704166666666666554e-05,6.000000000000000000e+00,2.000000000000000000e+00,-3.667287644682749407e-13,3.806856424842777753e-01,3.806856424842666176e-01,3.935999999999997139e+09,1.000000000000000000e+00
2.708333333333333209e-05,6.000000000000000000e+00,2.000000000000000000e+00,-3.667287644682749407e-13,3.806856424842789965e-01,3.806856424842678388e-01,3.935999999999997139e+09,1.000000000000000000e+00
2.712499999999999864e-05,6.000000000000000000e+00,2.000000000000000000e+00,-3.667287644682749407e-13,3.806856424842802178e-01,3.806856424842690600e-01,3.935999999999997139e+09,1.000000000000000000e+00
2.716666666666666519e-05,6.000000000000000000e+00,2.000000000000000000e+00,-3.667287644682749407e-13,3.806856424842814945e-01,3.806856424842702813e-01,3.935999999999997139e+09,1.000000000000000000e+00
2.720833333333333174e-05,6.000000000000000000e+00,2.000000000000000000e+00,-3.667287644682749407e-13,3.806856424842827158e-01,3.806856424842715025e-01,3.935999999999997139e+09,1.000000000000000000e+00
2.725000000000000168e-05,6.000000000000000000e+00,2.000000000000000000e+00,-3.667287644682749407e-13,3.806856424842839370e-01,3.806856424842727238e-01,3.935999999999997139e+09,1.000000000000000000e+00
2.729166666666666823e-05,6.000000000000000000e+00,2.000000000000000000e+00,-3.667287644682749407e-13,3.806856424842851583e-01,3.806856424842740005e-01,3.935999999999997139e+09,1.000000000000000000e+00
2.733333333333333478e-05,6.000000000000000000e+00,2.000000000000000000e+00,-3.667287644682749407e-13,3.806856424842863795e-01,3.806856424842752218e-01,3.935999999999997139e+09,1.000000000000000000e+00
2.737500000000000133e-05,6.000000000000000000e+00,2.000000000000000000e+00,-3.667287644682749407e-13,3.806856424842876008e-01,3.806856424842764430e-01,3.935999999999997139e+09,1.000000000000000000e+00
2.741666666666666788e-05,6.000000000000000000e+00,2.000000000000000000e+00,-3.667287644682749407e-13,3.806856424842888220e-01,3.806856424842777198e-01,3.935999999999997139e+09,1.000000000000000000e+00
2.745833333333333443e-05,6.000000000000000000e+00,2.000000000000000000e+00,-3.667287644682749407e-13,3.806856424842900433e-01,3.806856424842789410e-01,3.935999999999997139e+09,1.000000000000000000e+00
2.750000000000000098e-05,6.000000000000000000e+00,2.000000000000000000e+00,-3.667287644682749407e-13,3.806856424842912645e-01,3.806856424842801623e-01,3.935999999999997139e+09,1.000000000000000000e+00
2.754166666666666753e-05,6.000000000000000000e+00,2.000000000000000000e+00,-3.667287644682749407e-13,3.806856424842924858e-01,3.806856424842813835e-01,3.935999999999997139e+09,1.000000000000000000e+00
2.758333333333333408e-05,6.000000000000000000e+00,2.000000000000000000e+00,-3.667287644682749407e-13,3.806856424842937625e-01,3.806856424842826048e-01,3.935999999999997139e+09,1.000000000000000000e+00
2.762500000000000063e-05,6.000000000000000000e+00,2.000000000000000000e+00,-3.667287644682749407e-13,3.806856424842949838e-01,3.806856424842838260e-01,3.935999999999997139e+09,1.000000000000000000e+00
2.766666666666666718e-05,6.000000000000000000e+00,2.000000000000000000e+00,-3.667287644682749407e-13,3.806856424842962050e-01,3.806856424842850473e-01,3.935999999999997616e+09,1.000000000000000000e+00
2.770833333333333373e-05,6.000000000000000000e+00,2.000000000000000000e+00,-3.667287644682749407e-13,3.806856424842974818e-01,3.806856424842862685e-01,3.935999999999997616e+09,1.000000000000000000e+00
2.775000000000000028e-05,6.000000000000000000e+00,2.000000000000000000e+00,-3.667287644682749407e-13,3.806856424842987030e-01,3.806856424842874898e-01,3.935999999999997616e+09,1.000000000000000000e+00
2.779166666666666683e-05,6.000000000000000000e+00,2.000000000000000000e+00,-3.667287644682749407e-13,3.806856424842999242e-01,3.806856424842887110e-01,3.935999999999997616e+09,1.000000000000000000e+00
2.783333333333333338e-05,6.000000000000000000e+00,2.000000000000000000e+00,-3.667287644682749407e-13,3.806856424843011455e-01,3.806856424842899878e-01,3.935999999999997616e+09,1.000000000000000000e+00
2.787499999999999993e-05,6.000000000000000000e+00,2.000000000000000000e+00,-3.667287644682749407e-13,3.806856424843023667e-01,3.806856424842912090e-01,3.935999999999997616e+09,1.000000000000000000e+00
2.791666666666666648e-05,6.000000000000000000e+00,2.000000000000000000e+00,-3.667287644682749407e-13,3.806856424843035880e-01,3.806856424842924302e-01,3.935999999999997616e+09,1.000000000000000000e+00
2.795833333333333303e-05,6.000000000000000000e+00,2.000000000000000000e+00,-3.667287644682749407e-13,3.806856424843048092e-01,3.806856424842937070e-01,3.935999999999997616e+09,1.000000000000000000e+00
2.799999999999999958e-05,6.000000000000000000e+00,2.000000000000000000e+00,-3.667287644682749407e-13,3.806856424843060305e-01,3.806856424842949282e-01,3.935999999999997616e+09,1.000000000000000000e+00
2.804166666666666613e-05,6.000000000000000000e+00,2.000000000000000000e+00,-3.667287644682749407e-13,3.806856424843072517e-01,3.806856424842961495e-01,3.935999999999997616e+09,1.000000000000000000e+00
2.808333333333333268e-05,6.000000000000000000e+00,2.000000000000000000e+00,-3.667287644682749407e-13,3.806856424843084730e-01,3.806856424842973707e-01,3.935999999999997616e+09,1.000000000000000000e+00
2.812499999999999923e-05,6.000000000000000000e+00,2.000000000000000000e+00,-3.667287644682749407e-13,3.806856424843097497e-01,3.806856424842985920e-01,3.935999999999997616e+09,1.000000000000000000e+00
2.816666666666666578e-05,6.000000000000000000e+00,2.000000000000000000e+00,-3.667287644682749407e-13,3.806856424843109710e-01,3.806856424842998132e-01,3.935999999999997616e+09,1.000000000000000000e+00
2.820833333333333233e-05,6.000000000000000000e+00,2.000000000000000000e+00,-3.667287644682749407e-13,3.806856424843121922e-01,3.806856424843010345e-01,3.935999999999997616e+09,1.000000000000000000e+00
2.824999999999999888e-05,6.000000000000000000e+00,2.000000000000000000e+00,-3.667287644682749407e-13,3.806856424843134690e-01,3.806856424843022557e-01,3.935999999999997616e+09,1.000000000000000000e+00
2.829166666666666543e-05,6.000000000000000000e+00,2.000000000000000000e+00,-3.667287644682749407e-13,3.806856424843146902e-01,3.806856424843034770e-01,3.935999999999997616e+09,1.000000000000000000e+00
2.833333333333333198e-05,6.000000000000000000e+00,2.000000000000000000e+00,-3.667287644682749407e-13,3.806856424843159115e-01,3.806856424843046982e-01,3.935999999999997616e+09,1.000000000000000000e+00
2.837499999999999853e-05,6.000000000000000000e+00,2.000000000000000000e+00,-3.667287644682749407e-13,3.806856424843171327e-01,3.806856424843059750e-01,3.935999999999997616e+09,1.000000000000000000e+00
2.841666666666666508e-05,6.000000000000000000e+00,2.000000000000000000e+00,-3.667287644682749407e-13,3.806856424843183540e-01,3.806856424843071962e-01,3.935999999999997616e+09,1.000000000000000000e+00
2.845833333333333502e-05,6.000000000000000000e+00,2.000000000000000000e+00,-3.667287644682749407e-13,3.806856424843195752e-01,3.806856424843084175e-01,3.935999999999998093e+09,1.000000000000000000e+00
2.850000000000000157e-05,6.000000000000000000e+00,2.000000000000000000e+00,-3.667287644682749407e-13,3.806856424843207964e-01,3.806856424843096942e-01,3.935999999999998093e+09,1.000000000000000000e+00
2.854166666666666812e-05,6.000000000000000000e+00,2.000000000000000000e+00,-3.667287644682749407e-13,3.806856424843220177e-01,3.806856424843109155e-01,3.935999999999998093e+09,1.000000000000000000e+00
2.858333333333333467e-05,6.000000000000000000e+00,2.000000000000000000e+00,-3.667287644682749407e-13,3.806856424843232389e-01,3.806856424843121367e-01,3.935999999999998093e+09,1.000000000000000000e+00
2.862500000000000122e-05,6.000000000000000000e+00,2.000000000000000000e+00,-3.667287644682749407e-13,3.806856424843244602e-01,3.806856424843133579e-01,3.935999999999998093e+09,1.000000000000000000e+00
2.866666666666666777e-05,6.000000000000000000e+00,2.000000000000000000e+00,-3.667287644682749407e-13,3.806856424843257369e-01,3.806856424843145792e-01,3.935999999999998093e+09,1.000000000000000000e+00
2.870833333333333432e-05,6.000000000000000000e+00,2.000000000000000000e+00,-3.667287644682749407e-13,3.806856424843269582e-01,3.806856424843158004e-01,3.935999999999998093e+09,1.000000000000000000e+00
2.875000000000000087e-05,6.000000000000000000e+00,2.000000000000000000e+00,-3.667287644682749407e-13,3.806856424843281794e-01,3.806856424843170217e-01,3.935999999999998093e+09,1.000000000000000000e+00
2.879166666666666742e-05,6.000000000000000000e+00,2.000000000000000000e+00,-3.667287644682749407e-13,3.806856424843294562e-01,3.806856424843182429e-01,3.935999999999998093e+09,1.000000000000000000e+00
2.883333333333333397e-05,6.000000000000000000e+00,2.000000000000000000e+00,-3.667287644682749407e-13,3.806856424843306774e-01,3.806856424843194642e-01,3.935999999999998093e+09,1.000000000000000000e+00
2.887500000000000052e-05,6.000000000000000000e+00,2.000000000000000000e+00,-3.667287644682749407e-13,3.806856424843318987e-01,3.806856424843206854e-01,3.935999999999998093e+09,1.000000000000000000e+00
2.891666666666666707e-05,6.000000000000000000e+00,2.000000000000000000e+00,-3.667287644682749407e-13,3.806856424843331199e-01,3.806856424843219622e-01,3.935999999999998093e+09,1.000000000000000000e+00
2.895833333333333362e-05,6.000000000000000000e+00,2.000000000000000000e+00,-3.667287644682749407e-13,3.806856424843343412e-01,3.806856424843231834e-01,3.935999999999998093e+09,1.000000000000000000e+00
2.900000000000000017e-05,6.000000000000000000e+00,2.000000000000000000e+00,-3.667287644682749407e-13,3.806856424843355624e-01,3.806856424843244047e-01,3.935999999999998093e+09,1.000000000000000000e+00
2.904166666666666672e-05,6.000000000000000000e+00,2.000000000000000000e+00,-3.667287644682749407e-13,3.806856424843367837e-01,3.806856424843256814e-01,3.935999999999998093e+09,1.000000000000000000e+00
2.908333333333333327e-05,6.000000000000000000e+00,2.000000000000000000e+00,-3.667287644682749407e-13,3.806856424843380049e-01,3.806856424843269027e-01,3.935999999999998093e+09,1.000000000000000000e+00
2.912499999999999982e-05,6.000000000000000000e+00,2.000000000000000000e+00,-3.667287644682749407e-13,3.806856424843392261e-01,3.806856424843281239e-01,3.935999999999998093e+09,1.000000000000000000e+00
2.916666666666666637e-05,6.000000000000000000e+00,2.000000000000000000e+00,-3.667287644682749407e-13,3.806856424843404474e-01,3.806856424843293452e-01,3.935999999999998093e+09,1.000000000000000000e+00
2.920833333333333292e-05,6.000000000000000000e+00,2.000000000000000000e+00,-3.667287644682749407e-13,3.806856424843417241e-01,3.806856424843305664e-01,3.935999999999998093e+09,1.000000000000000000e+00
2.924999999999999947e-05,6.000000000000000000e+00,2.000000000000000000e+00,-3.667287644682749407e-13,3.806856424843429454e-01,3.806856424843317876e-01,3.935999999999998093e+09,1.000000000000000000e+00
2.929166666666666602e-05,6.000000000000000000e+00,2.000000000000000000e+00,-3.667287644682749407e-13,3.806856424843441666e-01,3.806856424843330089e-01,3.935999999999998569e+09,1.000000000000000000e+00
2.933333333333333257e-05,6.000000000000000000e+00,2.000000000000000000e+00,-3.667287644682749407e-13,3.806856424843454434e-01,3.806856424843342301e-01,3.935999999999998569e+09,1.000000000000000000e+00
2.937499999999999912e-05,6.000000000000000000e+00,2.000000000000000000e+00,-3.667287644682749407e-13,3.806856424843466646e-01,3.806856424843354514e-01,3.935999999999998569e+09,1.000000000000000000e+00
2.941666666666666567e-05,6.000000000000000000e+00,2.000000000000000000e+00,-3.667287644682749407e-13,3.806856424843478859e-01,3.806856424843366726e-01,3.935999999999998569e+09,1.000000000000000000e+00
2.945833333333333222e-05,6.000000000000000000e+00,2.000000000000000000e+00,-3.667287644682749407e-13,3.806856424843491071e-01,3.806856424843379494e-01,3.935999999999998569e+09,1.000000000000000000e+00
2.949999999999999877e-05,6.000000000000000000e+00,2.000000000000000000e+00,-3.667287644682749407e-13,3.806856424843503284e-01,3.806856424843391706e-01,3.935999999999998569e+09,1.000000000000000000e+00
2.954166666666666532e-05,6.000000000000000000e+00,2.000000000000000000e+00,-3.667287644682749407e-13,3.806856424843515496e-01,3.806856424843403919e-01,3.935999999999998569e+09,1.000000000000000000e+00
2.958333333333333187e-05,6.000000000000000000e+00,2.000000000000000000e+00,-3.667287644682749407e-13,3.806856424843527709e-01,3.806856424843416686e-01,3.935999999999998569e+09,1.000000000000000000e+00
2.962499999999999842e-05,6.000000000000000000e+00,2.000000000000000000e+00,-3.667287644682749407e-13,3.806856424843539921e-01,3.806856424843428899e-01,3.935999999999998569e+09,1.000000000000000000e+00
2.966666666666666836e-05,6.000000000000000000e+00,2.000000000000000000e+00,-3.667287644682749407e-13,3.806856424843552134e-01,3.806856424843441111e-01,3.935999999999998569e+09,1.000000000000000000e+00
2.970833333333333491e-05,6.000000000000000000e+00,2.000000000000000000e+00,-3.667287644682749407e-13,3.806856424843564346e-01,3.806856424843453324e-01,3.935999999999998569e+09,1.000000000000000000e+00
2.975000000000000146e-05,6.000000000000000000e+00,2.000000000000000000e+00,-3.667287644682749407e-13,3.806856424843577114e-01,3.806856424843465536e-01,3.935999999999998569e+09,1.000000000000000000e+00
2.979166666666666801e-05,6.000000000000000000e+00,2.000000000000000000e+00,-3.667287644682749407e-13,3.806856424843589326e-01,3.806856424843477749e-01,3.935999999999998569e+09,1.000000000000000000e+00
2.983333333333333456e-05,6.000000000000000000e+00,2.000000000000000000e+00,-3.667287644682749407e-13,3.806856424843601538e-01,3.806856424843489961e-01,3.935999999999998569e+09,1.000000000000000000e+00
2.987500000000000111e-05,6.000000000000000000e+00,2.000000000000000000e+00,-3.667287644682749407e-13,3.806856424843614306e-01,3.806856424843502174e-01,3.935999999999998569e+09,1.000000000000000000e+00
2.991666666666666766e-05,6.000000000000000000e+00,2.000000000000000000e+00,-3.667287644682749407e-13,3.806856424843626518e-01,3.806856424843514386e-01,3.935999999999998569e+09,1.000000000000000000e+00
2.995833333333333421e-05,6.000000000000000000e+00,2.000000000000000000e+00,-3.667287644682749407e-13,3.806856424843638731e-01,3.806856424843526598e-01,3.935999999999998569e+09,1.000000000000000000e+00
3.000000000000000076e-05,6.000000000000000000e+00,2.000000000000000000e+00,-3.667287644682749407e-13,3.806856424843650943e-01,3.806856424843539366e-01,3.935999999999998569e+09,1.000000000000000000e+00
3.004166666666666731e-05,6.000000000000000000e+00,2.000000000000000000e+00,-3.667287644682749407e-13,3.806856424843663156e-01,3.806856424843551578e-01,3.935999999999998569e+09,1.000000000000000000e+00
3.008333333333333386e-05,6.000000000000000000e+00,2.000000000000000000e+00,-3.667287644682749407e-13,3.806856424843675368e-01,3.806856424843563791e-01,3.935999999999999046e+09,1.000000000000000000e+00
3.012500000000000041e-05,6.000000000000000000e+00,2.000000000000000000e+00,-3.667287644682749407e-13,3.806856424843687581e-01,3.806856424843576558e-01,3.935999999999999046e+09,1.000000000000000000e+00
3.016666666666666696e-05,6.000000000000000000e+00,2.000000000000000000e+00,-3.667287644682749407e-13,3.806856424843699793e-01,3.806856424843588771e-01,3.935999999999999046e+09,1.000000000000000000e+00
3.020833333333333351e-05,6.000000000000000000e+00,2.000000000000000000e+00,-3.667287644682749407e-13,3.806856424843712006e-01,3.806856424843600983e-01,3.935999999999999046e+09,1.000000000000000000e+00
3.025000000000000006e-05,6.000000000000000000e+00,2.000000000000000000e+00,-3.667287644682749407e-13,3.806856424843724218e-01,3.806856424843613196e-01,3.935999999999999046e+09,1.000000000000000000e+00
3.029166666666666661e-05,6.000000000000000000e+00,2.000000000000000000e+00,-3.667287644682749407e-13,3.806856424843736986e-01,3.806856424843625408e-01,3.935999999999999046e+09,1.000000000000000000e+00
3.033333333333333316e-05,6.000000000000000000e+00,2.000000000000000000e+00,-3.667287644682749407e-13,3.806856424843749198e-01,3.806856424843637621e-01,3.935999999999999046e+09,1.000000000000000000e+00
3.037499999999999971e-05,6.000000000000000000e+00,2.000000000000000000e+00,-3.667287644682749407e-13,3.806856424843761411e-01,3.806856424843649833e-01,3.935999999999999046e+09,1.000000000000000000e+00
3.041666666666666626e-05,6.000000000000000000e+00,2.000000000000000000e+00,-3.667287644682749407e-13,3.806856424843774178e-01,3.806856424843662046e-01,3.935999999999999046e+09,1.000000000000000000e+00
3.045833333333333281e-05,6.000000000000000000e+00,2.000000000000000000e+00,-3.667287644682749407e-13,3.806856424843786391e-01,3.806856424843674258e-01,3.935999999999999046e+09,1.000000000000000000e+00
3.049999999999999936e-05,6.000000000000000000e+00,2.000000000000000000e+00,-3.667287644682749407e-13,3.806856424843798603e-01,3.806856424843686471e-01,3.935999999999999046e+09,1.000000000000000000e+00
3.054166666666666591e-05,6.000000000000000000e+00,2.000000000000000000e+00,-3.667287644682749407e-13,3.806856424843810816e-01,3.806856424843699238e-01,3.935999999999999046e+09,1.000000000000000000e+00
3.058333333333333585e-05,6.000000000000000000e+00,2.000000000000000000e+00,-3.667287644682749407e-13,3.806856424843823028e-01,3.806856424843711451e-01,3.935999999999999046e+09,1.000000000000000000e+00
3.062499999999999901e-05,6.000000000000000000e+00,2.000000000000000000e+00,-3.667287644682749407e-13,3.806856424843835240e-01,3.806856424843723663e-01,3.935999999999999046e+09,1.000000000000000000e+00
3.066666666666666895e-05,6.000000000000000000e+00,2.000000000000000000e+00,-3.667287644682749407e-13,3.806856424843847453e-01,3.806856424843736431e-01,3.935999999999999046e+09,1.000000000000000000e+00
3.070833333333333211e-05,6.000000000000000000e+00,2.000000000000000000e+00,-3.667287644682749407e-13,3.806856424843859665e-01,3.806856424843748643e-01,3.935999999999999046e+09,1.000000000000000000e+00
3.075000000000000205e-05,6.000000000000000000e+00,2.000000000000000000e+00,-3.667287644682749407e-13,3.806856424843871878e-01,3.806856424843760855e-01,3.935999999999999046e+09,1.000000000000000000e+00
3.079166666666666521e-05,6.000000000000000000e+00,2.000000000000000000e+00,-3.667287644682749407e-13,3.806856424843884090e-01,3.806856424843773068e-01,3.935999999999999046e+09,1.000000000000000000e+00
3.083333333333333515e-05,6.000000000000000000e+00,2.000000000000000000e+00,-3.667287644682749407e-13,3.806856424843896858e-01,3.806856424843785280e-01,3.935999999999999046e+09,1.000000000000000000e+00
3.087499999999999831e-05,6.000000000000000000e+00,2.000000000000000000e+00,-3.667287644682749407e-13,3.806856424843909070e-01,3.806856424843797493e-01,3.935999999999999523e+09,1.000000000000000000e+00
3.091666666666666825e-05,6.000000000000000000e+00,2.000000000000000000e+00,-3.667287644682749407e-13,3.806856424843921283e-01,3.806856424843809705e-01,3.935999999999999523e+09,1.000000000000000000e+00
3.095833333333333141e-05,6.000000000000000000e+00,2.000000000000000000e+00,-3.667287644682749407e-13,3.806856424843934050e-01,3.806856424843821918e-01,3.935999999999999523e+09,1.000000000000000000e+00
3.100000000000000135e-05,6.000000000000000000e+00,2.000000000000000000e+00,-3.667287644682749407e-13,3.806856424843946263e-01,3.806856424843834130e-01,3.935999999999999523e+09,1.000000000000000000e+00
3.104166666666666451e-05,6.000000000000000000e+00,2.000000000000000000e+00,-3.667287644682749407e-13,3.806856424843958475e-01,3.806856424843846343e-01,3.935999999999999523e+09,1.000000000000000000e+00
3.108333333333333445e-05,6.000000000000000000e+00,2.000000000000000000e+00,-3.667287644682749407e-13,3.806856424843970688e-01,3.806856424843859110e-01,3.935999999999999523e+09,1.000000000000000000e+00
3.112499999999999761e-05,6.000000000000000000e+00,2.000000000000000000e+00,-3.667287644682749407e-13,3.806856424843982900e-01,3.806856424843871323e-01,3.935999999999999523e+09,1.000000000000000000e+00
3.116666666666666755e-05,6.000000000000000000e+00,2.000000000000000000e+00,-3.667287644682749407e-13,3.806856424843995113e-01,3.806856424843883535e-01,3.935999999999999523e+09,1.000000000000000000e+00
3.120833333333333071e-05,6.000000000000000000e+00,2.000000000000000000e+00,-3.667287644682749407e-13,3.806856424844007325e-01,3.806856424843896303e-01,3.935999999999999523e+09,1.000000000000000000e+00
3.125000000000000065e-05,6.000000000000000000e+00,2.000000000000000000e+00,-3.667287644682749407e-13,3.806856424844019537e-01,3.806856424843908515e-01,3.935999999999999523e+09,1.000000000000000000e+00
3.129166666666666381e-05,6.000000000000000000e+00,2.000000000000000000e+00,-3.667287644682749407e-13,3.806856424844031750e-01,3.806856424843920728e-01,3.935999999999999523e+09,1.000000000000000000e+00
3.133333333333333375e-05,6.000000000000000000e+00,2.000000000000000000e+00,-3.667287644682749407e-13,3.806856424844043962e-01,3.806856424843932940e-01,3.935999999999999523e+09,1.000000000000000000e+00
3.137499999999999691e-05,6.000000000000000000e+00,2.000000000000000000e+00,-3.667287644682749407e-13,3.806856424844056730e-01,3.806856424843945153e-01,3.935999999999999523e+09,1.000000000000000000e+00
3.141666666666666685e-05,6.000000000000000000e+00,2.000000000000000000e+00,-3.667287644682749407e-13,3.806856424844068942e-01,3.806856424843957365e-01,3.935999999999999523e+09,1.000000000000000000e+00
3.145833333333333001e-05,6.000000000000000000e+00,2.000000000000000000e+00,-3.667287644682749407e-13,3.806856424844081155e-01,3.806856424843969577e-01,3.935999999999999523e+09,1.000000000000000000e+00
3.149999999999999995e-05,6.000000000000000000e+00,2.000000000000000000e+00,-3.667287644682749407e-13,3.806856424844093922e-01,3.806856424843981790e-01,3.935999999999999523e+09,1.000000000000000000e+00
3.154166666666666989e-05,6.000000000000000000e+00,2.000000000000000000e+00,-3.667287644682749407e-13,3.806856424844106135e-01,3.806856424843994002e-01,3.935999999999999523e+09,1.000000000000000000e+00
3.158333333333333305e-05,6.000000000000000000e+00,2.000000000000000000e+00,-3.667287644682749407e-13,3.806856424844118347e-01,3.806856424844006215e-01,3.935999999999999523e+09,1.000000000000000000e+00
3.162500000000000299e-05,6.000000000000000000e+00,2.000000000000000000e+00,-3.667287644682749407e-13,3.806856424844130560e-01,3.806856424844018982e-01,3.935999999999999523e+09,1.000000000000000000e+00
3.166666666666666615e-05,6.000000000000000000e+00,2.000000000000000000e+00,-3.667287644682749407e-13,3.806856424844142772e-01,3.806856424844031195e-01,3.935999999999999523e+09,1.000000000000000000e+00
3.170833333333333609e-05,6.000000000000000000e+00,2.000000000000000000e+00,-3.667287644682749407e-13,3.806856424844154985e-01,3.806856424844043407e-01,3.936000000000000000e+09,1.000000000000000000e+00
3.174999999999999925e-05,6.000000000000000000e+00,2.000000000000000000e+00,-3.667287644682749407e-13,3.806856424844167197e-01,3.806856424844056175e-01,3.936000000000000000e+09,1.000000000000000000e+00
3.179166666666666919e-05,6.000000000000000000e+00,2.000000000000000000e+00,-3.667287644682749407e-13,3.806856424844179410e-01,3.806856424844068387e-01,3.936000000000000000e+09,1.000000000000000000e+00
3.183333333333333235e-05,6.000000000000000000e+00,2.000000000000000000e+00,-3.667287644682749407e-13,3.806856424844191622e-01,3.806856424844080600e-01,3.936000000000000000e+09,1.000000000000000000e+00
3.187500000000000229e-05,6.000000000000000000e+00,2.000000000000000000e+00,-3.667287644682749407e-13,3.806856424844203834e-01,3.806856424844092812e-01,3.936000000000000000e+09,1.000000000000000000e+00
3.191666666666666545e-05,6.000000000000000000e+00,2.000000000000000000e+00,-3.667287644682749407e-13,3.806856424844216602e-01,3.806856424844105025e-01,3.936000000000000000e+09,1.000000000000000000e+00
3.195833333333333539e-05,6.000000000000000000e+00,2.000000000000000000e+00,-3.667287644682749407e-13,3.806856424844228814e-01,3.806856424844117237e-01,3.936000000000000000e+09,1.000000000000000000e+00
3.199999999999999855e-05,6.000000000000000000e+00,2.000000000000000000e+00,-3.667287644682749407e-13,3.806856424844241027e-01,3.806856424844129450e-01,3.936000000000000000e+09,1.000000000000000000e+00
3.204166666666666849e-05,6.000000000000000000e+00,2.000000000000000000e+00,-3.667287644682749407e-13,3.806856424844253795e-01,3.806856424844141662e-01,3.936000000000000000e+09,1.000000000000000000e+00
3.208333333333333165e-05,6.000000000000000000e+00,2.000000000000000000e+00,-3.667287644682749407e-13,3.806856424844266007e-01,3.806856424844153874e-01,3.936000000000000000e+09,1.000000000000000000e+00
3.212500000000000159e-05,6.000000000000000000e+00,2.000000000000000000e+00,-3.667287644682749407e-13,3.806856424844278219e-01,3.806856424844166087e-01,3.936000000000000000e+09,1.000000000000000000e+00
3.216666666666666475e-05,6.000000000000000000e+00,2.000000000000000000e+00,-3.667287644682749407e-13,3.806856424844290432e-01,3.806856424844178854e-01,3.936000000000000000e+09,1.000000000000000000e+00
3.220833333333333469e-05,6.000000000000000000e+00,2.000000000000000000e+00,-3.667287644682749407e-13,3.806856424844302644e-01,3.806856424844191067e-01,3.936000000000000000e+09,1.000000000000000000e+00
3.224999999999999785e-05,6.000000000000000000e+00,2.000000000000000000e+00,-3.667287644682749407e-13,3.806856424844314857e-01,3.806856424844203279e-01,3.936000000000000000e+09,1.000000000000000000e+00
3.229166666666666779e-05,6.000000000000000000e+00,2.000000000000000000e+00,-3.667287644682749407e-13,3.806856424844327069e-01,3.806856424844216047e-01,3.936000000000000000e+09,1.000000000000000000e+00
3.233333333333333095e-05,6.000000000000000000e+00,2.000000000000000000e+00,-3.667287644682749407e-13,3.806856424844339282e-01,3.806856424844228259e-01,3.936000000000000000e+09,1.000000000000000000e+00
3.237500000000000089e-05,6.000000000000000000e+00,2.000000000000000000e+00,-3.667287644682749407e-13,3.806856424844351494e-01,3.806856424844240472e-01,3.936000000000000000e+09,1.000000000000000000e+00
3.241666666666666405e-05,6.000000000000000000e+00,2.000000000000000000e+00,-3.667287644682749407e-13,3.806856424844363707e-01,3.806856424844252684e-01,3.936000000000000000e+09,1.000000000000000000e+00
3.245833333333333399e-05,6.000000000000000000e+00,2.000000000000000000e+00,-3.667287644682749407e-13,3.806856424844376474e-01,3.806856424844264897e-01,3.936000000000000000e+09,1.000000000000000000e+00
3.249999999999999715e-05,6.000000000000000000e+00,2.000000000000000000e+00,-3.667287644682749407e-13,3.806856424844388687e-01,3.806856424844277109e-01,3.936000000000000477e+09,1.000000000000000000e+00
3.254166666666666709e-05,6.000000000000000000e+00,2.000000000000000000e+00,-3.667287644682749407e-13,3.806856424844400899e-01,3.806856424844289322e-01,3.936000000000000477e+09,1.000000000000000000e+00
3.258333333333333025e-05,6.000000000000000000e+00,2.000000000000000000e+00,-3.667287644682749407e-13,3.806856424844413667e-01,3.806856424844301534e-01,3.936000000000000477e+09,1.000000000000000000e+00
3.262500000000000019e-05,6.000000000000000000e+00,2.000000000000000000e+00,-3.667287644682749407e-13,3.806856424844425879e-01,3.806856424844313747e-01,3.936000000000000477e+09,1.000000000000000000e+00
3.266666666666666335e-05,6.000000000000000000e+00,2.000000000000000000e+00,-3.667287644682749407e-13,3.806856424844438092e-01,3.806856424844325959e-01,3.936000000000000477e+09,1.000000000000000000e+00
3.270833333333333329e-05,6.000000000000000000e+00,2.000000000000000000e+00,-3.667287644682749407e-13,3.806856424844450304e-01,3.806856424844338727e-01,3.936000000000000477e+09,1.000000000000000000e+00
3.275000000000000323e-05,6.000000000000000000e+00,2.000000000000000000e+00,-3.667287644682749407e-13,3.806856424844462516e-01,3.806856424844350939e-01,3.936000000000000477e+09,1.000000000000000000e+00
3.279166666666666639e-05,6.000000000000000000e+00,2.000000000000000000e+00,-3.667287644682749407e-13,3.806856424844474729e-01,3.806856424844363151e-01,3.936000000000000477e+09,1.000000000000000000e+00
3.283333333333333633e-05,6.000000000000000000e+00,2.000000000000000000e+00,-3.667287644682749407e-13,3.806856424844486941e-01,3.806856424844375919e-01,3.936000000000000477e+09,1.000000000000000000e+00
3.287499999999999949e-05,6.000000000000000000e+00,2.000000000000000000e+00,-3.667287644682749407e-13,3.806856424844499154e-01,3.806856424844388131e-01,3.936000000000000477e+09,1.000000000000000000e+00
3.291666666666666943e-05,6.000000000000000000e+00,2.000000000000000000e+00,-3.667287644682749407e-13,3.806856424844511366e-01,3.806856424844400344e-01,3.936000000000000477e+09,1.000000000000000000e+00
3.295833333333333259e-05,6.000000000000000000e+00,2.000000000000000000e+00,-3.667287644682749407e-13,3.806856424844523579e-01,3.806856424844412556e-01,3.936000000000000477e+09,1.000000000000000000e+00
3.300000000000000253e-05,6.000000000000000000e+00,2.000000000000000000e+00,-3.667287644682749407e-13,3.806856424844536346e-01,3.806856424844424769e-01,3.936000000000000477e+09,1.000000000000000000e+00
3.304166666666666569e-05,6.000000000000000000e+00,2.000000000000000000e+00,-3.667287644682749407e-13,3.806856424844548559e-01,3.806856424844436981e-01,3.936000000000000477e+09,1.000000000000000000e+00
3.308333333333333563e-05,6.000000000000000000e+00,2.000000000000000000e+00,-3.667287644682749407e-13,3.806856424844560771e-01,3.806856424844449194e-01,3.936000000000000477e+09,1.000000000000000000e+00
3.312499999999999879e-05,6.000000000000000000e+00,2.000000000000000000e+00,-3.667287644682749407e-13,3.806856424844573539e-01,3.806856424844461406e-01,3.936000000000000477e+09,1.000000000000000000e+00
3.316666666666666873e-05,6.000000000000000000e+00,2.000000000000000000e+00,-3.667287644682749407e-13,3.806856424844585751e-01,3.806856424844473619e-01,3.936000000000000477e+09,1.000000000000000000e+00
3.320833333333333189e-05,6.000000000000000000e+00,2.000000000000000000e+00,-3.667287644682749407e-13,3.806856424844597964e-01,3.806856424844485831e-01,3.936000000000000477e+09,1.000000000000000000e+00
3.325000000000000183e-05,6.000000000000000000e+00,2.000000000000000000e+00,-3.667287644682749407e-13,3.806856424844610176e-01,3.806856424844498599e-01,3.936000000000000477e+09,1.000000000000000000e+00
3.329166666666666499e-05,6.000000000000000000e+00,2.000000000000000000e+00,-3.667287644682749407e-13,3.806856424844622389e-01,3.806856424844510811e-01,3.936000000000000954e+09,1.000000000000000000e+00
3.333333333333333493e-05,6.000000000000000000e+00,2.000000000000000000e+00,-3.667287644682749407e-13,3.806856424844634601e-01,3.806856424844523024e-01,3.912000000000000954e+09,1.000000000000000000e+00
3.337499999999999809e-05,6.000000000000000000e+00,2.000000000000000000e+00,7.917008241805177821e-13,3.806856424844646813e-01,3.806856424844535791e-01,3.912000000000000954e+09,1.000000000000000000e+00
3.341666666666666803e-05,6.000000000000000000e+00,2.000000000000000000e+00,1.950130412829310505e-12,3.806856424844405895e-01,3.806856424844523579e-01,3.912000000000000477e+09,1.000000000000000000e+00
3.345833333333333119e-05,6.000000000000000000e+00,2.000000000000000000e+00,3.108560001478103329e-12,3.806856424844050624e-01,3.806856424844480280e-01,3.911999999999999523e+09,1.000000000000000000e+00
3.350000000000000113e-05,6.000000000000000000e+00,2.000000000000000000e+00,4.266989590126895748e-12,3.806856424843630959e-01,3.806856424844399234e-01,3.911999999999998569e+09,1.000000000000000000e+00
3.354166666666666429e-05,6.000000000000000000e+00,2.000000000000000000e+00,5.425419178775688976e-12,3.806856424843164111e-01,3.806856424844281550e-01,3.911999999999997616e+09,1.000000000000000000e+00
3.358333333333333423e-05,6.000000000000000000e+00,2.000000000000000000e+00,4.764859363878624920e-12,3.806856424842655628e-01,3.806856424844126119e-01,3.911999999999996662e+09,1.000000000000000000e+00
3.362499999999999739e-05,6.000000000000000000e+00,2.000000000000000000e+00,5.923288952527418148e-12,3.806856424842506303e-01,3.806856424843969577e-01,3.911999999999996662e+09,1.000000000000000000e+00
3.366666666666666733e-05,6.000000000000000000e+00,2.000000000000000000e+00,5.262729137630354092e-12,3.806856424842098852e-01,3.806856424843789721e-01,3.911999999999995708e+09,1.000000000000000000e+00
3.370833333333333049e-05,6.000000000000000000e+00,2.000000000000000000e+00,6.421158726279147319e-12,3.806856424841974507e-01,3.806856424843614306e-01,3.911999999999995232e+09,1.000000000000000000e+00
3.375000000000000043e-05,6.000000000000000000e+00,2.000000000000000000e+00,5.760598911382083263e-12,3.806856424841565945e-01,3.806856424843417797e-01,3.911999999999994755e+09,1.000000000000000000e+00
3.379166666666666359e-05,6.000000000000000000e+00,2.000000000000000000e+00,5.100039096485020015e-12,3.806856424841430497e-01,3.806856424843225728e-01,3.911999999999994278e+09,1.000000000000000000e+00
3.383333333333333353e-05,6.000000000000000000e+00,2.000000000000000000e+00,6.258468685133812435e-12,3.806856424841404962e-01,3.806856424843049203e-01,3.911999999999994278e+09,1.000000000000000000e+00
3.387499999999999669e-05,6.000000000000000000e+00,2.000000000000000000e+00,5.597908870236748379e-12,3.806856424841034703e-01,3.806856424842854913e-01,3.911999999999993324e+09,1.000000000000000000e+00
3.391666666666666663e-05,6.000000000000000000e+00,2.000000000000000000e+00,3.118359651793828655e-12,3.806856424840915909e-01,3.806856424842667841e-01,3.911999999999993324e+09,1.000000000000000000e+00
3.395833333333333657e-05,6.000000000000000000e+00,2.000000000000000000e+00,2.457799836896765003e-12,3.806856424841298936e-01,3.806856424842534059e-01,3.911999999999994278e+09,1.000000000000000000e+00
3.399999999999999973e-05,6.000000000000000000e+00,2.000000000000000000e+00,3.616229425545557423e-12,3.806856424841511544e-01,3.806856424842434139e-01,3.911999999999994278e+09,1.000000000000000000e+00
3.404166666666666967e-05,6.000000000000000000e+00,2.000000000000000000e+00,4.774659014194350247e-12,3.806856424841280617e-01,3.806856424842323117e-01,3.911999999999993801e+09,1.000000000000000000e+00
3.408333333333333283e-05,6.000000000000000000e+00,2.000000000000000000e+00,5.933088602843143474e-12,3.806856424840868725e-01,3.806856424842183229e-01,3.911999999999993324e+09,1.000000000000000000e+00
3.412500000000000277e-05,6.000000000000000000e+00,2.000000000000000000e+00,3.453539384400222943e-12,3.806856424840369124e-01,3.806856424842010034e-01,3.911999999999992371e+09,1.000000000000000000e+00
3.416666666666666593e-05,6.000000000000000000e+00,2.000000000000000000e+00,2.792979569503159290e-12,3.806856424840610598e-01,3.806856424841873476e-01,3.911999999999992847e+09,1.000000000000000000e+00
3.420833333333333587e-05,6.000000000000000000e+00,2.000000000000000000e+00,2.132419754606095638e-12,3.806856424840767139e-01,3.806856424841764674e-01,3.911999999999992847e+09,1.000000000000000000e+00
3.424999999999999903e-05,6.000000000000000000e+00,2.000000000000000000e+00,1.471859939709031784e-12,3.806856424840907027e-01,3.806856424841681408e-01,3.911999999999993324e+09,1.000000000000000000e+00
3.429166666666666897e-05,6.000000000000000000e+00,2.000000000000000000e+00,8.113001248119681323e-13,3.806856424841055797e-01,3.806856424841620345e-01,3.911999999999993801e+09,1.000000000000000000e+00
3.433333333333333213e-05,6.000000000000000000e+00,2.000000000000000000e+00,-1.668249093630951996e-12,3.806856424841221775e-01,3.806856424841580933e-01,3.911999999999993801e+09,1.000000000000000000e+00
3.437500000000000207e-05,6.000000000000000000e+00,2.000000000000000000e+00,-2.328808908528015850e-12,3.806856424841805753e-01,3.806856424841600361e-01,3.911999999999995232e+09,1.000000000000000000e+00
3.441666666666666523e-05,6.000000000000000000e+00,2.000000000000000000e+00,-2.989368723425079502e-12,3.806856424842191000e-01,3.806856424841655873e-01,3.911999999999995708e+09,1.000000000000000000e+00
3.445833333333333517e-05,6.000000000000000000e+00,2.000000000000000000e+00,-1.830939134776286678e-12,3.806856424842520181e-01,3.806856424841738029e-01,3.911999999999996662e+09,1.000000000000000000e+00
3.449999999999999833e-05,6.000000000000000000e+00,2.000000000000000000e+00,-6.725095461274938542e-13,3.806856424842445241e-01,3.806856424841807418e-01,3.911999999999996185e+09,1.000000000000000000e+00
3.454166666666666827e-05,6.000000000000000000e+00,2.000000000000000000e+00,4.859200425212988686e-13,3.806856424842204323e-01,3.806856424841846831e-01,3.911999999999995708e+09,1.000000000000000000e+00
3.458333333333333143e-05,6.000000000000000000e+00,2.000000000000000000e+00,1.644349631170091591e-12,3.806856424841880138e-01,3.806856424841851272e-01,3.911999999999995232e+09,1.000000000000000000e+00
3.462500000000000137e-05,6.000000000000000000e+00,2.000000000000000000e+00,2.802779219818884617e-12,3.806856424841502662e-01,3.806856424841819075e-01,3.911999999999994278e+09,1.000000000000000000e+00
3.466666666666666453e-05,6.000000000000000000e+00,2.000000000000000000e+00,3.961208808467677441e-12,3.806856424841081332e-01,3.806856424841749686e-01,3.911999999999993801e+09,1.000000000000000000e+00
3.470833333333333447e-05,6.000000000000000000e+00,2.000000000000000000e+00,5.119638397116469861e-12,3.806856424840620035e-01,3.806856424841641995e-01,3.911999999999992847e+09,1.000000000000000000e+00
3.474999999999999763e-05,6.000000000000000000e+00,2.000000000000000000e+00,2.640089178673549733e-12,3.806856424840120434e-01,3.806856424841496556e-01,3.911999999999991894e+09,1.000000000000000000e+00
3.479166666666666757e-05,6.000000000000000000e+00,2.000000000000000000e+00,1.605399602306296553e-13,3.806856424840379116e-01,3.806856424841387199e-01,3.911999999999992371e+09,1.000000000000000000e+00
3.483333333333333073e-05,6.000000000000000000e+00,2.000000000000000000e+00,-2.319009258212290523e-12,3.806856424840957542e-01,3.806856424841343345e-01,3.911999999999993324e+09,1.000000000000000000e+00
3.487500000000000067e-05,6.000000000000000000e+00,2.000000000000000000e+00,-4.798558476655210651e-12,3.806856424841700282e-01,3.806856424841374986e-01,3.911999999999994755e+09,1.000000000000000000e+00
3.491666666666666383e-05,6.000000000000000000e+00,2.000000000000000000e+00,-5.459118291552274707e-12,3.806856424842554043e-01,3.806856424841485453e-01,3.911999999999996662e+09,1.000000000000000000e+00
3.495833333333333377e-05,6.000000000000000000e+00,2.000000000000000000e+00,-4.300688702903481479e-12,3.806856424843099163e-01,3.806856424841639219e-01,3.911999999999997616e+09,1.000000000000000000e+00
3.499999999999999693e-05,6.000000000000000000e+00,2.000000000000000000e+00,-4.961248517800545535e-12,3.806856424843153563e-01,3.806856424841785769e-01,3.911999999999997616e+09,1.000000000000000000e+00
3.504166666666666687e-05,6.000000000000000000e+00,2.000000000000000000e+00,-3.802818929151752308e-12,3.806856424843408360e-01,3.806856424841942310e-01,3.911999999999998093e+09,1.000000000000000000e+00
3.508333333333333003e-05,6.000000000000000000e+00,2.000000000000000000e+00,-2.644389340502959888e-12,3.806856424843350073e-01,3.806856424842078868e-01,3.911999999999998093e+09,1.000000000000000000e+00
3.512499999999999997e-05,6.000000000000000000e+00,2.000000000000000000e+00,-1.485959751854167064e-12,3.806856424843155784e-01,3.806856424842184894e-01,3.911999999999997616e+09,1.000000000000000000e+00
3.516666666666666991e-05,6.000000000000000000e+00,2.000000000000000000e+00,-3.275301632053742403e-13,3.806856424842890996e-01,3.806856424842254283e-01,3.911999999999997139e+09,1.000000000000000000e+00
3.520833333333333307e-05,6.000000000000000000e+00,2.000000000000000000e+00,8.308994254434184825e-13,3.806856424842575137e-01,3.806856424842287034e-01,3.911999999999996662e+09,1.000000000000000000e+00
3.525000000000000301e-05,6.000000000000000000e+00,2.000000000000000000e+00,1.989329014092211407e-12,3.806856424842217645e-01,3.806856424842282038e-01,3.911999999999995708e+09,1.000000000000000000e+00
3.529166666666666617e-05,6.000000000000000000e+00,2.000000000000000000e+00,3.147758602741004231e-12,3.806856424841821296e-01,3.806856424842238740e-01,3.911999999999995232e+09,1.000000000000000000e+00
3.533333333333333611e-05,6.000000000000000000e+00,2.000000000000000000e+00,4.306188191389797055e-12,3.806856424841386088e-01,3.806856424842157693e-01,3.911999999999994278e+09,1.000000000000000000e+00
3.537499999999999927e-05,6.000000000000000000e+00,2.000000000000000000e+00,5.464617780038589475e-12,3.806856424840912023e-01,3.806856424842039455e-01,3.911999999999993324e+09,1.000000000000000000e+00
3.541666666666666921e-05,6.000000000000000000e+00,2.000000000000000000e+00,2.985068561595669347e-12,3.806856424840400765e-01,3.806856424841882358e-01,3.911999999999992371e+09,1.000000000000000000e+00
3.545833333333333237e-05,6.000000000000000000e+00,2.000000000000000000e+00,2.324508746698605695e-12,3.806856424840648345e-01,3.806856424841761344e-01,3.911999999999992847e+09,1.000000000000000000e+00
3.550000000000000231e-05,6.000000000000000000e+00,2.000000000000000000e+00,1.663948931801542043e-12,3.806856424840816544e-01,3.806856424841669195e-01,3.911999999999993324e+09,1.000000000000000000e+00
3.554166666666666547e-05,6.000000000000000000e+00,2.000000000000000000e+00,1.003389116904478390e-12,3.806856424840970865e-01,3.806856424841601472e-01,3.911999999999993324e+09,1.000000000000000000e+00
3.558333333333333541e-05,6.000000000000000000e+00,2.000000000000000000e+00,-1.476160101538441737e-12,3.806856424841135178e-01,3.806856424841555397e-01,3.911999999999993801e+09,1.000000000000000000e+00
3.562499999999999857e-05,6.000000000000000000e+00,2.000000000000000000e+00,-2.136719916435505390e-12,3.806856424841714714e-01,3.806856424841568720e-01,3.911999999999994755e+09,1.000000000000000000e+00
3.566666666666666851e-05,6.000000000000000000e+00,2.000000000000000000e+00,-2.797279731332569042e-12,3.806856424842094411e-01,3.806856424841618125e-01,3.911999999999995708e+09,1.000000000000000000e+00
3.570833333333333167e-05,6.000000000000000000e+00,2.000000000000000000e+00,-3.457839546229633098e-12,3.806856424842417486e-01,3.806856424841694175e-01,3.911999999999996185e+09,1.000000000000000000e+00
3.575000000000000161e-05,6.000000000000000000e+00,2.000000000000000000e+00,-2.299409957580840274e-12,3.806856424842735009e-01,3.806856424841793540e-01,3.911999999999997139e+09,1.000000000000000000e+00
3.579166666666666477e-05,6.000000000000000000e+00,2.000000000000000000e+00,-1.140980368932047450e-12,3.806856424842666176e-01,3.806856424841879027e-01,3.911999999999996662e+09,1.000000000000000000e+00
3.583333333333333471e-05,6.000000000000000000e+00,2.000000000000000000e+00,1.744921971674538002e-14,3.806856424842436359e-01,3.806856424841933428e-01,3.911999999999996185e+09,1.000000000000000000e+00
3.587499999999999787e-05,6.000000000000000000e+00,2.000000000000000000e+00,1.175878808365538197e-12,3.806856424842126607e-01,3.806856424841953412e-01,3.911999999999995708e+09,1.000000000000000000e+00
3.591666666666666781e-05,6.000000000000000000e+00,2.000000000000000000e+00,2.334308397014331021e-12,3.806856424841764119e-01,3.806856424841936759e-01,3.911999999999995232e+09,1.000000000000000000e+00
3.595833333333333097e-05,6.000000000000000000e+00,2.000000000000000000e+00,3.492737985663123845e-12,3.806856424841357778e-01,3.806856424841882913e-01,3.911999999999994278e+09,1.000000000000000000e+00
3.600000000000000091e-05,6.000000000000000000e+00,2.000000000000000000e+00,4.651167574311916669e-12,3.806856424840912023e-01,3.806856424841790765e-01,3.911999999999993324e+09,1.000000000000000000e+00
3.604166666666666407e-05,6.000000000000000000e+00,2.000000000000000000e+00,3.990607759414852613e-12,3.806856424840427966e-01,3.806856424841660314e-01,3.911999999999992371e+09,1.000000000000000000e+00
3.608333333333333401e-05,6.000000000000000000e+00,2.000000000000000000e+00,3.330047944517788961e-12,3.806856424840303621e-01,3.806856424841529307e-01,3.911999999999991894e+09,1.000000000000000000e+00
3.612499999999999717e-05,6.000000000000000000e+00,2.000000000000000000e+00,8.504987260748689337e-13,3.806856424840320274e-01,3.806856424841412734e-01,3.911999999999991894e+09,1.000000000000000000e+00
3.616666666666666711e-05,6.000000000000000000e+00,2.000000000000000000e+00,-1.629050492368051295e-12,3.806856424840798780e-01,3.806856424841351116e-01,3.911999999999992847e+09,1.000000000000000000e+00
3.620833333333333027e-05,6.000000000000000000e+00,2.000000000000000000e+00,-4.108599710810971423e-12,3.806856424841491560e-01,3.806856424841361664e-01,3.911999999999994278e+09,1.000000000000000000e+00
3.625000000000000021e-05,6.000000000000000000e+00,2.000000000000000000e+00,-4.769159525708035479e-12,3.806856424842313125e-01,3.806856424841450481e-01,3.911999999999996185e+09,1.000000000000000000e+00
3.629166666666666337e-05,6.000000000000000000e+00,2.000000000000000000e+00,-5.429719340605098727e-12,3.806856424842833264e-01,3.806856424841582598e-01,3.911999999999997139e+09,1.000000000000000000e+00
3.633333333333333331e-05,6.000000000000000000e+00,2.000000000000000000e+00,-4.271289751956306307e-12,3.806856424843261810e-01,3.806856424841743580e-01,3.911999999999998093e+09,1.000000000000000000e+00
3.637500000000000325e-05,6.000000000000000000e+00,2.000000000000000000e+00,-3.112860163307513484e-12,3.806856424843274578e-01,3.806856424841891795e-01,3.911999999999998093e+09,1.000000000000000000e+00
3.641666666666666641e-05,6.000000000000000000e+00,2.000000000000000000e+00,-1.954430574658720660e-12,3.806856424843114706e-01,3.806856424842011144e-01,3.911999999999997616e+09,1.000000000000000000e+00
3.645833333333333635e-05,6.000000000000000000e+00,2.000000000000000000e+00,-7.960009860099277351e-13,3.806856424842871567e-01,3.806856424842095521e-01,3.911999999999997139e+09,1.000000000000000000e+00
3.649999999999999951e-05,6.000000000000000000e+00,2.000000000000000000e+00,3.624286026388649877e-13,3.806856424842574027e-01,3.806856424842143261e-01,3.911999999999996662e+09,1.000000000000000000e+00
3.654166666666666945e-05,6.000000000000000000e+00,2.000000000000000000e+00,1.520858191287657811e-12,3.806856424842232078e-01,3.806856424842153253e-01,3.911999999999995708e+09,1.000000000000000000e+00
3.658333333333333261e-05,6.000000000000000000e+00,2.000000000000000000e+00,2.679287779936450635e-12,3.806856424841851272e-01,3.806856424842125497e-01,3.911999999999995232e+09,1.000000000000000000e+00
3.662500000000000255e-05,6.000000000000000000e+00,2.000000000000000000e+00,3.837717368585243055e-12,3.806856424841431608e-01,3.806856424842060549e-01,3.911999999999994278e+09,1.000000000000000000e+00
3.666666666666666571e-05,6.000000000000000000e+00,2.000000000000000000e+00,4.996146957234036283e-12,3.806856424840973085e-01,3.806856424841956743e-01,3.911999999999993324e+09,1.000000000000000000e+00
3.670833333333333565e-05,6.000000000000000000e+00,2.000000000000000000e+00,4.335587142336972227e-12,3.806856424840477371e-01,3.806856424841815745e-01,3.911999999999992371e+09,1.000000000000000000e+00
3.674999999999999881e-05,6.000000000000000000e+00,2.000000000000000000e+00,3.675027327439908979e-12,3.806856424840341369e-01,3.806856424841673636e-01,3.911999999999992371e+09,1.000000000000000000e+00
3.679166666666666875e-05,6.000000000000000000e+00,2.000000000000000000e+00,3.014467512542844923e-12,3.806856424840346920e-01,3.806856424841544850e-01,3.911999999999992371e+09,1.000000000000000000e+00
3.683333333333333191e-05,6.000000000000000000e+00,2.000000000000000000e+00,5.349182940999247946e-13,3.806856424840415754e-01,3.806856424841435493e-01,3.911999999999992371e+09,1.000000000000000000e+00
3.687500000000000185e-05,6.000000000000000000e+00,2.000000000000000000e+00,-1.944630924342995333e-12,3.806856424840918685e-01,3.806856424841383313e-01,3.911999999999993324e+09,1.000000000000000000e+00
3.691666666666666501e-05,6.000000000000000000e+00,2.000000000000000000e+00,-4.424180142785915865e-12,3.806856424841627562e-01,3.806856424841403852e-01,3.911999999999994755e+09,1.000000000000000000e+00
3.695833333333333495e-05,6.000000000000000000e+00,2.000000000000000000e+00,-5.084739957682979113e-12,3.806856424842460784e-01,3.806856424841503217e-01,3.911999999999996185e+09,1.000000000000000000e+00
3.699999999999999811e-05,6.000000000000000000e+00,2.000000000000000000e+00,-5.745299772580043169e-12,3.806856424842992581e-01,3.806856424841645326e-01,3.911999999999997616e+09,1.000000000000000000e+00
3.704166666666666805e-05,6.000000000000000000e+00,2.000000000000000000e+00,-4.586870183931249942e-12,3.806856424843431119e-01,3.806856424841816855e-01,3.911999999999998569e+09,1.000000000000000000e+00
3.708333333333333121e-05,6.000000000000000000e+00,2.000000000000000000e+00,-3.428440595282457522e-12,3.806856424843453324e-01,3.806856424841975617e-01,3.911999999999998569e+09,1.000000000000000000e+00
3.712500000000000115e-05,6.000000000000000000e+00,2.000000000000000000e+00,-2.270011006633664698e-12,3.806856424843305109e-01,3.806856424842105513e-01,3.911999999999998093e+09,1.000000000000000000e+00
3.716666666666666431e-05,6.000000000000000000e+00,2.000000000000000000e+00,-1.111581417984871874e-12,3.806856424843072517e-01,3.806856424842200437e-01,3.911999999999997616e+09,1.000000000000000000e+00
3.720833333333333425e-05,6.000000000000000000e+00,2.000000000000000000e+00,4.684817066392091799e-14,3.806856424842784969e-01,3.806856424842258724e-01,3.911999999999997139e+09,1.000000000000000000e+00
3.724999999999999741e-05,6.000000000000000000e+00,2.000000000000000000e+00,1.205277759312713773e-12,3.806856424842454123e-01,3.806856424842279263e-01,3.911999999999996185e+09,1.000000000000000000e+00
3.729166666666666735e-05,6.000000000000000000e+00,2.000000000000000000e+00,2.363707347961506597e-12,3.806856424842083864e-01,3.806856424842262054e-01,3.911999999999995708e+09,1.000000000000000000e+00
3.733333333333333051e-05,6.000000000000000000e+00,2.000000000000000000e+00,3.522136936610299421e-12,3.806856424841674746e-01,3.806856424842206543e-01,3.911999999999994755e+09,1.000000000000000000e+00
3.737500000000000045e-05,6.000000000000000000e+00,2.000000000000000000e+00,4.680566525259091841e-12,3.806856424841226771e-01,3.806856424842113285e-01,3.911999999999993801e+09,1.000000000000000000e+00
3.741666666666666361e-05,6.000000000000000000e+00,2.000000000000000000e+00,5.838996113907885068e-12,3.806856424840741049e-01,3.806856424841982278e-01,3.911999999999992847e+09,1.000000000000000000e+00
3.745833333333333355e-05,6.000000000000000000e+00,2.000000000000000000e+00,3.359446895464964537e-12,3.806856424840217579e-01,3.806856424841813524e-01,3.911999999999991894e+09,1.000000000000000000e+00
3.749999999999999671e-05,6.000000000000000000e+00,2.000000000000000000e+00,2.698887080567900884e-12,3.806856424840452391e-01,3.806856424841680298e-01,3.911999999999992371e+09,1.000000000000000000e+00
3.754166666666666665e-05,6.000000000000000000e+00,2.000000000000000000e+00,2.038327265670837232e-12,3.806856424840608377e-01,3.806856424841575937e-01,3.911999999999992847e+09,1.000000000000000000e+00
3.758333333333333659e-05,6.000000000000000000e+00,2.000000000000000000e+00,-4.412219527720829965e-13,3.806856424840750486e-01,3.806856424841494890e-01,3.911999999999992847e+09,1.000000000000000000e+00
3.762499999999999975e-05,6.000000000000000000e+00,2.000000000000000000e+00,-2.920771171215003023e-12,3.806856424841300046e-01,3.806856424841473796e-01,3.911999999999994278e+09,1.000000000000000000e+00
3.766666666666666969e-05,6.000000000000000000e+00,2.000000000000000000e+00,-3.581330986112066676e-12,3.806856424842046116e-01,3.806856424841526532e-01,3.911999999999995708e+09,1.000000000000000000e+00
3.770833333333333285e-05,6.000000000000000000e+00,2.000000000000000000e+00,-4.241890801009130328e-12,3.806856424842514075e-01,3.806856424841620345e-01,3.911999999999996662e+09,1.000000000000000000e+00
3.775000000000000279e-05,6.000000000000000000e+00,2.000000000000000000e+00,-4.902450615906194384e-12,3.806856424842899322e-01,3.806856424841743025e-01,3.911999999999997139e+09,1.000000000000000000e+00
3.779166666666666595e-05,6.000000000000000000e+00,2.000000000000000000e+00,-3.744021027257401156e-12,3.806856424843270137e-01,3.806856424841889575e-01,3.911999999999998093e+09,1.000000000000000000e+00
3.783333333333333589e-05,6.000000000000000000e+00,2.000000000000000000e+00,-2.585591438608608736e-12,3.806856424843250153e-01,3.806856424842021136e-01,3.911999999999998093e+09,1.000000000000000000e+00
3.787499999999999905e-05,6.000000000000000000e+00,2.000000000000000000e+00,-1.427161849959815912e-12,3.806856424843069187e-01,3.806856424842124387e-01,3.911999999999997616e+09,1.000000000000000000e+00
3.791666666666666899e-05,6.000000000000000000e+00,2.000000000000000000e+00,-2.687322613110231895e-13,3.806856424842806619e-01,3.806856424842191555e-01,3.911999999999997139e+09,1.000000000000000000e+00
3.795833333333333215e-05,6.000000000000000000e+00,2.000000000000000000e+00,8.896973273377696342e-13,3.806856424842491315e-01,3.806856424842222086e-01,3.911999999999996662e+09,1.000000000000000000e+00
3.800000000000000209e-05,6.000000000000000000e+00,2.000000000000000000e+00,2.048126915986562559e-12,3.806856424842132713e-01,3.806856424842214870e-01,3.911999999999995708e+09,1.000000000000000000e+00
3.804166666666666525e-05,6.000000000000000000e+00,2.000000000000000000e+00,3.206556504635354979e-12,3.806856424841733588e-01,3.806856424842169906e-01,3.911999999999994755e+09,1.000000000000000000e+00
3.808333333333333519e-05,6.000000000000000000e+00,2.000000000000000000e+00,4.364986093284148206e-12,3.806856424841296715e-01,3.806856424842086639e-01,3.911999999999994278e+09,1.000000000000000000e+00
3.812499999999999835e-05,6.000000000000000000e+00,2.000000000000000000e+00,5.523415681932940626e-12,3.806856424840820985e-01,3.806856424841966735e-01,3.911999999999993324e+09,1.000000000000000000e+00
3.816666666666666829e-05,6.000000000000000000e+00,2.000000000000000000e+00,3.043866463490020498e-12,3.806856424840308062e-01,3.806856424841807973e-01,3.911999999999991894e+09,1.000000000000000000e+00
3.820833333333333145e-05,6.000000000000000000e+00,2.000000000000000000e+00,2.383306648592956846e-12,3.806856424840554531e-01,3.806856424841685849e-01,3.911999999999992371e+09,1.000000000000000000e+00
3.825000000000000139e-05,6.000000000000000000e+00,2.000000000000000000e+00,1.722746833695893194e-12,3.806856424840720510e-01,3.806856424841591480e-01,3.911999999999992847e+09,1.000000000000000000e+00
3.829166666666666455e-05,6.000000000000000000e+00,2.000000000000000000e+00,-7.568023847470270346e-13,3.806856424840873165e-01,3.806856424841521536e-01,3.911999999999993324e+09,1.000000000000000000e+00
3.833333333333333449e-05,6.000000000000000000e+00,2.000000000000000000e+00,-3.236351603189947062e-12,3.806856424841433273e-01,3.806856424841510433e-01,3.911999999999994278e+09,1.000000000000000000e+00
3.837499999999999765e-05,6.000000000000000000e+00,2.000000000000000000e+00,-3.896911418087010714e-12,3.806856424842189335e-01,3.806856424841573161e-01,3.911999999999995708e+09,1.000000000000000000e+00
3.841666666666666759e-05,6.000000000000000000e+00,2.000000000000000000e+00,-4.557471232984074770e-12,3.806856424842668396e-01,3.806856424841677522e-01,3.911999999999996662e+09,1.000000000000000000e+00
3.845833333333333075e-05,6.000000000000000000e+00,2.000000000000000000e+00,-3.399041644335281946e-12,3.806856424843063635e-01,3.806856424841810194e-01,3.911999999999997616e+09,1.000000000000000000e+00
3.850000000000000069e-05,6.000000000000000000e+00,2.000000000000000000e+00,-2.240612055686489122e-12,3.806856424843045872e-01,3.806856424841930098e-01,3.911999999999997616e+09,1.000000000000000000e+00
3.854166666666666385e-05,6.000000000000000000e+00,2.000000000000000000e+00,-1.082182467037696298e-12,3.806856424842858244e-01,3.806856424842021136e-01,3.911999999999997139e+09,1.000000000000000000e+00
3.858333333333333379e-05,6.000000000000000000e+00,2.000000000000000000e+00,7.624712161109644966e-14,3.806856424842586240e-01,3.806856424842077202e-01,3.911999999999996662e+09,1.000000000000000000e+00
3.862499999999999696e-05,6.000000000000000000e+00,2.000000000000000000e+00,1.234676710259889147e-12,3.806856424842259834e-01,3.806856424842096076e-01,3.911999999999996185e+09,1.000000000000000000e+00
3.866666666666666689e-05,6.000000000000000000e+00,2.000000000000000000e+00,2.393106298908682173e-12,3.806856424841889575e-01,3.806856424842077757e-01,3.911999999999995232e+09,1.000000000000000000e+00
3.870833333333333006e-05,6.000000000000000000e+00,2.000000000000000000e+00,3.551535887557474593e-12,3.806856424841479902e-01,3.806856424842021136e-01,3.911999999999994278e+09,1.000000000000000000e+00
3.874999999999999999e-05,6.000000000000000000e+00,2.000000000000000000e+00,4.709965476206267820e-12,3.806856424841031372e-01,3.806856424841927322e-01,3.911999999999993324e+09,1.000000000000000000e+00
3.879166666666666993e-05,6.000000000000000000e+00,2.000000000000000000e+00,4.049405661309203764e-12,3.806856424840544539e-01,3.806856424841795761e-01,3.911999999999992371e+09,1.000000000000000000e+00
3.883333333333333309e-05,6.000000000000000000e+00,2.000000000000000000e+00,3.388845846412140112e-12,3.806856424840419084e-01,3.806856424841662534e-01,3.911999999999992371e+09,1.000000000000000000e+00
3.887500000000000303e-05,6.000000000000000000e+00,2.000000000000000000e+00,2.728286031515076460e-12,3.806856424840433517e-01,3.806856424841543740e-01,3.911999999999992371e+09,1.000000000000000000e+00
3.891666666666666619e-05,6.000000000000000000e+00,2.000000000000000000e+00,2.487368130721562819e-13,3.806856424840511233e-01,3.806856424841442710e-01,3.911999999999992371e+09,1.000000000000000000e+00
3.895833333333333613e-05,6.000000000000000000e+00,2.000000000000000000e+00,-2.230812405370763796e-12,3.806856424841024156e-01,3.806856424841400521e-01,3.911999999999993324e+09,1.000000000000000000e+00
3.899999999999999929e-05,6.000000000000000000e+00,2.000000000000000000e+00,-4.710361623813684327e-12,3.806856424841741360e-01,3.806856424841430497e-01,3.911999999999994755e+09,1.000000000000000000e+00
3.904166666666666923e-05,6.000000000000000000e+00,2.000000000000000000e+00,-5.370921438710747576e-12,3.806856424842584019e-01,3.806856424841538189e-01,3.911999999999996662e+09,1.000000000000000000e+00
3.908333333333333239e-05,6.000000000000000000e+00,2.000000000000000000e+00,-6.031481253607811631e-12,3.806856424843124698e-01,3.806856424841690290e-01,3.911999999999997616e+09,1.000000000000000000e+00
3.912500000000000233e-05,6.000000000000000000e+00,2.000000000000000000e+00,-3.054062261413162332e-12,3.806856424843572673e-01,3.806856424841870146e-01,3.911999999999998569e+09,1.000000000000000000e+00
3.916666666666666549e-05,6.000000000000000000e+00,2.000000000000000000e+00,-1.895632672764369508e-12,3.806856424843205744e-01,3.806856424842001707e-01,3.911999999999998093e+09,1.000000000000000000e+00
3.920833333333333543e-05,6.000000000000000000e+00,2.000000000000000000e+00,-7.372030841155766844e-13,3.806856424842888220e-01,3.806856424842088860e-01,3.911999999999997139e+09,1.000000000000000000e+00
3.924999999999999859e-05,6.000000000000000000e+00,2.000000000000000000e+00,4.212265045332160889e-13,3.806856424842563480e-01,3.806856424842136599e-01,3.911999999999996662e+09,1.000000000000000000e+00
3.929166666666666853e-05,6.000000000000000000e+00,2.000000000000000000e+00,1.579656093182008761e-12,3.806856424842210984e-01,3.806856424842145481e-01,3.911999999999995708e+09,1.000000000000000000e+00
3.933333333333333169e-05,6.000000000000000000e+00,2.000000000000000000e+00,2.738085681830801787e-12,3.806856424841825182e-01,3.806856424842115505e-01,3.911999999999995232e+09,1.000000000000000000e+00
3.937500000000000163e-05,6.000000000000000000e+00,2.000000000000000000e+00,3.896515270479594207e-12,3.806856424841401632e-01,3.806856424842048336e-01,3.911999999999994278e+09,1.000000000000000000e+00
3.941666666666666479e-05,6.000000000000000000e+00,2.000000000000000000e+00,5.054944859128387434e-12,3.806856424840941444e-01,3.806856424841942310e-01,3.911999999999993324e+09,1.000000000000000000e+00
3.945833333333333473e-05,6.000000000000000000e+00,2.000000000000000000e+00,4.394385044231323378e-12,3.806856424840443509e-01,3.806856424841799091e-01,3.911999999999992371e+09,1.000000000000000000e+00
3.949999999999999789e-05,6.000000000000000000e+00,2.000000000000000000e+00,3.733825229334260130e-12,3.806856424840305841e-01,3.806856424841654762e-01,3.911999999999991894e+09,1.000000000000000000e+00
3.954166666666666783e-05,6.000000000000000000e+00,2.000000000000000000e+00,1.254276010891339598e-12,3.806856424840308617e-01,3.806856424841524866e-01,3.911999999999991894e+09,1.000000000000000000e+00
3.958333333333333100e-05,6.000000000000000000e+00,2.000000000000000000e+00,-1.225273207551580530e-12,3.806856424840773800e-01,3.806856424841449926e-01,3.911999999999992847e+09,1.000000000000000000e+00
3.962500000000000093e-05,6.000000000000000000e+00,2.000000000000000000e+00,-3.704822425994500657e-12,3.806856424841453812e-01,3.806856424841447151e-01,3.911999999999994278e+09,1.000000000000000000e+00
3.966666666666666410e-05,6.000000000000000000e+00,2.000000000000000000e+00,-4.365382240891564713e-12,3.806856424842261499e-01,3.806856424841522646e-01,3.911999999999996185e+09,1.000000000000000000e+00
3.970833333333333403e-05,6.000000000000000000e+00,2.000000000000000000e+00,-5.025942055788627962e-12,3.806856424842768316e-01,3.806856424841641440e-01,3.911999999999997139e+09,1.000000000000000000e+00
3.974999999999999720e-05,6.000000000000000000e+00,2.000000000000000000e+00,-5.686501870685692018e-12,3.806856424843183540e-01,3.806856424841789655e-01,3.911999999999997616e+09,1.000000000000000000e+00
3.979166666666666713e-05,6.000000000000000000e+00,2.000000000000000000e+00,-2.709082878491042718e-12,3.806856424843580999e-01,3.806856424841961184e-01,3.911999999999998569e+09,1.000000000000000000e+00
3.983333333333333030e-05,6.000000000000000000e+00,2.000000000000000000e+00,-1.550653289842249894e-12,3.806856424843189091e-01,3.806856424842082198e-01,3.911999999999997616e+09,1.000000000000000000e+00
3.987500000000000023e-05,6.000000000000000000e+00,2.000000000000000000e+00,-3.922237011934570704e-13,3.806856424842854913e-01,3.806856424842158804e-01,3.911999999999997139e+09,1.000000000000000000e+00
3.991666666666666340e-05,6.000000000000000000e+00,2.000000000000000000e+00,7.662058874553356523e-13,3.806856424842517406e-01,3.806856424842194886e-01,3.911999999999996662e+09,1.000000000000000000e+00
3.995833333333333333e-05,6.000000000000000000e+00,2.000000000000000000e+00,1.924635476104128577e-12,3.806856424842153253e-01,3.806856424842192110e-01,3.911999999999995708e+09,1.000000000000000000e+00
4.000000000000000327e-05,6.000000000000000000e+00,2.000000000000000000e+00,3.083065064752921401e-12,3.806856424841755793e-01,3.806856424842151587e-01,3.911999999999994755e+09,1.000000000000000000e+00
4.004166666666666643e-05,6.000000000000000000e+00,2.000000000000000000e+00,4.241494653401713821e-12,3.806856424841320585e-01,3.806856424842072761e-01,3.911999999999994278e+09,1.000000000000000000e+00
4.008333333333333637e-05,6.000000000000000000e+00,2.000000000000000000e+00,5.399924242050507048e-12,3.806856424840849296e-01,3.806856424841956188e-01,3.911999999999993324e+09,1.000000000000000000e+00
4.012499999999999953e-05,6.000000000000000000e+00,2.000000000000000000e+00,4.739364427153442992e-12,3.806856424840339703e-01,3.806856424841801312e-01,3.911999999999992371e+09,1.000000000000000000e+00
4.016666666666666947e-05,6.000000000000000000e+00,2.000000000000000000e+00,4.078804612256379744e-12,3.806856424840191488e-01,3.806856424841645881e-01,3.911999999999991894e+09,1.000000000000000000e+00
4.020833333333333263e-05,6.000000000000000000e+00,2.000000000000000000e+00,1.599255393813459212e-12,3.806856424840182607e-01,3.806856424841503772e-01,3.911999999999991894e+09,1.000000000000000000e+00
4.025000000000000257e-05,6.000000000000000000e+00,2.000000000000000000e+00,-8.802938246294610165e-13,3.806856424840636688e-01,3.806856424841418285e-01,3.911999999999992847e+09,1.000000000000000000e+00
4.029166666666666573e-05,6.000000000000000000e+00,2.000000000000000000e+00,-3.359843043072381043e-12,3.806856424841305042e-01,3.806856424841403852e-01,3.911999999999994278e+09,1.000000000000000000e+00
4.033333333333333567e-05,6.000000000000000000e+00,2.000000000000000000e+00,-4.020402857969445099e-12,3.806856424842101072e-01,3.806856424841468245e-01,3.911999999999995708e+09,1.000000000000000000e+00
4.037499999999999883e-05,6.000000000000000000e+00,2.000000000000000000e+00,-4.680962672866508348e-12,3.806856424842597342e-01,3.806856424841575937e-01,3.911999999999996662e+09,1.000000000000000000e+00
4.041666666666666877e-05,6.000000000000000000e+00,2.000000000000000000e+00,-5.341522487763572404e-12,3.806856424843001463e-01,3.806856424841712494e-01,3.911999999999997616e+09,1.000000000000000000e+00
4.045833333333333193e-05,6.000000000000000000e+00,2.000000000000000000e+00,-4.183092899114779176e-12,3.806856424843386710e-01,3.806856424841873476e-01,3.911999999999998093e+09,1.000000000000000000e+00
4.050000000000000187e-05,6.000000000000000000e+00,2.000000000000000000e+00,-3.024663310465986756e-12,3.806856424843382269e-01,3.806856424842019471e-01,3.911999999999998093e+09,1.000000000000000000e+00
4.054166666666666504e-05,6.000000000000000000e+00,2.000000000000000000e+00,-1.866233721817193932e-12,3.806856424843215736e-01,3.806856424842136599e-01,3.911999999999998093e+09,1.000000000000000000e+00
4.058333333333333497e-05,6.000000000000000000e+00,2.000000000000000000e+00,-7.078041331684012095e-13,3.806856424842967601e-01,3.806856424842217645e-01,3.911999999999997616e+09,1.000000000000000000e+00
4.062499999999999814e-05,6.000000000000000000e+00,2.000000000000000000e+00,4.506254554803916142e-13,3.806856424842666176e-01,3.806856424842263165e-01,3.911999999999996662e+09,1.000000000000000000e+00
4.066666666666666807e-05,6.000000000000000000e+00,2.000000000000000000e+00,1.609055044129184337e-12,3.806856424842322006e-01,3.806856424842269826e-01,3.911999999999996185e+09,1.000000000000000000e+00
4.070833333333333124e-05,6.000000000000000000e+00,2.000000000000000000e+00,2.767484632777976959e-12,3.806856424841937869e-01,3.806856424842239850e-01,3.911999999999995232e+09,1.000000000000000000e+00
4.075000000000000117e-05,6.000000000000000000e+00,2.000000000000000000e+00,3.925914221426770186e-12,3.806856424841514874e-01,3.806856424842171016e-01,3.911999999999994278e+09,1.000000000000000000e+00
4.079166666666666434e-05,6.000000000000000000e+00,2.000000000000000000e+00,5.084343810075562606e-12,3.806856424841054132e-01,3.806856424842064435e-01,3.911999999999993801e+09,1.000000000000000000e+00
4.083333333333333427e-05,6.000000000000000000e+00,2.000000000000000000e+00,4.423783995178499358e-12,3.806856424840555086e-01,3.806856424841920661e-01,3.911999999999992371e+09,1.000000000000000000e+00
4.087499999999999744e-05,6.000000000000000000e+00,2.000000000000000000e+00,3.763224180281435302e-12,3.806856424840416864e-01,3.806856424841775777e-01,3.911999999999992371e+09,1.000000000000000000e+00
4.091666666666666737e-05,6.000000000000000000e+00,2.000000000000000000e+00,3.102664365384371650e-12,3.806856424840419084e-01,3.806856424841644215e-01,3.911999999999992371e+09,1.000000000000000000e+00
4.095833333333333054e-05,6.000000000000000000e+00,2.000000000000000000e+00,6.231151469414514212e-13,3.806856424840484587e-01,3.806856424841531528e-01,3.911999999999992371e+09,1.000000000000000000e+00
4.100000000000000047e-05,6.000000000000000000e+00,2.000000000000000000e+00,-1.856434071501468606e-12,3.806856424840985298e-01,3.806856424841476016e-01,3.911999999999993324e+09,1.000000000000000000e+00
4.104166666666666364e-05,6.000000000000000000e+00,2.000000000000000000e+00,-4.335983289944388734e-12,3.806856424841690845e-01,3.806856424841493780e-01,3.911999999999994755e+09,1.000000000000000000e+00
4.108333333333333357e-05,6.000000000000000000e+00,2.000000000000000000e+00,-4.996543104841452790e-12,3.806856424842520736e-01,3.806856424841590369e-01,3.911999999999996662e+09,1.000000000000000000e+00
4.112499999999999674e-05,6.000000000000000000e+00,2.000000000000000000e+00,-5.657102919738516038e-12,3.806856424843049203e-01,3.806856424841729147e-01,3.911999999999997616e+09,1.000000000000000000e+00
4.116666666666666667e-05,6.000000000000000000e+00,2.000000000000000000e+00,-2.679683927543867142e-12,3.806856424843484965e-01,3.806856424841897901e-01,3.911999999999998569e+09,1.000000000000000000e+00
4.120833333333333661e-05,6.000000000000000000e+00,2.000000000000000000e+00,-1.521254338895074318e-12,3.806856424843105824e-01,3.806856424842016695e-01,3.911999999999997616e+09,1.000000000000000000e+00
4.124999999999999977e-05,6.000000000000000000e+00,2.000000000000000000e+00,-3.628247502462815451e-13,3.806856424842776088e-01,3.806856424842091635e-01,3.911999999999997139e+09,1.000000000000000000e+00
4.129166666666666971e-05,6.000000000000000000e+00,2.000000000000000000e+00,7.956048384025112282e-13,3.806856424842438580e-01,3.806856424842126607e-01,3.911999999999996185e+09,1.000000000000000000e+00
4.133333333333333287e-05,6.000000000000000000e+00,2.000000000000000000e+00,1.954034427051304153e-12,3.806856424842074427e-01,3.806856424842123277e-01,3.911999999999995708e+09,1.000000000000000000e+00
4.137500000000000281e-05,6.000000000000000000e+00,2.000000000000000000e+00,3.112464015700096573e-12,3.806856424841676412e-01,3.806856424842081088e-01,3.911999999999994755e+09,1.000000000000000000e+00
4.141666666666666597e-05,6.000000000000000000e+00,2.000000000000000000e+00,4.270893604348889800e-12,3.806856424841240649e-01,3.806856424842001707e-01,3.911999999999993801e+09,1.000000000000000000e+00
4.145833333333333591e-05,6.000000000000000000e+00,2.000000000000000000e+00,5.429323192997682220e-12,3.806856424840768249e-01,3.806856424841884023e-01,3.911999999999992847e+09,1.000000000000000000e+00
4.149999999999999907e-05,6.000000000000000000e+00,2.000000000000000000e+00,2.949773974554762092e-12,3.806856424840258102e-01,3.806856424841728592e-01,3.911999999999991894e+09,1.000000000000000000e+00
4.154166666666666901e-05,6.000000000000000000e+00,2.000000000000000000e+00,2.289214159657698440e-12,3.806856424840506237e-01,3.806856424841609243e-01,3.911999999999992371e+09,1.000000000000000000e+00
4.158333333333333218e-05,6.000000000000000000e+00,2.000000000000000000e+00,-1.903350587852217381e-13,3.806856424840675546e-01,3.806856424841517650e-01,3.911999999999992847e+09,1.000000000000000000e+00
4.162500000000000211e-05,6.000000000000000000e+00,2.000000000000000000e+00,-2.669884277228141816e-12,3.806856424841229547e-01,3.806856424841487674e-01,3.911999999999993801e+09,1.000000000000000000e+00
4.166666666666666528e-05,6.000000000000000000e+00,2.000000000000000000e+00,-3.330444092125205468e-12,3.806856424841971176e-01,3.806856424841531528e-01,3.911999999999995232e+09,1.000000000000000000e+00
4.170833333333333521e-05,6.000000000000000000e+00,2.000000000000000000e+00,-3.991003907022269120e-12,3.806856424842433029e-01,3.806856424841616460e-01,3.911999999999996185e+09,1.000000000000000000e+00
4.174999999999999838e-05,6.000000000000000000e+00,2.000000000000000000e+00,-4.651563721919333176e-12,3.806856424842810505e-01,3.806856424841730258e-01,3.911999999999997139e+09,1.000000000000000000e+00
4.179166666666666831e-05,6.000000000000000000e+00,2.000000000000000000e+00,-3.493134133270540352e-12,3.806856424843172437e-01,3.806856424841869035e-01,3.911999999999997616e+09,1.000000000000000000e+00
4.183333333333333148e-05,6.000000000000000000e+00,2.000000000000000000e+00,-2.334704544621747528e-12,3.806856424843144682e-01,3.806856424841992825e-01,3.911999999999997616e+09,1.000000000000000000e+00
4.187500000000000141e-05,6.000000000000000000e+00,2.000000000000000000e+00,-1.176274955972954704e-12,3.806856424842955389e-01,3.806856424842086639e-01,3.911999999999997616e+09,1.000000000000000000e+00
4.191666666666666458e-05,6.000000000000000000e+00,2.000000000000000000e+00,-1.784536732416192798e-14,3.806856424842685049e-01,3.806856424842145481e-01,3.911999999999996662e+09,1.000000000000000000e+00
4.195833333333333451e-05,6.000000000000000000e+00,2.000000000000000000e+00,1.140584221324630943e-12,3.806856424842360864e-01,3.806856424842168241e-01,3.911999999999996185e+09,1.000000000000000000e+00
4.199999999999999768e-05,6.000000000000000000e+00,2.000000000000000000e+00,2.299013809973423767e-12,3.806856424841993936e-01,3.806856424842153253e-01,3.911999999999995232e+09,1.000000000000000000e+00
4.204166666666666761e-05,6.000000000000000000e+00,2.000000000000000000e+00,3.457443398622216591e-12,3.806856424841587039e-01,3.806856424842099962e-01,3.911999999999994755e+09,1.000000000000000000e+00
4.208333333333333078e-05,6.000000000000000000e+00,2.000000000000000000e+00,4.615872987271009414e-12,3.806856424841141839e-01,3.806856424842008924e-01,3.911999999999993801e+09,1.000000000000000000e+00
4.212500000000000071e-05,6.000000000000000000e+00,2.000000000000000000e+00,5.774302575919801834e-12,3.806856424840657782e-01,3.806856424841880138e-01,3.911999999999992847e+09,1.000000000000000000e+00
4.216666666666666388e-05,6.000000000000000000e+00,2.000000000000000000e+00,3.294753357476881706e-12,3.806856424840136532e-01,3.806856424841713604e-01,3.911999999999991894e+09,1.000000000000000000e+00
4.220833333333333381e-05,6.000000000000000000e+00,2.000000000000000000e+00,2.634193542579818054e-12,3.806856424840374120e-01,3.806856424841582598e-01,3.911999999999992371e+09,1.000000000000000000e+00
4.224999999999999698e-05,6.000000000000000000e+00,2.000000000000000000e+00,1.546443241368978758e-13,3.806856424840532327e-01,3.806856424841479902e-01,3.911999999999992371e+09,1.000000000000000000e+00
4.229166666666666691e-05,6.000000000000000000e+00,2.000000000000000000e+00,-2.324904894306022202e-12,3.806856424841075226e-01,3.806856424841438269e-01,3.911999999999993801e+09,1.000000000000000000e+00
4.233333333333333008e-05,6.000000000000000000e+00,2.000000000000000000e+00,-2.985464709203085854e-12,3.806856424841805198e-01,3.806856424841470465e-01,3.911999999999995232e+09,1.000000000000000000e+00
4.237500000000000001e-05,6.000000000000000000e+00,2.000000000000000000e+00,-3.646024524100149506e-12,3.806856424842255393e-01,3.806856424841544850e-01,3.911999999999996185e+09,1.000000000000000000e+00
4.241666666666666995e-05,6.000000000000000000e+00,0.000000000000000000e+00,-4.306584338997213562e-12,5.999999999999999778e-01,5.999999999999999778e-01,3.916386287150311470e+09,2.000000000000000000e+00
4.245833333333333311e-05,6.000000000000000000e+00,0.000000000000000000e+00,1.148327290659416189e+00,5.999999999999999778e-01,5.999999999999999778e-01,3.916386287150311470e+09,2.000000000000000000e+00
4.250000000000000305e-05,6.000000000000000000e+00,0.000000000000000000e+00,2.296654581323138711e+00,5.999999999999999778e-01,5.999999999999999778e-01,3.916386287150311470e+09,2.000000000000000000e+00
4.254166666666666622e-05,6.000000000000000000e+00,0.000000000000000000e+00,-2.838203435192724555e+00,5.999999999999999778e-01,5.999999999999999778e-01,3.916386287150311470e+09,2.000000000000000000e+00
4.258333333333333615e-05,6.000000000000000000e+00,0.000000000000000000e+00,-1.689876144529002033e+00,5.999999999999999778e-01,5.999999999999999778e-01,3.916386287150311470e+09,2.000000000000000000e+00
4.262499999999999932e-05,6.000000000000000000e+00,0.000000000000000000e+00,-5.415488538652791783e-01,5.999999999999999778e-01,5.999999999999999778e-01,3.916386287150311470e+09,2.000000000000000000e+00
4.266666666666666925e-05,6.000000000000000000e+00,0.000000000000000000e+00,6.067784367984435656e-01,5.999999999999999778e-01,5.999999999999999778e-01,3.916386287150311470e+09,2.000000000000000000e+00
4.270833333333333242e-05,6.000000000000000000e+00,0.000000000000000000e+00,1.755105727462166421e+00,5.999999999999999778e-01,5.999999999999999778e-01,3.916386287150311470e+09,2.000000000000000000e+00
4.275000000000000235e-05,6.000000000000000000e+00,0.000000000000000000e+00,2.903433018125888943e+00,5.999999999999999778e-01,5.999999999999999778e-01,3.916386287150311470e+09,2.000000000000000000e+00
4.279166666666666552e-05,6.000000000000000000e+00,0.000000000000000000e+00,-2.231424998389974768e+00,5.999999999999999778e-01,5.999999999999999778e-01,3.916386287150311470e+09,2.000000000000000000e+00
4.283333333333333545e-05,6.000000000000000000e+00,0.000000000000000000e+00,-1.083097707726251802e+00,5.999999999999999778e-01,5.999999999999999778e-01,3.916386287150311470e+09,2.000000000000000000e+00
4.287499999999999862e-05,6.000000000000000000e+00,0.000000000000000000e+00,6.522958293747090075e-02,5.999999999999999778e-01,5.999999999999999778e-01,3.916386287150311470e+09,2.000000000000000000e+00
4.291666666666666855e-05,6.000000000000000000e+00,0.000000000000000000e+00,1.213556873601193686e+00,5.999999999999999778e-01,5.999999999999999778e-01,3.916386287150311470e+09,2.000000000000000000e+00
4.295833333333333172e-05,6.000000000000000000e+00,0.000000000000000000e+00,2.361884164264916652e+00,5.999999999999999778e-01,5.999999999999999778e-01,3.916386287150311470e+09,2.000000000000000000e+00
4.300000000000000165e-05,6.000000000000000000e+00,0.000000000000000000e+00,-2.772973852250947502e+00,5.999999999999999778e-01,5.999999999999999778e-01,3.916386287150311470e+09,2.000000000000000000e+00
4.304166666666666482e-05,6.000000000000000000e+00,0.000000000000000000e+00,-1.624646561587224536e+00,5.999999999999999778e-01,5.999999999999999778e-01,3.916386287150311470e+09,2.000000000000000000e+00
4.308333333333333475e-05,6.000000000000000000e+00,0.000000000000000000e+00,-4.763192709235017919e-01,5.999999999999999778e-01,5.999999999999999778e-01,3.916386287150311470e+09,2.000000000000000000e+00
4.312499999999999792e-05,6.000000000000000000e+00,0.000000000000000000e+00,6.720080197402210631e-01,5.999999999999999778e-01,5.999999999999999778e-01,3.916386287150311470e+09,2.000000000000000000e+00
4.316666666666666785e-05,6.000000000000000000e+00,0.000000000000000000e+00,1.820335310403943696e+00,5.999999999999999778e-01,5.999999999999999778e-01,3.916386287150311470e+09,2.000000000000000000e+00
4.320833333333333102e-05,6.000000000000000000e+00,0.000000000000000000e+00,2.968662601067666440e+00,5.999999999999999778e-01,5.999999999999999778e-01,3.916386287150311470e+09,2.000000000000000000e+00
4.325000000000000095e-05,6.000000000000000000e+00,0.000000000000000000e+00,-2.166195415448197270e+00,5.999999999999999778e-01,5.999999999999999778e-01,3.916386287150311470e+09,2.000000000000000000e+00
4.329166666666666412e-05,6.000000000000000000e+00,0.000000000000000000e+00,-1.017868124784474526e+00,5.999999999999999778e-01,5.999999999999999778e-01,3.916386287150311470e+09,2.000000000000000000e+00
4.333333333333333405e-05,6.000000000000000000e+00,0.000000000000000000e+00,1.304591658792483566e-01,5.999999999999999778e-01,5.999999999999999778e-01,3.916386287150311470e+09,2.000000000000000000e+00
4.337499999999999722e-05,6.000000000000000000e+00,0.000000000000000000e+00,1.278786456542971184e+00,5.999999999999999778e-01,5.999999999999999778e-01,3.916386287150311470e+09,2.000000000000000000e+00
4.341666666666666715e-05,6.000000000000000000e+00,0.000000000000000000e+00,2.427113747206693706e+00,5.999999999999999778e-01,5.999999999999999778e-01,3.916386287150311470e+09,2.000000000000000000e+00
4.345833333333333032e-05,6.000000000000000000e+00,0.000000000000000000e+00,-2.707744269309170004e+00,5.999999999999999778e-01,5.999999999999999778e-01,3.916386287150311470e+09,2.000000000000000000e+00
4.350000000000000026e-05,6.000000000000000000e+00,0.000000000000000000e+00,-1.559416978645447038e+00,5.999999999999999778e-01,5.999999999999999778e-01,3.916386287150311470e+09,2.000000000000000000e+00
4.354166666666666342e-05,6.000000000000000000e+00,0.000000000000000000e+00,-4.110896879817242389e-01,5.999999999999999778e-01,5.999999999999999778e-01,3.916386287150311470e+09,2.000000000000000000e+00
4.358333333333333336e-05,6.000000000000000000e+00,0.000000000000000000e+00,7.372376026819984496e-01,5.999999999999999778e-01,5.999999999999999778e-01,3.916386287150311470e+09,2.000000000000000000e+00
4.362500000000000329e-05,6.000000000000000000e+00,0.000000000000000000e+00,1.885564893345721194e+00,5.999999999999999778e-01,5.999999999999999778e-01,3.916386287150311470e+09,2.000000000000000000e+00
4.366666666666666646e-05,6.000000000000000000e+00,0.000000000000000000e+00,3.033892184009443937e+00,5.999999999999999778e-01,5.999999999999999778e-01,3.916386287150311470e+09,2.000000000000000000e+00
4.370833333333333639e-05,6.000000000000000000e+00,0.000000000000000000e+00,-2.100965832506419773e+00,5.999999999999999778e-01,5.999999999999999778e-01,3.916386287150311470e+09,2.000000000000000000e+00
4.374999999999999956e-05,6.000000000000000000e+00,0.000000000000000000e+00,-9.526385418426969176e-01,5.999999999999999778e-01,5.999999999999999778e-01,3.916386287150311470e+09,2.000000000000000000e+00
4.379166666666666949e-05,6.000000000000000000e+00,0.000000000000000000e+00,1.956887488210258541e-01,5.999999999999999778e-01,5.999999999999999778e-01,3.916386287150311470e+09,2.000000000000000000e+00
4.383333333333333266e-05,6.000000000000000000e+00,0.000000000000000000e+00,1.344016039484748681e+00,5.999999999999999778e-01,5.999999999999999778e-01,3.916386287150311470e+09,2.000000000000000000e+00
4.387500000000000259e-05,2.000000000000000000e+00,0.000000000000000000e+00,2.492343330148471203e+00,5.999999999999999778e-01,5.999999999999999778e-01,3.955829149370396614e+09,2.000000000000000000e+00
4.391666666666666576e-05,2.000000000000000000e+00,0.000000000000000000e+00,1.400417188716281736e+00,5.999999999999999778e-01,5.999999999999999778e-01,3.955829149370396614e+09,2.000000000000000000e+00
4.395833333333333569e-05,2.000000000000000000e+00,0.000000000000000000e+00,3.084910472840919349e-01,5.999999999999999778e-01,5.999999999999999778e-01,3.955829149370396614e+09,2.000000000000000000e+00
4.399999999999999886e-05,2.000000000000000000e+00,0.000000000000000000e+00,-7.834350941480977548e-01,5.999999999999999778e-01,5.999999999999999778e-01,3.955829149370396614e+09,2.000000000000000000e+00
4.404166666666666879e-05,2.000000000000000000e+00,0.000000000000000000e+00,-1.875361235580287556e+00,5.999999999999999778e-01,5.999999999999999778e-01,3.955829149370396614e+09,2.000000000000000000e+00
4.408333333333333196e-05,2.000000000000000000e+00,0.000000000000000000e+00,-2.967287377012477023e+00,5.999999999999999778e-01,5.999999999999999778e-01,3.955829149370396614e+09,2.000000000000000000e+00
4.412500000000000189e-05,2.000000000000000000e+00,0.000000000000000000e+00,2.223971788734919741e+00,5.999999999999999778e-01,5.999999999999999778e-01,3.955829149370396614e+09,2.000000000000000000e+00
4.416666666666666506e-05,2.000000000000000000e+00,0.000000000000000000e+00,1.132045647302729829e+00,5.999999999999999778e-01,5.999999999999999778e-01,3.955829149370396614e+09,2.000000000000000000e+00
4.420833333333333499e-05,2.000000000000000000e+00,0.000000000000000000e+00,4.011950587054017442e-02,5.999999999999999778e-01,5.999999999999999778e-01,3.955829149370396614e+09,2.000000000000000000e+00
4.424999999999999816e-05,2.000000000000000000e+00,0.000000000000000000e+00,-1.051806635561649550e+00,5.999999999999999778e-01,5.999999999999999778e-01,3.955829149370396614e+09,2.000000000000000000e+00
4.429166666666666809e-05,2.000000000000000000e+00,0.000000000000000000e+00,-2.143732776993839018e+00,5.999999999999999778e-01,5.999999999999999778e-01,3.955829149370396614e+09,2.000000000000000000e+00
4.433333333333333126e-05,2.000000000000000000e+00,0.000000000000000000e+00,3.047526388753557303e+00,5.999999999999999778e-01,5.999999999999999778e-01,3.955829149370396614e+09,2.000000000000000000e+00
4.437500000000000119e-05,2.000000000000000000e+00,0.000000000000000000e+00,1.955600247321367835e+00,5.999999999999999778e-01,5.999999999999999778e-01,3.955829149370396614e+09,2.000000000000000000e+00
4.441666666666666436e-05,2.000000000000000000e+00,0.000000000000000000e+00,8.636741058891781453e-01,5.999999999999999778e-01,5.999999999999999778e-01,3.955829149370396614e+09,2.000000000000000000e+00
4.445833333333333429e-05,2.000000000000000000e+00,0.000000000000000000e+00,-2.282520355430116277e-01,5.999999999999999778e-01,5.999999999999999778e-01,3.955829149370396614e+09,2.000000000000000000e+00
4.449999999999999746e-05,2.000000000000000000e+00,0.000000000000000000e+00,-1.320178176975201234e+00,5.999999999999999778e-01,5.999999999999999778e-01,3.955829149370396614e+09,2.000000000000000000e+00
4.454166666666666740e-05,2.000000000000000000e+00,0.000000000000000000e+00,-2.412104318407390924e+00,5.999999999999999778e-01,5.999999999999999778e-01,3.955829149370396614e+09,2.000000000000000000e+00
4.458333333333333056e-05,2.000000000000000000e+00,0.000000000000000000e+00,2.779154847340005841e+00,5.999999999999999778e-01,5.999999999999999778e-01,3.955829149370396614e+09,2.000000000000000000e+00
4.462500000000000050e-05,2.000000000000000000e+00,0.000000000000000000e+00,1.687228705907815929e+00,5.999999999999999778e-01,5.999999999999999778e-01,3.955829149370396614e+09,2.000000000000000000e+00
4.466666666666666366e-05,2.000000000000000000e+00,0.000000000000000000e+00,5.953025644756262391e-01,5.999999999999999778e-01,5.999999999999999778e-01,3.955829149370396614e+09,2.000000000000000000e+00
4.470833333333333360e-05,2.000000000000000000e+00,0.000000000000000000e+00,-4.966235769565634506e-01,5.999999999999999778e-01,5.999999999999999778e-01,3.955829149370396614e+09,2.000000000000000000e+00
4.474999999999999676e-05,2.000000000000000000e+00,0.000000000000000000e+00,-1.588549718388753140e+00,5.999999999999999778e-01,5.999999999999999778e-01,3.955829149370396614e+09,2.000000000000000000e+00
4.479166666666666670e-05,2.000000000000000000e+00,0.000000000000000000e+00,-2.680475859820942830e+00,5.999999999999999778e-01,5.999999999999999778e-01,3.955829149370396614e+09,2.000000000000000000e+00
4.483333333333333663e-05,2.000000000000000000e+00,0.000000000000000000e+00,2.510783305926453934e+00,5.999999999999999778e-01,5.999999999999999778e-01,3.955829149370396614e+09,2.000000000000000000e+00
4.487499999999999980e-05,2.000000000000000000e+00,0.000000000000000000e+00,1.418857164494264245e+00,5.999999999999999778e-01,5.999999999999999778e-01,3.955829149370396614e+09,2.000000000000000000e+00
4.491666666666666973e-05,2.000000000000000000e+00,0.000000000000000000e+00,3.269310230620744995e-01,5.999999999999999778e-01,5.999999999999999778e-01,3.955829149370396614e+09,2.000000000000000000e+00
4.495833333333333290e-05,2.000000000000000000e+00,0.000000000000000000e+00,-7.649951183701152457e-01,5.999999999999999778e-01,5.999999999999999778e-01,3.955829149370396614e+09,2.000000000000000000e+00
4.500000000000000283e-05,2.000000000000000000e+00,0.000000000000000000e+00,-1.856921259802305046e+00,5.999999999999999778e-01,5.999999999999999778e-01,3.955829149370396614e+09,2.000000000000000000e+00
4.504166666666666600e-05,2.000000000000000000e+00,0.000000000000000000e+00,-2.948847401234494736e+00,5.999999999999999778e-01,5.999999999999999778e-01,3.955829149370396614e+09,2.000000000000000000e+00
4.508333333333333593e-05,2.000000000000000000e+00,0.000000000000000000e+00,2.242411764512902028e+00,5.999999999999999778e-01,5.999999999999999778e-01,3.955829149370396614e+09,2.000000000000000000e+00
4.512499999999999910e-05,2.000000000000000000e+00,0.000000000000000000e+00,1.150485623080712339e+00,5.999999999999999778e-01,5.999999999999999778e-01,3.955829149370396614e+09,2.000000000000000000e+00
4.516666666666666903e-05,2.000000000000000000e+00,0.000000000000000000e+00,5.855948164852269044e-02,5.999999999999999778e-01,5.999999999999999778e-01,3.955829149370396614e+09,2.000000000000000000e+00
4.520833333333333220e-05,2.000000000000000000e+00,0.000000000000000000e+00,-1.033366659783667041e+00,5.999999999999999778e-01,5.999999999999999778e-01,3.955829149370396614e+09,2.000000000000000000e+00
4.525000000000000213e-05,2.000000000000000000e+00,0.000000000000000000e+00,-2.125292801215856731e+00,5.999999999999999778e-01,5.999999999999999778e-01,3.955829149370396614e+09,2.000000000000000000e+00
4.529166666666666530e-05,2.000000000000000000e+00,0.000000000000000000e+00,3.065966364531540034e+00,5.999999999999999778e-01,5.999999999999999778e-01,3.955829149370396614e+09,2.000000000000000000e+00
4.533333333333333523e-05,4.000000000000000000e+00,0.000000000000000000e+00,1.974040223099350344e+00,5.999999999999999778e-01,5.999999999999999778e-01,3.935960400593989372e+09,2.000000000000000000e+00
4.537499999999999840e-05,4.000000000000000000e+00,0.000000000000000000e+00,1.963673122848617725e+00,5.999999999999999778e-01,5.999999999999999778e-01,3.935960400593989372e+09,2.000000000000000000e+00
4.541666666666666833e-05,4.000000000000000000e+00,0.000000000000000000e+00,1.953306022597885105e+00,5.999999999999999778e-01,5.999999999999999778e-01,3.935960400593989372e+09,2.000000000000000000e+00
4.545833333333333150e-05,4.000000000000000000e+00,0.000000000000000000e+00,1.942938922347152486e+00,5.999999999999999778e-01,5.999999999999999778e-01,3.935960400593989372e+09,2.000000000000000000e+00
4.550000000000000144e-05,4.000000000000000000e+00,0.000000000000000000e+00,1.932571822096419867e+00,5.999999999999999778e-01,5.999999999999999778e-01,3.935960400593989372e+09,2.000000000000000000e+00
4.554166666666666460e-05,4.000000000000000000e+00,0.000000000000000000e+00,1.922204721845687247e+00,5.999999999999999778e-01,5.999999999999999778e-01,3.935960400593989372e+09,2.000000000000000000e+00
4.558333333333333454e-05,4.000000000000000000e+00,0.000000000000000000e+00,1.911837621594954628e+00,5.999999999999999778e-01,5.999999999999999778e-01,3.935960400593989372e+09,2.000000000000000000e+00
4.562499999999999770e-05,4.000000000000000000e+00,0.000000000000000000e+00,1.901470521344222009e+00,5.999999999999999778e-01,5.999999999999999778e-01,3.935960400593989372e+09,2.000000000000000000e+00
4.566666666666666764e-05,4.000000000000000000e+00,0.000000000000000000e+00,1.891103421093489390e+00,5.999999999999999778e-01,5.999999999999999778e-01,3.935960400593989372e+09,2.000000000000000000e+00
4.570833333333333080e-05,4.000000000000000000e+00,0.000000000000000000e+00,1.880736320842756770e+00,5.999999999999999778e-01,5.999999999999999778e-01,3.935960400593989372e+09,2.000000000000000000e+00
4.575000000000000074e-05,4.000000000000000000e+00,0.000000000000000000e+00,1.870369220592024151e+00,5.999999999999999778e-01,5.999999999999999778e-01,3.935960400593989372e+09,2.000000000000000000e+00
4.579166666666666390e-05,4.000000000000000000e+00,0.000000000000000000e+00,1.860002120341291532e+00,5.999999999999999778e-01,5.999999999999999778e-01,3.935960400593989372e+09,2.000000000000000000e+00
4.583333333333333384e-05,4.000000000000000000e+00,0.000000000000000000e+00,1.849635020090558912e+00,5.999999999999999778e-01,5.999999999999999778e-01,3.935960400593989372e+09,2.000000000000000000e+00
4.587499999999999700e-05,4.000000000000000000e+00,0.000000000000000000e+00,1.839267919839826293e+00,5.999999999999999778e-01,5.999999999999999778e-01,3.935960400593989372e+09,2.000000000000000000e+00
4.591666666666666694e-05,4.000000000000000000e+00,0.000000000000000000e+00,1.828900819589093674e+00,5.999999999999999778e-01,5.999999999999999778e-01,3.935960400593989372e+09,2.000000000000000000e+00
4.595833333333333010e-05,4.000000000000000000e+00,0.000000000000000000e+00,1.818533719338361054e+00,5.999999999999999778e-01,5.999999999999999778e-01,3.935960400593989372e+09,2.000000000000000000e+00
4.600000000000000004e-05,4.000000000000000000e+00,0.000000000000000000e+00,1.808166619087628435e+00,5.999999999999999778e-01,5.999999999999999778e-01,3.935960400593989372e+09,2.000000000000000000e+00
4.604166666666666997e-05,4.000000000000000000e+00,0.000000000000000000e+00,1.797799518836895816e+00,5.999999999999999778e-01,5.999999999999999778e-01,3.935960400593989372e+09,2.000000000000000000e+00
4.608333333333333314e-05,4.000000000000000000e+00,0.000000000000000000e+00,1.787432418586163196e+00,5.999999999999999778e-01,5.999999999999999778e-01,3.935960400593989372e+09,2.000000000000000000e+00
4.612500000000000307e-05,4.000000000000000000e+00,0.000000000000000000e+00,1.777065318335430577e+00,5.999999999999999778e-01,5.999999999999999778e-01,3.935960400593989372e+09,2.000000000000000000e+00
4.616666666666666624e-05,4.000000000000000000e+00,0.000000000000000000e+00,1.766698218084697958e+00,5.999999999999999778e-01,5.999999999999999778e-01,3.935960400593989372e+09,2.000000000000000000e+00
4.620833333333333617e-05,4.000000000000000000e+00,0.000000000000000000e+00,1.756331117833965338e+00,5.999999999999999778e-01,5.999999999999999778e-01,3.935960400593989372e+09,2.000000000000000000e+00
4.624999999999999934e-05,4.000000000000000000e+00,0.000000000000000000e+00,1.745964017583232719e+00,5.999999999999999778e-01,5.999999999999999778e-01,3.935960400593989372e+09,2.000000000000000000e+00
4.629166666666666927e-05,4.000000000000000000e+00,0.000000000000000000e+00,1.735596917332500100e+00,5.999999999999999778e-01,5.999999999999999778e-01,3.935960400593989372e+09,2.000000000000000000e+00
4.633333333333333244e-05,4.000000000000000000e+00,0.000000000000000000e+00,1.725229817081767481e+00,5.999999999999999778e-01,5.999999999999999778e-01,3.935960400593989372e+09,2.000000000000000000e+00
4.637500000000000237e-05,4.000000000000000000e+00,0.000000000000000000e+00,1.714862716831034861e+00,5.999999999999999778e-01,5.999999999999999778e-01,3.935960400593989372e+09,2.000000000000000000e+00
4.641666666666666554e-05,4.000000000000000000e+00,0.000000000000000000e+00,1.704495616580302242e+00,5.999999999999999778e-01,5.999999999999999778e-01,3.935960400593989372e+09,2.000000000000000000e+00
4.645833333333333547e-05,4.000000000000000000e+00,0.000000000000000000e+00,1.694128516329569623e+00,5.999999999999999778e-01,5.999999999999999778e-01,3.935960400593989372e+09,2.000000000000000000e+00
4.649999999999999864e-05,4.000000000000000000e+00,0.000000000000000000e+00,1.683761416078837003e+00,5.999999999999999778e-01,5.999999999999999778e-01,3.935960400593989372e+09,2.000000000000000000e+00
4.654166666666666858e-05,4.000000000000000000e+00,0.000000000000000000e+00,1.673394315828104384e+00,5.999999999999999778e-01,5.999999999999999778e-01,3.935960400593989372e+09,2.000000000000000000e+00
4.658333333333333174e-05,4.000000000000000000e+00,0.000000000000000000e+00,1.663027215577371765e+00,5.999999999999999778e-01,5.999999999999999778e-01,3.935960400593989372e+09,2.000000000000000000e+00
4.662500000000000168e-05,4.000000000000000000e+00,0.000000000000000000e+00,1.652660115326639145e+00,5.999999999999999778e-01,5.999999999999999778e-01,3.935960400593989372e+09,2.000000000000000000e+00
4.666666666666666484e-05,4.000000000000000000e+00,0.000000000000000000e+00,1.642293015075906526e+00,5.999999999999999778e-01,5.999999999999999778e-01,3.935960400593989372e+09,2.000000000000000000e+00
4.670833333333333478e-05,4.000000000000000000e+00,0.000000000000000000e+00,1.631925914825173907e+00,5.999999999999999778e-01,5.999999999999999778e-01,3.935960400593989372e+09,2.000000000000000000e+00
4.674999999999999794e-05,4.000000000000000000e+00,0.000000000000000000e+00,1.621558814574441287e+00,5.999999999999999778e-01,5.999999999999999778e-01,3.935960400593989372e+09,2.000000000000000000e+00
4.679166666666666788e-05,4.000000000000000000e+00,1.000000000000000000e+00,1.611191714323708668e+00,5.999999999999999778e-01,5.999999999999999778e-01,3.935960400593989372e+09,2.000000000000000000e+00
4.683333333333333104e-05,4.000000000000000000e+00,1.000000000000000000e+00,1.600824614072976049e+00,5.999999999999999778e-01,5.999999999999999778e-01,3.935960400593989372e+09,2.000000000000000000e+00
4.687500000000000098e-05,4.000000000000000000e+00,1.000000000000000000e+00,1.590457513822243429e+00,5.999999999999999778e-01,5.999999999999999778e-01,3.935960400593989372e+09,2.000000000000000000e+00
4.691666666666666414e-05,4.000000000000000000e+00,2.000000000000000000e+00,1.580090413571510810e+00,5.999999999999999778e-01,5.999999999999999778e-01,3.935960400593989372e+09,2.000000000000000000e+00
4.695833333333333408e-05,4.000000000000000000e+00,2.000000000000000000e+00,1.401620610714658044e+00,5.780931362528682893e-01,5.979699498396945367e-01,3.935522263319046974e+09,2.000000000000000000e+00
4.699999999999999724e-05,4.000000000000000000e+00,2.000000000000000000e+00,1.147933048753898122e+00,5.685933778189105059e-01,5.951624416021219499e-01,3.935332268150367737e+09,2.000000000000000000e+00
4.704166666666666718e-05,4.000000000000000000e+00,2.000000000000000000e+00,8.694013394918008730e-01,5.647828711086876341e-01,5.922332822220077730e-01,3.935256058016163349e+09,2.000000000000000000e+00
4.708333333333333034e-05,4.000000000000000000e+00,2.000000000000000000e+00,5.974386671271212368e-01,5.647504814000642304e-01,5.895687782166044721e-01,3.935255410221990585e+09,2.000000000000000000e+00
4.712500000000000028e-05,4.000000000000000000e+00,2.000000000000000000e+00,3.542544702043095017e-01,5.675290024804502398e-01,5.874199549933892817e-01,3.935310980643598557e+09,2.000000000000000000e+00
4.716666666666666344e-05,4.000000000000000000e+00,2.000000000000000000e+00,1.526737540273323812e-01,5.720332722835725914e-01,5.859087915342694464e-01,3.935401066039660931e+09,2.000000000000000000e+00
4.720833333333333338e-05,4.000000000000000000e+00,2.000000000000000000e+00,-3.799027443833565346e-03,5.771449329187068322e-01,5.850371501853502965e-01,3.935503299252363682e+09,2.000000000000000000e+00
4.725000000000000331e-05,4.000000000000000000e+00,2.000000000000000000e+00,-1.184680667836211232e-01,5.820306753758461848e-01,5.847246950970960144e-01,3.935601014101506233e+09,2.000000000000000000e+00
4.729166666666666648e-05,4.000000000000000000e+00,2.000000000000000000e+00,-1.980257081529408769e-01,5.862593298085650995e-01,5.848553497475164065e-01,3.935685587190160751e+09,2.000000000000000000e+00
4.733333333333333641e-05,4.000000000000000000e+00,2.000000000000000000e+00,-2.498859151898933650e-01,5.897150013807452851e-01,5.853117028786887222e-01,3.935754700621604443e+09,2.000000000000000000e+00
4.737499999999999958e-05,4.000000000000000000e+00,2.000000000000000000e+00,-2.807499807283740378e-01,5.924531956376567488e-01,5.859923734724959976e-01,3.935809464506742477e+09,2.000000000000000000e+00
4.741666666666666951e-05,4.000000000000000000e+00,2.000000000000000000e+00,-2.961097878075953926e-01,5.945918393012914471e-01,5.868169761241089910e-01,3.935852237380015373e+09,2.000000000000000000e+00
4.745833333333333268e-05,4.000000000000000000e+00,2.000000000000000000e+00,-3.002484649648387571e-01,5.962534686677529727e-01,5.877247802840479540e-01,3.935885469967344284e+09,2.000000000000000000e+00
4.750000000000000262e-05,4.000000000000000000e+00,2.000000000000000000e+00,-2.964285900368260340e-01,5.975430541620559977e-01,5.886711965777901012e-01,3.935911261677230358e+09,2.000000000000000000e+00
4.754166666666666578e-05,4.000000000000000000e+00,2.000000000000000000e+00,-2.871106671088774487e-01,5.985438284920806540e-01,5.896241220865109378e-01,3.935931277163830757e+09,2.000000000000000000e+00
4.758333333333333572e-05,4.000000000000000000e+00,2.000000000000000000e+00,-2.741422232818286897e-01,5.993199791333339022e-01,5.905608715879752113e-01,3.935946800176656246e+09,2.000000000000000000e+00
4.762499999999999888e-05,4.000000000000000000e+00,2.000000000000000000e+00,-2.589049867026325669e-01,5.999208617145130873e-01,5.914658083266738364e-01,3.935958817828279495e+09,2.000000000000000000e+00
4.766666666666666882e-05,4.000000000000000000e+00,2.000000000000000000e+00,-2.424251836680333672e-01,6.003847399485371383e-01,5.923285691391746433e-01,3.935968095392960072e+09,2.000000000000000000e+00
4.770833333333333198e-05,4.000000000000000000e+00,2.000000000000000000e+00,-2.254559417785777509e-01,6.007415940858928938e-01,5.931427379595540783e-01,3.935975232475707054e+09,2.000000000000000000e+00
4.775000000000000192e-05,4.000000000000000000e+00,2.000000000000000000e+00,-2.085397459002116538e-01,6.010151019551721596e-01,5.939048435618035082e-01,3.935980702633092880e+09,2.000000000000000000e+00
4.779166666666666508e-05,4.000000000000000000e+00,2.000000000000000000e+00,-1.920567134336443882e-01,6.012240264100960907e-01,5.946135915463994781e-01,3.935984881122191429e+09,2.000000000000000000e+00
4.783333333333333502e-05,4.000000000000000000e+00,2.000000000000000000e+00,-1.762625290327697603e-01,6.013832161967443968e-01,5.952692694899965886e-01,3.935988064917924404e+09,2.000000000000000000e+00
4.787499999999999818e-05,4.000000000000000000e+00,2.000000000000000000e+00,-1.613185301873592270e-01,6.015043638298556150e-01,5.958732842933824880e-01,3.935990487870586395e+09,2.000000000000000000e+00
4.791666666666666812e-05,4.000000000000000000e+00,2.000000000000000000e+00,-1.473155989631187712e-01,6.015966076282471819e-01,5.964278034265365624e-01,3.935992332746554375e+09,2.000000000000000000e+00
4.795833333333333128e-05,4.000000000000000000e+00,2.000000000000000000e+00,-1.342930332655079273e-01,6.016670262229533162e-01,5.969354793645291757e-01,3.935993741118448257e+09,2.000000000000000000e+00
4.800000000000000122e-05,4.000000000000000000e+00,2.000000000000000000e+00,-1.222532998387897696e-01,6.017210510057464656e-01,5.973992410828772304e-01,3.935994821614104271e+09,2.000000000000000000e+00
4.804166666666666438e-05,4.000000000000000000e+00,2.000000000000000000e+00,-1.111734108314841457e-01,6.017628103128777051e-01,5.978221394325835547e-01,3.935995656800246716e+09,2.000000000000000000e+00
4.808333333333333432e-05,4.000000000000000000e+00,2.000000000000000000e+00,-1.010135566236705362e-01,6.017954140918078121e-01,5.982072353627631012e-01,3.935996308875825405e+09,2.000000000000000000e+00
4.812499999999999748e-05,4.000000000000000000e+00,2.000000000000000000e+00,-9.172353944880809462e-02,6.018211860989248763e-01,5.985575217190387542e-01,3.935996824315968037e+09,2.000000000000000000e+00
4.816666666666666742e-05,4.000000000000000000e+00,2.000000000000000000e+00,-8.324747234358723103e-02,6.018418503222150440e-01,5.988758708953928478e-01,3.935997237600433826e+09,2.000000000000000000e+00
4.820833333333333058e-05,4.000000000000000000e+00,2.000000000000000000e+00,-7.552713299331584307e-02,6.018586782647273870e-01,5.991650020095369289e-01,3.935997574159284115e+09,2.000000000000000000e+00
4.825000000000000052e-05,4.000000000000000000e+00,2.000000000000000000e+00,-6.850429243853353722e-02,6.018726035276579234e-01,5.994274625107192112e-01,3.935997852664542675e+09,2.000000000000000000e+00
4.829166666666666368e-05,4.000000000000000000e+00,2.000000000000000000e+00,-6.212227599347455720e-02,6.018843096879140653e-01,5.996656202056535045e-01,3.935998086787747860e+09,2.000000000000000000e+00
4.833333333333333362e-05,4.000000000000000000e+00,2.000000000000000000e+00,-5.632695920461186501e-02,6.018942968213806255e-01,5.998816625990658347e-01,3.935998286530416965e+09,2.000000000000000000e+00
4.837499999999999678e-05,4.000000000000000000e+00,2.000000000000000000e+00,-5.106735572074753288e-02,6.019029312713454205e-01,6.000776011954325195e-01,3.935998459219416142e+09,2.000000000000000000e+00
4.841666666666666672e-05,4.000000000000000000e+00,2.000000000000000000e+00,-4.629591632759469388e-02,6.019104824897991701e-01,6.002552790110983194e-01,3.935998610243785381e+09,2.000000000000000000e+00
4.845833333333333666e-05,4.000000000000000000e+00,2.000000000000000000e+00,-4.196862827369399196e-02,6.019171500522428886e-01,6.004163800194621814e-01,3.935998743595034122e+09,2.000000000000000000e+00
4.849999999999999982e-05,4.000000000000000000e+00,2.000000000000000000e+00,-3.804498045131835676e-02,6.019230832998695435e-01,6.005624396164547241e-01,3.935998862259986877e+09,2.000000000000000000e+00
4.854166666666666976e-05,4.000000000000000000e+00,2.000000000000000000e+00,-3.448784198620627461e-02,6.019283955133769570e-01,6.006948554690204611e-01,3.935998968504256725e+09,2.000000000000000000e+00
4.858333333333333292e-05,4.000000000000000000e+00,2.000000000000000000e+00,-3.126328807842140844e-02,6.019331740732780656e-01,6.008148983140921828e-01,3.935999064075454712e+09,2.000000000000000000e+00
4.862500000000000286e-05,4.000000000000000000e+00,2.000000000000000000e+00,-2.834039683942604637e-02,6.019374877008745184e-01,6.009237224251160470e-01,3.935999150348006725e+09,2.000000000000000000e+00
4.866666666666666602e-05,4.000000000000000000e+00,2.000000000000000000e+00,-2.569103341078074823e-02,6.019413915938099935e-01,6.010223755707334581e-01,3.935999228425865650e+09,2.000000000000000000e+00
4.870833333333333596e-05,4.000000000000000000e+00,2.000000000000000000e+00,-2.328963228568239896e-02,6.019449310545749166e-01,6.011118083661745048e-01,3.935999299215080738e+09,2.000000000000000000e+00
4.874999999999999912e-05,4.000000000000000000e+00,2.000000000000000000e+00,-2.111298488374372187e-02,6.019481440480464185e-01,6.011928829705351918e-01,3.935999363474950314e+09,2.000000000000000000e+00
4.879166666666666906e-05,4.000000000000000000e+00,2.000000000000000000e+00,-1.914003675186462528e-02,6.019510630024967890e-01,6.012663811186593765e-01,3.935999421854039192e+09,2.000000000000000000e+00
4.883333333333333222e-05,4.000000000000000000e+00,2.000000000000000000e+00,-1.735169688503004903e-02,6.019537160796204489e-01,6.013330114996919828e-01,3.935999474915581703e+09,2.000000000000000000e+00
4.887500000000000216e-05,4.000000000000000000e+00,2.000000000000000000e+00,-1.573066035483419722e-02,6.019561280740918230e-01,6.013934165090378814e-01,3.935999523155471325e+09,2.000000000000000000e+00
4.891666666666666532e-05,4.000000000000000000e+00,2.000000000000000000e+00,-1.426124461134817452e-02,6.019583210554952935e-01,6.014481784090180971e-01,3.935999567015099049e+09,2.000000000000000000e+00
4.895833333333333526e-05,4.000000000000000000e+00,2.000000000000000000e+00,-1.292923926369907335e-02,6.019603148320751274e-01,6.014978249379364650e-01,3.935999606890630722e+09,2.000000000000000000e+00
4.899999999999999842e-05,4.000000000000000000e+00,2.000000000000000000e+00,-1.172176880639666692e-02,6.019621272916482191e-01,6.015428344088901147e-01,3.935999643139822483e+09,2.000000000000000000e+00
4.904166666666666836e-05,4.000000000000000000e+00,2.000000000000000000e+00,-1.062716752925110808e-02,6.019637746580601689e-01,6.015836403394435594e-01,3.935999676087150574e+09,2.000000000000000000e+00
4.908333333333333152e-05,4.000000000000000000e+00,2.000000000000000000e+00,-9.634865805069366476e-03,6.019652716889515309e-01,6.016206356518509768e-01,3.935999706027768612e+09,2.000000000000000000e+00
4.912500000000000146e-05,4.000000000000000000e+00,2.000000000000000000e+00,-8.735286876558473468e-03,6.019666318332240751e-01,6.016541764814787863e-01,3.935999733230653763e+09,2.000000000000000000e+00
4.916666666666666462e-05,4.000000000000000000e+00,2.000000000000000000e+00,-7.919753251130841679e-03,6.019678673604093033e-01,6.016845856286396899e-01,3.935999757941197395e+09,2.000000000000000000e+00
4.920833333333333456e-05,4.000000000000000000e+00,2.000000000000000000e+00,-7.180401906894203282e-03,6.019689894696216292e-01,6.017121556863997967e-01,3.935999780383381844e+09,2.000000000000000000e+00
4.924999999999999772e-05,4.000000000000000000e+00,2.000000000000000000e+00,-6.510107491281031701e-03,6.019700083842050020e-01,6.017371518743613867e-01,3.935999800761673450e+09,2.000000000000000000e+00
4.929166666666666766e-05,4.000000000000000000e+00,2.000000000000000000e+00,-5.902412788359597332e-03,6.019709334353461339e-01,6.017598146058450448e-01,3.935999819262696266e+09,2.000000000000000000e+00
4.933333333333333082e-05,4.000000000000000000e+00,2.000000000000000000e+00,-5.351465774524640298e-03,6.019717731371755365e-01,6.017803618134858201e-01,3.935999836056732655e+09,2.000000000000000000e+00
4.937500000000000076e-05,4.000000000000000000e+00,2.000000000000000000e+00,-4.851962649568249478e-03,6.019725352549675224e-01,6.017989910559868871e-01,3.935999851299088955e+09,2.000000000000000000e+00
4.941666666666666392e-05,4.000000000000000000e+00,2.000000000000000000e+00,-4.399096261054309155e-03,6.019732268677113751e-01,6.018158814267023926e-01,3.935999865131343365e+09,2.000000000000000000e+00
4.945833333333333386e-05,4.000000000000000000e+00,2.000000000000000000e+00,-3.988509414498494013e-03,6.019738544255467394e-01,6.018311952827594125e-01,3.935999877682500362e+09,2.000000000000000000e+00
4.949999999999999702e-05,4.000000000000000000e+00,2.000000000000000000e+00,-3.616252609149469069e-03,6.019744238026512040e-01,6.018450798116780076e-01,3.935999889070042610e+09,2.000000000000000000e+00
4.954166666666666696e-05,4.000000000000000000e+00,2.000000000000000000e+00,-3.278745773727804926e-03,6.019749403461431836e-01,6.018576684508553098e-01,3.935999899400912285e+09,2.000000000000000000e+00
4.958333333333333012e-05,4.000000000000000000e+00,2.000000000000000000e+00,-2.972743603763901201e-03,6.019754089213145143e-01,6.018690821738220675e-01,3.935999908772415638e+09,2.000000000000000000e+00
4.962500000000000006e-05,4.000000000000000000e+00,2.000000000000000000e+00,-2.695304178573805845e-03,6.019758339531071645e-01,6.018794306558262752e-01,3.935999917273051739e+09,2.000000000000000000e+00
4.966666666666667000e-05,4.000000000000000000e+00,2.000000000000000000e+00,-2.443760541368773711e-03,6.019762194644218134e-01,6.018888133301322219e-01,3.935999924983277798e+09,2.000000000000000000e+00
4.970833333333333316e-05,4.000000000000000000e+00,2.000000000000000000e+00,-2.215694938727337440e-03,6.019765691115194217e-01,6.018973203453507059e-01,3.935999931976219654e+09,2.000000000000000000e+00
4.975000000000000310e-05,4.000000000000000000e+00,2.000000000000000000e+00,-2.008915508427107713e-03,6.019768862162541145e-01,6.019050334330868779e-01,3.935999938318314552e+09,2.000000000000000000e+00
4.979166666666666626e-05,4.000000000000000000e+00,2.000000000000000000e+00,-1.821435126416999636e-03,6.019771737960878388e-01,6.019120266943844832e-01,3.935999944069911003e+09,2.000000000000000000e+00
4.983333333333333620e-05,4.000000000000000000e+00,2.000000000000000000e+00,-1.651452267410731664e-03,6.019774345910877678e-01,6.019183673125491074e-01,3.935999949285810947e+09,2.000000000000000000e+00
4.987499999999999936e-05,4.000000000000000000e+00,2.000000000000000000e+00,-1.497333642632965719e-03,6.019776710890309968e-01,6.019241161993004186e-01,3.935999954015769958e+09,2.000000000000000000e+00
4.991666666666666930e-05,4.000000000000000000e+00,2.000000000000000000e+00,-1.357598478293893648e-03,6.019778855481134894e-01,6.019293285804881988e-01,3.935999958304951668e+09,2.000000000000000000e+00
4.995833333333333246e-05,4.000000000000000000e+00,2.000000000000000000e+00,-1.230904260169281414e-03,6.019780800178737845e-01,6.019340545270550624e-01,3.935999962194346905e+09,2.000000000000000000e+00
5.000000000000000240e-05,4.000000000000000000e+00,2.000000000000000000e+00,-1.116033813318735492e-03,6.019782563582090074e-01,6.019383394363710948e-01,3.935999965721153736e+09,2.000000000000000000e+00
5.004166666666666556e-05,4.000000000000000000e+00,2.000000000000000000e+00,-1.011883596888892142e-03,6.019784162566856889e-01,6.019422244685851409e-01,3.935999968919123173e+09,2.000000000000000000e+00
5.008333333333333550e-05,4.000000000000000000e+00,2.000000000000000000e+00,-9.174530812152984155e-04,6.019785612444249479e-01,6.019457469422155871e-01,3.935999971818877697e+09,2.000000000000000000e+00
5.012499999999999866e-05,4.000000000000000000e+00,2.000000000000000000e+00,-8.318351344634171331e-04,6.019786927103315533e-01,6.019489406927724939e-01,3.935999974448195934e+09,2.000000000000000000e+00
5.016666666666666860e-05,4.000000000000000000e+00,2.000000000000000000e+00,-7.542072969364559034e-04,6.019788119142932548e-01,6.019518363978928477e-01,3.935999976832275391e+09,2.000000000000000000e+00
5.020833333333333176e-05,4.000000000000000000e+00,2.000000000000000000e+00,-6.838238812043887166e-04,6.019789199990428497e-01,6.019544618721081042e-01,3.935999978993970394e+09,2.000000000000000000e+00
5.025000000000000170e-05,4.000000000000000000e+00,2.000000000000000000e+00,-6.200087961907589564e-04,6.019790180011088676e-01,6.019568423340971863e-01,3.935999980954011440e+09,2.000000000000000000e+00
5.029166666666666486e-05,4.000000000000000000e+00,2.000000000000000000e+00,-5.621490533805077652e-04,6.019791068605250262e-01,6.019590006489744516e-01,3.935999982731199741e+09,2.000000000000000000e+00
5.033333333333333480e-05,4.000000000000000000e+00,2.000000000000000000e+00,-5.096888751132969348e-04,6.019791874298046075e-01,6.019609575479594188e-01,3.935999984342585564e+09,2.000000000000000000e+00
5.037499999999999796e-05,4.000000000000000000e+00,2.000000000000000000e+00,-4.621243540306200419e-04,6.019792604820535242e-01,6.019627318275387884e-01,3.935999985803630352e+09,2.000000000000000000e+00
5.041666666666666790e-05,4.000000000000000000e+00,2.000000000000000000e+00,-4.189986127449988533e-04,6.019793267183412011e-01,6.019643405300352246e-01,3.935999987128355980e+09,2.000000000000000000e+00
5.045833333333333106e-05,4.000000000000000000e+00,2.000000000000000000e+00,-3.798974127995639253e-04,6.019793867744247517e-01,6.019657991073241732e-01,3.935999988329477787e+09,2.000000000000000000e+00
5.050000000000000100e-05,4.000000000000000000e+00,2.000000000000000000e+00,-3.444451765382287238e-04,6.019794412268077988e-01,6.019671215692681265e-01,3.935999989418525696e+09,2.000000000000000000e+00
5.054166666666666416e-05,4.000000000000000000e+00,2.000000000000000000e+00,-3.123013745927342359e-04,6.019794905982850386e-01,6.019683206182970814e-01,3.935999990405954838e+09,2.000000000000000000e+00
5.058333333333333410e-05,4.000000000000000000e+00,2.000000000000000000e+00,-2.831572571586907987e-04,6.019795353628655254e-01,6.019694077714230485e-01,3.935999991301246643e+09,2.000000000000000000e+00
5.062499999999999726e-05,4.000000000000000000e+00,2.000000000000000000e+00,-2.567328890428503731e-04,6.019795759503370203e-01,6.019703934708661164e-01,3.935999992112996101e+09,2.000000000000000000e+00
5.066666666666666720e-05,4.000000000000000000e+00,2.000000000000000000e+00,-2.327744611967678327e-04,6.019796127504145611e-01,6.019712871843601043e-01,3.935999992848997593e+09,2.000000000000000000e+00
5.070833333333333036e-05,4.000000000000000000e+00,2.000000000000000000e+00,-2.110518478140325431e-04,6.019796461165043411e-01,6.019720974960992566e-01,3.935999993516319275e+09,2.000000000000000000e+00
5.075000000000000030e-05,4.000000000000000000e+00,2.000000000000000000e+00,-1.913564017151107497e-04,6.019796763690005159e-01,6.019728321891880674e-01,3.935999994121369362e+09,2.000000000000000000e+00
5.079166666666666346e-05,4.000000000000000000e+00,2.000000000000000000e+00,-1.734989461830441985e-04,6.019797037984490062e-01,6.019734983204050316e-01,3.935999994669958115e+09,2.000000000000000000e+00
5.083333333333333340e-05,4.000000000000000000e+00,2.000000000000000000e+00,-1.573079559740468074e-04,6.019797286682876392e-01,6.019741022879847581e-01,3.935999995167355061e+09,2.000000000000000000e+00
5.087500000000000334e-05,4.000000000000000000e+00,2.000000000000000000e+00,-1.426279147700729925e-04,6.019797512173136189e-01,6.019746498930683698e-01,3.935999995618335724e+09,2.000000000000000000e+00
5.091666666666666650e-05,4.000000000000000000e+00,2.000000000000000000e+00,-1.293178236075068969e-04,6.019797716620598482e-01,6.019751463954271520e-01,3.935999996027230740e+09,2.000000000000000000e+00
5.095833333333333644e-05,4.000000000000000000e+00,2.000000000000000000e+00,-1.172498348161203001e-04,6.019797901989553113e-01,6.019755965639935757e-01,3.935999996397968292e+09,2.000000000000000000e+00
5.099999999999999960e-05,4.000000000000000000e+00,2.000000000000000000e+00,-1.063080351151616458e-04,6.019798070059932948e-01,6.019760047226564437e-01,3.935999996734109402e+09,2.000000000000000000e+00
5.104166666666666954e-05,4.000000000000000000e+00,2.000000000000000000e+00,-9.638733057285168223e-05,6.019798222445907898e-01,6.019763747917959984e-01,3.935999997038881302e+09,2.000000000000000000e+00
5.108333333333333270e-05,4.000000000000000000e+00,2.000000000000000000e+00,-8.739242979130681195e-05,6.019798360611643417e-01,6.019767103259457963e-01,3.935999997315212727e+09,2.000000000000000000e+00
5.112500000000000264e-05,4.000000000000000000e+00,2.000000000000000000e+00,-7.923693623082687161e-05,6.019798485883866013e-01,6.019770145479254042e-01,3.935999997565757275e+09,2.000000000000000000e+00
5.116666666666666580e-05,4.000000000000000000e+00,2.000000000000000000e+00,-7.184251693173750826e-05,6.019798599465654432e-01,6.019772903797985242e-01,3.935999997792920589e+09,2.000000000000000000e+00
5.120833333333333574e-05,4.000000000000000000e+00,2.000000000000000000e+00,-6.513814945277731456e-05,6.019798702448088124e-01,6.019775404709414302e-01,3.935999997998885632e+09,2.000000000000000000e+00
5.124999999999999890e-05,4.000000000000000000e+00,2.000000000000000000e+00,-5.905943247411374271e-05,6.019798795820642257e-01,6.019777672234929433e-01,3.935999998185630798e+09,2.000000000000000000e+00
5.129166666666666884e-05,4.000000000000000000e+00,2.000000000000000000e+00,-5.354798371185057811e-05,6.019798880479082515e-01,6.019779728154133203e-01,3.935999998354947567e+09,2.000000000000000000e+00
5.133333333333333200e-05,4.000000000000000000e+00,2.000000000000000000e+00,-4.855086693636581570e-05,6.019798957236976999e-01,6.019781592214187294e-01,3.935999998508463383e+09,2.000000000000000000e+00
5.137500000000000194e-05,4.000000000000000000e+00,2.000000000000000000e+00,-4.402008447426811129e-05,6.019799026832055588e-01,6.019783282319479678e-01,3.935999998647653580e+09,2.000000000000000000e+00
5.141666666666666510e-05,4.000000000000000000e+00,2.000000000000000000e+00,-3.991211518508821994e-05,6.019799089932938996e-01,6.019784814703575959e-01,3.935999998773855209e+09,2.000000000000000000e+00
5.145833333333333504e-05,4.000000000000000000e+00,2.000000000000000000e+00,-3.618750336967382848e-05,6.019799147145186158e-01,6.019786204085069148e-01,3.935999998888279915e+09,2.000000000000000000e+00
5.149999999999999820e-05,4.000000000000000000e+00,2.000000000000000000e+00,-3.281047314443599701e-05,6.019799199018435187e-01,6.019787463809015415e-01,3.935999998992026329e+09,2.000000000000000000e+00
5.154166666666666814e-05,4.000000000000000000e+00,2.000000000000000000e+00,-2.974858829033069581e-05,6.019799246050786534e-01,6.019788605975096019e-01,3.935999999086091042e+09,2.000000000000000000e+00
5.158333333333333130e-05,4.000000000000000000e+00,2.000000000000000000e+00,-2.697243938668139547e-05,6.019799288693986616e-01,6.019789641553843218e-01,3.935999999171377182e+09,2.000000000000000000e+00
5.162500000000000124e-05,4.000000000000000000e+00,2.000000000000000000e+00,-2.445536186782151729e-05,6.019799327357632235e-01,6.019790580492015986e-01,3.935999999248704433e+09,2.000000000000000000e+00
5.166666666666666440e-05,4.000000000000000000e+00,2.000000000000000000e+00,-2.217317772659912974e-05,6.019799362413185140e-01,6.019791431808148019e-01,3.935999999318815708e+09,2.000000000000000000e+00
5.170833333333333434e-05,4.000000000000000000e+00,2.000000000000000000e+00,-2.010396995969090879e-05,6.019799394197087317e-01,6.019792203679135145e-01,3.935999999382383347e+09,2.000000000000000000e+00
5.174999999999999750e-05,4.000000000000000000e+00,2.000000000000000000e+00,-1.822786246988430887e-05,6.019799423015260720e-01,6.019792903518860205e-01,3.935999999440020084e+09,2.000000000000000000e+00
5.179166666666666744e-05,4.000000000000000000e+00,2.000000000000000000e+00,-1.652683089117959410e-05,6.019799449144493941e-01,6.019793538049342807e-01,3.935999999492278576e+09,2.000000000000000000e+00
5.183333333333333060e-05,4.000000000000000000e+00,2.000000000000000000e+00,-1.498454069873292267e-05,6.019799472834838072e-01,6.019794113365214416e-01,3.935999999539659023e+09,2.000000000000000000e+00
5.187500000000000054e-05,4.000000000000000000e+00,2.000000000000000000e+00,-1.358617622385241359e-05,6.019799494314306276e-01,6.019794634992393645e-01,3.935999999582617760e+09,2.000000000000000000e+00
5.191666666666666370e-05,4.000000000000000000e+00,2.000000000000000000e+00,-1.231830786777168781e-05,6.019799513788967049e-01,6.019795107941098289e-01,3.935999999621567249e+09,2.000000000000000000e+00
5.195833333333333364e-05,4.000000000000000000e+00,2.000000000000000000e+00,-1.116875931542340934e-05,6.019799531446144991e-01,6.019795536754014575e-01,3.935999999656881809e+09,2.000000000000000000e+00
5.199999999999999680e-05,4.000000000000000000e+00,2.000000000000000000e+00,-1.012648748213865131e-05,6.019799547455890742e-01,6.019795925549945581e-01,3.935999999688900948e+09,2.000000000000000000e+00
5.204166666666666674e-05,4.000000000000000000e+00,2.000000000000000000e+00,-9.181480650240299012e-06,6.019799561971825863e-01,6.019796278063312966e-01,3.935999999717933178e+09,2.000000000000000000e+00
5.208333333333333668e-05,4.000000000000000000e+00,2.000000000000000000e+00,-8.324662062604653537e-06,6.019799575133183422e-01,6.019796597680023842e-01,3.935999999744255543e+09,2.000000000000000000e+00
5.212499999999999984e-05,4.000000000000000000e+00,2.000000000000000000e+00,-7.547800792180675817e-06,6.019799587066322344e-01,6.019796887470005853e-01,3.935999999768122196e+09,2.000000000000000000e+00
5.216666666666666978e-05,4.000000000000000000e+00,2.000000000000000000e+00,-6.843437163424420059e-06,6.019799597885582276e-01,6.019797150216671389e-01,3.935999999789760590e+09,2.000000000000000000e+00
5.220833333333333294e-05,4.000000000000000000e+00,2.000000000000000000e+00,-6.204804535754699064e-06,6.019799607695218713e-01,6.019797388443717256e-01,3.935999999809379578e+09,2.000000000000000000e+00
5.225000000000000288e-05,4.000000000000000000e+00,2.000000000000000000e+00,-5.625772914881560755e-06,6.019799616589323055e-01,6.019797604439314220e-01,3.935999999827167988e+09,2.000000000000000000e+00
5.229166666666666604e-05,4.000000000000000000e+00,2.000000000000000000e+00,-5.100774374240752114e-06,6.019799624654165182e-01,6.019797800278178235e-01,3.935999999843297482e+09,2.000000000000000000e+00
5.233333333333333598e-05,4.000000000000000000e+00,2.000000000000000000e+00,-4.624768494195046723e-06,6.019799631966198383e-01,6.019797977841324643e-01,3.935999999857921600e+09,2.000000000000000000e+00
5.237499999999999914e-05,4.000000000000000000e+00,2.000000000000000000e+00,-4.193184154373335540e-06,6.019799638595728641e-01,6.019798138834230317e-01,3.935999999871181011e+09,2.000000000000000000e+00
5.241666666666666908e-05,4.000000000000000000e+00,2.000000000000000000e+00,-3.801874058935533589e-06,6.019799644606653732e-01,6.019798284803241639e-01,3.935999999883202553e+09,2.000000000000000000e+00
5.245833333333333224e-05,4.000000000000000000e+00,2.000000000000000000e+00,-3.447080175773913860e-06,6.019799650056376628e-01,6.019798417150366010e-01,3.935999999894102097e+09,2.000000000000000000e+00
5.250000000000000218e-05,4.000000000000000000e+00,2.000000000000000000e+00,-3.125397356725040204e-06,6.019799654997208815e-01,6.019798537146775486e-01,3.935999999903983593e+09,2.000000000000000000e+00
5.254166666666666534e-05,4.000000000000000000e+00,2.000000000000000000e+00,-2.833735138792286939e-06,6.019799659477157450e-01,6.019798645945060311e-01,3.935999999912943840e+09,2.000000000000000000e+00
5.258333333333333528e-05,4.000000000000000000e+00,2.000000000000000000e+00,-2.569290459304790324e-06,6.019799663539332490e-01,6.019798744590265649e-01,3.935999999921068192e+09,2.000000000000000000e+00
5.262499999999999844e-05,4.000000000000000000e+00,2.000000000000000000e+00,-2.329524009055200345e-06,6.019799667222442974e-01,6.019798834029880252e-01,3.935999999928434372e+09,2.000000000000000000e+00
5.266666666666666838e-05,4.000000000000000000e+00,2.000000000000000000e+00,-2.112132947458627946e-06,6.019799670561895022e-01,6.019798915122978045e-01,3.935999999935112953e+09,2.000000000000000000e+00
5.270833333333333154e-05,4.000000000000000000e+00,2.000000000000000000e+00,-1.915027255690398938e-06,6.019799673589806277e-01,6.019798988648465965e-01,3.935999999941168785e+09,2.000000000000000000e+00
5.275000000000000148e-05,4.000000000000000000e+00,2.000000000000000000e+00,-1.736315184770825631e-06,6.019799676334847138e-01,6.019799055312524683e-01,3.935999999946659088e+09,2.000000000000000000e+00
5.279166666666666464e-05,4.000000000000000000e+00,2.000000000000000000e+00,-1.574283246681767828e-06,6.019799678823519740e-01,6.019799115755447572e-01,3.935999999951636314e+09,2.000000000000000000e+00
5.283333333333333458e-05,4.000000000000000000e+00,2.000000000000000000e+00,-1.427372567504386729e-06,6.019799681080438836e-01,6.019799170557837975e-01,3.935999999956150055e+09,2.000000000000000000e+00
5.287499999999999774e-05,4.000000000000000000e+00,2.000000000000000000e+00,-1.294167973482723660e-06,6.019799683127031731e-01,6.019799220246100369e-01,3.935999999960243225e+09,2.000000000000000000e+00
5.291666666666666768e-05,4.000000000000000000e+00,2.000000000000000000e+00,-1.173396172034296731e-06,6.019799684981974597e-01,6.019799265297421931e-01,3.935999999963953495e+09,2.000000000000000000e+00
5.295833333333333084e-05,4.000000000000000000e+00,2.000000000000000000e+00,-1.063894828930239293e-06,6.019799686664005778e-01,6.019799306144539841e-01,3.935999999967317581e+09,2.000000000000000000e+00
5.300000000000000078e-05,4.000000000000000000e+00,2.000000000000000000e+00,-9.646107493058995667e-07,6.019799688189142461e-01,6.019799343179799145e-01,3.935999999970367432e+09,2.000000000000000000e+00
5.304166666666666394e-05,4.000000000000000000e+00,2.000000000000000000e+00,-8.745907827138186756e-07,6.019799689571672108e-01,6.019799376758897536e-01,3.935999999973132610e+09,2.000000000000000000e+00
5.308333333333333388e-05,4.000000000000000000e+00,2.000000000000000000e+00,-7.929727281767160955e-07,6.019799690824818583e-01,6.019799407204332597e-01,3.935999999975638866e+09,2.000000000000000000e+00
5.312499999999999704e-05,4.000000000000000000e+00,2.000000000000000000e+00,-7.189726012616635624e-07,6.019799691961114085e-01,6.019799434808549288e-01,3.935999999977911472e+09,2.000000000000000000e+00
5.316666666666666698e-05,4.000000000000000000e+00,2.000000000000000000e+00,-6.518791771118746463e-07,6.019799692991668616e-01,6.019799459836723265e-01,3.935999999979972839e+09,2.000000000000000000e+00
5.320833333333333014e-05,4.000000000000000000e+00,2.000000000000000000e+00,-5.910467144890905681e-07,6.019799693926378703e-01,6.019799482529285539e-01,3.935999999981842041e+09,2.000000000000000000e+00
5.325000000000000008e-05,4.000000000000000000e+00,2.000000000000000000e+00,-5.358913177947731081e-07,6.019799694773957377e-01,6.019799503104202865e-01,3.935999999983537197e+09,2.000000000000000000e+00
5.329166666666667002e-05,4.000000000000000000e+00,2.000000000000000000e+00,-4.858818421230868760e-07,6.019799695542532580e-01,6.019799521759100491e-01,3.935999999985074520e+09,2.000000000000000000e+00
5.333333333333333318e-05,4.000000000000000000e+00,2.000000000000000000e+00,-4.405380742714957658e-07,6.019799696239180875e-01,6.019799538673132888e-01,3.935999999986467838e+09,2.000000000000000000e+00
5.337500000000000312e-05,4.000000000000000000e+00,2.000000000000000000e+00,-3.994270947619559165e-07,6.019799696870486994e-01,6.019799554008725684e-01,3.935999999987730503e+09,2.000000000000000000e+00
5.341666666666666628e-05,4.000000000000000000e+00,2.000000000000000000e+00,-3.621505449150906797e-07,6.019799697443022346e-01,6.019799567913192151e-01,3.935999999988875389e+09,2.000000000000000000e+00
5.345833333333333622e-05,4.000000000000000000e+00,2.000000000000000000e+00,-3.283537217972086664e-07,6.019799697961730756e-01,6.019799580520051041e-01,3.935999999989912987e+09,2.000000000000000000e+00
5.349999999999999938e-05,4.000000000000000000e+00,2.000000000000000000e+00,-2.977128452944786611e-07,6.019799698432088952e-01,6.019799591950399931e-01,3.935999999990853786e+09,2.000000000000000000e+00
5.354166666666666932e-05,4.000000000000000000e+00,2.000000000000000000e+00,-2.699314201341228481e-07,6.019799698858995241e-01,6.019799602314078735e-01,3.935999999991707325e+09,2.000000000000000000e+00
5.358333333333333248e-05,4.000000000000000000e+00,2.000000000000000000e+00,-2.447420548738197747e-07,6.019799699246252134e-01,6.019799611710645593e-01,3.935999999992481709e+09,2.000000000000000000e+00
5.362500000000000242e-05,4.000000000000000000e+00,2.000000000000000000e+00,-2.219028239228980273e-07,6.019799699597350173e-01,6.019799620230348314e-01,3.935999999993184090e+09,2.000000000000000000e+00
5.366666666666666558e-05,4.000000000000000000e+00,2.000000000000000000e+00,-2.011936295635284513e-07,6.019799699915572289e-01,6.019799627955003674e-01,3.935999999993820667e+09,2.000000000000000000e+00
5.370833333333333552e-05,4.000000000000000000e+00,2.000000000000000000e+00,-1.824180209401281207e-07,6.019799700203771753e-01,6.019799634958772350e-01,3.935999999994396687e+09,2.000000000000000000e+00
5.374999999999999868e-05,4.000000000000000000e+00,2.000000000000000000e+00,-1.653940991123424500e-07,6.019799700465156000e-01,6.019799641308937188e-01,3.935999999994919777e+09,2.000000000000000000e+00
5.379166666666666862e-05,4.000000000000000000e+00,2.000000000000000000e+00,-1.499581550338523119e-07,6.019799700702072043e-01,6.019799647066486070e-01,3.935999999995393753e+09,2.000000000000000000e+00
5.383333333333333178e-05,4.000000000000000000e+00,2.000000000000000000e+00,-1.359628505629704922e-07,6.019799700916684815e-01,6.019799652286705882e-01,3.935999999995822906e+09,2.000000000000000000e+00
5.387500000000000172e-05,4.000000000000000000e+00,2.000000000000000000e+00,-1.232753994732381433e-07,6.019799701111209211e-01,6.019799657019736516e-01,3.935999999996212006e+09,2.000000000000000000e+00
5.391666666666666488e-05,4.000000000000000000e+00,2.000000000000000000e+00,-1.117721104852141469e-07,6.019799701287928961e-01,6.019799661311078243e-01,3.935999999996565342e+09,2.000000000000000000e+00
5.395833333333333482e-05,4.000000000000000000e+00,2.000000000000000000e+00,-1.013420252452822059e-07,6.019799701448329543e-01,6.019799665201966965e-01,3.935999999996886253e+09,2.000000000000000000e+00
5.399999999999999798e-05,4.000000000000000000e+00,2.000000000000000000e+00,-9.188509933624729809e-08,6.019799701593776531e-01,6.019799668729775011e-01,3.935999999997177124e+09,2.000000000000000000e+00
5.404166666666666792e-05,4.000000000000000000e+00,2.000000000000000000e+00,-8.331038328793213066e-08,6.019799701725627727e-01,6.019799671928379725e-01,3.935999999997440815e+09,2.000000000000000000e+00
5.408333333333333108e-05,4.000000000000000000e+00,2.000000000000000000e+00,-7.553784156658069917e-08,6.019799701845105488e-01,6.019799674828495428e-01,3.935999999997679710e+09,2.000000000000000000e+00
5.412500000000000102e-05,4.000000000000000000e+00,2.000000000000000000e+00,-6.848925762784049210e-08,6.019799701953842952e-01,6.019799677458014253e-01,3.935999999997897148e+09,2.000000000000000000e+00
5.416666666666666418e-05,4.000000000000000000e+00,2.000000000000000000e+00,-6.209550987437680658e-08,6.019799702052317514e-01,6.019799679842176010e-01,3.935999999998094082e+09,2.000000000000000000e+00
5.420833333333333412e-05,4.000000000000000000e+00,2.000000000000000000e+00,-5.630020963467970785e-08,6.019799702140931075e-01,6.019799682003810215e-01,3.935999999998271465e+09,2.000000000000000000e+00
5.424999999999999728e-05,4.000000000000000000e+00,2.000000000000000000e+00,-5.104696823723928097e-08,6.019799702221380056e-01,6.019799683963694692e-01,3.935999999998432159e+09,2.000000000000000000e+00
5.429166666666666722e-05,4.000000000000000000e+00,2.000000000000000000e+00,-4.628303498935268286e-08,6.019799702294620358e-01,6.019799685740687689e-01,3.935999999998578548e+09,2.000000000000000000e+00
5.433333333333333038e-05,4.000000000000000000e+00,2.000000000000000000e+00,-4.196475414533481296e-08,6.019799702360941751e-01,6.019799687351848894e-01,3.935999999998711109e+09,2.000000000000000000e+00
5.437500000000000032e-05,4.000000000000000000e+00,2.000000000000000000e+00,-3.804846995950059059e-08,6.019799702421276821e-01,6.019799688812672578e-01,3.935999999998831749e+09,2.000000000000000000e+00
5.441666666666666348e-05,4.000000000000000000e+00,2.000000000000000000e+00,-3.449780264377907213e-08,6.019799702475855385e-01,6.019799690137176418e-01,3.935999999998940945e+09,2.000000000000000000e+00
5.445833333333333342e-05,4.000000000000000000e+00,2.000000000000000000e+00,-3.127819139950290617e-08,6.019799702525325813e-01,6.019799691338079128e-01,3.935999999999040127e+09,2.000000000000000000e+00
5.450000000000000336e-05,4.000000000000000000e+00,2.000000000000000000e+00,-2.835871340681180983e-08,6.019799702570111100e-01,6.019799692426908155e-01,3.935999999999129772e+09,2.000000000000000000e+00
5.454166666666666652e-05,4.000000000000000000e+00,2.000000000000000000e+00,-2.571208382465258866e-08,6.019799702610616476e-01,6.019799693414114028e-01,3.935999999999210835e+09,2.000000000000000000e+00
5.458333333333333646e-05,4.000000000000000000e+00,2.000000000000000000e+00,-2.331283680137560066e-08,6.019799702647382622e-01,6.019799694309183602e-01,3.935999999999284267e+09,2.000000000000000000e+00
5.462499999999999962e-05,4.000000000000000000e+00,2.000000000000000000e+00,-2.113550648533121046e-08,6.019799702680814768e-01,6.019799695120726657e-01,3.935999999999351025e+09,2.000000000000000000e+00
5.466666666666666956e-05,4.000000000000000000e+00,2.000000000000000000e+00,-1.916372197188750535e-08,6.019799702710731948e-01,6.019799695856500321e-01,3.935999999999410629e+09,2.000000000000000000e+00
5.470833333333333272e-05,4.000000000000000000e+00,2.000000000000000000e+00,-1.737565538820192512e-08,6.019799702738196645e-01,6.019799696523608912e-01,3.935999999999465942e+09,2.000000000000000000e+00
5.475000000000000266e-05,4.000000000000000000e+00,2.000000000000000000e+00,-1.575311684023902115e-08,6.019799702763166671e-01,6.019799697128469518e-01,3.935999999999515533e+09,2.000000000000000000e+00
5.479166666666666582e-05,4.000000000000000000e+00,2.000000000000000000e+00,-1.428337340217397077e-08,6.019799702785545437e-01,6.019799697676865291e-01,3.935999999999560356e+09,2.000000000000000000e+00
5.483333333333333576e-05,4.000000000000000000e+00,2.000000000000000000e+00,-1.295005416937485797e-08,6.019799702806022390e-01,6.019799698174084224e-01,3.935999999999601364e+09,2.000000000000000000e+00
5.487499999999999892e-05,4.000000000000000000e+00,2.000000000000000000e+00,-1.174224520542040927e-08,6.019799702824502052e-01,6.019799698624893614e-01,3.935999999999638557e+09,2.000000000000000000e+00
5.491666666666666886e-05,4.000000000000000000e+00,2.000000000000000000e+00,-1.064721358448580367e-08,6.019799702841456268e-01,6.019799699033645535e-01,3.935999999999672413e+09,2.000000000000000000e+00
5.495833333333333202e-05,4.000000000000000000e+00,2.000000000000000000e+00,-9.654045370149766039e-09,6.019799702856926116e-01,6.019799699404271287e-01,3.935999999999703407e+09,2.000000000000000000e+00
5.500000000000000196e-05,4.000000000000000000e+00,2.000000000000000000e+00,-8.753645615394567084e-09,6.019799702870932689e-01,6.019799699740328025e-01,3.935999999999731064e+09,2.000000000000000000e+00
5.504166666666666512e-05,4.000000000000000000e+00,2.000000000000000000e+00,-7.936919373202477526e-09,6.019799702883651404e-01,6.019799700045039836e-01,3.935999999999756813e+09,2.000000000000000000e+00
5.508333333333333506e-05,4.000000000000000000e+00,2.000000000000000000e+00,-7.194771696555768084e-09,6.019799702895125559e-01,6.019799700321325497e-01,3.935999999999779701e+09,2.000000000000000000e+00
5.512499999999999822e-05,4.000000000000000000e+00,2.000000000000000000e+00,-6.523564606647347044e-09,6.019799702905153094e-01,6.019799700571801804e-01,3.935999999999799728e+09,2.000000000000000000e+00
5.516666666666666816e-05,4.000000000000000000e+00,2.000000000000000000e+00,-5.914203156459485125e-09,6.019799702914448991e-01,6.019799700798897923e-01,3.935999999999818325e+09,2.000000000000000000e+00
5.520833333333333132e-05,4.000000000000000000e+00,2.000000000000000000e+00,-5.363049367185090613e-09,6.019799702922781215e-01,6.019799701004786563e-01,3.935999999999835014e+09,2.000000000000000000e+00
5.525000000000000126e-05,4.000000000000000000e+00,2.000000000000000000e+00,-4.862827281209980082e-09,6.019799702930583862e-01,6.019799701191472785e-01,3.935999999999850750e+09,2.000000000000000000e+00
5.529166666666666442e-05,4.000000000000000000e+00,2.000000000000000000e+00,-4.409898919727061819e-09,6.019799702937651542e-01,6.019799701360746269e-01,3.935999999999864578e+09,2.000000000000000000e+00
5.533333333333333436e-05,4.000000000000000000e+00,2.000000000000000000e+00,-3.996988325122152399e-09,6.019799702944196307e-01,6.019799701514243484e-01,3.935999999999877930e+09,2.000000000000000000e+00
5.537499999999999752e-05,4.000000000000000000e+00,2.000000000000000000e+00,-3.624095497395251408e-09,6.019799702949705233e-01,6.019799701653397728e-01,3.935999999999888897e+09,2.000000000000000000e+00
5.541666666666666746e-05,4.000000000000000000e+00,2.000000000000000000e+00,-3.285763468335722104e-09,6.019799702954845566e-01,6.019799701779560142e-01,3.935999999999898911e+09,2.000000000000000000e+00
5.545833333333333062e-05,4.000000000000000000e+00,2.000000000000000000e+00,-2.978354259136472359e-09,6.019799702959508503e-01,6.019799701893944199e-01,3.935999999999908447e+09,2.000000000000000000e+00
5.550000000000000056e-05,4.000000000000000000e+00,2.000000000000000000e+00,-2.700048880393956318e-09,6.019799702963590793e-01,6.019799701997635699e-01,3.935999999999916553e+09,2.000000000000000000e+00
5.554166666666666372e-05,4.000000000000000000e+00,2.000000000000000000e+00,-2.447209353301082268e-09,6.019799702967316701e-01,6.019799702091637172e-01,3.935999999999924183e+09,2.000000000000000000e+00
5.558333333333333366e-05,4.000000000000000000e+00,2.000000000000000000e+00,-2.219835677857850209e-09,6.019799702970584088e-01,6.019799702176843459e-01,3.935999999999930382e+09,2.000000000000000000e+00
5.562499999999999682e-05,4.000000000000000000e+00,2.000000000000000000e+00,-2.012470885853622571e-09,6.019799702973900324e-01,6.019799702254108320e-01,3.935999999999937057e+09,2.000000000000000000e+00
5.566666666666666676e-05,4.000000000000000000e+00,2.000000000000000000e+00,-1.825114977288399560e-09,6.019799702976785793e-01,6.019799702324164503e-01,3.935999999999942780e+09,2.000000000000000000e+00
5.570833333333333670e-05,4.000000000000000000e+00,2.000000000000000000e+00,-1.654129973355089052e-09,6.019799702979500289e-01,6.019799702387692575e-01,3.935999999999948502e+09,2.000000000000000000e+00
5.574999999999999986e-05,4.000000000000000000e+00,2.000000000000000000e+00,-1.499515874053691251e-09,6.019799702981761813e-01,6.019799702445282064e-01,3.935999999999952793e+09,2.000000000000000000e+00
5.579166666666666980e-05,4.000000000000000000e+00,2.000000000000000000e+00,-1.359453689980660303e-09,6.019799702983817946e-01,6.019799702497488081e-01,3.935999999999957085e+09,2.000000000000000000e+00
5.583333333333333296e-05,4.000000000000000000e+00,2.000000000000000000e+00,-1.232124431732450349e-09,6.019799702985706435e-01,6.019799702544815778e-01,3.935999999999960899e+09,2.000000000000000000e+00
5.587500000000000290e-05,4.000000000000000000e+00,2.000000000000000000e+00,-1.117528099309061391e-09,6.019799702987350676e-01,6.019799702587714796e-01,3.935999999999964237e+09,2.000000000000000000e+00
5.591666666666666606e-05,4.000000000000000000e+00,2.000000000000000000e+00,-1.013845703306947572e-09,6.019799702988993806e-01,6.019799702626614790e-01,3.935999999999967575e+09,2.000000000000000000e+00
5.595833333333333600e-05,4.000000000000000000e+00,2.000000000000000000e+00,-9.192582543225630354e-10,6.019799702990592527e-01,6.019799702661897678e-01,3.935999999999970436e+09,2.000000000000000000e+00
5.599999999999999916e-05,4.000000000000000000e+00,2.000000000000000000e+00,-8.337657523559077811e-10,6.019799702991966983e-01,6.019799702693894305e-01,3.935999999999973297e+09,2.000000000000000000e+00
5.604166666666666910e-05,4.000000000000000000e+00,2.000000000000000000e+00,-7.555492080034359526e-10,6.019799702993245960e-01,6.019799702722913315e-01,3.935999999999975681e+09,2.000000000000000000e+00
5.608333333333333226e-05,4.000000000000000000e+00,2.000000000000000000e+00,-6.846086212651475501e-10,6.019799702994269586e-01,6.019799702749218939e-01,3.935999999999978065e+09,2.000000000000000000e+00
5.612500000000000220e-05,4.000000000000000000e+00,2.000000000000000000e+00,-6.227629815445884299e-10,6.019799702995135560e-01,6.019799702773058758e-01,3.935999999999979496e+09,2.000000000000000000e+00
5.616666666666666536e-05,4.000000000000000000e+00,2.000000000000000000e+00,-5.645553206311210227e-10,6.019799702996432300e-01,6.019799702794710328e-01,3.935999999999982357e+09,2.000000000000000000e+00
5.620833333333333530e-05,4.000000000000000000e+00,2.000000000000000000e+00,-5.118046279282911849e-10,6.019799702997363777e-01,6.019799702814354614e-01,3.935999999999984264e+09,2.000000000000000000e+00
5.624999999999999846e-05,4.000000000000000000e+00,2.000000000000000000e+00,-4.645109034360989165e-10,6.019799702998125390e-01,6.019799702832169253e-01,3.935999999999985695e+09,2.000000000000000000e+00
5.629166666666666840e-05,4.000000000000000000e+00,2.000000000000000000e+00,-4.208551577509983611e-10,6.019799702998903657e-01,6.019799702848331879e-01,3.935999999999987125e+09,2.000000000000000000e+00
5.633333333333333156e-05,4.000000000000000000e+00,2.000000000000000000e+00,-3.808373908729895186e-10,6.019799702999478752e-01,6.019799702862984603e-01,3.935999999999988556e+09,2.000000000000000000e+00
5.637500000000000150e-05,4.000000000000000000e+00,2.000000000000000000e+00,-3.462765922056182456e-10,6.019799702999854008e-01,6.019799702876252878e-01,3.935999999999989033e+09,2.000000000000000000e+00
5.641666666666666466e-05,4.000000000000000000e+00,2.000000000000000000e+00,-3.153537723453386855e-10,6.019799703000502378e-01,6.019799702888297688e-01,3.935999999999990463e+09,2.000000000000000000e+00
5.645833333333333460e-05,4.000000000000000000e+00,2.000000000000000000e+00,-2.862499418886049819e-10,6.019799703001311730e-01,6.019799702899251148e-01,3.935999999999991894e+09,2.000000000000000000e+00
5.649999999999999776e-05,4.000000000000000000e+00,2.000000000000000000e+00,-2.589651008354171347e-10,6.019799703001917912e-01,6.019799702909203187e-01,3.935999999999993324e+09,2.000000000000000000e+00
5.654166666666666770e-05,4.000000000000000000e+00,2.000000000000000000e+00,-2.334992491857751441e-10,6.019799703002233215e-01,6.019799702918221529e-01,3.935999999999993801e+09,2.000000000000000000e+00
5.658333333333333086e-05,4.000000000000000000e+00,2.000000000000000000e+00,-2.098523869396789840e-10,6.019799703002265412e-01,6.019799702926369456e-01,3.935999999999993801e+09,2.000000000000000000e+00
5.662500000000000080e-05,4.000000000000000000e+00,2.000000000000000000e+00,-1.898435035006745628e-10,6.019799703002056690e-01,6.019799702933709140e-01,3.935999999999993324e+09,2.000000000000000000e+00
5.666666666666666396e-05,4.000000000000000000e+00,2.000000000000000000e+00,-1.716536094652159980e-10,6.019799703002056690e-01,6.019799702940336061e-01,3.935999999999993324e+09,2.000000000000000000e+00
5.670833333333333390e-05,4.000000000000000000e+00,2.000000000000000000e+00,-1.552827048333032897e-10,6.019799703002104430e-01,6.019799702946324604e-01,3.935999999999993801e+09,2.000000000000000000e+00
5.674999999999999706e-05,4.000000000000000000e+00,2.000000000000000000e+00,-1.407307896049364379e-10,6.019799703002181035e-01,6.019799702951740272e-01,3.935999999999993801e+09,2.000000000000000000e+00
5.679166666666666700e-05,4.000000000000000000e+00,2.000000000000000000e+00,-1.279978637801154426e-10,6.019799703002317592e-01,6.019799702956643017e-01,3.935999999999993801e+09,2.000000000000000000e+00
5.683333333333333016e-05,4.000000000000000000e+00,2.000000000000000000e+00,-1.152649379552944602e-10,6.019799703002565172e-01,6.019799702961095011e-01,3.935999999999994278e+09,2.000000000000000000e+00
5.687500000000000010e-05,4.000000000000000000e+00,2.000000000000000000e+00,-1.043510015340193213e-10,6.019799703002581825e-01,6.019799702965117350e-01,3.935999999999994755e+09,2.000000000000000000e+00
5.691666666666667004e-05,4.000000000000000000e+00,2.000000000000000000e+00,-9.343706511274418249e-11,6.019799703002645108e-01,6.019799702968755550e-01,3.935999999999994755e+09,2.000000000000000000e+00
5.695833333333333320e-05,4.000000000000000000e+00,2.000000000000000000e+00,-8.434211809501490011e-11,6.019799703002493008e-01,6.019799702972027378e-01,3.935999999999994278e+09,2.000000000000000000e+00
5.700000000000000314e-05,4.000000000000000000e+00,2.000000000000000000e+00,-7.706616048083147421e-11,6.019799703002431945e-01,6.019799702974975020e-01,3.935999999999994278e+09,2.000000000000000000e+00
5.704166666666666630e-05,4.000000000000000000e+00,2.000000000000000000e+00,-6.979020286664804831e-11,6.019799703002607361e-01,6.019799702977653988e-01,3.935999999999994755e+09,2.000000000000000000e+00
5.708333333333333624e-05,4.000000000000000000e+00,2.000000000000000000e+00,-6.433323465601047888e-11,6.019799703002711722e-01,6.019799702980083156e-01,3.935999999999994755e+09,2.000000000000000000e+00
5.712499999999999940e-05,4.000000000000000000e+00,2.000000000000000000e+00,-5.887626644537290945e-11,6.019799703003035907e-01,6.019799702982306933e-01,3.935999999999995232e+09,2.000000000000000000e+00
5.716666666666666934e-05,4.000000000000000000e+00,2.000000000000000000e+00,-5.523828763828119650e-11,6.019799703003320124e-01,6.019799702984343082e-01,3.935999999999996185e+09,2.000000000000000000e+00
5.720833333333333250e-05,4.000000000000000000e+00,2.000000000000000000e+00,-4.978131942764362707e-11,6.019799703003874125e-01,6.019799702986233791e-01,3.935999999999997139e+09,2.000000000000000000e+00
5.725000000000000244e-05,4.000000000000000000e+00,2.000000000000000000e+00,-4.432435121700605765e-11,6.019799703004046210e-01,6.019799702987960188e-01,3.935999999999997616e+09,2.000000000000000000e+00
5.729166666666666560e-05,4.000000000000000000e+00,2.000000000000000000e+00,-4.068637240991434469e-11,6.019799703003968494e-01,6.019799702989513390e-01,3.935999999999997139e+09,2.000000000000000000e+00
5.733333333333333554e-05,4.000000000000000000e+00,2.000000000000000000e+00,-3.704839360282263174e-11,6.019799703004085067e-01,6.019799702990925594e-01,3.935999999999997616e+09,2.000000000000000000e+00
5.737499999999999870e-05,4.000000000000000000e+00,2.000000000000000000e+00,-3.522940419927677527e-11,6.019799703004193869e-01,6.019799702992211232e-01,3.935999999999997616e+09,2.000000000000000000e+00
5.741666666666666864e-05,4.000000000000000000e+00,2.000000000000000000e+00,-3.341041479573091879e-11,6.019799703004620195e-01,6.019799702993412494e-01,3.935999999999998569e+09,2.000000000000000000e+00
5.745833333333333180e-05,4.000000000000000000e+00,2.000000000000000000e+00,-2.977243598863920584e-11,6.019799703005119795e-01,6.019799702994546031e-01,3.935999999999999523e+09,2.000000000000000000e+00
5.750000000000000174e-05,4.000000000000000000e+00,2.000000000000000000e+00,-2.613445718154748966e-11,6.019799703005207503e-01,6.019799702995578539e-01,3.936000000000000000e+09,2.000000000000000000e+00
5.754166666666666490e-05,4.000000000000000000e+00,2.000000000000000000e+00,-2.431546777800163318e-11,6.019799703005074276e-01,6.019799702996500024e-01,3.935999999999999523e+09,2.000000000000000000e+00
5.758333333333333484e-05,4.000000000000000000e+00,2.000000000000000000e+00,-2.249647837445577670e-11,6.019799703005184188e-01,6.019799702997341573e-01,3.935999999999999523e+09,2.000000000000000000e+00
5.762499999999999800e-05,4.000000000000000000e+00,2.000000000000000000e+00,-2.067748897090992023e-11,6.019799703005340730e-01,6.019799702998116508e-01,3.936000000000000000e+09,2.000000000000000000e+00
5.766666666666666794e-05,4.000000000000000000e+00,2.000000000000000000e+00,-1.885849956736406375e-11,6.019799703005473956e-01,6.019799702998829272e-01,3.936000000000000477e+09,2.000000000000000000e+00
5.770833333333333110e-05,4.000000000000000000e+00,2.000000000000000000e+00,-1.703951016381820728e-11,6.019799703005562774e-01,6.019799702999482083e-01,3.936000000000000477e+09,2.000000000000000000e+00
5.775000000000000104e-05,4.000000000000000000e+00,2.000000000000000000e+00,-1.522052076027235080e-11,6.019799703005594971e-01,6.019799703000073832e-01,3.936000000000000477e+09,2.000000000000000000e+00
5.779166666666666420e-05,4.000000000000000000e+00,2.000000000000000000e+00,-1.522052076027235080e-11,6.019799703005570546e-01,6.019799703000606739e-01,3.936000000000000477e+09,2.000000000000000000e+00
5.783333333333333414e-05,4.000000000000000000e+00,2.000000000000000000e+00,-1.522052076027235080e-11,6.019799703005884739e-01,6.019799703001117441e-01,3.936000000000000954e+09,2.000000000000000000e+00
5.787499999999999730e-05,4.000000000000000000e+00,2.000000000000000000e+00,-1.522052076027235080e-11,6.019799703006318836e-01,6.019799703001620372e-01,3.936000000000001907e+09,2.000000000000000000e+00
5.791666666666666724e-05,4.000000000000000000e+00,2.000000000000000000e+00,-1.522052076027235080e-11,6.019799703006794012e-01,6.019799703002119973e-01,3.936000000000002861e+09,2.000000000000000000e+00
5.795833333333333040e-05,4.000000000000000000e+00,2.000000000000000000e+00,-1.340153135672649594e-11,6.019799703007283620e-01,6.019799703002618463e-01,3.936000000000003815e+09,2.000000000000000000e+00
5.800000000000000034e-05,4.000000000000000000e+00,2.000000000000000000e+00,-1.158254195318063947e-11,6.019799703007381320e-01,6.019799703003079205e-01,3.936000000000004292e+09,2.000000000000000000e+00
5.804166666666666350e-05,4.000000000000000000e+00,2.000000000000000000e+00,-9.763552549634782989e-12,6.019799703007301384e-01,6.019799703003488878e-01,3.936000000000003815e+09,2.000000000000000000e+00
5.808333333333333344e-05,4.000000000000000000e+00,2.000000000000000000e+00,-6.125573742543070038e-12,6.019799703007120417e-01,6.019799703003841929e-01,3.936000000000003815e+09,2.000000000000000000e+00
5.812500000000000338e-05,4.000000000000000000e+00,2.000000000000000000e+00,-2.487594935451357086e-12,6.019799703006467606e-01,6.019799703004099500e-01,3.936000000000002384e+09,2.000000000000000000e+00
5.816666666666666654e-05,4.000000000000000000e+00,2.000000000000000000e+00,-6.686055319055004081e-13,6.019799703005571656e-01,6.019799703004246050e-01,3.936000000000000477e+09,2.000000000000000000e+00
5.820833333333333648e-05,4.000000000000000000e+00,2.000000000000000000e+00,-6.686055319055004081e-13,6.019799703004911073e-01,6.019799703004313773e-01,3.935999999999999046e+09,2.000000000000000000e+00
5.824999999999999964e-05,4.000000000000000000e+00,2.000000000000000000e+00,-6.686055319055004081e-13,6.019799703004693470e-01,6.019799703004351521e-01,3.935999999999998569e+09,2.000000000000000000e+00
5.829166666666666958e-05,4.000000000000000000e+00,2.000000000000000000e+00,-6.686055319055004081e-13,6.019799703004631297e-01,6.019799703004378166e-01,3.935999999999998569e+09,2.000000000000000000e+00
5.833333333333333274e-05,4.000000000000000000e+00,2.000000000000000000e+00,-6.686055319055004081e-13,6.019799703004624636e-01,6.019799703004402591e-01,3.935999999999998569e+09,2.000000000000000000e+00
5.837500000000000268e-05,4.000000000000000000e+00,2.000000000000000000e+00,-6.686055319055004081e-13,6.019799703004635738e-01,6.019799703004424796e-01,3.935999999999998569e+09,2.000000000000000000e+00
5.841666666666666584e-05,4.000000000000000000e+00,2.000000000000000000e+00,-6.686055319055004081e-13,6.019799703004653502e-01,6.019799703004447000e-01,3.935999999999998569e+09,2.000000000000000000e+00
5.845833333333333578e-05,4.000000000000000000e+00,2.000000000000000000e+00,-6.686055319055004081e-13,6.019799703004674596e-01,6.019799703004469205e-01,3.935999999999998569e+09,2.000000000000000000e+00
5.849999999999999894e-05,4.000000000000000000e+00,2.000000000000000000e+00,-6.686055319055004081e-13,6.019799703004695690e-01,6.019799703004491409e-01,3.935999999999998569e+09,2.000000000000000000e+00
5.854166666666666888e-05,4.000000000000000000e+00,2.000000000000000000e+00,-6.686055319055004081e-13,6.019799703004717895e-01,6.019799703004512503e-01,3.935999999999999046e+09,2.000000000000000000e+00
5.858333333333333204e-05,4.000000000000000000e+00,2.000000000000000000e+00,-6.686055319055004081e-13,6.019799703004740099e-01,6.019799703004534708e-01,3.935999999999999046e+09,2.000000000000000000e+00
5.862500000000000198e-05,4.000000000000000000e+00,2.000000000000000000e+00,-6.686055319055004081e-13,6.019799703004761193e-01,6.019799703004556912e-01,3.935999999999999046e+09,2.000000000000000000e+00
5.866666666666666514e-05,4.000000000000000000e+00,2.000000000000000000e+00,-6.686055319055004081e-13,6.019799703004783398e-01,6.019799703004578006e-01,3.935999999999999046e+09,2.000000000000000000e+00
5.870833333333333508e-05,4.000000000000000000e+00,2.000000000000000000e+00,-6.686055319055004081e-13,6.019799703004805602e-01,6.019799703004600211e-01,3.935999999999999046e+09,2.000000000000000000e+00
5.874999999999999824e-05,4.000000000000000000e+00,2.000000000000000000e+00,-6.686055319055004081e-13,6.019799703004826696e-01,6.019799703004622415e-01,3.935999999999999046e+09,2.000000000000000000e+00
5.879166666666666818e-05,4.000000000000000000e+00,2.000000000000000000e+00,-6.686055319055004081e-13,6.019799703004848901e-01,6.019799703004644620e-01,3.935999999999999046e+09,2.000000000000000000e+00
5.883333333333333134e-05,4.000000000000000000e+00,2.000000000000000000e+00,-6.686055319055004081e-13,6.019799703004871105e-01,6.019799703004665714e-01,3.935999999999999046e+09,2.000000000000000000e+00
5.887500000000000128e-05,4.000000000000000000e+00,2.000000000000000000e+00,-6.686055319055004081e-13,6.019799703004892200e-01,6.019799703004687919e-01,3.935999999999999046e+09,2.000000000000000000e+00
5.891666666666666444e-05,4.000000000000000000e+00,2.000000000000000000e+00,-6.686055319055004081e-13,6.019799703004914404e-01,6.019799703004710123e-01,3.935999999999999046e+09,2.000000000000000000e+00
5.895833333333333438e-05,4.000000000000000000e+00,2.000000000000000000e+00,-6.686055319055004081e-13,6.019799703004936609e-01,6.019799703004731217e-01,3.935999999999999046e+09,2.000000000000000000e+00
5.899999999999999754e-05,4.000000000000000000e+00,2.000000000000000000e+00,-6.686055319055004081e-13,6.019799703004958813e-01,6.019799703004753422e-01,3.935999999999999523e+09,2.000000000000000000e+00
5.904166666666666748e-05,4.000000000000000000e+00,2.000000000000000000e+00,-6.686055319055004081e-13,6.019799703004979907e-01,6.019799703004775626e-01,3.935999999999999523e+09,2.000000000000000000e+00
5.908333333333333064e-05,4.000000000000000000e+00,2.000000000000000000e+00,-6.686055319055004081e-13,6.019799703005002112e-01,6.019799703004797831e-01,3.935999999999999523e+09,2.000000000000000000e+00
5.912500000000000058e-05,4.000000000000000000e+00,2.000000000000000000e+00,-6.686055319055004081e-13,6.019799703005024316e-01,6.019799703004818925e-01,3.935999999999999523e+09,2.000000000000000000e+00
5.916666666666666374e-05,4.000000000000000000e+00,2.000000000000000000e+00,-6.686055319055004081e-13,6.019799703005045410e-01,6.019799703004841129e-01,3.935999999999999523e+09,2.000000000000000000e+00
5.920833333333333368e-05,4.000000000000000000e+00,2.000000000000000000e+00,-6.686055319055004081e-13,6.019799703005067615e-01,6.019799703004863334e-01,3.935999999999999523e+09,2.000000000000000000e+00
5.924999999999999684e-05,4.000000000000000000e+00,2.000000000000000000e+00,-6.686055319055004081e-13,6.019799703005089819e-01,6.019799703004884428e-01,3.935999999999999523e+09,2.000000000000000000e+00
5.929166666666666678e-05,4.000000000000000000e+00,2.000000000000000000e+00,-6.686055319055004081e-13,6.019799703005112024e-01,6.019799703004906632e-01,3.935999999999999523e+09,2.000000000000000000e+00
5.933333333333333672e-05,4.000000000000000000e+00,2.000000000000000000e+00,-6.686055319055004081e-13,6.019799703005133118e-01,6.019799703004928837e-01,3.935999999999999523e+09,2.000000000000000000e+00
5.937499999999999988e-05,4.000000000000000000e+00,2.000000000000000000e+00,-6.686055319055004081e-13,6.019799703005155322e-01,6.019799703004951041e-01,3.935999999999999523e+09,2.000000000000000000e+00
5.941666666666666982e-05,4.000000000000000000e+00,2.000000000000000000e+00,-6.686055319055004081e-13,6.019799703005177527e-01,6.019799703004972136e-01,3.935999999999999523e+09,2.000000000000000000e+00
5.945833333333333298e-05,4.000000000000000000e+00,2.000000000000000000e+00,-6.686055319055004081e-13,6.019799703005198621e-01,6.019799703004994340e-01,3.936000000000000000e+09,2.000000000000000000e+00
5.950000000000000292e-05,4.000000000000000000e+00,2.000000000000000000e+00,-6.686055319055004081e-13,6.019799703005220826e-01,6.019799703005016545e-01,3.936000000000000000e+09,2.000000000000000000e+00
5.954166666666666608e-05,4.000000000000000000e+00,2.000000000000000000e+00,-6.686055319055004081e-13,6.019799703005243030e-01,6.019799703005037639e-01,3.936000000000000000e+09,2.000000000000000000e+00
5.958333333333333602e-05,4.000000000000000000e+00,2.000000000000000000e+00,-6.686055319055004081e-13,6.019799703005264124e-01,6.019799703005059843e-01,3.936000000000000000e+09,2.000000000000000000e+00
5.962499999999999918e-05,4.000000000000000000e+00,2.000000000000000000e+00,-6.686055319055004081e-13,6.019799703005286329e-01,6.019799703005082048e-01,3.936000000000000000e+09,2.000000000000000000e+00
5.966666666666666912e-05,4.000000000000000000e+00,2.000000000000000000e+00,-6.686055319055004081e-13,6.019799703005308533e-01,6.019799703005103142e-01,3.936000000000000000e+09,2.000000000000000000e+00
5.970833333333333228e-05,4.000000000000000000e+00,2.000000000000000000e+00,-6.686055319055004081e-13,6.019799703005330738e-01,6.019799703005125346e-01,3.936000000000000000e+09,2.000000000000000000e+00
5.975000000000000222e-05,4.000000000000000000e+00,2.000000000000000000e+00,-6.686055319055004081e-13,6.019799703005351832e-01,6.019799703005147551e-01,3.936000000000000000e+09,2.000000000000000000e+00
5.979166666666666538e-05,4.000000000000000000e+00,2.000000000000000000e+00,-6.686055319055004081e-13,6.019799703005374036e-01,6.019799703005169755e-01,3.936000000000000000e+09,2.000000000000000000e+00
5.983333333333333532e-05,4.000000000000000000e+00,2.000000000000000000e+00,-6.686055319055004081e-13,6.019799703005396241e-01,6.019799703005190850e-01,3.936000000000000000e+09,2.000000000000000000e+00
5.987499999999999848e-05,4.000000000000000000e+00,2.000000000000000000e+00,-6.686055319055004081e-13,6.019799703005417335e-01,6.019799703005213054e-01,3.936000000000000000e+09,2.000000000000000000e+00
5.991666666666666842e-05,4.000000000000000000e+00,2.000000000000000000e+00,-6.686055319055004081e-13,6.019799703005439540e-01,6.019799703005235259e-01,3.936000000000000477e+09,2.000000000000000000e+00
5.995833333333333158e-05,4.000000000000000000e+00,2.000000000000000000e+00,-6.686055319055004081e-13,6.019799703005461744e-01,6.019799703005256353e-01,3.936000000000000477e+09,2.000000000000000000e+00
6.000000000000000152e-05,4.000000000000000000e+00,2.000000000000000000e+00,-6.686055319055004081e-13,6.019799703005483948e-01,6.019799703005278557e-01,3.936000000000000477e+09,2.000000000000000000e+00
6.004166666666666468e-05,4.000000000000000000e+00,2.000000000000000000e+00,-6.686055319055004081e-13,6.019799703005505043e-01,6.019799703005300762e-01,3.936000000000000477e+09,2.000000000000000000e+00
6.008333333333333462e-05,4.000000000000000000e+00,2.000000000000000000e+00,-6.686055319055004081e-13,6.019799703005527247e-01,6.019799703005322966e-01,3.936000000000000477e+09,2.000000000000000000e+00
6.012499999999999778e-05,4.000000000000000000e+00,2.000000000000000000e+00,-6.686055319055004081e-13,6.019799703005549452e-01,6.019799703005344060e-01,3.936000000000000477e+09,2.000000000000000000e+00
6.016666666666666772e-05,4.000000000000000000e+00,2.000000000000000000e+00,-6.686055319055004081e-13,6.019799703005570546e-01,6.019799703005366265e-01,3.936000000000000477e+09,2.000000000000000000e+00
6.020833333333333088e-05,4.000000000000000000e+00,2.000000000000000000e+00,-6.686055319055004081e-13,6.019799703005592750e-01,6.019799703005388469e-01,3.936000000000000477e+09,2.000000000000000000e+00
6.025000000000000082e-05,4.000000000000000000e+00,2.000000000000000000e+00,-6.686055319055004081e-13,6.019799703005614955e-01,6.019799703005409564e-01,3.936000000000000477e+09,2.000000000000000000e+00
6.029166666666666398e-05,4.000000000000000000e+00,2.000000000000000000e+00,-6.686055319055004081e-13,6.019799703005637159e-01,6.019799703005431768e-01,3.936000000000000477e+09,2.000000000000000000e+00
6.033333333333333392e-05,4.000000000000000000e+00,2.000000000000000000e+00,-6.686055319055004081e-13,6.019799703005658253e-01,6.019799703005453972e-01,3.936000000000000477e+09,2.000000000000000000e+00
6.037499999999999708e-05,4.000000000000000000e+00,2.000000000000000000e+00,-6.686055319055004081e-13,6.019799703005680458e-01,6.019799703005475067e-01,3.936000000000000954e+09,2.000000000000000000e+00
6.041666666666666702e-05,4.000000000000000000e+00,2.000000000000000000e+00,-6.686055319055004081e-13,6.019799703005702662e-01,6.019799703005497271e-01,3.936000000000000954e+09,2.000000000000000000e+00
6.045833333333333018e-05,4.000000000000000000e+00,2.000000000000000000e+00,-6.686055319055004081e-13,6.019799703005723757e-01,6.019799703005519476e-01,3.936000000000000954e+09,2.000000000000000000e+00
6.050000000000000012e-05,4.000000000000000000e+00,2.000000000000000000e+00,-6.686055319055004081e-13,6.019799703005745961e-01,6.019799703005541680e-01,3.936000000000000954e+09,2.000000000000000000e+00
6.054166666666666328e-05,4.000000000000000000e+00,2.000000000000000000e+00,-6.686055319055004081e-13,6.019799703005768166e-01,6.019799703005562774e-01,3.936000000000000954e+09,2.000000000000000000e+00
6.058333333333333322e-05,4.000000000000000000e+00,2.000000000000000000e+00,-6.686055319055004081e-13,6.019799703005789260e-01,6.019799703005584979e-01,3.936000000000000954e+09,2.000000000000000000e+00
6.062500000000000316e-05,4.000000000000000000e+00,2.000000000000000000e+00,-6.686055319055004081e-13,6.019799703005811464e-01,6.019799703005607183e-01,3.936000000000000954e+09,2.000000000000000000e+00
6.066666666666666632e-05,4.000000000000000000e+00,2.000000000000000000e+00,-6.686055319055004081e-13,6.019799703005833669e-01,6.019799703005628277e-01,3.936000000000000954e+09,2.000000000000000000e+00
6.070833333333333626e-05,4.000000000000000000e+00,2.000000000000000000e+00,-6.686055319055004081e-13,6.019799703005855873e-01,6.019799703005650482e-01,3.936000000000000954e+09,2.000000000000000000e+00
6.074999999999999942e-05,4.000000000000000000e+00,2.000000000000000000e+00,-6.686055319055004081e-13,6.019799703005876967e-01,6.019799703005672686e-01,3.936000000000000954e+09,2.000000000000000000e+00
6.079166666666666936e-05,4.000000000000000000e+00,2.000000000000000000e+00,-6.686055319055004081e-13,6.019799703005899172e-01,6.019799703005694891e-01,3.936000000000000954e+09,2.000000000000000000e+00
6.083333333333333252e-05,4.000000000000000000e+00,2.000000000000000000e+00,-6.686055319055004081e-13,6.019799703005921376e-01,6.019799703005715985e-01,3.936000000000001431e+09,2.000000000000000000e+00
6.087500000000000246e-05,4.000000000000000000e+00,2.000000000000000000e+00,-6.686055319055004081e-13,6.019799703005942471e-01,6.019799703005738190e-01,3.936000000000001431e+09,2.000000000000000000e+00
6.091666666666666562e-05,4.000000000000000000e+00,2.000000000000000000e+00,-6.686055319055004081e-13,6.019799703005964675e-01,6.019799703005760394e-01,3.936000000000001431e+09,2.000000000000000000e+00
6.095833333333333556e-05,4.000000000000000000e+00,2.000000000000000000e+00,-6.686055319055004081e-13,6.019799703005986879e-01,6.019799703005781488e-01,3.936000000000001431e+09,2.000000000000000000e+00
6.099999999999999872e-05,4.000000000000000000e+00,2.000000000000000000e+00,-6.686055319055004081e-13,6.019799703006009084e-01,6.019799703005803693e-01,3.936000000000001431e+09,2.000000000000000000e+00
6.104166666666666866e-05,4.000000000000000000e+00,2.000000000000000000e+00,-6.686055319055004081e-13,6.019799703006030178e-01,6.019799703005825897e-01,3.936000000000001431e+09,2.000000000000000000e+00
6.108333333333333182e-05,4.000000000000000000e+00,2.000000000000000000e+00,-6.686055319055004081e-13,6.019799703006052383e-01,6.019799703005848102e-01,3.936000000000001431e+09,2.000000000000000000e+00
6.112499999999999498e-05,4.000000000000000000e+00,2.000000000000000000e+00,-6.686055319055004081e-13,6.019799703006074587e-01,6.019799703005869196e-01,3.936000000000001431e+09,2.000000000000000000e+00
6.116666666666667170e-05,4.000000000000000000e+00,2.000000000000000000e+00,-6.686055319055004081e-13,6.019799703006095681e-01,6.019799703005891400e-01,3.936000000000001431e+09,2.000000000000000000e+00
6.120833333333333486e-05,4.000000000000000000e+00,2.000000000000000000e+00,-6.686055319055004081e-13,6.019799703006117886e-01,6.019799703005913605e-01,3.936000000000001431e+09,2.000000000000000000e+00
6.124999999999999802e-05,4.000000000000000000e+00,2.000000000000000000e+00,-6.686055319055004081e-13,6.019799703006140090e-01,6.019799703005934699e-01,3.936000000000001431e+09,2.000000000000000000e+00
6.129166666666666118e-05,4.000000000000000000e+00,2.000000000000000000e+00,-6.686055319055004081e-13,6.019799703006161185e-01,6.019799703005956903e-01,3.936000000000001907e+09,2.000000000000000000e+00
6.133333333333333790e-05,4.000000000000000000e+00,2.000000000000000000e+00,-6.686055319055004081e-13,6.019799703006183389e-01,6.019799703005979108e-01,3.936000000000001907e+09,2.000000000000000000e+00
6.137500000000000106e-05,4.000000000000000000e+00,2.000000000000000000e+00,-6.686055319055004081e-13,6.019799703006205593e-01,6.019799703006000202e-01,3.936000000000001907e+09,2.000000000000000000e+00
6.141666666666666422e-05,4.000000000000000000e+00,2.000000000000000000e+00,-6.686055319055004081e-13,6.019799703006227798e-01,6.019799703006022407e-01,3.936000000000001907e+09,2.000000000000000000e+00
6.145833333333332738e-05,4.000000000000000000e+00,2.000000000000000000e+00,-6.686055319055004081e-13,6.019799703006248892e-01,6.019799703006044611e-01,3.936000000000001907e+09,2.000000000000000000e+00
6.150000000000000410e-05,4.000000000000000000e+00,2.000000000000000000e+00,-6.686055319055004081e-13,6.019799703006271097e-01,6.019799703006066816e-01,3.936000000000001907e+09,2.000000000000000000e+00
6.154166666666666726e-05,4.000000000000000000e+00,2.000000000000000000e+00,-6.686055319055004081e-13,6.019799703006293301e-01,6.019799703006087910e-01,3.936000000000001907e+09,2.000000000000000000e+00
6.158333333333333042e-05,4.000000000000000000e+00,2.000000000000000000e+00,-6.686055319055004081e-13,6.019799703006314395e-01,6.019799703006110114e-01,3.936000000000001907e+09,2.000000000000000000e+00
6.162499999999999358e-05,4.000000000000000000e+00,2.000000000000000000e+00,-6.686055319055004081e-13,6.019799703006336600e-01,6.019799703006132319e-01,3.936000000000001907e+09,2.000000000000000000e+00
6.166666666666667030e-05,4.000000000000000000e+00,2.000000000000000000e+00,-6.686055319055004081e-13,6.019799703006358804e-01,6.019799703006153413e-01,3.936000000000001907e+09,2.000000000000000000e+00
6.170833333333333346e-05,4.000000000000000000e+00,2.000000000000000000e+00,-6.686055319055004081e-13,6.019799703006381009e-01,6.019799703006175617e-01,3.936000000000001907e+09,2.000000000000000000e+00
6.174999999999999662e-05,4.000000000000000000e+00,2.000000000000000000e+00,1.150383871640356068e-12,6.019799703006402103e-01,6.019799703006197822e-01,3.936000000000002384e+09,2.000000000000000000e+00
6.179166666666667334e-05,4.000000000000000000e+00,2.000000000000000000e+00,2.969373275186212342e-12,6.019799703006025737e-01,6.019799703006182279e-01,3.936000000000001431e+09,2.000000000000000000e+00
6.183333333333333650e-05,4.000000000000000000e+00,2.000000000000000000e+00,2.969373275186212342e-12,6.019799703005470626e-01,6.019799703006115665e-01,3.936000000000000477e+09,2.000000000000000000e+00
6.187499999999999966e-05,4.000000000000000000e+00,2.000000000000000000e+00,2.969373275186212342e-12,6.019799703005213054e-01,6.019799703006029068e-01,3.936000000000000000e+09,2.000000000000000000e+00
6.191666666666666282e-05,4.000000000000000000e+00,2.000000000000000000e+00,2.969373275186212342e-12,6.019799703005058733e-01,6.019799703005935809e-01,3.935999999999999523e+09,2.000000000000000000e+00
6.195833333333333954e-05,4.000000000000000000e+00,2.000000000000000000e+00,2.969373275186212342e-12,6.019799703004942160e-01,6.019799703005840330e-01,3.935999999999999046e+09,2.000000000000000000e+00
6.200000000000000270e-05,4.000000000000000000e+00,2.000000000000000000e+00,2.969373275186212342e-12,6.019799703004837799e-01,6.019799703005743741e-01,3.935999999999999046e+09,2.000000000000000000e+00
6.204166666666666586e-05,4.000000000000000000e+00,2.000000000000000000e+00,2.969373275186212342e-12,6.019799703004738989e-01,6.019799703005646041e-01,3.935999999999999046e+09,2.000000000000000000e+00
6.208333333333332902e-05,4.000000000000000000e+00,2.000000000000000000e+00,2.969373275186212342e-12,6.019799703004640179e-01,6.019799703005549452e-01,3.935999999999998569e+09,2.000000000000000000e+00
6.212500000000000574e-05,4.000000000000000000e+00,2.000000000000000000e+00,2.969373275186212342e-12,6.019799703004543590e-01,6.019799703005451752e-01,3.935999999999998569e+09,2.000000000000000000e+00
6.216666666666666890e-05,4.000000000000000000e+00,2.000000000000000000e+00,2.969373275186212342e-12,6.019799703004445890e-01,6.019799703005355163e-01,3.935999999999998093e+09,2.000000000000000000e+00
6.220833333333333206e-05,4.000000000000000000e+00,2.000000000000000000e+00,2.969373275186212342e-12,6.019799703004348190e-01,6.019799703005257463e-01,3.935999999999998093e+09,2.000000000000000000e+00
6.224999999999999522e-05,4.000000000000000000e+00,2.000000000000000000e+00,2.969373275186212342e-12,6.019799703004251601e-01,6.019799703005160874e-01,3.935999999999998093e+09,2.000000000000000000e+00
6.229166666666667194e-05,4.000000000000000000e+00,2.000000000000000000e+00,2.969373275186212342e-12,6.019799703004153901e-01,6.019799703005063174e-01,3.935999999999997616e+09,2.000000000000000000e+00
6.233333333333333510e-05,4.000000000000000000e+00,2.000000000000000000e+00,2.969373275186212342e-12,6.019799703004057312e-01,6.019799703004966585e-01,3.935999999999997616e+09,2.000000000000000000e+00
6.237499999999999826e-05,4.000000000000000000e+00,2.000000000000000000e+00,2.969373275186212342e-12,6.019799703003959612e-01,6.019799703004868885e-01,3.935999999999997139e+09,2.000000000000000000e+00
6.241666666666666142e-05,4.000000000000000000e+00,2.000000000000000000e+00,2.969373275186212342e-12,6.019799703003863023e-01,6.019799703004772296e-01,3.935999999999997139e+09,2.000000000000000000e+00
6.245833333333333814e-05,4.000000000000000000e+00,2.000000000000000000e+00,2.969373275186212342e-12,6.019799703003765323e-01,6.019799703004674596e-01,3.935999999999997139e+09,2.000000000000000000e+00
6.250000000000000130e-05,4.000000000000000000e+00,2.000000000000000000e+00,2.969373275186212342e-12,6.019799703003668734e-01,6.019799703004578006e-01,3.935999999999996662e+09,2.000000000000000000e+00
6.254166666666666446e-05,4.000000000000000000e+00,2.000000000000000000e+00,2.969373275186212342e-12,6.019799703003571034e-01,6.019799703004480307e-01,3.935999999999996662e+09,2.000000000000000000e+00
6.258333333333332762e-05,4.000000000000000000e+00,2.000000000000000000e+00,2.969373275186212342e-12,6.019799703003474445e-01,6.019799703004383717e-01,3.935999999999996185e+09,2.000000000000000000e+00
6.262500000000000434e-05,4.000000000000000000e+00,2.000000000000000000e+00,2.969373275186212342e-12,6.019799703003376745e-01,6.019799703004286018e-01,3.935999999999996185e+09,2.000000000000000000e+00
6.266666666666666750e-05,4.000000000000000000e+00,2.000000000000000000e+00,2.969373275186212342e-12,6.019799703003280156e-01,6.019799703004189428e-01,3.935999999999995708e+09,2.000000000000000000e+00
6.270833333333333066e-05,4.000000000000000000e+00,2.000000000000000000e+00,2.969373275186212342e-12,6.019799703003182456e-01,6.019799703004091729e-01,3.935999999999995708e+09,2.000000000000000000e+00
6.274999999999999383e-05,4.000000000000000000e+00,2.000000000000000000e+00,2.969373275186212342e-12,6.019799703003084757e-01,6.019799703003995139e-01,3.935999999999995708e+09,2.000000000000000000e+00
6.279166666666667054e-05,4.000000000000000000e+00,2.000000000000000000e+00,2.969373275186212342e-12,6.019799703002988167e-01,6.019799703003897440e-01,3.935999999999995232e+09,2.000000000000000000e+00
6.283333333333333370e-05,4.000000000000000000e+00,2.000000000000000000e+00,2.969373275186212342e-12,6.019799703002890467e-01,6.019799703003800850e-01,3.935999999999995232e+09,2.000000000000000000e+00
6.287499999999999686e-05,4.000000000000000000e+00,2.000000000000000000e+00,2.969373275186212342e-12,6.019799703002793878e-01,6.019799703003703151e-01,3.935999999999994755e+09,2.000000000000000000e+00
6.291666666666666003e-05,4.000000000000000000e+00,2.000000000000000000e+00,2.969373275186212342e-12,6.019799703002696178e-01,6.019799703003605451e-01,3.935999999999994755e+09,2.000000000000000000e+00
6.295833333333333674e-05,4.000000000000000000e+00,2.000000000000000000e+00,2.969373275186212342e-12,6.019799703002599589e-01,6.019799703003508862e-01,3.935999999999994755e+09,2.000000000000000000e+00
6.299999999999999990e-05,4.000000000000000000e+00,2.000000000000000000e+00,2.969373275186212342e-12,6.019799703002501889e-01,6.019799703003411162e-01,3.935999999999994278e+09,2.000000000000000000e+00
6.304166666666666306e-05,4.000000000000000000e+00,2.000000000000000000e+00,2.969373275186212342e-12,6.019799703002405300e-01,6.019799703003314573e-01,3.935999999999994278e+09,2.000000000000000000e+00
6.308333333333333978e-05,4.000000000000000000e+00,2.000000000000000000e+00,2.969373275186212342e-12,6.019799703002307600e-01,6.019799703003216873e-01,3.935999999999993801e+09,2.000000000000000000e+00
6.312500000000000294e-05,4.000000000000000000e+00,2.000000000000000000e+00,2.969373275186212342e-12,6.019799703002211011e-01,6.019799703003120284e-01,3.935999999999993801e+09,2.000000000000000000e+00
6.316666666666666610e-05,4.000000000000000000e+00,2.000000000000000000e+00,2.969373275186212342e-12,6.019799703002113311e-01,6.019799703003022584e-01,3.935999999999993801e+09,2.000000000000000000e+00
6.320833333333332926e-05,4.000000000000000000e+00,2.000000000000000000e+00,1.150383871640356068e-12,6.019799703002016722e-01,6.019799703002925995e-01,3.935999999999993324e+09,2.000000000000000000e+00
6.325000000000000598e-05,4.000000000000000000e+00,2.000000000000000000e+00,-6.686055319055004081e-13,6.019799703002317592e-01,6.019799703002866043e-01,3.935999999999993801e+09,2.000000000000000000e+00
6.329166666666666914e-05,4.000000000000000000e+00,2.000000000000000000e+00,-2.487594935451357086e-12,6.019799703002797209e-01,6.019799703002857161e-01,3.935999999999994755e+09,2.000000000000000000e+00
6.333333333333333230e-05,4.000000000000000000e+00,2.000000000000000000e+00,-4.306584338997213562e-12,6.019799703003378966e-01,6.019799703002904900e-01,3.935999999999996185e+09,2.000000000000000000e+00
6.337499999999999546e-05,4.000000000000000000e+00,2.000000000000000000e+00,-6.125573742543070038e-12,6.019799703004033997e-01,6.019799703003011482e-01,3.935999999999997616e+09,2.000000000000000000e+00
6.341666666666667218e-05,4.000000000000000000e+00,2.000000000000000000e+00,-6.125573742543070038e-12,6.019799703004753422e-01,6.019799703003176905e-01,3.935999999999999046e+09,2.000000000000000000e+00
6.345833333333333534e-05,4.000000000000000000e+00,2.000000000000000000e+00,-4.306584338997213562e-12,6.019799703005136449e-01,6.019799703003365643e-01,3.935999999999999523e+09,2.000000000000000000e+00
6.349999999999999850e-05,4.000000000000000000e+00,2.000000000000000000e+00,-4.306584338997213562e-12,6.019799703005002112e-01,6.019799703003525515e-01,3.935999999999999523e+09,2.000000000000000000e+00
6.354166666666666166e-05,4.000000000000000000e+00,2.000000000000000000e+00,-4.306584338997213562e-12,6.019799703005046521e-01,6.019799703003672064e-01,3.935999999999999523e+09,2.000000000000000000e+00
6.358333333333333838e-05,4.000000000000000000e+00,2.000000000000000000e+00,-4.306584338997213562e-12,6.019799703005154212e-01,6.019799703003815283e-01,3.935999999999999523e+09,2.000000000000000000e+00
6.362500000000000154e-05,4.000000000000000000e+00,2.000000000000000000e+00,-4.306584338997213562e-12,6.019799703005282998e-01,6.019799703003957392e-01,3.936000000000000000e+09,2.000000000000000000e+00
6.366666666666666470e-05,4.000000000000000000e+00,2.000000000000000000e+00,-4.306584338997213562e-12,6.019799703005419556e-01,6.019799703004098390e-01,3.936000000000000000e+09,2.000000000000000000e+00
6.370833333333332787e-05,4.000000000000000000e+00,2.000000000000000000e+00,-4.306584338997213562e-12,6.019799703005559444e-01,6.019799703004239388e-01,3.936000000000000477e+09,2.000000000000000000e+00
6.375000000000000458e-05,4.000000000000000000e+00,2.000000000000000000e+00,-4.306584338997213562e-12,6.019799703005699332e-01,6.019799703004380387e-01,3.936000000000000954e+09,2.000000000000000000e+00
6.379166666666666774e-05,4.000000000000000000e+00,2.000000000000000000e+00,-4.306584338997213562e-12,6.019799703005840330e-01,6.019799703004521385e-01,3.936000000000000954e+09,2.000000000000000000e+00
6.383333333333333090e-05,4.000000000000000000e+00,2.000000000000000000e+00,-4.306584338997213562e-12,6.019799703005981328e-01,6.019799703004662383e-01,3.936000000000001431e+09,2.000000000000000000e+00
6.387499999999999407e-05,4.000000000000000000e+00,2.000000000000000000e+00,-4.306584338997213562e-12,6.019799703006122327e-01,6.019799703004803382e-01,3.936000000000001431e+09,2.000000000000000000e+00
6.391666666666667078e-05,4.000000000000000000e+00,2.000000000000000000e+00,-4.306584338997213562e-12,6.019799703006263325e-01,6.019799703004944380e-01,3.936000000000001907e+09,2.000000000000000000e+00
6.395833333333333394e-05,4.000000000000000000e+00,2.000000000000000000e+00,-4.306584338997213562e-12,6.019799703006404323e-01,6.019799703005085378e-01,3.936000000000002384e+09,2.000000000000000000e+00
6.399999999999999710e-05,4.000000000000000000e+00,2.000000000000000000e+00,-2.487594935451357086e-12,6.019799703006545322e-01,6.019799703005226377e-01,3.936000000000002384e+09,2.000000000000000000e+00
6.404166666666666027e-05,4.000000000000000000e+00,2.000000000000000000e+00,-6.686055319055004081e-13,6.019799703006287750e-01,6.019799703005329627e-01,3.936000000000001907e+09,2.000000000000000000e+00
6.408333333333333698e-05,4.000000000000000000e+00,2.000000000000000000e+00,-6.686055319055004081e-13,6.019799703005851432e-01,6.019799703005382918e-01,3.936000000000000954e+09,2.000000000000000000e+00
6.412500000000000014e-05,4.000000000000000000e+00,2.000000000000000000e+00,-6.686055319055004081e-13,6.019799703005712654e-01,6.019799703005415115e-01,3.936000000000000954e+09,2.000000000000000000e+00
6.416666666666666330e-05,4.000000000000000000e+00,2.000000000000000000e+00,-6.686055319055004081e-13,6.019799703005678237e-01,6.019799703005440650e-01,3.936000000000000954e+09,2.000000000000000000e+00
6.420833333333334002e-05,4.000000000000000000e+00,2.000000000000000000e+00,-6.686055319055004081e-13,6.019799703005680458e-01,6.019799703005463964e-01,3.936000000000000954e+09,2.000000000000000000e+00
6.425000000000000318e-05,4.000000000000000000e+00,2.000000000000000000e+00,-6.686055319055004081e-13,6.019799703005694891e-01,6.019799703005486169e-01,3.936000000000000954e+09,2.000000000000000000e+00
6.429166666666666634e-05,4.000000000000000000e+00,2.000000000000000000e+00,-6.686055319055004081e-13,6.019799703005714875e-01,6.019799703005508373e-01,3.936000000000000954e+09,2.000000000000000000e+00
6.433333333333332950e-05,4.000000000000000000e+00,2.000000000000000000e+00,-6.686055319055004081e-13,6.019799703005735969e-01,6.019799703005530578e-01,3.936000000000000954e+09,2.000000000000000000e+00
6.437500000000000622e-05,4.000000000000000000e+00,2.000000000000000000e+00,-6.686055319055004081e-13,6.019799703005757063e-01,6.019799703005551672e-01,3.936000000000000954e+09,2.000000000000000000e+00
6.441666666666666938e-05,4.000000000000000000e+00,2.000000000000000000e+00,-6.686055319055004081e-13,6.019799703005779268e-01,6.019799703005573877e-01,3.936000000000000954e+09,2.000000000000000000e+00
6.445833333333333254e-05,4.000000000000000000e+00,2.000000000000000000e+00,-6.686055319055004081e-13,6.019799703005800362e-01,6.019799703005596081e-01,3.936000000000000954e+09,2.000000000000000000e+00
6.449999999999999570e-05,4.000000000000000000e+00,2.000000000000000000e+00,-6.686055319055004081e-13,6.019799703005822566e-01,6.019799703005618285e-01,3.936000000000000954e+09,2.000000000000000000e+00
6.454166666666667242e-05,4.000000000000000000e+00,2.000000000000000000e+00,-6.686055319055004081e-13,6.019799703005844771e-01,6.019799703005639380e-01,3.936000000000000954e+09,2.000000000000000000e+00
6.458333333333333558e-05,4.000000000000000000e+00,2.000000000000000000e+00,-6.686055319055004081e-13,6.019799703005865865e-01,6.019799703005661584e-01,3.936000000000000954e+09,2.000000000000000000e+00
6.462499999999999874e-05,4.000000000000000000e+00,2.000000000000000000e+00,-6.686055319055004081e-13,6.019799703005888070e-01,6.019799703005683789e-01,3.936000000000000954e+09,2.000000000000000000e+00
6.466666666666666191e-05,4.000000000000000000e+00,2.000000000000000000e+00,-6.686055319055004081e-13,6.019799703005910274e-01,6.019799703005704883e-01,3.936000000000001431e+09,2.000000000000000000e+00
6.470833333333333862e-05,4.000000000000000000e+00,2.000000000000000000e+00,-6.686055319055004081e-13,6.019799703005932479e-01,6.019799703005727087e-01,3.936000000000001431e+09,2.000000000000000000e+00
6.475000000000000178e-05,4.000000000000000000e+00,2.000000000000000000e+00,-6.686055319055004081e-13,6.019799703005953573e-01,6.019799703005749292e-01,3.936000000000001431e+09,2.000000000000000000e+00
6.479166666666666494e-05,4.000000000000000000e+00,2.000000000000000000e+00,-6.686055319055004081e-13,6.019799703005975777e-01,6.019799703005771496e-01,3.936000000000001431e+09,2.000000000000000000e+00
6.483333333333332811e-05,4.000000000000000000e+00,2.000000000000000000e+00,-6.686055319055004081e-13,6.019799703005997982e-01,6.019799703005792590e-01,3.936000000000001431e+09,2.000000000000000000e+00
6.487500000000000482e-05,4.000000000000000000e+00,2.000000000000000000e+00,-6.686055319055004081e-13,6.019799703006019076e-01,6.019799703005814795e-01,3.936000000000001431e+09,2.000000000000000000e+00
6.491666666666666798e-05,4.000000000000000000e+00,2.000000000000000000e+00,-6.686055319055004081e-13,6.019799703006041280e-01,6.019799703005836999e-01,3.936000000000001431e+09,2.000000000000000000e+00
6.495833333333333114e-05,4.000000000000000000e+00,2.000000000000000000e+00,-6.686055319055004081e-13,6.019799703006063485e-01,6.019799703005858094e-01,3.936000000000001431e+09,2.000000000000000000e+00
6.499999999999999431e-05,4.000000000000000000e+00,2.000000000000000000e+00,-6.686055319055004081e-13,6.019799703006084579e-01,6.019799703005880298e-01,3.936000000000001431e+09,2.000000000000000000e+00
6.504166666666667102e-05,4.000000000000000000e+00,2.000000000000000000e+00,-6.686055319055004081e-13,6.019799703006106784e-01,6.019799703005902503e-01,3.936000000000001431e+09,2.000000000000000000e+00
6.508333333333333418e-05,4.000000000000000000e+00,2.000000000000000000e+00,-6.686055319055004081e-13,6.019799703006128988e-01,6.019799703005923597e-01,3.936000000000001431e+09,2.000000000000000000e+00
6.512499999999999734e-05,4.000000000000000000e+00,2.000000000000000000e+00,-6.686055319055004081e-13,6.019799703006151192e-01,6.019799703005945801e-01,3.936000000000001907e+09,2.000000000000000000e+00
6.516666666666666051e-05,4.000000000000000000e+00,2.000000000000000000e+00,-6.686055319055004081e-13,6.019799703006172287e-01,6.019799703005968006e-01,3.936000000000001907e+09,2.000000000000000000e+00
6.520833333333333722e-05,4.000000000000000000e+00,2.000000000000000000e+00,-6.686055319055004081e-13,6.019799703006194491e-01,6.019799703005990210e-01,3.936000000000001907e+09,2.000000000000000000e+00
6.525000000000000038e-05,4.000000000000000000e+00,2.000000000000000000e+00,-6.686055319055004081e-13,6.019799703006216696e-01,6.019799703006011304e-01,3.936000000000001907e+09,2.000000000000000000e+00
6.529166666666666354e-05,4.000000000000000000e+00,2.000000000000000000e+00,-6.686055319055004081e-13,6.019799703006237790e-01,6.019799703006033509e-01,3.936000000000001907e+09,2.000000000000000000e+00
6.533333333333332671e-05,4.000000000000000000e+00,2.000000000000000000e+00,-6.686055319055004081e-13,6.019799703006259994e-01,6.019799703006055713e-01,3.936000000000001907e+09,2.000000000000000000e+00
6.537500000000000342e-05,4.000000000000000000e+00,2.000000000000000000e+00,-6.686055319055004081e-13,6.019799703006282199e-01,6.019799703006076808e-01,3.936000000000001907e+09,2.000000000000000000e+00
6.541666666666666658e-05,4.000000000000000000e+00,2.000000000000000000e+00,-6.686055319055004081e-13,6.019799703006304403e-01,6.019799703006099012e-01,3.936000000000001907e+09,2.000000000000000000e+00
6.545833333333332974e-05,4.000000000000000000e+00,2.000000000000000000e+00,-6.686055319055004081e-13,6.019799703006325498e-01,6.019799703006121216e-01,3.936000000000001907e+09,2.000000000000000000e+00
6.550000000000000646e-05,4.000000000000000000e+00,2.000000000000000000e+00,-6.686055319055004081e-13,6.019799703006347702e-01,6.019799703006143421e-01,3.936000000000001907e+09,2.000000000000000000e+00
6.554166666666666962e-05,4.000000000000000000e+00,2.000000000000000000e+00,-6.686055319055004081e-13,6.019799703006369906e-01,6.019799703006164515e-01,3.936000000000001907e+09,2.000000000000000000e+00
6.558333333333333278e-05,4.000000000000000000e+00,2.000000000000000000e+00,1.150383871640356068e-12,6.019799703006391001e-01,6.019799703006186720e-01,3.936000000000002384e+09,2.000000000000000000e+00
6.562499999999999595e-05,4.000000000000000000e+00,2.000000000000000000e+00,2.969373275186212342e-12,6.019799703006014635e-01,6.019799703006171177e-01,3.936000000000001431e+09,2.000000000000000000e+00
6.566666666666667266e-05,4.000000000000000000e+00,2.000000000000000000e+00,2.969373275186212342e-12,6.019799703005459524e-01,6.019799703006104563e-01,3.936000000000000477e+09,2.000000000000000000e+00
6.570833333333333582e-05,4.000000000000000000e+00,2.000000000000000000e+00,2.969373275186212342e-12,6.019799703005201952e-01,6.019799703006019076e-01,3.936000000000000000e+09,2.000000000000000000e+00
6.574999999999999898e-05,4.000000000000000000e+00,2.000000000000000000e+00,2.969373275186212342e-12,6.019799703005048741e-01,6.019799703005924707e-01,3.935999999999999523e+09,2.000000000000000000e+00
6.579166666666666215e-05,4.000000000000000000e+00,2.000000000000000000e+00,2.969373275186212342e-12,6.019799703004931057e-01,6.019799703005829228e-01,3.935999999999999046e+09,2.000000000000000000e+00
6.583333333333333886e-05,4.000000000000000000e+00,2.000000000000000000e+00,2.969373275186212342e-12,6.019799703004826696e-01,6.019799703005732638e-01,3.935999999999999046e+09,2.000000000000000000e+00
6.587500000000000202e-05,4.000000000000000000e+00,2.000000000000000000e+00,2.969373275186212342e-12,6.019799703004727887e-01,6.019799703005636049e-01,3.935999999999999046e+09,2.000000000000000000e+00
6.591666666666666518e-05,4.000000000000000000e+00,2.000000000000000000e+00,2.969373275186212342e-12,6.019799703004629077e-01,6.019799703005538349e-01,3.935999999999998569e+09,2.000000000000000000e+00
6.595833333333332835e-05,4.000000000000000000e+00,2.000000000000000000e+00,2.969373275186212342e-12,6.019799703004532487e-01,6.019799703005441760e-01,3.935999999999998569e+09,2.000000000000000000e+00
6.600000000000000506e-05,4.000000000000000000e+00,2.000000000000000000e+00,2.969373275186212342e-12,6.019799703004434788e-01,6.019799703005344060e-01,3.935999999999998093e+09,2.000000000000000000e+00
6.604166666666666822e-05,4.000000000000000000e+00,2.000000000000000000e+00,2.969373275186212342e-12,6.019799703004337088e-01,6.019799703005247471e-01,3.935999999999998093e+09,2.000000000000000000e+00
6.608333333333333138e-05,4.000000000000000000e+00,2.000000000000000000e+00,2.969373275186212342e-12,6.019799703004240499e-01,6.019799703005149771e-01,3.935999999999997616e+09,2.000000000000000000e+00
6.612499999999999455e-05,4.000000000000000000e+00,2.000000000000000000e+00,2.969373275186212342e-12,6.019799703004142799e-01,6.019799703005052072e-01,3.935999999999997616e+09,2.000000000000000000e+00
6.616666666666667126e-05,4.000000000000000000e+00,2.000000000000000000e+00,2.969373275186212342e-12,6.019799703004046210e-01,6.019799703004955482e-01,3.935999999999997616e+09,2.000000000000000000e+00
6.620833333333333442e-05,4.000000000000000000e+00,2.000000000000000000e+00,2.969373275186212342e-12,6.019799703003948510e-01,6.019799703004857783e-01,3.935999999999997139e+09,2.000000000000000000e+00
6.624999999999999758e-05,4.000000000000000000e+00,2.000000000000000000e+00,2.969373275186212342e-12,6.019799703003851921e-01,6.019799703004761193e-01,3.935999999999997139e+09,2.000000000000000000e+00
6.629166666666666075e-05,4.000000000000000000e+00,2.000000000000000000e+00,2.969373275186212342e-12,6.019799703003754221e-01,6.019799703004663494e-01,3.935999999999996662e+09,2.000000000000000000e+00
6.633333333333333746e-05,4.000000000000000000e+00,2.000000000000000000e+00,2.969373275186212342e-12,6.019799703003657632e-01,6.019799703004566904e-01,3.935999999999996662e+09,2.000000000000000000e+00
6.637500000000000062e-05,4.000000000000000000e+00,2.000000000000000000e+00,2.969373275186212342e-12,6.019799703003559932e-01,6.019799703004469205e-01,3.935999999999996662e+09,2.000000000000000000e+00
6.641666666666666378e-05,4.000000000000000000e+00,2.000000000000000000e+00,2.969373275186212342e-12,6.019799703003463343e-01,6.019799703004372615e-01,3.935999999999996185e+09,2.000000000000000000e+00
6.645833333333332695e-05,4.000000000000000000e+00,2.000000000000000000e+00,2.969373275186212342e-12,6.019799703003365643e-01,6.019799703004274916e-01,3.935999999999996185e+09,2.000000000000000000e+00
6.650000000000000366e-05,4.000000000000000000e+00,2.000000000000000000e+00,2.969373275186212342e-12,6.019799703003269054e-01,6.019799703004178326e-01,3.935999999999995708e+09,2.000000000000000000e+00
6.654166666666666682e-05,4.000000000000000000e+00,2.000000000000000000e+00,2.969373275186212342e-12,6.019799703003171354e-01,6.019799703004080627e-01,3.935999999999995708e+09,2.000000000000000000e+00
6.658333333333332999e-05,4.000000000000000000e+00,2.000000000000000000e+00,2.969373275186212342e-12,6.019799703003074764e-01,6.019799703003984037e-01,3.935999999999995708e+09,2.000000000000000000e+00
6.662500000000000670e-05,4.000000000000000000e+00,2.000000000000000000e+00,2.969373275186212342e-12,6.019799703002977065e-01,6.019799703003886338e-01,3.935999999999995232e+09,2.000000000000000000e+00
6.666666666666666986e-05,4.000000000000000000e+00,2.000000000000000000e+00,2.969373275186212342e-12,6.019799703002880475e-01,6.019799703003789748e-01,3.935999999999995232e+09,2.000000000000000000e+00
6.670833333333333302e-05,4.000000000000000000e+00,2.000000000000000000e+00,2.969373275186212342e-12,6.019799703002782776e-01,6.019799703003692048e-01,3.935999999999994755e+09,2.000000000000000000e+00
6.674999999999999619e-05,4.000000000000000000e+00,2.000000000000000000e+00,2.969373275186212342e-12,6.019799703002686186e-01,6.019799703003595459e-01,3.935999999999994755e+09,2.000000000000000000e+00
6.679166666666667290e-05,4.000000000000000000e+00,2.000000000000000000e+00,2.969373275186212342e-12,6.019799703002588487e-01,6.019799703003497759e-01,3.935999999999994755e+09,2.000000000000000000e+00
6.683333333333333606e-05,4.000000000000000000e+00,2.000000000000000000e+00,2.969373275186212342e-12,6.019799703002490787e-01,6.019799703003401170e-01,3.935999999999994278e+09,2.000000000000000000e+00
6.687499999999999922e-05,4.000000000000000000e+00,2.000000000000000000e+00,2.969373275186212342e-12,6.019799703002394198e-01,6.019799703003303470e-01,3.935999999999994278e+09,2.000000000000000000e+00
6.691666666666666239e-05,4.000000000000000000e+00,2.000000000000000000e+00,2.969373275186212342e-12,6.019799703002296498e-01,6.019799703003205771e-01,3.935999999999993801e+09,2.000000000000000000e+00
6.695833333333333910e-05,4.000000000000000000e+00,2.000000000000000000e+00,2.969373275186212342e-12,6.019799703002199909e-01,6.019799703003109181e-01,3.935999999999993801e+09,2.000000000000000000e+00
6.700000000000000226e-05,4.000000000000000000e+00,2.000000000000000000e+00,2.969373275186212342e-12,6.019799703002102209e-01,6.019799703003011482e-01,3.935999999999993801e+09,2.000000000000000000e+00
6.704166666666666542e-05,4.000000000000000000e+00,2.000000000000000000e+00,1.150383871640356068e-12,6.019799703002005620e-01,6.019799703002914892e-01,3.935999999999993324e+09,2.000000000000000000e+00
6.708333333333332859e-05,4.000000000000000000e+00,2.000000000000000000e+00,-6.686055319055004081e-13,6.019799703002306490e-01,6.019799703002854940e-01,3.935999999999993801e+09,2.000000000000000000e+00
6.712500000000000530e-05,4.000000000000000000e+00,2.000000000000000000e+00,-2.487594935451357086e-12,6.019799703002786107e-01,6.019799703002846059e-01,3.935999999999994755e+09,2.000000000000000000e+00
6.716666666666666846e-05,4.000000000000000000e+00,2.000000000000000000e+00,-4.306584338997213562e-12,6.019799703003367863e-01,6.019799703002893798e-01,3.935999999999996185e+09,2.000000000000000000e+00
6.720833333333333162e-05,4.000000000000000000e+00,2.000000000000000000e+00,-6.125573742543070038e-12,6.019799703004022895e-01,6.019799703003000380e-01,3.935999999999997616e+09,2.000000000000000000e+00
6.724999999999999479e-05,4.000000000000000000e+00,2.000000000000000000e+00,-6.125573742543070038e-12,6.019799703004742319e-01,6.019799703003166913e-01,3.935999999999999046e+09,2.000000000000000000e+00
6.729166666666667150e-05,4.000000000000000000e+00,2.000000000000000000e+00,-4.306584338997213562e-12,6.019799703005125346e-01,6.019799703003354541e-01,3.935999999999999523e+09,2.000000000000000000e+00
6.733333333333333466e-05,4.000000000000000000e+00,2.000000000000000000e+00,-4.306584338997213562e-12,6.019799703004991009e-01,6.019799703003514413e-01,3.935999999999999523e+09,2.000000000000000000e+00
6.737499999999999782e-05,4.000000000000000000e+00,2.000000000000000000e+00,-4.306584338997213562e-12,6.019799703005035418e-01,6.019799703003660962e-01,3.935999999999999523e+09,2.000000000000000000e+00
6.741666666666666099e-05,4.000000000000000000e+00,2.000000000000000000e+00,-4.306584338997213562e-12,6.019799703005143110e-01,6.019799703003804181e-01,3.935999999999999523e+09,2.000000000000000000e+00
6.745833333333333770e-05,4.000000000000000000e+00,2.000000000000000000e+00,-4.306584338997213562e-12,6.019799703005271896e-01,6.019799703003946290e-01,3.936000000000000000e+09,2.000000000000000000e+00
6.750000000000000086e-05,4.000000000000000000e+00,2.000000000000000000e+00,-4.306584338997213562e-12,6.019799703005408453e-01,6.019799703004087288e-01,3.936000000000000000e+09,2.000000000000000000e+00
6.754166666666666402e-05,4.000000000000000000e+00,2.000000000000000000e+00,-4.306584338997213562e-12,6.019799703005548341e-01,6.019799703004228286e-01,3.936000000000000477e+09,2.000000000000000000e+00
6.758333333333332719e-05,4.000000000000000000e+00,2.000000000000000000e+00,-4.306584338997213562e-12,6.019799703005688229e-01,6.019799703004369285e-01,3.936000000000000954e+09,2.000000000000000000e+00
6.762500000000000390e-05,4.000000000000000000e+00,2.000000000000000000e+00,-4.306584338997213562e-12,6.019799703005829228e-01,6.019799703004510283e-01,3.936000000000000954e+09,2.000000000000000000e+00
6.766666666666666706e-05,4.000000000000000000e+00,2.000000000000000000e+00,-4.306584338997213562e-12,6.019799703005970226e-01,6.019799703004651281e-01,3.936000000000001431e+09,2.000000000000000000e+00
6.770833333333333023e-05,4.000000000000000000e+00,2.000000000000000000e+00,-4.306584338997213562e-12,6.019799703006111224e-01,6.019799703004792280e-01,3.936000000000001431e+09,2.000000000000000000e+00
6.774999999999999339e-05,4.000000000000000000e+00,2.000000000000000000e+00,-4.306584338997213562e-12,6.019799703006252223e-01,6.019799703004933278e-01,3.936000000000001907e+09,2.000000000000000000e+00
6.779166666666667010e-05,4.000000000000000000e+00,2.000000000000000000e+00,-4.306584338997213562e-12,6.019799703006393221e-01,6.019799703005074276e-01,3.936000000000002384e+09,2.000000000000000000e+00
6.783333333333333326e-05,4.000000000000000000e+00,2.000000000000000000e+00,-2.487594935451357086e-12,6.019799703006534219e-01,6.019799703005215274e-01,3.936000000000002384e+09,2.000000000000000000e+00
6.787499999999999643e-05,4.000000000000000000e+00,2.000000000000000000e+00,-6.686055319055004081e-13,6.019799703006276648e-01,6.019799703005319635e-01,3.936000000000001907e+09,2.000000000000000000e+00
6.791666666666667314e-05,4.000000000000000000e+00,2.000000000000000000e+00,-6.686055319055004081e-13,6.019799703005840330e-01,6.019799703005371816e-01,3.936000000000000954e+09,2.000000000000000000e+00
6.795833333333333630e-05,4.000000000000000000e+00,2.000000000000000000e+00,-6.686055319055004081e-13,6.019799703005701552e-01,6.019799703005404012e-01,3.936000000000000954e+09,2.000000000000000000e+00
6.799999999999999946e-05,4.000000000000000000e+00,2.000000000000000000e+00,-6.686055319055004081e-13,6.019799703005667135e-01,6.019799703005429548e-01,3.936000000000000477e+09,2.000000000000000000e+00
6.804166666666666263e-05,4.000000000000000000e+00,2.000000000000000000e+00,-6.686055319055004081e-13,6.019799703005669356e-01,6.019799703005452862e-01,3.936000000000000477e+09,2.000000000000000000e+00
6.808333333333333934e-05,4.000000000000000000e+00,2.000000000000000000e+00,-6.686055319055004081e-13,6.019799703005683789e-01,6.019799703005475067e-01,3.936000000000000954e+09,2.000000000000000000e+00
6.812500000000000250e-05,4.000000000000000000e+00,2.000000000000000000e+00,-6.686055319055004081e-13,6.019799703005703773e-01,6.019799703005497271e-01,3.936000000000000954e+09,2.000000000000000000e+00
6.816666666666666566e-05,4.000000000000000000e+00,2.000000000000000000e+00,-6.686055319055004081e-13,6.019799703005724867e-01,6.019799703005519476e-01,3.936000000000000954e+09,2.000000000000000000e+00
6.820833333333332883e-05,4.000000000000000000e+00,2.000000000000000000e+00,-6.686055319055004081e-13,6.019799703005745961e-01,6.019799703005541680e-01,3.936000000000000954e+09,2.000000000000000000e+00
6.825000000000000554e-05,4.000000000000000000e+00,2.000000000000000000e+00,-6.686055319055004081e-13,6.019799703005768166e-01,6.019799703005562774e-01,3.936000000000000954e+09,2.000000000000000000e+00
6.829166666666666870e-05,4.000000000000000000e+00,2.000000000000000000e+00,-6.686055319055004081e-13,6.019799703005789260e-01,6.019799703005584979e-01,3.936000000000000954e+09,2.000000000000000000e+00
6.833333333333333186e-05,4.000000000000000000e+00,2.000000000000000000e+00,-6.686055319055004081e-13,6.019799703005811464e-01,6.019799703005607183e-01,3.936000000000000954e+09,2.000000000000000000e+00
6.837499999999999503e-05,4.000000000000000000e+00,2.000000000000000000e+00,-6.686055319055004081e-13,6.019799703005833669e-01,6.019799703005628277e-01,3.936000000000000954e+09,2.000000000000000000e+00
6.841666666666667174e-05,4.000000000000000000e+00,2.000000000000000000e+00,-6.686055319055004081e-13,6.019799703005855873e-01,6.019799703005650482e-01,3.936000000000000954e+09,2.000000000000000000e+00
6.845833333333333490e-05,4.000000000000000000e+00,2.000000000000000000e+00,-6.686055319055004081e-13,6.019799703005876967e-01,6.019799703005672686e-01,3.936000000000000954e+09,2.000000000000000000e+00
6.849999999999999806e-05,4.000000000000000000e+00,2.000000000000000000e+00,-6.686055319055004081e-13,6.019799703005899172e-01,6.019799703005694891e-01,3.936000000000000954e+09,2.000000000000000000e+00
6.854166666666666123e-05,4.000000000000000000e+00,2.000000000000000000e+00,-6.686055319055004081e-13,6.019799703005921376e-01,6.019799703005715985e-01,3.936000000000001431e+09,2.000000000000000000e+00
6.858333333333333794e-05,4.000000000000000000e+00,2.000000000000000000e+00,-6.686055319055004081e-13,6.019799703005942471e-01,6.019799703005738190e-01,3.936000000000001431e+09,2.000000000000000000e+00
6.862500000000000110e-05,4.000000000000000000e+00,2.000000000000000000e+00,-6.686055319055004081e-13,6.019799703005964675e-01,6.019799703005760394e-01,3.936000000000001431e+09,2.000000000000000000e+00
6.866666666666666427e-05,4.000000000000000000e+00,2.000000000000000000e+00,-6.686055319055004081e-13,6.019799703005986879e-01,6.019799703005781488e-01,3.936000000000001431e+09,2.000000000000000000e+00
6.870833333333332743e-05,4.000000000000000000e+00,2.000000000000000000e+00,-6.686055319055004081e-13,6.019799703006007974e-01,6.019799703005803693e-01,3.936000000000001431e+09,2.000000000000000000e+00
6.875000000000000414e-05,4.000000000000000000e+00,2.000000000000000000e+00,-6.686055319055004081e-13,6.019799703006030178e-01,6.019799703005825897e-01,3.936000000000001431e+09,2.000000000000000000e+00
6.879166666666666730e-05,4.000000000000000000e+00,2.000000000000000000e+00,-6.686055319055004081e-13,6.019799703006052383e-01,6.019799703005846991e-01,3.936000000000001431e+09,2.000000000000000000e+00
6.883333333333333047e-05,4.000000000000000000e+00,2.000000000000000000e+00,-6.686055319055004081e-13,6.019799703006074587e-01,6.019799703005869196e-01,3.936000000000001431e+09,2.000000000000000000e+00
6.887499999999999363e-05,4.000000000000000000e+00,2.000000000000000000e+00,-6.686055319055004081e-13,6.019799703006095681e-01,6.019799703005891400e-01,3.936000000000001431e+09,2.000000000000000000e+00
6.891666666666667034e-05,4.000000000000000000e+00,2.000000000000000000e+00,-6.686055319055004081e-13,6.019799703006117886e-01,6.019799703005913605e-01,3.936000000000001431e+09,2.000000000000000000e+00
6.895833333333333350e-05,4.000000000000000000e+00,2.000000000000000000e+00,-6.686055319055004081e-13,6.019799703006140090e-01,6.019799703005934699e-01,3.936000000000001431e+09,2.000000000000000000e+00
6.899999999999999667e-05,4.000000000000000000e+00,2.000000000000000000e+00,-6.686055319055004081e-13,6.019799703006161185e-01,6.019799703005956903e-01,3.936000000000001907e+09,2.000000000000000000e+00
6.904166666666667338e-05,4.000000000000000000e+00,2.000000000000000000e+00,-6.686055319055004081e-13,6.019799703006183389e-01,6.019799703005979108e-01,3.936000000000001907e+09,2.000000000000000000e+00
6.908333333333333654e-05,4.000000000000000000e+00,2.000000000000000000e+00,-6.686055319055004081e-13,6.019799703006205593e-01,6.019799703006000202e-01,3.936000000000001907e+09,2.000000000000000000e+00
6.912499999999999970e-05,4.000000000000000000e+00,2.000000000000000000e+00,-6.686055319055004081e-13,6.019799703006227798e-01,6.019799703006022407e-01,3.936000000000001907e+09,2.000000000000000000e+00
6.916666666666666287e-05,4.000000000000000000e+00,2.000000000000000000e+00,-6.686055319055004081e-13,6.019799703006248892e-01,6.019799703006044611e-01,3.936000000000001907e+09,2.000000000000000000e+00
6.920833333333333958e-05,4.000000000000000000e+00,2.000000000000000000e+00,-6.686055319055004081e-13,6.019799703006271097e-01,6.019799703006066816e-01,3.936000000000001907e+09,2.000000000000000000e+00
6.925000000000000274e-05,4.000000000000000000e+00,2.000000000000000000e+00,-6.686055319055004081e-13,6.019799703006293301e-01,6.019799703006087910e-01,3.936000000000001907e+09,2.000000000000000000e+00
6.929166666666666590e-05,4.000000000000000000e+00,2.000000000000000000e+00,-6.686055319055004081e-13,6.019799703006314395e-01,6.019799703006110114e-01,3.936000000000001907e+09,2.000000000000000000e+00
6.933333333333332907e-05,4.000000000000000000e+00,2.000000000000000000e+00,-6.686055319055004081e-13,6.019799703006336600e-01,6.019799703006132319e-01,3.936000000000001907e+09,2.000000000000000000e+00
6.937500000000000578e-05,4.000000000000000000e+00,2.000000000000000000e+00,-6.686055319055004081e-13,6.019799703006358804e-01,6.019799703006153413e-01,3.936000000000001907e+09,2.000000000000000000e+00
6.941666666666666894e-05,4.000000000000000000e+00,2.000000000000000000e+00,-6.686055319055004081e-13,6.019799703006381009e-01,6.019799703006175617e-01,3.936000000000001907e+09,2.000000000000000000e+00
6.945833333333333210e-05,4.000000000000000000e+00,2.000000000000000000e+00,1.150383871640356068e-12,6.019799703006402103e-01,6.019799703006197822e-01,3.936000000000002384e+09,2.000000000000000000e+00
6.949999999999999527e-05,4.000000000000000000e+00,2.000000000000000000e+00,2.969373275186212342e-12,6.019799703006025737e-01,6.019799703006182279e-01,3.936000000000001431e+09,2.000000000000000000e+00
6.954166666666667198e-05,4.000000000000000000e+00,2.000000000000000000e+00,2.969373275186212342e-12,6.019799703005470626e-01,6.019799703006115665e-01,3.936000000000000477e+09,2.000000000000000000e+00
6.958333333333333514e-05,4.000000000000000000e+00,2.000000000000000000e+00,2.969373275186212342e-12,6.019799703005213054e-01,6.019799703006029068e-01,3.936000000000000000e+09,2.000000000000000000e+00
6.962499999999999831e-05,4.000000000000000000e+00,2.000000000000000000e+00,2.969373275186212342e-12,6.019799703005058733e-01,6.019799703005935809e-01,3.935999999999999523e+09,2.000000000000000000e+00
6.966666666666666147e-05,4.000000000000000000e+00,2.000000000000000000e+00,2.969373275186212342e-12,6.019799703004942160e-01,6.019799703005840330e-01,3.935999999999999046e+09,2.000000000000000000e+00
6.970833333333333818e-05,4.000000000000000000e+00,2.000000000000000000e+00,2.969373275186212342e-12,6.019799703004837799e-01,6.019799703005743741e-01,3.935999999999999046e+09,2.000000000000000000e+00
6.975000000000000134e-05,4.000000000000000000e+00,2.000000000000000000e+00,2.969373275186212342e-12,6.019799703004738989e-01,6.019799703005646041e-01,3.935999999999999046e+09,2.000000000000000000e+00
6.979166666666666451e-05,4.000000000000000000e+00,2.000000000000000000e+00,2.969373275186212342e-12,6.019799703004640179e-01,6.019799703005549452e-01,3.935999999999998569e+09,2.000000000000000000e+00
6.983333333333332767e-05,4.000000000000000000e+00,2.000000000000000000e+00,2.969373275186212342e-12,6.019799703004542479e-01,6.019799703005451752e-01,3.935999999999998569e+09,2.000000000000000000e+00
6.987500000000000438e-05,4.000000000000000000e+00,2.000000000000000000e+00,2.969373275186212342e-12,6.019799703004445890e-01,6.019799703005355163e-01,3.935999999999998093e+09,2.000000000000000000e+00
6.991666666666666754e-05,4.000000000000000000e+00,2.000000000000000000e+00,2.969373275186212342e-12,6.019799703004348190e-01,6.019799703005257463e-01,3.935999999999998093e+09,2.000000000000000000e+00
6.995833333333333071e-05,4.000000000000000000e+00,2.000000000000000000e+00,2.969373275186212342e-12,6.019799703004251601e-01,6.019799703005160874e-01,3.935999999999998093e+09,2.000000000000000000e+00
6.999999999999999387e-05,4.000000000000000000e+00,2.000000000000000000e+00,2.969373275186212342e-12,6.019799703004153901e-01,6.019799703005063174e-01,3.935999999999997616e+09,2.000000000000000000e+00
7.004166666666667058e-05,4.000000000000000000e+00,2.000000000000000000e+00,2.969373275186212342e-12,6.019799703004057312e-01,6.019799703004966585e-01,3.935999999999997616e+09,2.000000000000000000e+00
7.008333333333333374e-05,4.000000000000000000e+00,2.000000000000000000e+00,2.969373275186212342e-12,6.019799703003959612e-01,6.019799703004868885e-01,3.935999999999997139e+09,2.000000000000000000e+00
7.012499999999999691e-05,4.000000000000000000e+00,2.000000000000000000e+00,2.969373275186212342e-12,6.019799703003863023e-01,6.019799703004772296e-01,3.935999999999997139e+09,2.000000000000000000e+00
7.016666666666666007e-05,4.000000000000000000e+00,2.000000000000000000e+00,2.969373275186212342e-12,6.019799703003765323e-01,6.019799703004674596e-01,3.935999999999997139e+09,2.000000000000000000e+00
7.020833333333333678e-05,4.000000000000000000e+00,2.000000000000000000e+00,2.969373275186212342e-12,6.019799703003668734e-01,6.019799703004578006e-01,3.935999999999996662e+09,2.000000000000000000e+00
7.024999999999999994e-05,4.000000000000000000e+00,2.000000000000000000e+00,2.969373275186212342e-12,6.019799703003571034e-01,6.019799703004480307e-01,3.935999999999996662e+09,2.000000000000000000e+00
7.029166666666666311e-05,4.000000000000000000e+00,2.000000000000000000e+00,2.969373275186212342e-12,6.019799703003474445e-01,6.019799703004383717e-01,3.935999999999996185e+09,2.000000000000000000e+00
7.033333333333333982e-05,4.000000000000000000e+00,2.000000000000000000e+00,2.969373275186212342e-12,6.019799703003376745e-01,6.019799703004286018e-01,3.935999999999996185e+09,2.000000000000000000e+00
7.037500000000000298e-05,4.000000000000000000e+00,2.000000000000000000e+00,2.969373275186212342e-12,6.019799703003279046e-01,6.019799703004189428e-01,3.935999999999995708e+09,2.000000000000000000e+00
7.041666666666666614e-05,4.000000000000000000e+00,2.000000000000000000e+00,2.969373275186212342e-12,6.019799703003182456e-01,6.019799703004091729e-01,3.935999999999995708e+09,2.000000000000000000e+00
7.045833333333332931e-05,4.000000000000000000e+00,2.000000000000000000e+00,2.969373275186212342e-12,6.019799703003084757e-01,6.019799703003995139e-01,3.935999999999995708e+09,2.000000000000000000e+00
7.050000000000000602e-05,4.000000000000000000e+00,2.000000000000000000e+00,2.969373275186212342e-12,6.019799703002988167e-01,6.019799703003897440e-01,3.935999999999995232e+09,2.000000000000000000e+00
7.054166666666666918e-05,4.000000000000000000e+00,2.000000000000000000e+00,2.969373275186212342e-12,6.019799703002890467e-01,6.019799703003799740e-01,3.935999999999995232e+09,2.000000000000000000e+00
7.058333333333333235e-05,4.000000000000000000e+00,2.000000000000000000e+00,2.969373275186212342e-12,6.019799703002793878e-01,6.019799703003703151e-01,3.935999999999994755e+09,2.000000000000000000e+00
7.062499999999999551e-05,4.000000000000000000e+00,2.000000000000000000e+00,2.969373275186212342e-12,6.019799703002696178e-01,6.019799703003605451e-01,3.935999999999994755e+09,2.000000000000000000e+00
7.066666666666667222e-05,4.000000000000000000e+00,2.000000000000000000e+00,2.969373275186212342e-12,6.019799703002599589e-01,6.019799703003508862e-01,3.935999999999994755e+09,2.000000000000000000e+00
7.070833333333333538e-05,4.000000000000000000e+00,2.000000000000000000e+00,2.969373275186212342e-12,6.019799703002501889e-01,6.019799703003411162e-01,3.935999999999994278e+09,2.000000000000000000e+00
7.074999999999999855e-05,4.000000000000000000e+00,2.000000000000000000e+00,2.969373275186212342e-12,6.019799703002405300e-01,6.019799703003314573e-01,3.935999999999994278e+09,2.000000000000000000e+00
7.079166666666666171e-05,4.000000000000000000e+00,2.000000000000000000e+00,2.969373275186212342e-12,6.019799703002307600e-01,6.019799703003216873e-01,3.935999999999993801e+09,2.000000000000000000e+00
7.083333333333333842e-05,4.000000000000000000e+00,2.000000000000000000e+00,2.969373275186212342e-12,6.019799703002211011e-01,6.019799703003120284e-01,3.935999999999993801e+09,2.000000000000000000e+00
7.087500000000000158e-05,4.000000000000000000e+00,2.000000000000000000e+00,2.969373275186212342e-12,6.019799703002113311e-01,6.019799703003022584e-01,3.935999999999993801e+09,2.000000000000000000e+00
7.091666666666666475e-05,4.000000000000000000e+00,2.000000000000000000e+00,1.150383871640356068e-12,6.019799703002016722e-01,6.019799703002925995e-01,3.935999999999993324e+09,2.000000000000000000e+00
7.095833333333332791e-05,4.000000000000000000e+00,2.000000000000000000e+00,-6.686055319055004081e-13,6.019799703002317592e-01,6.019799703002864932e-01,3.935999999999993801e+09,2.000000000000000000e+00
7.100000000000000462e-05,4.000000000000000000e+00,2.000000000000000000e+00,-2.487594935451357086e-12,6.019799703002797209e-01,6.019799703002857161e-01,3.935999999999994755e+09,2.000000000000000000e+00
7.104166666666666778e-05,4.000000000000000000e+00,2.000000000000000000e+00,-4.306584338997213562e-12,6.019799703003378966e-01,6.019799703002904900e-01,3.935999999999996185e+09,2.000000000000000000e+00
7.108333333333333095e-05,4.000000000000000000e+00,2.000000000000000000e+00,-6.125573742543070038e-12,6.019799703004033997e-01,6.019799703003011482e-01,3.935999999999997616e+09,2.000000000000000000e+00
7.112499999999999411e-05,4.000000000000000000e+00,2.000000000000000000e+00,-6.125573742543070038e-12,6.019799703004753422e-01,6.019799703003176905e-01,3.935999999999999046e+09,2.000000000000000000e+00
7.116666666666667082e-05,4.000000000000000000e+00,2.000000000000000000e+00,-4.306584338997213562e-12,6.019799703005136449e-01,6.019799703003365643e-01,3.935999999999999523e+09,2.000000000000000000e+00
7.120833333333333398e-05,4.000000000000000000e+00,2.000000000000000000e+00,-4.306584338997213562e-12,6.019799703005002112e-01,6.019799703003524405e-01,3.935999999999999523e+09,2.000000000000000000e+00
7.124999999999999715e-05,4.000000000000000000e+00,2.000000000000000000e+00,-4.306584338997213562e-12,6.019799703005046521e-01,6.019799703003672064e-01,3.935999999999999523e+09,2.000000000000000000e+00
7.129166666666666031e-05,4.000000000000000000e+00,2.000000000000000000e+00,-4.306584338997213562e-12,6.019799703005154212e-01,6.019799703003815283e-01,3.935999999999999523e+09,2.000000000000000000e+00
7.133333333333333702e-05,4.000000000000000000e+00,2.000000000000000000e+00,-4.306584338997213562e-12,6.019799703005282998e-01,6.019799703003957392e-01,3.936000000000000000e+09,2.000000000000000000e+00
7.137500000000000018e-05,4.000000000000000000e+00,2.000000000000000000e+00,-4.306584338997213562e-12,6.019799703005419556e-01,6.019799703004098390e-01,3.936000000000000000e+09,2.000000000000000000e+00
7.141666666666666335e-05,4.000000000000000000e+00,2.000000000000000000e+00,-4.306584338997213562e-12,6.019799703005559444e-01,6.019799703004239388e-01,3.936000000000000477e+09,2.000000000000000000e+00
7.145833333333334006e-05,4.000000000000000000e+00,2.000000000000000000e+00,-4.306584338997213562e-12,6.019799703005699332e-01,6.019799703004380387e-01,3.936000000000000954e+09,2.000000000000000000e+00
7.150000000000000322e-05,4.000000000000000000e+00,2.000000000000000000e+00,-4.306584338997213562e-12,6.019799703005840330e-01,6.019799703004521385e-01,3.936000000000000954e+09,2.000000000000000000e+00
7.154166666666666639e-05,4.000000000000000000e+00,2.000000000000000000e+00,-4.306584338997213562e-12,6.019799703005981328e-01,6.019799703004662383e-01,3.936000000000001431e+09,2.000000000000000000e+00
7.158333333333332955e-05,4.000000000000000000e+00,2.000000000000000000e+00,-4.306584338997213562e-12,6.019799703006122327e-01,6.019799703004803382e-01,3.936000000000001431e+09,2.000000000000000000e+00
7.162500000000000626e-05,4.000000000000000000e+00,2.000000000000000000e+00,-4.306584338997213562e-12,6.019799703006263325e-01,6.019799703004944380e-01,3.936000000000001907e+09,2.000000000000000000e+00
7.166666666666666942e-05,4.000000000000000000e+00,2.000000000000000000e+00,-4.306584338997213562e-12,6.019799703006404323e-01,6.019799703005085378e-01,3.936000000000002384e+09,2.000000000000000000e+00
7.170833333333333259e-05,4.000000000000000000e+00,2.000000000000000000e+00,-2.487594935451357086e-12,6.019799703006545322e-01,6.019799703005226377e-01,3.936000000000002384e+09,2.000000000000000000e+00
7.174999999999999575e-05,4.000000000000000000e+00,2.000000000000000000e+00,-6.686055319055004081e-13,6.019799703006287750e-01,6.019799703005329627e-01,3.936000000000001907e+09,2.000000000000000000e+00
7.179166666666667246e-05,4.000000000000000000e+00,2.000000000000000000e+00,-6.686055319055004081e-13,6.019799703005851432e-01,6.019799703005382918e-01,3.936000000000000954e+09,2.000000000000000000e+00
7.183333333333333562e-05,4.000000000000000000e+00,2.000000000000000000e+00,-6.686055319055004081e-13,6.019799703005712654e-01,6.019799703005415115e-01,3.936000000000000954e+09,2.000000000000000000e+00
7.187499999999999879e-05,4.000000000000000000e+00,2.000000000000000000e+00,-6.686055319055004081e-13,6.019799703005678237e-01,6.019799703005440650e-01,3.936000000000000954e+09,2.000000000000000000e+00
7.191666666666666195e-05,4.000000000000000000e+00,2.000000000000000000e+00,-6.686055319055004081e-13,6.019799703005680458e-01,6.019799703005463964e-01,3.936000000000000954e+09,2.000000000000000000e+00
7.195833333333333866e-05,4.000000000000000000e+00,2.000000000000000000e+00,-6.686055319055004081e-13,6.019799703005694891e-01,6.019799703005486169e-01,3.936000000000000954e+09,2.000000000000000000e+00
7.200000000000000182e-05,4.000000000000000000e+00,2.000000000000000000e+00,-6.686055319055004081e-13,6.019799703005714875e-01,6.019799703005508373e-01,3.936000000000000954e+09,2.000000000000000000e+00
7.204166666666666499e-05,4.000000000000000000e+00,2.000000000000000000e+00,-6.686055319055004081e-13,6.019799703005735969e-01,6.019799703005530578e-01,3.936000000000000954e+09,2.000000000000000000e+00
7.208333333333332815e-05,4.000000000000000000e+00,2.000000000000000000e+00,-6.686055319055004081e-13,6.019799703005757063e-01,6.019799703005551672e-01,3.936000000000000954e+09,2.000000000000000000e+00
7.212500000000000486e-05,4.000000000000000000e+00,2.000000000000000000e+00,-6.686055319055004081e-13,6.019799703005779268e-01,6.019799703005573877e-01,3.936000000000000954e+09,2.000000000000000000e+00
7.216666666666666802e-05,4.000000000000000000e+00,2.000000000000000000e+00,-6.686055319055004081e-13,6.019799703005800362e-01,6.019799703005596081e-01,3.936000000000000954e+09,2.000000000000000000e+00
7.220833333333333119e-05,4.000000000000000000e+00,2.000000000000000000e+00,-6.686055319055004081e-13,6.019799703005822566e-01,6.019799703005618285e-01,3.936000000000000954e+09,2.000000000000000000e+00
7.224999999999999435e-05,4.000000000000000000e+00,2.000000000000000000e+00,-6.686055319055004081e-13,6.019799703005844771e-01,6.019799703005639380e-01,3.936000000000000954e+09,2.000000000000000000e+00
7.229166666666667106e-05,4.000000000000000000e+00,2.000000000000000000e+00,-6.686055319055004081e-13,6.019799703005865865e-01,6.019799703005661584e-01,3.936000000000000954e+09,2.000000000000000000e+00
7.233333333333333422e-05,4.000000000000000000e+00,2.000000000000000000e+00,-6.686055319055004081e-13,6.019799703005888070e-01,6.019799703005683789e-01,3.936000000000000954e+09,2.000000000000000000e+00
7.237499999999999739e-05,4.000000000000000000e+00,2.000000000000000000e+00,-6.686055319055004081e-13,6.019799703005910274e-01,6.019799703005704883e-01,3.936000000000001431e+09,2.000000000000000000e+00
7.241666666666666055e-05,4.000000000000000000e+00,2.000000000000000000e+00,-6.686055319055004081e-13,6.019799703005931368e-01,6.019799703005727087e-01,3.936000000000001431e+09,2.000000000000000000e+00
7.245833333333333726e-05,4.000000000000000000e+00,2.000000000000000000e+00,-6.686055319055004081e-13,6.019799703005953573e-01,6.019799703005749292e-01,3.936000000000001431e+09,2.000000000000000000e+00
7.250000000000000043e-05,4.000000000000000000e+00,2.000000000000000000e+00,-6.686055319055004081e-13,6.019799703005975777e-01,6.019799703005770386e-01,3.936000000000001431e+09,2.000000000000000000e+00
7.254166666666666359e-05,4.000000000000000000e+00,2.000000000000000000e+00,-6.686055319055004081e-13,6.019799703005997982e-01,6.019799703005792590e-01,3.936000000000001431e+09,2.000000000000000000e+00
7.258333333333332675e-05,4.000000000000000000e+00,2.000000000000000000e+00,-6.686055319055004081e-13,6.019799703006019076e-01,6.019799703005814795e-01,3.936000000000001431e+09,2.000000000000000000e+00
7.262500000000000346e-05,4.000000000000000000e+00,2.000000000000000000e+00,-6.686055319055004081e-13,6.019799703006041280e-01,6.019799703005836999e-01,3.936000000000001431e+09,2.000000000000000000e+00
7.266666666666666663e-05,4.000000000000000000e+00,2.000000000000000000e+00,-6.686055319055004081e-13,6.019799703006063485e-01,6.019799703005858094e-01,3.936000000000001431e+09,2.000000000000000000e+00
7.270833333333332979e-05,4.000000000000000000e+00,2.000000000000000000e+00,-6.686055319055004081e-13,6.019799703006084579e-01,6.019799703005880298e-01,3.936000000000001431e+09,2.000000000000000000e+00
7.275000000000000650e-05,4.000000000000000000e+00,2.000000000000000000e+00,-6.686055319055004081e-13,6.019799703006106784e-01,6.019799703005902503e-01,3.936000000000001431e+09,2.000000000000000000e+00
7.279166666666666966e-05,4.000000000000000000e+00,2.000000000000000000e+00,-6.686055319055004081e-13,6.019799703006128988e-01,6.019799703005923597e-01,3.936000000000001431e+09,2.000000000000000000e+00
7.283333333333333283e-05,4.000000000000000000e+00,2.000000000000000000e+00,-6.686055319055004081e-13,6.019799703006151192e-01,6.019799703005945801e-01,3.936000000000001907e+09,2.000000000000000000e+00
7.287499999999999599e-05,4.000000000000000000e+00,2.000000000000000000e+00,-6.686055319055004081e-13,6.019799703006172287e-01,6.019799703005968006e-01,3.936000000000001907e+09,2.000000000000000000e+00
7.291666666666667270e-05,4.000000000000000000e+00,2.000000000000000000e+00,-6.686055319055004081e-13,6.019799703006194491e-01,6.019799703005990210e-01,3.936000000000001907e+09,2.000000000000000000e+00
7.295833333333333586e-05,4.000000000000000000e+00,2.000000000000000000e+00,-6.686055319055004081e-13,6.019799703006216696e-01,6.019799703006011304e-01,3.936000000000001907e+09,2.000000000000000000e+00
7.299999999999999903e-05,4.000000000000000000e+00,2.000000000000000000e+00,-6.686055319055004081e-13,6.019799703006237790e-01,6.019799703006033509e-01,3.936000000000001907e+09,2.000000000000000000e+00
7.304166666666666219e-05,4.000000000000000000e+00,2.000000000000000000e+00,-6.686055319055004081e-13,6.019799703006259994e-01,6.019799703006055713e-01,3.936000000000001907e+09,2.000000000000000000e+00
7.308333333333333890e-05,4.000000000000000000e+00,2.000000000000000000e+00,-6.686055319055004081e-13,6.019799703006282199e-01,6.019799703006076808e-01,3.936000000000001907e+09,2.000000000000000000e+00
7.312500000000000206e-05,4.000000000000000000e+00,2.000000000000000000e+00,-6.686055319055004081e-13,6.019799703006303293e-01,6.019799703006099012e-01,3.936000000000001907e+09,2.000000000000000000e+00
7.316666666666666523e-05,4.000000000000000000e+00,2.000000000000000000e+00,-6.686055319055004081e-13,6.019799703006325498e-01,6.019799703006121216e-01,3.936000000000001907e+09,2.000000000000000000e+00
7.320833333333332839e-05,4.000000000000000000e+00,2.000000000000000000e+00,-6.686055319055004081e-13,6.019799703006347702e-01,6.019799703006142311e-01,3.936000000000001907e+09,2.000000000000000000e+00
7.325000000000000510e-05,4.000000000000000000e+00,2.000000000000000000e+00,-6.686055319055004081e-13,6.019799703006369906e-01,6.019799703006164515e-01,3.936000000000001907e+09,2.000000000000000000e+00
7.329166666666666826e-05,4.000000000000000000e+00,2.000000000000000000e+00,1.150383871640356068e-12,6.019799703006391001e-01,6.019799703006186720e-01,3.936000000000002384e+09,2.000000000000000000e+00
7.333333333333333143e-05,4.000000000000000000e+00,2.000000000000000000e+00,2.969373275186212342e-12,6.019799703006014635e-01,6.019799703006171177e-01,3.936000000000001431e+09,2.000000000000000000e+00
7.337499999999999459e-05,4.000000000000000000e+00,2.000000000000000000e+00,2.969373275186212342e-12,6.019799703005459524e-01,6.019799703006104563e-01,3.936000000000000477e+09,2.000000000000000000e+00
7.341666666666667130e-05,4.000000000000000000e+00,2.000000000000000000e+00,2.969373275186212342e-12,6.019799703005201952e-01,6.019799703006017966e-01,3.936000000000000000e+09,2.000000000000000000e+00
7.345833333333333446e-05,4.000000000000000000e+00,2.000000000000000000e+00,2.969373275186212342e-12,6.019799703005048741e-01,6.019799703005924707e-01,3.935999999999999523e+09,2.000000000000000000e+00
7.349999999999999763e-05,4.000000000000000000e+00,2.000000000000000000e+00,2.969373275186212342e-12,6.019799703004931057e-01,6.019799703005829228e-01,3.935999999999999046e+09,2.000000000000000000e+00
7.354166666666666079e-05,4.000000000000000000e+00,2.000000000000000000e+00,2.969373275186212342e-12,6.019799703004826696e-01,6.019799703005732638e-01,3.935999999999999046e+09,2.000000000000000000e+00
7.358333333333333750e-05,4.000000000000000000e+00,2.000000000000000000e+00,2.969373275186212342e-12,6.019799703004727887e-01,6.019799703005634939e-01,3.935999999999999046e+09,2.000000000000000000e+00
7.362500000000000067e-05,4.000000000000000000e+00,2.000000000000000000e+00,2.969373275186212342e-12,6.019799703004629077e-01,6.019799703005538349e-01,3.935999999999998569e+09,2.000000000000000000e+00
7.366666666666666383e-05,4.000000000000000000e+00,2.000000000000000000e+00,2.969373275186212342e-12,6.019799703004532487e-01,6.019799703005441760e-01,3.935999999999998569e+09,2.000000000000000000e+00
7.370833333333332699e-05,4.000000000000000000e+00,2.000000000000000000e+00,2.969373275186212342e-12,6.019799703004434788e-01,6.019799703005344060e-01,3.935999999999998093e+09,2.000000000000000000e+00
7.375000000000000370e-05,4.000000000000000000e+00,2.000000000000000000e+00,2.969373275186212342e-12,6.019799703004337088e-01,6.019799703005246361e-01,3.935999999999998093e+09,2.000000000000000000e+00
7.379166666666666687e-05,4.000000000000000000e+00,2.000000000000000000e+00,2.969373275186212342e-12,6.019799703004240499e-01,6.019799703005149771e-01,3.935999999999997616e+09,2.000000000000000000e+00
7.383333333333333003e-05,4.000000000000000000e+00,2.000000000000000000e+00,2.969373275186212342e-12,6.019799703004142799e-01,6.019799703005052072e-01,3.935999999999997616e+09,2.000000000000000000e+00
7.387500000000000674e-05,4.000000000000000000e+00,2.000000000000000000e+00,2.969373275186212342e-12,6.019799703004046210e-01,6.019799703004955482e-01,3.935999999999997616e+09,2.000000000000000000e+00
7.391666666666666990e-05,4.000000000000000000e+00,2.000000000000000000e+00,2.969373275186212342e-12,6.019799703003948510e-01,6.019799703004857783e-01,3.935999999999997139e+09,2.000000000000000000e+00
7.395833333333333307e-05,4.000000000000000000e+00,2.000000000000000000e+00,2.969373275186212342e-12,6.019799703003851921e-01,6.019799703004761193e-01,3.935999999999997139e+09,2.000000000000000000e+00
7.399999999999999623e-05,4.000000000000000000e+00,2.000000000000000000e+00,2.969373275186212342e-12,6.019799703003754221e-01,6.019799703004663494e-01,3.935999999999996662e+09,2.000000000000000000e+00
7.404166666666667294e-05,4.000000000000000000e+00,2.000000000000000000e+00,2.969373275186212342e-12,6.019799703003657632e-01,6.019799703004566904e-01,3.935999999999996662e+09,2.000000000000000000e+00
7.408333333333333610e-05,4.000000000000000000e+00,2.000000000000000000e+00,2.969373275186212342e-12,6.019799703003559932e-01,6.019799703004469205e-01,3.935999999999996662e+09,2.000000000000000000e+00
7.412499999999999927e-05,4.000000000000000000e+00,2.000000000000000000e+00,2.969373275186212342e-12,6.019799703003463343e-01,6.019799703004372615e-01,3.935999999999996185e+09,2.000000000000000000e+00
7.416666666666666243e-05,4.000000000000000000e+00,2.000000000000000000e+00,2.969373275186212342e-12,6.019799703003365643e-01,6.019799703004274916e-01,3.935999999999996185e+09,2.000000000000000000e+00
7.420833333333333914e-05,4.000000000000000000e+00,2.000000000000000000e+00,2.969373275186212342e-12,6.019799703003269054e-01,6.019799703004178326e-01,3.935999999999995708e+09,2.000000000000000000e+00
7.425000000000000230e-05,4.000000000000000000e+00,2.000000000000000000e+00,2.969373275186212342e-12,6.019799703003171354e-01,6.019799703004080627e-01,3.935999999999995708e+09,2.000000000000000000e+00
7.429166666666666547e-05,4.000000000000000000e+00,2.000000000000000000e+00,2.969373275186212342e-12,6.019799703003074764e-01,6.019799703003984037e-01,3.935999999999995708e+09,2.000000000000000000e+00
7.433333333333332863e-05,4.000000000000000000e+00,2.000000000000000000e+00,2.969373275186212342e-12,6.019799703002977065e-01,6.019799703003886338e-01,3.935999999999995232e+09,2.000000000000000000e+00
7.437500000000000534e-05,4.000000000000000000e+00,2.000000000000000000e+00,2.969373275186212342e-12,6.019799703002880475e-01,6.019799703003789748e-01,3.935999999999995232e+09,2.000000000000000000e+00
7.441666666666666850e-05,4.000000000000000000e+00,2.000000000000000000e+00,2.969373275186212342e-12,6.019799703002782776e-01,6.019799703003692048e-01,3.935999999999994755e+09,2.000000000000000000e+00
7.445833333333333167e-05,4.000000000000000000e+00,2.000000000000000000e+00,2.969373275186212342e-12,6.019799703002685076e-01,6.019799703003595459e-01,3.935999999999994755e+09,2.000000000000000000e+00
7.449999999999999483e-05,4.000000000000000000e+00,2.000000000000000000e+00,2.969373275186212342e-12,6.019799703002588487e-01,6.019799703003497759e-01,3.935999999999994755e+09,2.000000000000000000e+00
7.454166666666667154e-05,4.000000000000000000e+00,2.000000000000000000e+00,2.969373275186212342e-12,6.019799703002490787e-01,6.019799703003400060e-01,3.935999999999994278e+09,2.000000000000000000e+00
7.458333333333333471e-05,4.000000000000000000e+00,2.000000000000000000e+00,2.969373275186212342e-12,6.019799703002394198e-01,6.019799703003303470e-01,3.935999999999994278e+09,2.000000000000000000e+00
7.462499999999999787e-05,4.000000000000000000e+00,2.000000000000000000e+00,2.969373275186212342e-12,6.019799703002296498e-01,6.019799703003205771e-01,3.935999999999993801e+09,2.000000000000000000e+00
7.466666666666666103e-05,4.000000000000000000e+00,2.000000000000000000e+00,2.969373275186212342e-12,6.019799703002199909e-01,6.019799703003109181e-01,3.935999999999993801e+09,2.000000000000000000e+00
7.470833333333333774e-05,4.000000000000000000e+00,2.000000000000000000e+00,2.969373275186212342e-12,6.019799703002102209e-01,6.019799703003011482e-01,3.935999999999993801e+09,2.000000000000000000e+00
7.475000000000000091e-05,4.000000000000000000e+00,2.000000000000000000e+00,1.150383871640356068e-12,6.019799703002005620e-01,6.019799703002914892e-01,3.935999999999993324e+09,2.000000000000000000e+00
7.479166666666666407e-05,4.000000000000000000e+00,2.000000000000000000e+00,-6.686055319055004081e-13,6.019799703002306490e-01,6.019799703002854940e-01,3.935999999999993801e+09,2.000000000000000000e+00
7.483333333333332723e-05,4.000000000000000000e+00,2.000000000000000000e+00,-2.487594935451357086e-12,6.019799703002786107e-01,6.019799703002846059e-01,3.935999999999994755e+09,2.000000000000000000e+00
7.487500000000000394e-05,4.000000000000000000e+00,2.000000000000000000e+00,-4.306584338997213562e-12,6.019799703003367863e-01,6.019799703002893798e-01,3.935999999999996185e+09,2.000000000000000000e+00
7.491666666666666711e-05,4.000000000000000000e+00,2.000000000000000000e+00,-6.125573742543070038e-12,6.019799703004022895e-01,6.019799703003000380e-01,3.935999999999997616e+09,2.000000000000000000e+00
7.495833333333333027e-05,4.000000000000000000e+00,2.000000000000000000e+00,-6.125573742543070038e-12,6.019799703004742319e-01,6.019799703003166913e-01,3.935999999999999046e+09,2.000000000000000000e+00
7.499999999999999343e-05,4.000000000000000000e+00,2.000000000000000000e+00,-4.306584338997213562e-12,6.019799703005125346e-01,6.019799703003354541e-01,3.935999999999999523e+09,2.000000000000000000e+00
7.504166666666667014e-05,4.000000000000000000e+00,2.000000000000000000e+00,-4.306584338997213562e-12,6.019799703004991009e-01,6.019799703003514413e-01,3.935999999999999523e+09,2.000000000000000000e+00
7.508333333333333331e-05,4.000000000000000000e+00,2.000000000000000000e+00,-4.306584338997213562e-12,6.019799703005035418e-01,6.019799703003660962e-01,3.935999999999999523e+09,2.000000000000000000e+00
7.512499999999999647e-05,4.000000000000000000e+00,2.000000000000000000e+00,-4.306584338997213562e-12,6.019799703005143110e-01,6.019799703003804181e-01,3.935999999999999523e+09,2.000000000000000000e+00
7.516666666666667318e-05,4.000000000000000000e+00,2.000000000000000000e+00,-4.306584338997213562e-12,6.019799703005271896e-01,6.019799703003946290e-01,3.936000000000000000e+09,2.000000000000000000e+00
7.520833333333333634e-05,4.000000000000000000e+00,2.000000000000000000e+00,-4.306584338997213562e-12,6.019799703005408453e-01,6.019799703004087288e-01,3.936000000000000000e+09,2.000000000000000000e+00
7.524999999999999951e-05,4.000000000000000000e+00,2.000000000000000000e+00,-4.306584338997213562e-12,6.019799703005548341e-01,6.019799703004228286e-01,3.936000000000000477e+09,2.000000000000000000e+00
7.529166666666666267e-05,4.000000000000000000e+00,2.000000000000000000e+00,-4.306584338997213562e-12,6.019799703005688229e-01,6.019799703004369285e-01,3.936000000000000954e+09,2.000000000000000000e+00
7.533333333333333938e-05,4.000000000000000000e+00,2.000000000000000000e+00,-4.306584338997213562e-12,6.019799703005829228e-01,6.019799703004510283e-01,3.936000000000000954e+09,2.000000000000000000e+00
7.537500000000000254e-05,4.000000000000000000e+00,2.000000000000000000e+00,-4.306584338997213562e-12,6.019799703005970226e-01,6.019799703004651281e-01,3.936000000000001431e+09,2.000000000000000000e+00
7.541666666666666571e-05,4.000000000000000000e+00,2.000000000000000000e+00,-4.306584338997213562e-12,6.019799703006111224e-01,6.019799703004792280e-01,3.936000000000001431e+09,2.000000000000000000e+00
7.545833333333332887e-05,4.000000000000000000e+00,2.000000000000000000e+00,-4.306584338997213562e-12,6.019799703006252223e-01,6.019799703004933278e-01,3.936000000000001907e+09,2.000000000000000000e+00
7.550000000000000558e-05,4.000000000000000000e+00,2.000000000000000000e+00,-4.306584338997213562e-12,6.019799703006393221e-01,6.019799703005074276e-01,3.936000000000002384e+09,2.000000000000000000e+00
7.554166666666666875e-05,4.000000000000000000e+00,2.000000000000000000e+00,-2.487594935451357086e-12,6.019799703006534219e-01,6.019799703005215274e-01,3.936000000000002384e+09,2.000000000000000000e+00
7.558333333333333191e-05,4.000000000000000000e+00,2.000000000000000000e+00,-6.686055319055004081e-13,6.019799703006276648e-01,6.019799703005318525e-01,3.936000000000001907e+09,2.000000000000000000e+00
7.562499999999999507e-05,4.000000000000000000e+00,2.000000000000000000e+00,-6.686055319055004081e-13,6.019799703005840330e-01,6.019799703005371816e-01,3.936000000000000954e+09,2.000000000000000000e+00
7.566666666666667178e-05,4.000000000000000000e+00,2.000000000000000000e+00,-6.686055319055004081e-13,6.019799703005701552e-01,6.019799703005404012e-01,3.936000000000000954e+09,2.000000000000000000e+00
7.570833333333333495e-05,4.000000000000000000e+00,2.000000000000000000e+00,-6.686055319055004081e-13,6.019799703005667135e-01,6.019799703005429548e-01,3.936000000000000477e+09,2.000000000000000000e+00
7.574999999999999811e-05,4.000000000000000000e+00,2.000000000000000000e+00,-6.686055319055004081e-13,6.019799703005669356e-01,6.019799703005452862e-01,3.936000000000000477e+09,2.000000000000000000e+00
7.579166666666666127e-05,4.000000000000000000e+00,2.000000000000000000e+00,-6.686055319055004081e-13,6.019799703005683789e-01,6.019799703005475067e-01,3.936000000000000954e+09,2.000000000000000000e+00
7.583333333333333798e-05,4.000000000000000000e+00,2.000000000000000000e+00,-6.686055319055004081e-13,6.019799703005703773e-01,6.019799703005497271e-01,3.936000000000000954e+09,2.000000000000000000e+00
7.587500000000000115e-05,4.000000000000000000e+00,2.000000000000000000e+00,-6.686055319055004081e-13,6.019799703005724867e-01,6.019799703005519476e-01,3.936000000000000954e+09,2.000000000000000000e+00
7.591666666666666431e-05,4.000000000000000000e+00,2.000000000000000000e+00,-6.686055319055004081e-13,6.019799703005745961e-01,6.019799703005541680e-01,3.936000000000000954e+09,2.000000000000000000e+00
7.595833333333332747e-05,4.000000000000000000e+00,2.000000000000000000e+00,-6.686055319055004081e-13,6.019799703005768166e-01,6.019799703005562774e-01,3.936000000000000954e+09,2.000000000000000000e+00
7.600000000000000418e-05,4.000000000000000000e+00,2.000000000000000000e+00,-6.686055319055004081e-13,6.019799703005789260e-01,6.019799703005584979e-01,3.936000000000000954e+09,2.000000000000000000e+00
7.604166666666666735e-05,4.000000000000000000e+00,2.000000000000000000e+00,-6.686055319055004081e-13,6.019799703005811464e-01,6.019799703005607183e-01,3.936000000000000954e+09,2.000000000000000000e+00
7.608333333333333051e-05,4.000000000000000000e+00,2.000000000000000000e+00,-6.686055319055004081e-13,6.019799703005833669e-01,6.019799703005628277e-01,3.936000000000000954e+09,2.000000000000000000e+00
7.612499999999999367e-05,4.000000000000000000e+00,2.000000000000000000e+00,-6.686055319055004081e-13,6.019799703005854763e-01,6.019799703005650482e-01,3.936000000000000954e+09,2.000000000000000000e+00
7.616666666666667038e-05,4.000000000000000000e+00,2.000000000000000000e+00,-6.686055319055004081e-13,6.019799703005876967e-01,6.019799703005672686e-01,3.936000000000000954e+09,2.000000000000000000e+00
7.620833333333333355e-05,4.000000000000000000e+00,2.000000000000000000e+00,-6.686055319055004081e-13,6.019799703005899172e-01,6.019799703005693781e-01,3.936000000000000954e+09,2.000000000000000000e+00
7.624999999999999671e-05,4.000000000000000000e+00,2.000000000000000000e+00,-6.686055319055004081e-13,6.019799703005921376e-01,6.019799703005715985e-01,3.936000000000001431e+09,2.000000000000000000e+00
7.629166666666667342e-05,4.000000000000000000e+00,2.000000000000000000e+00,-6.686055319055004081e-13,6.019799703005942471e-01,6.019799703005738190e-01,3.936000000000001431e+09,2.000000000000000000e+00
7.633333333333333658e-05,4.000000000000000000e+00,2.000000000000000000e+00,-6.686055319055004081e-13,6.019799703005964675e-01,6.019799703005760394e-01,3.936000000000001431e+09,2.000000000000000000e+00
7.637499999999999975e-05,4.000000000000000000e+00,2.000000000000000000e+00,-6.686055319055004081e-13,6.019799703005986879e-01,6.019799703005781488e-01,3.936000000000001431e+09,2.000000000000000000e+00
7.641666666666666291e-05,4.000000000000000000e+00,2.000000000000000000e+00,-6.686055319055004081e-13,6.019799703006007974e-01,6.019799703005803693e-01,3.936000000000001431e+09,2.000000000000000000e+00
7.645833333333333962e-05,4.000000000000000000e+00,2.000000000000000000e+00,-6.686055319055004081e-13,6.019799703006030178e-01,6.019799703005825897e-01,3.936000000000001431e+09,2.000000000000000000e+00
7.650000000000000279e-05,4.000000000000000000e+00,2.000000000000000000e+00,-6.686055319055004081e-13,6.019799703006052383e-01,6.019799703005846991e-01,3.936000000000001431e+09,2.000000000000000000e+00
7.654166666666666595e-05,4.000000000000000000e+00,2.000000000000000000e+00,-6.686055319055004081e-13,6.019799703006074587e-01,6.019799703005869196e-01,3.936000000000001431e+09,2.000000000000000000e+00
7.658333333333332911e-05,4.000000000000000000e+00,2.000000000000000000e+00,-6.686055319055004081e-13,6.019799703006095681e-01,6.019799703005891400e-01,3.936000000000001431e+09,2.000000000000000000e+00
7.662500000000000582e-05,4.000000000000000000e+00,2.000000000000000000e+00,-6.686055319055004081e-13,6.019799703006117886e-01,6.019799703005913605e-01,3.936000000000001431e+09,2.000000000000000000e+00
7.666666666666666899e-05,4.000000000000000000e+00,2.000000000000000000e+00,-6.686055319055004081e-13,6.019799703006140090e-01,6.019799703005934699e-01,3.936000000000001431e+09,2.000000000000000000e+00
7.670833333333333215e-05,4.000000000000000000e+00,2.000000000000000000e+00,-6.686055319055004081e-13,6.019799703006161185e-01,6.019799703005956903e-01,3.936000000000001907e+09,2.000000000000000000e+00
7.674999999999999531e-05,4.000000000000000000e+00,2.000000000000000000e+00,-6.686055319055004081e-13,6.019799703006183389e-01,6.019799703005979108e-01,3.936000000000001907e+09,2.000000000000000000e+00
7.679166666666667202e-05,4.000000000000000000e+00,2.000000000000000000e+00,-6.686055319055004081e-13,6.019799703006205593e-01,6.019799703006000202e-01,3.936000000000001907e+09,2.000000000000000000e+00
7.683333333333333519e-05,4.000000000000000000e+00,2.000000000000000000e+00,-6.686055319055004081e-13,6.019799703006227798e-01,6.019799703006022407e-01,3.936000000000001907e+09,2.000000000000000000e+00
7.687499999999999835e-05,4.000000000000000000e+00,2.000000000000000000e+00,-6.686055319055004081e-13,6.019799703006248892e-01,6.019799703006044611e-01,3.936000000000001907e+09,2.000000000000000000e+00
7.691666666666666151e-05,4.000000000000000000e+00,2.000000000000000000e+00,-6.686055319055004081e-13,6.019799703006271097e-01,6.019799703006065705e-01,3.936000000000001907e+09,2.000000000000000000e+00
7.695833333333333822e-05,4.000000000000000000e+00,2.000000000000000000e+00,-6.686055319055004081e-13,6.019799703006293301e-01,6.019799703006087910e-01,3.936000000000001907e+09,2.000000000000000000e+00
7.700000000000000139e-05,4.000000000000000000e+00,2.000000000000000000e+00,-6.686055319055004081e-13,6.019799703006314395e-01,6.019799703006110114e-01,3.936000000000001907e+09,2.000000000000000000e+00
7.704166666666666455e-05,4.000000000000000000e+00,2.000000000000000000e+00,-6.686055319055004081e-13,6.019799703006336600e-01,6.019799703006132319e-01,3.936000000000001907e+09,2.000000000000000000e+00
7.708333333333332771e-05,4.000000000000000000e+00,2.000000000000000000e+00,-6.686055319055004081e-13,6.019799703006358804e-01,6.019799703006153413e-01,3.936000000000001907e+09,2.000000000000000000e+00
7.712500000000000442e-05,4.000000000000000000e+00,2.000000000000000000e+00,-6.686055319055004081e-13,6.019799703006379898e-01,6.019799703006175617e-01,3.936000000000001907e+09,2.000000000000000000e+00
7.716666666666666759e-05,4.000000000000000000e+00,2.000000000000000000e+00,1.150383871640356068e-12,6.019799703006402103e-01,6.019799703006197822e-01,3.936000000000002384e+09,2.000000000000000000e+00
7.720833333333333075e-05,4.000000000000000000e+00,2.000000000000000000e+00,2.969373275186212342e-12,6.019799703006025737e-01,6.019799703006182279e-01,3.936000000000001431e+09,2.000000000000000000e+00
7.724999999999999391e-05,4.000000000000000000e+00,2.000000000000000000e+00,2.969373275186212342e-12,6.019799703005470626e-01,6.019799703006115665e-01,3.936000000000000477e+09,2.000000000000000000e+00
7.729166666666667062e-05,4.000000000000000000e+00,2.000000000000000000e+00,2.969373275186212342e-12,6.019799703005213054e-01,6.019799703006029068e-01,3.936000000000000000e+09,2.000000000000000000e+00
7.733333333333333379e-05,4.000000000000000000e+00,2.000000000000000000e+00,2.969373275186212342e-12,6.019799703005058733e-01,6.019799703005935809e-01,3.935999999999999523e+09,2.000000000000000000e+00
7.737499999999999695e-05,4.000000000000000000e+00,2.000000000000000000e+00,2.969373275186212342e-12,6.019799703004942160e-01,6.019799703005840330e-01,3.935999999999999046e+09,2.000000000000000000e+00
7.741666666666666011e-05,4.000000000000000000e+00,2.000000000000000000e+00,2.969373275186212342e-12,6.019799703004837799e-01,6.019799703005743741e-01,3.935999999999999046e+09,2.000000000000000000e+00
7.745833333333333683e-05,4.000000000000000000e+00,2.000000000000000000e+00,2.969373275186212342e-12,6.019799703004738989e-01,6.019799703005646041e-01,3.935999999999999046e+09,2.000000000000000000e+00
7.749999999999999999e-05,4.000000000000000000e+00,2.000000000000000000e+00,2.969373275186212342e-12,6.019799703004640179e-01,6.019799703005549452e-01,3.935999999999998569e+09,2.000000000000000000e+00
7.754166666666666315e-05,4.000000000000000000e+00,2.000000000000000000e+00,2.969373275186212342e-12,6.019799703004542479e-01,6.019799703005451752e-01,3.935999999999998569e+09,2.000000000000000000e+00
7.758333333333333986e-05,4.000000000000000000e+00,2.000000000000000000e+00,2.969373275186212342e-12,6.019799703004445890e-01,6.019799703005355163e-01,3.935999999999998093e+09,2.000000000000000000e+00
7.762500000000000303e-05,4.000000000000000000e+00,2.000000000000000000e+00,2.969373275186212342e-12,6.019799703004348190e-01,6.019799703005257463e-01,3.935999999999998093e+09,2.000000000000000000e+00
7.766666666666666619e-05,4.000000000000000000e+00,2.000000000000000000e+00,2.969373275186212342e-12,6.019799703004251601e-01,6.019799703005160874e-01,3.935999999999998093e+09,2.000000000000000000e+00
7.770833333333332935e-05,4.000000000000000000e+00,2.000000000000000000e+00,2.969373275186212342e-12,6.019799703004153901e-01,6.019799703005063174e-01,3.935999999999997616e+09,2.000000000000000000e+00
7.775000000000000606e-05,4.000000000000000000e+00,2.000000000000000000e+00,2.969373275186212342e-12,6.019799703004057312e-01,6.019799703004966585e-01,3.935999999999997616e+09,2.000000000000000000e+00
7.779166666666666923e-05,4.000000000000000000e+00,2.000000000000000000e+00,2.969373275186212342e-12,6.019799703003959612e-01,6.019799703004868885e-01,3.935999999999997139e+09,2.000000000000000000e+00
7.783333333333333239e-05,4.000000000000000000e+00,2.000000000000000000e+00,2.969373275186212342e-12,6.019799703003863023e-01,6.019799703004772296e-01,3.935999999999997139e+09,2.000000000000000000e+00
7.787499999999999555e-05,4.000000000000000000e+00,2.000000000000000000e+00,2.969373275186212342e-12,6.019799703003765323e-01,6.019799703004674596e-01,3.935999999999997139e+09,2.000000000000000000e+00
7.791666666666667226e-05,4.000000000000000000e+00,2.000000000000000000e+00,2.969373275186212342e-12,6.019799703003668734e-01,6.019799703004578006e-01,3.935999999999996662e+09,2.000000000000000000e+00
7.795833333333333543e-05,4.000000000000000000e+00,2.000000000000000000e+00,2.969373275186212342e-12,6.019799703003571034e-01,6.019799703004480307e-01,3.935999999999996662e+09,2.000000000000000000e+00
7.799999999999999859e-05,4.000000000000000000e+00,2.000000000000000000e+00,2.969373275186212342e-12,6.019799703003473335e-01,6.019799703004383717e-01,3.935999999999996185e+09,2.000000000000000000e+00
7.804166666666666175e-05,4.000000000000000000e+00,2.000000000000000000e+00,2.969373275186212342e-12,6.019799703003376745e-01,6.019799703004286018e-01,3.935999999999996185e+09,2.000000000000000000e+00
7.808333333333333846e-05,4.000000000000000000e+00,2.000000000000000000e+00,2.969373275186212342e-12,6.019799703003279046e-01,6.019799703004189428e-01,3.935999999999995708e+09,2.000000000000000000e+00
7.812500000000000163e-05,4.000000000000000000e+00,2.000000000000000000e+00,2.969373275186212342e-12,6.019799703003182456e-01,6.019799703004091729e-01,3.935999999999995708e+09,2.000000000000000000e+00
7.816666666666666479e-05,4.000000000000000000e+00,2.000000000000000000e+00,2.969373275186212342e-12,6.019799703003084757e-01,6.019799703003994029e-01,3.935999999999995708e+09,2.000000000000000000e+00
7.820833333333332795e-05,4.000000000000000000e+00,2.000000000000000000e+00,2.969373275186212342e-12,6.019799703002988167e-01,6.019799703003897440e-01,3.935999999999995232e+09,2.000000000000000000e+00
7.825000000000000466e-05,4.000000000000000000e+00,2.000000000000000000e+00,2.969373275186212342e-12,6.019799703002890467e-01,6.019799703003799740e-01,3.935999999999995232e+09,2.000000000000000000e+00
7.829166666666666783e-05,4.000000000000000000e+00,2.000000000000000000e+00,2.969373275186212342e-12,6.019799703002793878e-01,6.019799703003703151e-01,3.935999999999994755e+09,2.000000000000000000e+00
7.833333333333333099e-05,4.000000000000000000e+00,2.000000000000000000e+00,2.969373275186212342e-12,6.019799703002696178e-01,6.019799703003605451e-01,3.935999999999994755e+09,2.000000000000000000e+00
7.837499999999999415e-05,4.000000000000000000e+00,2.000000000000000000e+00,2.969373275186212342e-12,6.019799703002599589e-01,6.019799703003508862e-01,3.935999999999994755e+09,2.000000000000000000e+00
7.841666666666667086e-05,4.000000000000000000e+00,2.000000000000000000e+00,2.969373275186212342e-12,6.019799703002501889e-01,6.019799703003411162e-01,3.935999999999994278e+09,2.000000000000000000e+00
7.845833333333333403e-05,4.000000000000000000e+00,2.000000000000000000e+00,2.969373275186212342e-12,6.019799703002405300e-01,6.019799703003314573e-01,3.935999999999994278e+09,2.000000000000000000e+00
7.849999999999999719e-05,4.000000000000000000e+00,2.000000000000000000e+00,2.969373275186212342e-12,6.019799703002307600e-01,6.019799703003216873e-01,3.935999999999993801e+09,2.000000000000000000e+00
7.854166666666666035e-05,4.000000000000000000e+00,2.000000000000000000e+00,2.969373275186212342e-12,6.019799703002211011e-01,6.019799703003120284e-01,3.935999999999993801e+09,2.000000000000000000e+00
7.858333333333333707e-05,4.000000000000000000e+00,2.000000000000000000e+00,2.969373275186212342e-12,6.019799703002113311e-01,6.019799703003022584e-01,3.935999999999993801e+09,2.000000000000000000e+00
7.862500000000000023e-05,4.000000000000000000e+00,2.000000000000000000e+00,1.150383871640356068e-12,6.019799703002016722e-01,6.019799703002925995e-01,3.935999999999993324e+09,2.000000000000000000e+00
7.866666666666666339e-05,4.000000000000000000e+00,2.000000000000000000e+00,-6.686055319055004081e-13,6.019799703002317592e-01,6.019799703002864932e-01,3.935999999999993801e+09,2.000000000000000000e+00
7.870833333333334010e-05,4.000000000000000000e+00,2.000000000000000000e+00,-2.487594935451357086e-12,6.019799703002797209e-01,6.019799703002857161e-01,3.935999999999994755e+09,2.000000000000000000e+00
7.875000000000000327e-05,4.000000000000000000e+00,2.000000000000000000e+00,-4.306584338997213562e-12,6.019799703003378966e-01,6.019799703002904900e-01,3.935999999999996185e+09,2.000000000000000000e+00
7.879166666666666643e-05,4.000000000000000000e+00,2.000000000000000000e+00,-6.125573742543070038e-12,6.019799703004033997e-01,6.019799703003011482e-01,3.935999999999997616e+09,2.000000000000000000e+00
7.883333333333332959e-05,4.000000000000000000e+00,2.000000000000000000e+00,-6.125573742543070038e-12,6.019799703004753422e-01,6.019799703003176905e-01,3.935999999999999046e+09,2.000000000000000000e+00
7.887500000000000630e-05,4.000000000000000000e+00,2.000000000000000000e+00,-4.306584338997213562e-12,6.019799703005136449e-01,6.019799703003365643e-01,3.935999999999999523e+09,2.000000000000000000e+00
7.891666666666666947e-05,4.000000000000000000e+00,2.000000000000000000e+00,-4.306584338997213562e-12,6.019799703005002112e-01,6.019799703003524405e-01,3.935999999999999523e+09,2.000000000000000000e+00
7.895833333333333263e-05,4.000000000000000000e+00,2.000000000000000000e+00,-4.306584338997213562e-12,6.019799703005046521e-01,6.019799703003672064e-01,3.935999999999999523e+09,2.000000000000000000e+00
7.899999999999999579e-05,4.000000000000000000e+00,2.000000000000000000e+00,-4.306584338997213562e-12,6.019799703005154212e-01,6.019799703003815283e-01,3.935999999999999523e+09,2.000000000000000000e+00
7.904166666666667250e-05,4.000000000000000000e+00,2.000000000000000000e+00,-4.306584338997213562e-12,6.019799703005282998e-01,6.019799703003957392e-01,3.936000000000000000e+09,2.000000000000000000e+00
7.908333333333333567e-05,4.000000000000000000e+00,2.000000000000000000e+00,-4.306584338997213562e-12,6.019799703005419556e-01,6.019799703004098390e-01,3.936000000000000000e+09,2.000000000000000000e+00
7.912499999999999883e-05,4.000000000000000000e+00,2.000000000000000000e+00,-4.306584338997213562e-12,6.019799703005559444e-01,6.019799703004239388e-01,3.936000000000000477e+09,2.000000000000000000e+00
7.916666666666666199e-05,4.000000000000000000e+00,2.000000000000000000e+00,-4.306584338997213562e-12,6.019799703005699332e-01,6.019799703004380387e-01,3.936000000000000954e+09,2.000000000000000000e+00
7.920833333333333870e-05,4.000000000000000000e+00,2.000000000000000000e+00,-4.306584338997213562e-12,6.019799703005840330e-01,6.019799703004521385e-01,3.936000000000000954e+09,2.000000000000000000e+00
7.925000000000000187e-05,4.000000000000000000e+00,2.000000000000000000e+00,-4.306584338997213562e-12,6.019799703005981328e-01,6.019799703004662383e-01,3.936000000000001431e+09,2.000000000000000000e+00
7.929166666666666503e-05,4.000000000000000000e+00,2.000000000000000000e+00,-4.306584338997213562e-12,6.019799703006122327e-01,6.019799703004803382e-01,3.936000000000001431e+09,2.000000000000000000e+00
7.933333333333332819e-05,4.000000000000000000e+00,2.000000000000000000e+00,-4.306584338997213562e-12,6.019799703006263325e-01,6.019799703004944380e-01,3.936000000000001907e+09,2.000000000000000000e+00
7.937500000000000490e-05,4.000000000000000000e+00,2.000000000000000000e+00,-4.306584338997213562e-12,6.019799703006404323e-01,6.019799703005085378e-01,3.936000000000002384e+09,2.000000000000000000e+00
7.941666666666666807e-05,4.000000000000000000e+00,2.000000000000000000e+00,-2.487594935451357086e-12,6.019799703006545322e-01,6.019799703005226377e-01,3.936000000000002384e+09,2.000000000000000000e+00
7.945833333333333123e-05,4.000000000000000000e+00,2.000000000000000000e+00,-6.686055319055004081e-13,6.019799703006287750e-01,6.019799703005329627e-01,3.936000000000001907e+09,2.000000000000000000e+00
7.949999999999999439e-05,4.000000000000000000e+00,2.000000000000000000e+00,-6.686055319055004081e-13,6.019799703005851432e-01,6.019799703005382918e-01,3.936000000000000954e+09,2.000000000000000000e+00
7.954166666666667111e-05,4.000000000000000000e+00,2.000000000000000000e+00,-6.686055319055004081e-13,6.019799703005712654e-01,6.019799703005415115e-01,3.936000000000000954e+09,2.000000000000000000e+00
7.958333333333333427e-05,4.000000000000000000e+00,2.000000000000000000e+00,-6.686055319055004081e-13,6.019799703005678237e-01,6.019799703005440650e-01,3.936000000000000954e+09,2.000000000000000000e+00
7.962499999999999743e-05,4.000000000000000000e+00,2.000000000000000000e+00,-6.686055319055004081e-13,6.019799703005680458e-01,6.019799703005463964e-01,3.936000000000000954e+09,2.000000000000000000e+00
7.966666666666666059e-05,4.000000000000000000e+00,2.000000000000000000e+00,-6.686055319055004081e-13,6.019799703005694891e-01,6.019799703005486169e-01,3.936000000000000954e+09,2.000000000000000000e+00
7.970833333333333731e-05,4.000000000000000000e+00,2.000000000000000000e+00,-6.686055319055004081e-13,6.019799703005714875e-01,6.019799703005508373e-01,3.936000000000000954e+09,2.000000000000000000e+00
7.975000000000000047e-05,4.000000000000000000e+00,2.000000000000000000e+00,-6.686055319055004081e-13,6.019799703005734859e-01,6.019799703005530578e-01,3.936000000000000954e+09,2.000000000000000000e+00
7.979166666666666363e-05,4.000000000000000000e+00,2.000000000000000000e+00,-6.686055319055004081e-13,6.019799703005757063e-01,6.019799703005551672e-01,3.936000000000000954e+09,2.000000000000000000e+00
7.983333333333332679e-05,4.000000000000000000e+00,2.000000000000000000e+00,-6.686055319055004081e-13,6.019799703005779268e-01,6.019799703005573877e-01,3.936000000000000954e+09,2.000000000000000000e+00
7.987500000000000351e-05,4.000000000000000000e+00,2.000000000000000000e+00,-6.686055319055004081e-13,6.019799703005800362e-01,6.019799703005596081e-01,3.936000000000000954e+09,2.000000000000000000e+00
7.991666666666666667e-05,4.000000000000000000e+00,2.000000000000000000e+00,-6.686055319055004081e-13,6.019799703005822566e-01,6.019799703005617175e-01,3.936000000000000954e+09,2.000000000000000000e+00
7.995833333333332983e-05,4.000000000000000000e+00,2.000000000000000000e+00,-6.686055319055004081e-13,6.019799703005844771e-01,6.019799703005639380e-01,3.936000000000000954e+09,2.000000000000000000e+00
8.000000000000000654e-05,4.000000000000000000e+00,2.000000000000000000e+00,-6.686055319055004081e-13,6.019799703005865865e-01,6.019799703005661584e-01,3.936000000000000954e+09,2.000000000000000000e+00
8.004166666666666971e-05,4.000000000000000000e+00,2.000000000000000000e+00,-6.686055319055004081e-13,6.019799703005888070e-01,6.019799703005683789e-01,3.936000000000000954e+09,2.000000000000000000e+00
8.008333333333333287e-05,4.000000000000000000e+00,2.000000000000000000e+00,-6.686055319055004081e-13,6.019799703005910274e-01,6.019799703005704883e-01,3.936000000000001431e+09,2.000000000000000000e+00
8.012499999999999603e-05,4.000000000000000000e+00,2.000000000000000000e+00,-6.686055319055004081e-13,6.019799703005931368e-01,6.019799703005727087e-01,3.936000000000001431e+09,2.000000000000000000e+00
8.016666666666667274e-05,4.000000000000000000e+00,2.000000000000000000e+00,-6.686055319055004081e-13,6.019799703005953573e-01,6.019799703005749292e-01,3.936000000000001431e+09,2.000000000000000000e+00
8.020833333333333591e-05,4.000000000000000000e+00,2.000000000000000000e+00,-6.686055319055004081e-13,6.019799703005975777e-01,6.019799703005770386e-01,3.936000000000001431e+09,2.000000000000000000e+00
8.024999999999999907e-05,4.000000000000000000e+00,2.000000000000000000e+00,-6.686055319055004081e-13,6.019799703005997982e-01,6.019799703005792590e-01,3.936000000000001431e+09,2.000000000000000000e+00
8.029166666666666223e-05,4.000000000000000000e+00,2.000000000000000000e+00,-6.686055319055004081e-13,6.019799703006019076e-01,6.019799703005814795e-01,3.936000000000001431e+09,2.000000000000000000e+00
8.033333333333333894e-05,4.000000000000000000e+00,2.000000000000000000e+00,-6.686055319055004081e-13,6.019799703006041280e-01,6.019799703005836999e-01,3.936000000000001431e+09,2.000000000000000000e+00
8.037500000000000211e-05,4.000000000000000000e+00,2.000000000000000000e+00,-6.686055319055004081e-13,6.019799703006063485e-01,6.019799703005858094e-01,3.936000000000001431e+09,2.000000000000000000e+00
8.041666666666666527e-05,4.000000000000000000e+00,2.000000000000000000e+00,-6.686055319055004081e-13,6.019799703006084579e-01,6.019799703005880298e-01,3.936000000000001431e+09,2.000000000000000000e+00
8.045833333333332843e-05,4.000000000000000000e+00,2.000000000000000000e+00,-6.686055319055004081e-13,6.019799703006106784e-01,6.019799703005902503e-01,3.936000000000001431e+09,2.000000000000000000e+00
8.050000000000000515e-05,4.000000000000000000e+00,2.000000000000000000e+00,-6.686055319055004081e-13,6.019799703006128988e-01,6.019799703005923597e-01,3.936000000000001431e+09,2.000000000000000000e+00
8.054166666666666831e-05,4.000000000000000000e+00,2.000000000000000000e+00,-6.686055319055004081e-13,6.019799703006150082e-01,6.019799703005945801e-01,3.936000000000001907e+09,2.000000000000000000e+00
8.058333333333333147e-05,4.000000000000000000e+00,2.000000000000000000e+00,-6.686055319055004081e-13,6.019799703006172287e-01,6.019799703005968006e-01,3.936000000000001907e+09,2.000000000000000000e+00
8.062499999999999463e-05,4.000000000000000000e+00,2.000000000000000000e+00,-6.686055319055004081e-13,6.019799703006194491e-01,6.019799703005989100e-01,3.936000000000001907e+09,2.000000000000000000e+00
8.066666666666667135e-05,4.000000000000000000e+00,2.000000000000000000e+00,-6.686055319055004081e-13,6.019799703006216696e-01,6.019799703006011304e-01,3.936000000000001907e+09,2.000000000000000000e+00
8.070833333333333451e-05,4.000000000000000000e+00,2.000000000000000000e+00,-6.686055319055004081e-13,6.019799703006237790e-01,6.019799703006033509e-01,3.936000000000001907e+09,2.000000000000000000e+00
8.074999999999999767e-05,4.000000000000000000e+00,2.000000000000000000e+00,-6.686055319055004081e-13,6.019799703006259994e-01,6.019799703006055713e-01,3.936000000000001907e+09,2.000000000000000000e+00
8.079166666666666083e-05,4.000000000000000000e+00,2.000000000000000000e+00,-6.686055319055004081e-13,6.019799703006282199e-01,6.019799703006076808e-01,3.936000000000001907e+09,2.000000000000000000e+00
8.083333333333333755e-05,4.000000000000000000e+00,2.000000000000000000e+00,-6.686055319055004081e-13,6.019799703006303293e-01,6.019799703006099012e-01,3.936000000000001907e+09,2.000000000000000000e+00
8.087500000000000071e-05,4.000000000000000000e+00,2.000000000000000000e+00,-6.686055319055004081e-13,6.019799703006325498e-01,6.019799703006121216e-01,3.936000000000001907e+09,2.000000000000000000e+00
8.091666666666666387e-05,4.000000000000000000e+00,2.000000000000000000e+00,-6.686055319055004081e-13,6.019799703006347702e-01,6.019799703006142311e-01,3.936000000000001907e+09,2.000000000000000000e+00
8.095833333333332703e-05,4.000000000000000000e+00,2.000000000000000000e+00,-6.686055319055004081e-13,6.019799703006369906e-01,6.019799703006164515e-01,3.936000000000001907e+09,2.000000000000000000e+00
8.100000000000000375e-05,4.000000000000000000e+00,2.000000000000000000e+00,1.150383871640356068e-12,6.019799703006391001e-01,6.019799703006186720e-01,3.936000000000002384e+09,2.000000000000000000e+00
8.104166666666666691e-05,4.000000000000000000e+00,2.000000000000000000e+00,2.969373275186212342e-12,6.019799703006014635e-01,6.019799703006171177e-01,3.936000000000001431e+09,2.000000000000000000e+00
8.108333333333333007e-05,4.000000000000000000e+00,2.000000000000000000e+00,2.969373275186212342e-12,6.019799703005459524e-01,6.019799703006104563e-01,3.936000000000000477e+09,2.000000000000000000e+00
8.112499999999999323e-05,4.000000000000000000e+00,2.000000000000000000e+00,2.969373275186212342e-12,6.019799703005201952e-01,6.019799703006017966e-01,3.936000000000000000e+09,2.000000000000000000e+00
8.116666666666666995e-05,4.000000000000000000e+00,2.000000000000000000e+00,2.969373275186212342e-12,6.019799703005047631e-01,6.019799703005924707e-01,3.935999999999999523e+09,2.000000000000000000e+00
8.120833333333333311e-05,4.000000000000000000e+00,2.000000000000000000e+00,2.969373275186212342e-12,6.019799703004931057e-01,6.019799703005829228e-01,3.935999999999999046e+09,2.000000000000000000e+00
8.124999999999999627e-05,4.000000000000000000e+00,2.000000000000000000e+00,2.969373275186212342e-12,6.019799703004826696e-01,6.019799703005732638e-01,3.935999999999999046e+09,2.000000000000000000e+00
8.129166666666667298e-05,4.000000000000000000e+00,2.000000000000000000e+00,2.969373275186212342e-12,6.019799703004727887e-01,6.019799703005634939e-01,3.935999999999999046e+09,2.000000000000000000e+00
8.133333333333333615e-05,4.000000000000000000e+00,2.000000000000000000e+00,2.969373275186212342e-12,6.019799703004629077e-01,6.019799703005538349e-01,3.935999999999998569e+09,2.000000000000000000e+00
8.137499999999999931e-05,4.000000000000000000e+00,2.000000000000000000e+00,2.969373275186212342e-12,6.019799703004532487e-01,6.019799703005440650e-01,3.935999999999998569e+09,2.000000000000000000e+00
8.141666666666666247e-05,4.000000000000000000e+00,2.000000000000000000e+00,2.969373275186212342e-12,6.019799703004434788e-01,6.019799703005344060e-01,3.935999999999998093e+09,2.000000000000000000e+00
8.145833333333333919e-05,4.000000000000000000e+00,2.000000000000000000e+00,2.969373275186212342e-12,6.019799703004337088e-01,6.019799703005246361e-01,3.935999999999998093e+09,2.000000000000000000e+00
8.150000000000000235e-05,4.000000000000000000e+00,2.000000000000000000e+00,2.969373275186212342e-12,6.019799703004240499e-01,6.019799703005149771e-01,3.935999999999997616e+09,2.000000000000000000e+00
8.154166666666666551e-05,4.000000000000000000e+00,2.000000000000000000e+00,2.969373275186212342e-12,6.019799703004142799e-01,6.019799703005052072e-01,3.935999999999997616e+09,2.000000000000000000e+00
8.158333333333332867e-05,4.000000000000000000e+00,2.000000000000000000e+00,2.969373275186212342e-12,6.019799703004046210e-01,6.019799703004955482e-01,3.935999999999997616e+09,2.000000000000000000e+00
8.162500000000000539e-05,4.000000000000000000e+00,2.000000000000000000e+00,2.969373275186212342e-12,6.019799703003948510e-01,6.019799703004857783e-01,3.935999999999997139e+09,2.000000000000000000e+00
8.166666666666666855e-05,4.000000000000000000e+00,2.000000000000000000e+00,2.969373275186212342e-12,6.019799703003851921e-01,6.019799703004761193e-01,3.935999999999997139e+09,2.000000000000000000e+00
8.170833333333333171e-05,4.000000000000000000e+00,2.000000000000000000e+00,2.969373275186212342e-12,6.019799703003754221e-01,6.019799703004663494e-01,3.935999999999996662e+09,2.000000000000000000e+00
8.174999999999999487e-05,4.000000000000000000e+00,2.000000000000000000e+00,2.969373275186212342e-12,6.019799703003657632e-01,6.019799703004566904e-01,3.935999999999996662e+09,2.000000000000000000e+00
8.179166666666667159e-05,4.000000000000000000e+00,2.000000000000000000e+00,2.969373275186212342e-12,6.019799703003559932e-01,6.019799703004469205e-01,3.935999999999996662e+09,2.000000000000000000e+00
8.183333333333333475e-05,4.000000000000000000e+00,2.000000000000000000e+00,2.969373275186212342e-12,6.019799703003463343e-01,6.019799703004372615e-01,3.935999999999996185e+09,2.000000000000000000e+00
8.187499999999999791e-05,4.000000000000000000e+00,2.000000000000000000e+00,2.969373275186212342e-12,6.019799703003365643e-01,6.019799703004274916e-01,3.935999999999996185e+09,2.000000000000000000e+00
8.191666666666666107e-05,4.000000000000000000e+00,2.000000000000000000e+00,2.969373275186212342e-12,6.019799703003269054e-01,6.019799703004178326e-01,3.935999999999995708e+09,2.000000000000000000e+00
8.195833333333333779e-05,4.000000000000000000e+00,2.000000000000000000e+00,2.969373275186212342e-12,6.019799703003171354e-01,6.019799703004080627e-01,3.935999999999995708e+09,2.000000000000000000e+00
8.200000000000000095e-05,4.000000000000000000e+00,2.000000000000000000e+00,2.969373275186212342e-12,6.019799703003074764e-01,6.019799703003984037e-01,3.935999999999995708e+09,2.000000000000000000e+00
8.204166666666666411e-05,4.000000000000000000e+00,2.000000000000000000e+00,2.969373275186212342e-12,6.019799703002977065e-01,6.019799703003886338e-01,3.935999999999995232e+09,2.000000000000000000e+00
8.208333333333332727e-05,4.000000000000000000e+00,2.000000000000000000e+00,2.969373275186212342e-12,6.019799703002879365e-01,6.019799703003789748e-01,3.935999999999995232e+09,2.000000000000000000e+00
8.212500000000000399e-05,4.000000000000000000e+00,2.000000000000000000e+00,2.969373275186212342e-12,6.019799703002782776e-01,6.019799703003692048e-01,3.935999999999994755e+09,2.000000000000000000e+00
8.216666666666666715e-05,4.000000000000000000e+00,2.000000000000000000e+00,2.969373275186212342e-12,6.019799703002685076e-01,6.019799703003594349e-01,3.935999999999994755e+09,2.000000000000000000e+00
8.220833333333333031e-05,4.000000000000000000e+00,2.000000000000000000e+00,2.969373275186212342e-12,6.019799703002588487e-01,6.019799703003497759e-01,3.935999999999994755e+09,2.000000000000000000e+00
8.224999999999999347e-05,4.000000000000000000e+00,2.000000000000000000e+00,2.969373275186212342e-12,6.019799703002490787e-01,6.019799703003400060e-01,3.935999999999994278e+09,2.000000000000000000e+00
8.229166666666667019e-05,4.000000000000000000e+00,2.000000000000000000e+00,2.969373275186212342e-12,6.019799703002394198e-01,6.019799703003303470e-01,3.935999999999994278e+09,2.000000000000000000e+00
8.233333333333333335e-05,4.000000000000000000e+00,2.000000000000000000e+00,2.969373275186212342e-12,6.019799703002296498e-01,6.019799703003205771e-01,3.935999999999993801e+09,2.000000000000000000e+00
8.237499999999999651e-05,4.000000000000000000e+00,2.000000000000000000e+00,2.969373275186212342e-12,6.019799703002199909e-01,6.019799703003109181e-01,3.935999999999993801e+09,2.000000000000000000e+00
8.241666666666667323e-05,4.000000000000000000e+00,2.000000000000000000e+00,2.969373275186212342e-12,6.019799703002102209e-01,6.019799703003011482e-01,3.935999999999993801e+09,2.000000000000000000e+00
8.245833333333333639e-05,4.000000000000000000e+00,2.000000000000000000e+00,1.150383871640356068e-12,6.019799703002005620e-01,6.019799703002914892e-01,3.935999999999993324e+09,2.000000000000000000e+00
8.249999999999999955e-05,4.000000000000000000e+00,2.000000000000000000e+00,-6.686055319055004081e-13,6.019799703002306490e-01,6.019799703002854940e-01,3.935999999999993801e+09,2.000000000000000000e+00
8.254166666666666271e-05,4.000000000000000000e+00,2.000000000000000000e+00,-2.487594935451357086e-12,6.019799703002786107e-01,6.019799703002846059e-01,3.935999999999994755e+09,2.000000000000000000e+00
8.258333333333333943e-05,4.000000000000000000e+00,2.000000000000000000e+00,-4.306584338997213562e-12,6.019799703003367863e-01,6.019799703002893798e-01,3.935999999999996185e+09,2.000000000000000000e+00
8.262500000000000259e-05,4.000000000000000000e+00,2.000000000000000000e+00,-6.125573742543070038e-12,6.019799703004022895e-01,6.019799703003000380e-01,3.935999999999997616e+09,2.000000000000000000e+00
8.266666666666666575e-05,4.000000000000000000e+00,2.000000000000000000e+00,-6.125573742543070038e-12,6.019799703004742319e-01,6.019799703003165803e-01,3.935999999999999046e+09,2.000000000000000000e+00
8.270833333333332891e-05,4.000000000000000000e+00,2.000000000000000000e+00,-4.306584338997213562e-12,6.019799703005125346e-01,6.019799703003354541e-01,3.935999999999999523e+09,2.000000000000000000e+00
8.275000000000000563e-05,4.000000000000000000e+00,2.000000000000000000e+00,-4.306584338997213562e-12,6.019799703004991009e-01,6.019799703003514413e-01,3.935999999999999523e+09,2.000000000000000000e+00
8.279166666666666879e-05,4.000000000000000000e+00,2.000000000000000000e+00,-4.306584338997213562e-12,6.019799703005035418e-01,6.019799703003660962e-01,3.935999999999999523e+09,2.000000000000000000e+00
8.283333333333333195e-05,4.000000000000000000e+00,2.000000000000000000e+00,-4.306584338997213562e-12,6.019799703005143110e-01,6.019799703003804181e-01,3.935999999999999523e+09,2.000000000000000000e+00
8.287499999999999511e-05,4.000000000000000000e+00,2.000000000000000000e+00,-4.306584338997213562e-12,6.019799703005271896e-01,6.019799703003946290e-01,3.936000000000000000e+09,2.000000000000000000e+00
8.291666666666667183e-05,4.000000000000000000e+00,2.000000000000000000e+00,-4.306584338997213562e-12,6.019799703005408453e-01,6.019799703004087288e-01,3.936000000000000000e+09,2.000000000000000000e+00
8.295833333333333499e-05,4.000000000000000000e+00,2.000000000000000000e+00,-4.306584338997213562e-12,6.019799703005548341e-01,6.019799703004228286e-01,3.936000000000000477e+09,2.000000000000000000e+00
8.299999999999999815e-05,4.000000000000000000e+00,2.000000000000000000e+00,-4.306584338997213562e-12,6.019799703005688229e-01,6.019799703004369285e-01,3.936000000000000954e+09,2.000000000000000000e+00
8.304166666666666131e-05,4.000000000000000000e+00,2.000000000000000000e+00,-4.306584338997213562e-12,6.019799703005829228e-01,6.019799703004510283e-01,3.936000000000000954e+09,2.000000000000000000e+00
8.308333333333333803e-05,4.000000000000000000e+00,2.000000000000000000e+00,-4.306584338997213562e-12,6.019799703005970226e-01,6.019799703004651281e-01,3.936000000000001431e+09,2.000000000000000000e+00
8.312500000000000119e-05,4.000000000000000000e+00,2.000000000000000000e+00,-4.306584338997213562e-12,6.019799703006111224e-01,6.019799703004792280e-01,3.936000000000001431e+09,2.000000000000000000e+00
8.316666666666666435e-05,4.000000000000000000e+00,2.000000000000000000e+00,-4.306584338997213562e-12,6.019799703006252223e-01,6.019799703004933278e-01,3.936000000000001907e+09,2.000000000000000000e+00
8.320833333333332751e-05,4.000000000000000000e+00,2.000000000000000000e+00,-4.306584338997213562e-12,6.019799703006393221e-01,6.019799703005074276e-01,3.936000000000002384e+09,2.000000000000000000e+00
8.325000000000000423e-05,4.000000000000000000e+00,2.000000000000000000e+00,-2.487594935451357086e-12,6.019799703006534219e-01,6.019799703005215274e-01,3.936000000000002384e+09,2.000000000000000000e+00
8.329166666666666739e-05,4.000000000000000000e+00,2.000000000000000000e+00,-6.686055319055004081e-13,6.019799703006276648e-01,6.019799703005318525e-01,3.936000000000001907e+09,2.000000000000000000e+00
