time_s,code,state,phase_error_rad,vctrl_v,vc1_v,fvco_hz,searches
0.000000000000000000e+00,1.270000000000000000e+02,0.000000000000000000e+00,6.999999999999999556e-01,5.999999999999999778e-01,5.999999999999999778e-01,3.118438937665384293e+09,1.000000000000000000e+00
4.166666666666666919e-08,1.270000000000000000e+02,0.000000000000000000e+00,2.913148364813010205e-01,5.999999999999999778e-01,5.999999999999999778e-01,3.118438937665384293e+09,1.000000000000000000e+00
8.333333333333333839e-08,1.270000000000000000e+02,0.000000000000000000e+00,-1.173703270373866459e-01,5.999999999999999778e-01,5.999999999999999778e-01,3.118438937665384293e+09,1.000000000000000000e+00
1.249999999999999943e-07,1.270000000000000000e+02,0.000000000000000000e+00,-5.260554905561026784e-01,5.999999999999999778e-01,5.999999999999999778e-01,3.118438937665384293e+09,1.000000000000000000e+00
1.666666666666666768e-07,1.270000000000000000e+02,0.000000000000000000e+00,-9.347406540748187664e-01,5.999999999999999778e-01,5.999999999999999778e-01,3.118438937665384293e+09,1.000000000000000000e+00
2.083333333333333327e-07,1.270000000000000000e+02,0.000000000000000000e+00,-1.343425817593477900e+00,5.999999999999999778e-01,5.999999999999999778e-01,3.118438937665384293e+09,1.000000000000000000e+00
2.499999999999999887e-07,1.270000000000000000e+02,0.000000000000000000e+00,-1.752110981112137145e+00,5.999999999999999778e-01,5.999999999999999778e-01,3.118438937665384293e+09,1.000000000000000000e+00
2.916666666666666446e-07,1.270000000000000000e+02,0.000000000000000000e+00,-2.160796144630796611e+00,5.999999999999999778e-01,5.999999999999999778e-01,3.118438937665384293e+09,1.000000000000000000e+00
3.333333333333333535e-07,1.270000000000000000e+02,0.000000000000000000e+00,-2.569481308149455412e+00,5.999999999999999778e-01,5.999999999999999778e-01,3.118438937665384293e+09,1.000000000000000000e+00
3.750000000000000095e-07,1.270000000000000000e+02,0.000000000000000000e+00,-2.978166471668114657e+00,5.999999999999999778e-01,5.999999999999999778e-01,3.118438937665384293e+09,1.000000000000000000e+00
4.166666666666666655e-07,1.270000000000000000e+02,0.000000000000000000e+00,2.896333671992812331e+00,5.999999999999999778e-01,5.999999999999999778e-01,3.118438937665384293e+09,1.000000000000000000e+00
4.583333333333333214e-07,1.270000000000000000e+02,0.000000000000000000e+00,2.487648508474039399e+00,5.999999999999999778e-01,5.999999999999999778e-01,3.118438937665384293e+09,1.000000000000000000e+00
4.999999999999999774e-07,1.270000000000000000e+02,0.000000000000000000e+00,2.078963344955266468e+00,5.999999999999999778e-01,5.999999999999999778e-01,3.118438937665384293e+09,1.000000000000000000e+00
5.416666666666666333e-07,1.270000000000000000e+02,0.000000000000000000e+00,1.670278181436493758e+00,5.999999999999999778e-01,5.999999999999999778e-01,3.118438937665384293e+09,1.000000000000000000e+00
5.833333333333332893e-07,1.270000000000000000e+02,0.000000000000000000e+00,1.261593017917720827e+00,5.999999999999999778e-01,5.999999999999999778e-01,3.118438937665384293e+09,1.000000000000000000e+00
6.250000000000000511e-07,1.270000000000000000e+02,0.000000000000000000e+00,8.529078543989478955e-01,5.999999999999999778e-01,5.999999999999999778e-01,3.118438937665384293e+09,1.000000000000000000e+00
6.666666666666667071e-07,1.270000000000000000e+02,0.000000000000000000e+00,4.442226908801750751e-01,5.999999999999999778e-01,5.999999999999999778e-01,3.118438937665384293e+09,1.000000000000000000e+00
7.083333333333333630e-07,1.270000000000000000e+02,0.000000000000000000e+00,3.553752736140215751e-02,5.999999999999999778e-01,5.999999999999999778e-01,3.118438937665384293e+09,1.000000000000000000e+00
7.500000000000000190e-07,1.270000000000000000e+02,0.000000000000000000e+00,-3.731476361573707323e-01,5.999999999999999778e-01,5.999999999999999778e-01,3.118438937665384293e+09,1.000000000000000000e+00
7.916666666666666750e-07,1.270000000000000000e+02,0.000000000000000000e+00,-7.818327996759162346e-01,5.999999999999999778e-01,5.999999999999999778e-01,3.118438937665384293e+09,1.000000000000000000e+00
8.333333333333333309e-07,1.270000000000000000e+02,0.000000000000000000e+00,-1.190517963194689166e+00,5.999999999999999778e-01,5.999999999999999778e-01,3.118438937665384293e+09,1.000000000000000000e+00
8.749999999999999869e-07,1.270000000000000000e+02,0.000000000000000000e+00,-1.599203126713462098e+00,5.999999999999999778e-01,5.999999999999999778e-01,3.118438937665384293e+09,1.000000000000000000e+00
9.166666666666666428e-07,1.270000000000000000e+02,0.000000000000000000e+00,-2.007888290232235029e+00,5.999999999999999778e-01,5.999999999999999778e-01,3.118438937665384293e+09,1.000000000000000000e+00
9.583333333333334047e-07,1.270000000000000000e+02,0.000000000000000000e+00,-2.416573453751007960e+00,5.999999999999999778e-01,5.999999999999999778e-01,3.118438937665384293e+09,1.000000000000000000e+00
9.999999999999999547e-07,1.270000000000000000e+02,0.000000000000000000e+00,-2.825258617269780892e+00,5.999999999999999778e-01,5.999999999999999778e-01,3.118438937665384293e+09,1.000000000000000000e+00
1.041666666666666717e-06,1.270000000000000000e+02,0.000000000000000000e+00,3.049241526391032853e+00,5.999999999999999778e-01,5.999999999999999778e-01,3.118438937665384293e+09,1.000000000000000000e+00
1.083333333333333267e-06,1.270000000000000000e+02,0.000000000000000000e+00,2.640556362872259921e+00,5.999999999999999778e-01,5.999999999999999778e-01,3.118438937665384293e+09,1.000000000000000000e+00
1.125000000000000029e-06,1.270000000000000000e+02,0.000000000000000000e+00,2.231871199353486990e+00,5.999999999999999778e-01,5.999999999999999778e-01,3.118438937665384293e+09,1.000000000000000000e+00
1.166666666666666579e-06,1.270000000000000000e+02,0.000000000000000000e+00,1.823186035834714058e+00,5.999999999999999778e-01,5.999999999999999778e-01,3.118438937665384293e+09,1.000000000000000000e+00
1.208333333333333340e-06,1.270000000000000000e+02,0.000000000000000000e+00,1.414500872315941127e+00,5.999999999999999778e-01,5.999999999999999778e-01,3.118438937665384293e+09,1.000000000000000000e+00
1.250000000000000102e-06,1.270000000000000000e+02,0.000000000000000000e+00,1.005815708797168417e+00,5.999999999999999778e-01,5.999999999999999778e-01,3.118438937665384293e+09,1.000000000000000000e+00
1.291666666666666652e-06,1.270000000000000000e+02,0.000000000000000000e+00,5.971305452783953749e-01,5.999999999999999778e-01,5.999999999999999778e-01,3.118438937665384293e+09,1.000000000000000000e+00
1.333333333333333414e-06,1.270000000000000000e+02,0.000000000000000000e+00,1.884453817596225267e-01,5.999999999999999778e-01,5.999999999999999778e-01,3.118438937665384293e+09,1.000000000000000000e+00
1.374999999999999964e-06,1.270000000000000000e+02,0.000000000000000000e+00,-2.202397817591504048e-01,5.999999999999999778e-01,5.999999999999999778e-01,3.118438937665384293e+09,1.000000000000000000e+00
1.416666666666666726e-06,1.910000000000000000e+02,0.000000000000000000e+00,-6.289249452779231975e-01,5.999999999999999778e-01,5.999999999999999778e-01,2.849525609174380302e+09,1.000000000000000000e+00
1.458333333333333276e-06,1.910000000000000000e+02,0.000000000000000000e+00,-2.323916499797521240e+00,5.999999999999999778e-01,5.999999999999999778e-01,2.849525609174380302e+09,1.000000000000000000e+00
1.500000000000000038e-06,1.910000000000000000e+02,0.000000000000000000e+00,2.264277252862466838e+00,5.999999999999999778e-01,5.999999999999999778e-01,2.849525609174380302e+09,1.000000000000000000e+00
1.541666666666666588e-06,1.910000000000000000e+02,0.000000000000000000e+00,5.692856983428689066e-01,5.999999999999999778e-01,5.999999999999999778e-01,2.849525609174380302e+09,1.000000000000000000e+00
1.583333333333333350e-06,1.910000000000000000e+02,0.000000000000000000e+00,-1.125705856176729247e+00,5.999999999999999778e-01,5.999999999999999778e-01,2.849525609174380302e+09,1.000000000000000000e+00
1.624999999999999900e-06,1.910000000000000000e+02,0.000000000000000000e+00,-2.820697410696327179e+00,5.999999999999999778e-01,5.999999999999999778e-01,2.849525609174380302e+09,1.000000000000000000e+00
1.666666666666666662e-06,1.910000000000000000e+02,0.000000000000000000e+00,1.767496341963661122e+00,5.999999999999999778e-01,5.999999999999999778e-01,2.849525609174380302e+09,1.000000000000000000e+00
1.708333333333333424e-06,1.910000000000000000e+02,0.000000000000000000e+00,7.250478744406302356e-02,5.999999999999999778e-01,5.999999999999999778e-01,2.849525609174380302e+09,1.000000000000000000e+00
1.749999999999999974e-06,1.910000000000000000e+02,0.000000000000000000e+00,-1.622486767075989711e+00,5.999999999999999778e-01,5.999999999999999778e-01,2.849525609174380302e+09,1.000000000000000000e+00
1.791666666666666736e-06,1.910000000000000000e+02,0.000000000000000000e+00,2.965706985583543620e+00,5.999999999999999778e-01,5.999999999999999778e-01,2.849525609174380302e+09,1.000000000000000000e+00
1.833333333333333286e-06,1.910000000000000000e+02,0.000000000000000000e+00,1.270715431063490941e+00,5.999999999999999778e-01,5.999999999999999778e-01,2.849525609174380302e+09,1.000000000000000000e+00
1.875000000000000048e-06,1.910000000000000000e+02,0.000000000000000000e+00,-4.242761234565618489e-01,5.999999999999999778e-01,5.999999999999999778e-01,2.849525609174380302e+09,1.000000000000000000e+00
1.916666666666666809e-06,1.910000000000000000e+02,0.000000000000000000e+00,-2.119267677976614639e+00,5.999999999999999778e-01,5.999999999999999778e-01,2.849525609174380302e+09,1.000000000000000000e+00
1.958333333333333359e-06,1.910000000000000000e+02,0.000000000000000000e+00,2.468926074682919136e+00,5.999999999999999778e-01,5.999999999999999778e-01,2.849525609174380302e+09,1.000000000000000000e+00
1.999999999999999909e-06,1.910000000000000000e+02,0.000000000000000000e+00,7.739345201628661242e-01,5.999999999999999778e-01,5.999999999999999778e-01,2.849525609174380302e+09,1.000000000000000000e+00
2.041666666666666460e-06,1.910000000000000000e+02,0.000000000000000000e+00,-9.210570343571867769e-01,5.999999999999999778e-01,5.999999999999999778e-01,2.849525609174380302e+09,1.000000000000000000e+00
2.083333333333333433e-06,1.910000000000000000e+02,0.000000000000000000e+00,-2.616048588877239567e+00,5.999999999999999778e-01,5.999999999999999778e-01,2.849525609174380302e+09,1.000000000000000000e+00
2.124999999999999983e-06,1.910000000000000000e+02,0.000000000000000000e+00,1.972145163782293986e+00,5.999999999999999778e-01,5.999999999999999778e-01,2.849525609174380302e+09,1.000000000000000000e+00
2.166666666666666533e-06,1.910000000000000000e+02,0.000000000000000000e+00,2.771536092622412517e-01,5.999999999999999778e-01,5.999999999999999778e-01,2.849525609174380302e+09,1.000000000000000000e+00
2.208333333333333507e-06,1.910000000000000000e+02,0.000000000000000000e+00,-1.417837945257811594e+00,5.999999999999999778e-01,5.999999999999999778e-01,2.849525609174380302e+09,1.000000000000000000e+00
2.250000000000000057e-06,1.910000000000000000e+02,0.000000000000000000e+00,-3.112829499777864495e+00,5.999999999999999778e-01,5.999999999999999778e-01,2.849525609174380302e+09,1.000000000000000000e+00
2.291666666666666607e-06,1.910000000000000000e+02,0.000000000000000000e+00,1.475364252881669280e+00,5.999999999999999778e-01,5.999999999999999778e-01,2.849525609174380302e+09,1.000000000000000000e+00
2.333333333333333157e-06,1.910000000000000000e+02,0.000000000000000000e+00,-2.196273016383836485e-01,5.999999999999999778e-01,5.999999999999999778e-01,2.849525609174380302e+09,1.000000000000000000e+00
2.375000000000000131e-06,1.910000000000000000e+02,0.000000000000000000e+00,-1.914618856158436522e+00,5.999999999999999778e-01,5.999999999999999778e-01,2.849525609174380302e+09,1.000000000000000000e+00
2.416666666666666681e-06,1.910000000000000000e+02,0.000000000000000000e+00,2.673574896501097253e+00,5.999999999999999778e-01,5.999999999999999778e-01,2.849525609174380302e+09,1.000000000000000000e+00
2.458333333333333231e-06,1.910000000000000000e+02,0.000000000000000000e+00,9.785833419810443523e-01,5.999999999999999778e-01,5.999999999999999778e-01,2.849525609174380302e+09,1.000000000000000000e+00
2.500000000000000205e-06,1.910000000000000000e+02,0.000000000000000000e+00,-7.164082125390084377e-01,5.999999999999999778e-01,5.999999999999999778e-01,2.849525609174380302e+09,1.000000000000000000e+00
2.541666666666666755e-06,1.910000000000000000e+02,0.000000000000000000e+00,-2.411399767059061450e+00,5.999999999999999778e-01,5.999999999999999778e-01,2.849525609174380302e+09,1.000000000000000000e+00
2.583333333333333305e-06,1.910000000000000000e+02,0.000000000000000000e+00,2.176793985600472325e+00,5.999999999999999778e-01,5.999999999999999778e-01,2.849525609174380302e+09,1.000000000000000000e+00
2.624999999999999855e-06,1.910000000000000000e+02,0.000000000000000000e+00,4.818024310804194243e-01,5.999999999999999778e-01,5.999999999999999778e-01,2.849525609174380302e+09,1.000000000000000000e+00
2.666666666666666828e-06,1.910000000000000000e+02,0.000000000000000000e+00,-1.213189123439633477e+00,5.999999999999999778e-01,5.999999999999999778e-01,2.849525609174380302e+09,1.000000000000000000e+00
2.708333333333333378e-06,1.910000000000000000e+02,0.000000000000000000e+00,-2.908180677959686378e+00,5.999999999999999778e-01,5.999999999999999778e-01,2.849525609174380302e+09,1.000000000000000000e+00
2.749999999999999928e-06,1.910000000000000000e+02,0.000000000000000000e+00,1.680013074699847397e+00,5.999999999999999778e-01,5.999999999999999778e-01,2.849525609174380302e+09,1.000000000000000000e+00
2.791666666666666479e-06,1.910000000000000000e+02,0.000000000000000000e+00,-1.497847982020544810e-02,5.999999999999999778e-01,5.999999999999999778e-01,2.849525609174380302e+09,1.000000000000000000e+00
2.833333333333333452e-06,1.910000000000000000e+02,0.000000000000000000e+00,-1.709970034340258183e+00,5.999999999999999778e-01,5.999999999999999778e-01,2.849525609174380302e+09,1.000000000000000000e+00
2.875000000000000002e-06,2.230000000000000000e+02,0.000000000000000000e+00,2.878223718319275370e+00,5.999999999999999778e-01,5.999999999999999778e-01,2.738769975804768085e+09,1.000000000000000000e+00
2.916666666666666552e-06,2.230000000000000000e+02,0.000000000000000000e+00,-2.679783618953573310e+00,5.999999999999999778e-01,5.999999999999999778e-01,2.738769975804768085e+09,1.000000000000000000e+00
2.958333333333333526e-06,2.230000000000000000e+02,0.000000000000000000e+00,-1.954605649046835314e+00,5.999999999999999778e-01,5.999999999999999778e-01,2.738769975804768085e+09,1.000000000000000000e+00
3.000000000000000076e-06,2.230000000000000000e+02,0.000000000000000000e+00,-1.229427679140097318e+00,5.999999999999999778e-01,5.999999999999999778e-01,2.738769975804768085e+09,1.000000000000000000e+00
3.041666666666666626e-06,2.230000000000000000e+02,0.000000000000000000e+00,-5.042497092333593223e-01,5.999999999999999778e-01,5.999999999999999778e-01,2.738769975804768085e+09,1.000000000000000000e+00
3.083333333333333176e-06,2.230000000000000000e+02,0.000000000000000000e+00,2.209282606733786181e-01,5.999999999999999778e-01,5.999999999999999778e-01,2.738769975804768085e+09,1.000000000000000000e+00
3.125000000000000150e-06,2.230000000000000000e+02,0.000000000000000000e+00,9.461062305801165584e-01,5.999999999999999778e-01,5.999999999999999778e-01,2.738769975804768085e+09,1.000000000000000000e+00
3.166666666666666700e-06,2.230000000000000000e+02,0.000000000000000000e+00,1.671284200486854443e+00,5.999999999999999778e-01,5.999999999999999778e-01,2.738769975804768085e+09,1.000000000000000000e+00
3.208333333333333250e-06,2.230000000000000000e+02,0.000000000000000000e+00,2.396462170393592661e+00,5.999999999999999778e-01,5.999999999999999778e-01,2.738769975804768085e+09,1.000000000000000000e+00
3.249999999999999800e-06,2.230000000000000000e+02,0.000000000000000000e+00,3.121640140300330213e+00,5.999999999999999778e-01,5.999999999999999778e-01,2.738769975804768085e+09,1.000000000000000000e+00
3.291666666666666774e-06,2.230000000000000000e+02,0.000000000000000000e+00,-2.436367196972518023e+00,5.999999999999999778e-01,5.999999999999999778e-01,2.738769975804768085e+09,1.000000000000000000e+00
3.333333333333333324e-06,2.230000000000000000e+02,0.000000000000000000e+00,-1.711189227065780250e+00,5.999999999999999778e-01,5.999999999999999778e-01,2.738769975804768085e+09,1.000000000000000000e+00
3.374999999999999874e-06,2.230000000000000000e+02,0.000000000000000000e+00,-9.860112571590421426e-01,5.999999999999999778e-01,5.999999999999999778e-01,2.738769975804768085e+09,1.000000000000000000e+00
3.416666666666666847e-06,2.230000000000000000e+02,0.000000000000000000e+00,-2.608332872523042578e-01,5.999999999999999778e-01,5.999999999999999778e-01,2.738769975804768085e+09,1.000000000000000000e+00
3.458333333333333397e-06,2.230000000000000000e+02,0.000000000000000000e+00,4.643446826544336825e-01,5.999999999999999778e-01,5.999999999999999778e-01,2.738769975804768085e+09,1.000000000000000000e+00
3.499999999999999947e-06,2.230000000000000000e+02,0.000000000000000000e+00,1.189522652561171512e+00,5.999999999999999778e-01,5.999999999999999778e-01,2.738769975804768085e+09,1.000000000000000000e+00
3.541666666666666498e-06,2.230000000000000000e+02,0.000000000000000000e+00,1.914700622467909508e+00,5.999999999999999778e-01,5.999999999999999778e-01,2.738769975804768085e+09,1.000000000000000000e+00
3.583333333333333471e-06,2.230000000000000000e+02,0.000000000000000000e+00,2.639878592374647504e+00,5.999999999999999778e-01,5.999999999999999778e-01,2.738769975804768085e+09,1.000000000000000000e+00
3.625000000000000021e-06,2.230000000000000000e+02,0.000000000000000000e+00,-2.918128744898201177e+00,5.999999999999999778e-01,5.999999999999999778e-01,2.738769975804768085e+09,1.000000000000000000e+00
3.666666666666666571e-06,2.230000000000000000e+02,0.000000000000000000e+00,-2.192950774991463181e+00,5.999999999999999778e-01,5.999999999999999778e-01,2.738769975804768085e+09,1.000000000000000000e+00
3.708333333333333545e-06,2.230000000000000000e+02,0.000000000000000000e+00,-1.467772805084724963e+00,5.999999999999999778e-01,5.999999999999999778e-01,2.738769975804768085e+09,1.000000000000000000e+00
3.750000000000000095e-06,2.230000000000000000e+02,0.000000000000000000e+00,-7.425948351779870782e-01,5.999999999999999778e-01,5.999999999999999778e-01,2.738769975804768085e+09,1.000000000000000000e+00
3.791666666666666645e-06,2.230000000000000000e+02,0.000000000000000000e+00,-1.741686527124917602e-02,5.999999999999999778e-01,5.999999999999999778e-01,2.738769975804768085e+09,1.000000000000000000e+00
3.833333333333333619e-06,2.230000000000000000e+02,0.000000000000000000e+00,7.077611046354888025e-01,5.999999999999999778e-01,5.999999999999999778e-01,2.738769975804768085e+09,1.000000000000000000e+00
3.875000000000000169e-06,2.230000000000000000e+02,0.000000000000000000e+00,1.432939074542226798e+00,5.999999999999999778e-01,5.999999999999999778e-01,2.738769975804768085e+09,1.000000000000000000e+00
3.916666666666666719e-06,2.230000000000000000e+02,0.000000000000000000e+00,2.158117044448964794e+00,5.999999999999999778e-01,5.999999999999999778e-01,2.738769975804768085e+09,1.000000000000000000e+00
3.958333333333333269e-06,2.230000000000000000e+02,0.000000000000000000e+00,2.883295014355702790e+00,5.999999999999999778e-01,5.999999999999999778e-01,2.738769975804768085e+09,1.000000000000000000e+00
3.999999999999999819e-06,2.230000000000000000e+02,0.000000000000000000e+00,-2.674712322917145890e+00,5.999999999999999778e-01,5.999999999999999778e-01,2.738769975804768085e+09,1.000000000000000000e+00
4.041666666666666369e-06,2.230000000000000000e+02,0.000000000000000000e+00,-1.949534353010407894e+00,5.999999999999999778e-01,5.999999999999999778e-01,2.738769975804768085e+09,1.000000000000000000e+00
4.083333333333332919e-06,2.230000000000000000e+02,0.000000000000000000e+00,-1.224356383103670121e+00,5.999999999999999778e-01,5.999999999999999778e-01,2.738769975804768085e+09,1.000000000000000000e+00
4.125000000000000316e-06,2.230000000000000000e+02,0.000000000000000000e+00,-4.991784131969320693e-01,5.999999999999999778e-01,5.999999999999999778e-01,2.738769975804768085e+09,1.000000000000000000e+00
4.166666666666666866e-06,2.230000000000000000e+02,0.000000000000000000e+00,2.259995567098059266e-01,5.999999999999999778e-01,5.999999999999999778e-01,2.738769975804768085e+09,1.000000000000000000e+00
4.208333333333333416e-06,2.230000000000000000e+02,0.000000000000000000e+00,9.511775266165438669e-01,5.999999999999999778e-01,5.999999999999999778e-01,2.738769975804768085e+09,1.000000000000000000e+00
4.249999999999999966e-06,2.230000000000000000e+02,0.000000000000000000e+00,1.676355496523281863e+00,5.999999999999999778e-01,5.999999999999999778e-01,2.738769975804768085e+09,1.000000000000000000e+00
4.291666666666666517e-06,2.230000000000000000e+02,0.000000000000000000e+00,2.401533466430019637e+00,5.999999999999999778e-01,5.999999999999999778e-01,2.738769975804768085e+09,1.000000000000000000e+00
4.333333333333333067e-06,2.390000000000000000e+02,0.000000000000000000e+00,3.126711436336757632e+00,5.999999999999999778e-01,5.999999999999999778e-01,2.688024975792721272e+09,1.000000000000000000e+00
4.374999999999999617e-06,2.390000000000000000e+02,0.000000000000000000e+00,3.133250083581027301e+00,5.999999999999999778e-01,5.999999999999999778e-01,2.688024975792721272e+09,1.000000000000000000e+00
4.416666666666667014e-06,2.390000000000000000e+02,0.000000000000000000e+00,3.139788730825296970e+00,5.999999999999999778e-01,5.999999999999999778e-01,2.688024975792721272e+09,1.000000000000000000e+00
4.458333333333333564e-06,2.390000000000000000e+02,0.000000000000000000e+00,-3.136857929110019594e+00,5.999999999999999778e-01,5.999999999999999778e-01,2.688024975792721272e+09,1.000000000000000000e+00
4.500000000000000114e-06,2.390000000000000000e+02,0.000000000000000000e+00,-3.130319281865749925e+00,5.999999999999999778e-01,5.999999999999999778e-01,2.688024975792721272e+09,1.000000000000000000e+00
4.541666666666666664e-06,2.390000000000000000e+02,0.000000000000000000e+00,-3.123780634621480257e+00,5.999999999999999778e-01,5.999999999999999778e-01,2.688024975792721272e+09,1.000000000000000000e+00
4.583333333333333214e-06,2.390000000000000000e+02,0.000000000000000000e+00,-3.117241987377210588e+00,5.999999999999999778e-01,5.999999999999999778e-01,2.688024975792721272e+09,1.000000000000000000e+00
4.624999999999999764e-06,2.390000000000000000e+02,0.000000000000000000e+00,-3.110703340132940919e+00,5.999999999999999778e-01,5.999999999999999778e-01,2.688024975792721272e+09,1.000000000000000000e+00
4.666666666666666314e-06,2.390000000000000000e+02,0.000000000000000000e+00,-3.104164692888671251e+00,5.999999999999999778e-01,5.999999999999999778e-01,2.688024975792721272e+09,1.000000000000000000e+00
4.708333333333333711e-06,2.390000000000000000e+02,0.000000000000000000e+00,-3.097626045644401582e+00,5.999999999999999778e-01,5.999999999999999778e-01,2.688024975792721272e+09,1.000000000000000000e+00
4.750000000000000262e-06,2.390000000000000000e+02,0.000000000000000000e+00,-3.091087398400131914e+00,5.999999999999999778e-01,5.999999999999999778e-01,2.688024975792721272e+09,1.000000000000000000e+00
4.791666666666666812e-06,2.390000000000000000e+02,0.000000000000000000e+00,-3.084548751155862245e+00,5.999999999999999778e-01,5.999999999999999778e-01,2.688024975792721272e+09,1.000000000000000000e+00
4.833333333333333362e-06,2.390000000000000000e+02,0.000000000000000000e+00,-3.078010103911592577e+00,5.999999999999999778e-01,5.999999999999999778e-01,2.688024975792721272e+09,1.000000000000000000e+00
4.874999999999999912e-06,2.390000000000000000e+02,0.000000000000000000e+00,-3.071471456667322908e+00,5.999999999999999778e-01,5.999999999999999778e-01,2.688024975792721272e+09,1.000000000000000000e+00
4.916666666666666462e-06,2.390000000000000000e+02,0.000000000000000000e+00,-3.064932809423053239e+00,5.999999999999999778e-01,5.999999999999999778e-01,2.688024975792721272e+09,1.000000000000000000e+00
4.958333333333333012e-06,2.390000000000000000e+02,0.000000000000000000e+00,-3.058394162178783571e+00,5.999999999999999778e-01,5.999999999999999778e-01,2.688024975792721272e+09,1.000000000000000000e+00
5.000000000000000409e-06,2.390000000000000000e+02,0.000000000000000000e+00,-3.051855514934513902e+00,5.999999999999999778e-01,5.999999999999999778e-01,2.688024975792721272e+09,1.000000000000000000e+00
5.041666666666666959e-06,2.390000000000000000e+02,0.000000000000000000e+00,-3.045316867690244234e+00,5.999999999999999778e-01,5.999999999999999778e-01,2.688024975792721272e+09,1.000000000000000000e+00
5.083333333333333509e-06,2.390000000000000000e+02,0.000000000000000000e+00,-3.038778220445974565e+00,5.999999999999999778e-01,5.999999999999999778e-01,2.688024975792721272e+09,1.000000000000000000e+00
5.125000000000000059e-06,2.390000000000000000e+02,0.000000000000000000e+00,-3.032239573201704896e+00,5.999999999999999778e-01,5.999999999999999778e-01,2.688024975792721272e+09,1.000000000000000000e+00
5.166666666666666609e-06,2.390000000000000000e+02,0.000000000000000000e+00,-3.025700925957435228e+00,5.999999999999999778e-01,5.999999999999999778e-01,2.688024975792721272e+09,1.000000000000000000e+00
5.208333333333333159e-06,2.390000000000000000e+02,0.000000000000000000e+00,-3.019162278713165559e+00,5.999999999999999778e-01,5.999999999999999778e-01,2.688024975792721272e+09,1.000000000000000000e+00
5.249999999999999709e-06,2.390000000000000000e+02,0.000000000000000000e+00,-3.012623631468895891e+00,5.999999999999999778e-01,5.999999999999999778e-01,2.688024975792721272e+09,1.000000000000000000e+00
5.291666666666666260e-06,2.390000000000000000e+02,0.000000000000000000e+00,-3.006084984224626222e+00,5.999999999999999778e-01,5.999999999999999778e-01,2.688024975792721272e+09,1.000000000000000000e+00
5.333333333333333657e-06,2.390000000000000000e+02,0.000000000000000000e+00,-2.999546336980356553e+00,5.999999999999999778e-01,5.999999999999999778e-01,2.688024975792721272e+09,1.000000000000000000e+00
5.375000000000000207e-06,2.390000000000000000e+02,0.000000000000000000e+00,-2.993007689736086885e+00,5.999999999999999778e-01,5.999999999999999778e-01,2.688024975792721272e+09,1.000000000000000000e+00
5.416666666666666757e-06,2.390000000000000000e+02,0.000000000000000000e+00,-2.986469042491817216e+00,5.999999999999999778e-01,5.999999999999999778e-01,2.688024975792721272e+09,1.000000000000000000e+00
5.458333333333333307e-06,2.390000000000000000e+02,0.000000000000000000e+00,-2.979930395247547548e+00,5.999999999999999778e-01,5.999999999999999778e-01,2.688024975792721272e+09,1.000000000000000000e+00
5.499999999999999857e-06,2.390000000000000000e+02,0.000000000000000000e+00,-2.973391748003277879e+00,5.999999999999999778e-01,5.999999999999999778e-01,2.688024975792721272e+09,1.000000000000000000e+00
5.541666666666666407e-06,2.390000000000000000e+02,0.000000000000000000e+00,-2.966853100759008210e+00,5.999999999999999778e-01,5.999999999999999778e-01,2.688024975792721272e+09,1.000000000000000000e+00
5.583333333333332957e-06,2.390000000000000000e+02,0.000000000000000000e+00,-2.960314453514738542e+00,5.999999999999999778e-01,5.999999999999999778e-01,2.688024975792721272e+09,1.000000000000000000e+00
5.625000000000000354e-06,2.390000000000000000e+02,0.000000000000000000e+00,-2.953775806270468873e+00,5.999999999999999778e-01,5.999999999999999778e-01,2.688024975792721272e+09,1.000000000000000000e+00
5.666666666666666904e-06,2.390000000000000000e+02,0.000000000000000000e+00,-2.947237159026199205e+00,5.999999999999999778e-01,5.999999999999999778e-01,2.688024975792721272e+09,1.000000000000000000e+00
5.708333333333333454e-06,2.390000000000000000e+02,0.000000000000000000e+00,-2.940698511781929536e+00,5.999999999999999778e-01,5.999999999999999778e-01,2.688024975792721272e+09,1.000000000000000000e+00
5.750000000000000004e-06,2.390000000000000000e+02,0.000000000000000000e+00,-2.934159864537659868e+00,5.999999999999999778e-01,5.999999999999999778e-01,2.688024975792721272e+09,1.000000000000000000e+00
5.791666666666666555e-06,2.390000000000000000e+02,1.000000000000000000e+00,-2.927621217293390199e+00,5.999999999999999778e-01,5.999999999999999778e-01,2.688024975792721272e+09,1.000000000000000000e+00
5.833333333333333105e-06,2.390000000000000000e+02,1.000000000000000000e+00,-2.921082570049120530e+00,5.999999999999999778e-01,5.999999999999999778e-01,2.688024975792721272e+09,1.000000000000000000e+00
5.874999999999999655e-06,2.390000000000000000e+02,1.000000000000000000e+00,-2.914543922804850862e+00,5.999999999999999778e-01,5.999999999999999778e-01,2.688024975792721272e+09,1.000000000000000000e+00
5.916666666666667052e-06,2.390000000000000000e+02,2.000000000000000000e+00,-2.908005275560581193e+00,5.999999999999999778e-01,5.999999999999999778e-01,2.688024975792721272e+09,1.000000000000000000e+00
5.958333333333333602e-06,2.390000000000000000e+02,2.000000000000000000e+00,-2.862554390210616528e+00,6.050709779501763919e-01,6.004699138918051515e-01,2.688126395351724625e+09,1.000000000000000000e+00
6.000000000000000152e-06,2.390000000000000000e+02,2.000000000000000000e+00,-2.791747820359714805e+00,6.083052673541761157e-01,6.012157309938064298e-01,2.688191081139804840e+09,1.000000000000000000e+00
6.041666666666666702e-06,2.390000000000000000e+02,2.000000000000000000e+00,-2.697333177793379999e+00,6.115001412120995017e-01,6.021991697400720378e-01,2.688254978616963387e+09,1.000000000000000000e+00
6.083333333333333252e-06,2.390000000000000000e+02,2.000000000000000000e+00,-2.575685300450286430e+00,6.152561256813072754e-01,6.034490186504114506e-01,2.688330098306347370e+09,1.000000000000000000e+00
6.124999999999999802e-06,2.390000000000000000e+02,2.000000000000000000e+00,-2.421162369803651071e+00,6.198179232682413664e-01,6.050165268445502065e-01,2.688421334258086205e+09,1.000000000000000000e+00
6.166666666666666352e-06,2.390000000000000000e+02,2.000000000000000000e+00,-2.227575812132100097e+00,6.252638455375826299e-01,6.069562810519134599e-01,2.688530252703473091e+09,1.000000000000000000e+00
6.208333333333333749e-06,2.390000000000000000e+02,2.000000000000000000e+00,-1.989784282752052880e+00,6.314736283345753209e-01,6.093067668067619902e-01,2.688654448359412670e+09,1.000000000000000000e+00
6.250000000000000300e-06,2.390000000000000000e+02,2.000000000000000000e+00,-1.706248704572144836e+00,6.379976214477421914e-01,6.120605544698559664e-01,2.688784928221676350e+09,1.000000000000000000e+00
6.291666666666666850e-06,2.390000000000000000e+02,2.000000000000000000e+00,-1.382587951865216658e+00,6.439217292293898387e-01,6.151242992244784213e-01,2.688903410377308846e+09,1.000000000000000000e+00
6.333333333333333400e-06,2.390000000000000000e+02,2.000000000000000000e+00,-1.034675402190087246e+00,6.479190683293020170e-01,6.182868269975658748e-01,2.688983357159307480e+09,1.000000000000000000e+00
6.374999999999999950e-06,2.390000000000000000e+02,2.000000000000000000e+00,-6.880084882730537199e-01,6.487215433405510989e-01,6.212342358956840505e-01,2.688999406659532070e+09,1.000000000000000000e+00
6.416666666666666500e-06,2.390000000000000000e+02,2.000000000000000000e+00,-3.709107433185729330e-01,6.459066269739474064e-01,6.236384650511748173e-01,2.688943108332200050e+09,1.000000000000000000e+00
6.458333333333333050e-06,2.390000000000000000e+02,2.000000000000000000e+00,-1.046279732698260495e-01,6.402969690931644697e-01,6.252776816582662489e-01,2.688830915174584389e+09,1.000000000000000000e+00
6.499999999999999600e-06,2.390000000000000000e+02,2.000000000000000000e+00,1.024334213809104249e-01,6.334455322054727278e-01,6.260989986610989710e-01,2.688693886436830521e+09,1.000000000000000000e+00
6.541666666666666997e-06,2.390000000000000000e+02,2.000000000000000000e+00,2.531925670656980931e-01,6.267349037939773382e-01,6.261894387566514508e-01,2.688559673868600845e+09,1.000000000000000000e+00
6.583333333333333547e-06,2.390000000000000000e+02,2.000000000000000000e+00,3.565860347454778978e-01,6.209151624010817994e-01,6.257030254849650364e-01,2.688443279040742874e+09,1.000000000000000000e+00
6.625000000000000097e-06,2.390000000000000000e+02,2.000000000000000000e+00,4.228878742353024411e-01,6.161811237560143040e-01,6.248001192276458893e-01,2.688348598267841339e+09,1.000000000000000000e+00
6.666666666666666647e-06,2.390000000000000000e+02,2.000000000000000000e+00,4.612436471053931730e-01,6.124350222224353990e-01,6.236173083162335207e-01,2.688273676237169743e+09,1.000000000000000000e+00
6.708333333333333197e-06,2.390000000000000000e+02,2.000000000000000000e+00,4.789406431220320504e-01,6.094892484139321498e-01,6.222601333053798811e-01,2.688214760760999680e+09,1.000000000000000000e+00
6.749999999999999747e-06,2.390000000000000000e+02,2.000000000000000000e+00,4.815259133440029093e-01,6.071645146220845390e-01,6.208064830328821060e-01,2.688168266085163116e+09,1.000000000000000000e+00
6.791666666666666298e-06,2.390000000000000000e+02,2.000000000000000000e+00,4.731790506395461837e-01,6.053196150429779321e-01,6.193128402831621360e-01,2.688131368093580723e+09,1.000000000000000000e+00
6.833333333333333695e-06,2.390000000000000000e+02,2.000000000000000000e+00,4.570741536965122198e-01,6.038508794251343792e-01,6.178199989171121453e-01,2.688101993381224155e+09,1.000000000000000000e+00
6.875000000000000245e-06,2.390000000000000000e+02,2.000000000000000000e+00,4.356537364384983069e-01,6.026828125385027546e-01,6.163573569288520737e-01,2.688078632043491364e+09,1.000000000000000000e+00
6.916666666666666795e-06,2.390000000000000000e+02,2.000000000000000000e+00,4.108157151742395929e-01,6.017587810653954872e-01,6.149458900895109492e-01,2.688060151414029121e+09,1.000000000000000000e+00
6.958333333333333345e-06,2.390000000000000000e+02,2.000000000000000000e+00,3.840368314733402788e-01,6.010342602010104729e-01,6.136001715088366115e-01,2.688045660996741295e+09,1.000000000000000000e+00
6.999999999999999895e-06,2.390000000000000000e+02,2.000000000000000000e+00,3.564559056287087691e-01,6.004726584949487966e-01,6.123297795177079506e-01,2.688034428962620258e+09,1.000000000000000000e+00
7.041666666666666445e-06,2.390000000000000000e+02,2.000000000000000000e+00,3.289340185939997885e-01,6.000430245228881576e-01,6.111403386212982403e-01,2.688025836283178806e+09,1.000000000000000000e+00
7.083333333333332995e-06,2.390000000000000000e+02,2.000000000000000000e+00,3.021021752549038486e-01,5.997189050530145060e-01,6.100343438770801097e-01,2.688019353893781662e+09,1.000000000000000000e+00
7.125000000000000392e-06,2.390000000000000000e+02,2.000000000000000000e+00,2.764020343303761340e-01,5.994777970819341606e-01,6.090118496676403259e-01,2.688014531734359741e+09,1.000000000000000000e+00
7.166666666666666942e-06,2.390000000000000000e+02,2.000000000000000000e+00,2.521221048365894224e-01,5.993008347789924306e-01,6.080710603318407736e-01,2.688010992488301277e+09,1.000000000000000000e+00
7.208333333333333492e-06,2.390000000000000000e+02,2.000000000000000000e+00,2.294300750938325362e-01,5.991725161744680950e-01,6.072088368604011688e-01,2.688008426116210461e+09,1.000000000000000000e+00
7.250000000000000043e-06,2.390000000000000000e+02,2.000000000000000000e+00,2.084012090101075299e-01,5.990803887832928387e-01,6.064211241591690449e-01,2.688006583568387032e+09,1.000000000000000000e+00
7.291666666666666593e-06,2.390000000000000000e+02,2.000000000000000000e+00,1.890426074698459691e-01,5.990146818218886615e-01,6.057033014563601991e-01,2.688005269429159164e+09,1.000000000000000000e+00
7.333333333333333143e-06,2.390000000000000000e+02,2.000000000000000000e+00,1.713132798205967700e-01,5.989679057266025231e-01,6.050504600463221250e-01,2.688004333907253265e+09,1.000000000000000000e+00
7.374999999999999693e-06,2.390000000000000000e+02,2.000000000000000000e+00,1.551401988237464669e-01,5.989344492747741278e-01,6.044576150526174141e-01,2.688003664778216839e+09,1.000000000000000000e+00
7.416666666666667090e-06,2.390000000000000000e+02,2.000000000000000000e+00,1.404307112363219201e-01,5.989102012209663872e-01,6.039198598691736253e-01,2.688003179817140579e+09,1.000000000000000000e+00
7.458333333333333640e-06,2.390000000000000000e+02,2.000000000000000000e+00,1.270818016184327715e-01,5.988922146660049517e-01,6.034324729023347045e-01,2.688002820086041451e+09,1.000000000000000000e+00
7.500000000000000190e-06,2.390000000000000000e+02,2.000000000000000000e+00,1.149867551895929346e-01,5.988784230973193123e-01,6.029909862101060503e-01,2.688002544254667759e+09,1.000000000000000000e+00
7.541666666666666740e-06,2.390000000000000000e+02,2.000000000000000000e+00,1.040397527669390393e-01,5.988674095098490691e-01,6.025912248733903409e-01,2.688002323982918262e+09,1.000000000000000000e+00
7.583333333333333290e-06,2.390000000000000000e+02,2.000000000000000000e+00,9.413887852332640527e-02,5.988582249542094837e-01,6.022293247449221898e-01,2.688002140291805267e+09,1.000000000000000000e+00
7.624999999999999840e-06,2.390000000000000000e+02,2.000000000000000000e+00,8.518794926675558876e-02,5.988502500914064663e-01,6.019017348696452663e-01,2.688001980794549465e+09,1.000000000000000000e+00
7.666666666666667237e-06,2.390000000000000000e+02,2.000000000000000000e+00,7.709749687745874602e-02,5.988430923168119868e-01,6.016052095433211955e-01,2.688001837639057636e+09,1.000000000000000000e+00
7.708333333333333787e-06,2.390000000000000000e+02,2.000000000000000000e+00,6.978516285852469359e-02,5.988365111490326909e-01,6.013367937858170587e-01,2.688001706015701771e+09,1.000000000000000000e+00
7.750000000000000338e-06,2.390000000000000000e+02,2.000000000000000000e+00,6.317570056052294880e-02,5.988303653530495652e-01,6.010938050028592494e-01,2.688001583099782467e+09,1.000000000000000000e+00
7.791666666666666888e-06,2.390000000000000000e+02,2.000000000000000000e+00,5.720072843922911765e-02,5.988245763148706269e-01,6.008738128050202798e-01,2.688001467319018841e+09,1.000000000000000000e+00
7.833333333333333438e-06,2.390000000000000000e+02,2.000000000000000000e+00,5.179833640449009458e-02,5.988191032706745576e-01,6.006746183308399045e-01,2.688001357858134747e+09,1.000000000000000000e+00
7.874999999999999988e-06,2.390000000000000000e+02,2.000000000000000000e+00,4.691261586066479417e-02,5.988139269891702421e-01,6.004942339563440479e-01,2.688001254332504749e+09,1.000000000000000000e+00
7.916666666666666538e-06,2.390000000000000000e+02,2.000000000000000000e+00,4.249316070053259231e-02,5.988090393513483267e-01,6.003308639362532340e-01,2.688001156579748154e+09,1.000000000000000000e+00
7.958333333333333088e-06,2.390000000000000000e+02,2.000000000000000000e+00,3.849456967344825481e-02,5.988044369546929868e-01,6.001828862847791157e-01,2.688001064531815052e+09,1.000000000000000000e+00
7.999999999999999638e-06,2.390000000000000000e+02,2.000000000000000000e+00,3.487596871508662211e-02,5.988001173996281290e-01,6.000488360416403877e-01,2.688000978140713692e+09,1.000000000000000000e+00
8.041666666666666188e-06,2.390000000000000000e+02,2.000000000000000000e+00,3.160056368341405963e-02,5.987960773156640881e-01,5.999273899617103556e-01,2.688000897339034557e+09,1.000000000000000000e+00
8.083333333333332738e-06,2.390000000000000000e+02,2.000000000000000000e+00,2.863522851220272336e-02,5.987923114789486245e-01,5.998173525988664823e-01,2.688000822022300243e+09,1.000000000000000000e+00
8.124999999999999288e-06,2.390000000000000000e+02,2.000000000000000000e+00,2.595013031731445083e-02,5.987888125847309340e-01,5.997176437142330840e-01,2.688000752044415951e+09,1.000000000000000000e+00
8.166666666666665838e-06,2.390000000000000000e+02,2.000000000000000000e+00,2.351839077909038608e-02,5.987855713869991714e-01,5.996272869172445397e-01,2.688000687220461369e+09,1.000000000000000000e+00
8.208333333333334082e-06,2.390000000000000000e+02,2.000000000000000000e+00,2.131578190636877757e-02,5.987825770216524957e-01,5.995453994385800955e-01,2.688000627333154202e+09,1.000000000000000000e+00
8.250000000000000633e-06,2.390000000000000000e+02,2.000000000000000000e+00,1.932045359734705856e-02,5.987798173992127104e-01,5.994711829324596009e-01,2.688000572140705585e+09,1.000000000000000000e+00
8.291666666666667183e-06,2.390000000000000000e+02,2.000000000000000000e+00,1.751269015784577554e-02,5.987772796003596465e-01,5.994039152090562261e-01,2.688000521384728432e+09,1.000000000000000000e+00
8.333333333333333733e-06,2.390000000000000000e+02,2.000000000000000000e+00,1.587469292752734240e-02,5.987749502379677846e-01,5.993429428037531093e-01,2.688000474797480583e+09,1.000000000000000000e+00
8.375000000000000283e-06,2.390000000000000000e+02,2.000000000000000000e+00,1.439038625284387411e-02,5.987728157682387087e-01,5.992876742972458315e-01,2.688000432108086109e+09,1.000000000000000000e+00
8.416666666666666833e-06,2.390000000000000000e+02,2.000000000000000000e+00,1.304524425194334911e-02,5.987708627457573041e-01,5.992375743082755113e-01,2.688000393047636509e+09,1.000000000000000000e+00
8.458333333333333383e-06,2.390000000000000000e+02,2.000000000000000000e+00,1.182613605596065202e-02,5.987690780240193522e-01,5.991921580884835841e-01,2.688000357353201866e+09,1.000000000000000000e+00
8.499999999999999933e-06,2.390000000000000000e+02,2.000000000000000000e+00,1.072118743849363558e-02,5.987674489063130601e-01,5.991509866561738340e-01,2.688000324770847321e+09,1.000000000000000000e+00
8.541666666666666483e-06,2.390000000000000000e+02,2.000000000000000000e+00,9.719656954248187541e-03,5.987659632535324850e-01,5.991136624125266152e-01,2.688000295057791710e+09,1.000000000000000000e+00
8.583333333333333033e-06,2.390000000000000000e+02,2.000000000000000000e+00,8.811824976137123608e-03,5.987646095563751159e-01,5.990798251900042448e-01,2.688000267983848572e+09,1.000000000000000000e+00
8.624999999999999583e-06,2.390000000000000000e+02,2.000000000000000000e+00,7.988894153813581520e-03,5.987633769781154358e-01,5.990491486881628358e-01,2.688000243332283497e+09,1.000000000000000000e+00
8.666666666666666133e-06,2.390000000000000000e+02,2.000000000000000000e+00,7.242900034898177263e-03,5.987622553744244014e-01,5.990213372570565298e-01,2.688000220900209904e+09,1.000000000000000000e+00
8.708333333333332683e-06,2.390000000000000000e+02,2.000000000000000000e+00,6.566630724764528290e-03,5.987612352953345374e-01,5.989961229927798225e-01,2.688000200498628139e+09,1.000000000000000000e+00
8.749999999999999233e-06,2.390000000000000000e+02,2.000000000000000000e+00,5.953554603538343225e-03,5.987603079738186285e-01,5.989732631135661345e-01,2.688000181952197552e+09,1.000000000000000000e+00
8.791666666666667478e-06,2.390000000000000000e+02,2.000000000000000000e+00,5.397755227195140046e-03,5.987594653045792414e-01,5.989525375882773783e-01,2.688000165098813057e+09,1.000000000000000000e+00
8.833333333333334028e-06,2.390000000000000000e+02,2.000000000000000000e+00,4.893872661514015940e-03,5.987586998161302798e-01,5.989337469921489632e-01,2.688000149789043903e+09,1.000000000000000000e+00
8.875000000000000578e-06,2.390000000000000000e+02,2.000000000000000000e+00,4.437050555852457487e-03,5.987580046382976473e-01,5.989167105673033342e-01,2.688000135885487080e+09,1.000000000000000000e+00
8.916666666666667128e-06,2.390000000000000000e+02,2.000000000000000000e+00,4.022888391036523979e-03,5.987573734672986259e-01,5.989012644679350128e-01,2.688000123262067318e+09,1.000000000000000000e+00
8.958333333333333678e-06,2.390000000000000000e+02,2.000000000000000000e+00,3.647398333841685245e-03,5.987568005292748241e-01,5.988872601721069167e-01,2.688000111803306580e+09,1.000000000000000000e+00
9.000000000000000228e-06,2.390000000000000000e+02,2.000000000000000000e+00,3.306966269692331126e-03,5.987562805439694547e-01,5.988745630440120982e-01,2.688000101403600693e+09,1.000000000000000000e+00
9.041666666666666778e-06,2.390000000000000000e+02,2.000000000000000000e+00,2.998316564289545648e-03,5.987558086886964892e-01,5.988630510321386602e-01,2.688000091966495037e+09,1.000000000000000000e+00
9.083333333333333328e-06,2.390000000000000000e+02,2.000000000000000000e+00,2.718480197645241434e-03,5.987553805635879023e-01,5.988526134902812936e-01,2.688000083403993130e+09,1.000000000000000000e+00
9.124999999999999878e-06,2.390000000000000000e+02,2.000000000000000000e+00,2.464765936738095783e-03,5.987549921583301682e-01,5.988431501096330711e-01,2.688000075635888100e+09,1.000000000000000000e+00
9.166666666666666428e-06,2.390000000000000000e+02,2.000000000000000000e+00,2.234734249386512248e-03,5.987546398205954024e-01,5.988345699513493159e-01,2.688000068589133263e+09,1.000000000000000000e+00
9.208333333333332978e-06,2.390000000000000000e+02,2.000000000000000000e+00,2.026173682852224021e-03,5.987543202262843867e-01,5.988267905700177529e-01,2.688000062197247028e+09,1.000000000000000000e+00
9.249999999999999528e-06,2.390000000000000000e+02,2.000000000000000000e+00,1.837079486167332446e-03,5.987540303518505969e-01,5.988197372194227208e-01,2.688000056399758339e+09,1.000000000000000000e+00
9.291666666666666079e-06,2.390000000000000000e+02,2.000000000000000000e+00,1.665634237897158174e-03,5.987537674483934813e-01,5.988133421327959116e-01,2.688000051141689301e+09,1.000000000000000000e+00
9.333333333333332629e-06,2.390000000000000000e+02,2.000000000000000000e+00,1.510190313810873134e-03,5.987535290178660485e-01,5.988075438705358078e-01,2.688000046373078823e+09,1.000000000000000000e+00
9.374999999999999179e-06,2.390000000000000000e+02,2.000000000000000000e+00,1.369253989823611276e-03,5.987533127908746255e-01,5.988022867290108131e-01,2.688000042048538685e+09,1.000000000000000000e+00
9.416666666666667423e-06,2.390000000000000000e+02,2.000000000000000000e+00,1.241471050152305553e-03,5.987531167064636950e-01,5.987975202047146617e-01,2.688000038126850605e+09,1.000000000000000000e+00
9.458333333333333973e-06,2.390000000000000000e+02,2.000000000000000000e+00,1.125613740614191203e-03,5.987529388933947594e-01,5.987931985085538367e-01,2.688000034570589066e+09,1.000000000000000000e+00
9.500000000000000523e-06,2.390000000000000000e+02,2.000000000000000000e+00,1.020568947014673187e-03,5.987527776530550128e-01,5.987892801255636499e-01,2.688000031345782280e+09,1.000000000000000000e+00
9.541666666666667073e-06,2.390000000000000000e+02,2.000000000000000000e+00,9.253274822092331410e-04,5.987526314438161856e-01,5.987857274157908360e-01,2.688000028421597481e+09,1.000000000000000000e+00
9.583333333333333623e-06,2.390000000000000000e+02,2.000000000000000000e+00,8.389743717905199551e-04,5.987524988667263237e-01,5.987825062524796405e-01,2.688000025770055771e+09,1.000000000000000000e+00
9.625000000000000173e-06,2.390000000000000000e+02,2.000000000000000000e+00,7.606800583650888186e-04,5.987523786525491554e-01,5.987795856940761885e-01,2.688000023365772247e+09,1.000000000000000000e+00
9.666666666666666723e-06,2.390000000000000000e+02,2.000000000000000000e+00,6.896924225563831092e-04,5.987522696497885599e-01,5.987769376868683491e-01,2.688000021185717106e+09,1.000000000000000000e+00
9.708333333333333273e-06,2.390000000000000000e+02,2.000000000000000000e+00,6.253295479743805957e-04,5.987521708138493493e-01,5.987745367954019349e-01,2.688000019208998203e+09,1.000000000000000000e+00
9.749999999999999823e-06,2.390000000000000000e+02,2.000000000000000000e+00,5.669731701252580863e-04,5.987520811972484314e-01,5.987723599580798695e-01,2.688000017416666031e+09,1.000000000000000000e+00
9.791666666666666374e-06,2.390000000000000000e+02,2.000000000000000000e+00,5.140627283160407492e-04,5.987519999405783722e-01,5.987703862655793241e-01,2.688000015791532993e+09,1.000000000000000000e+00
9.833333333333332924e-06,2.390000000000000000e+02,2.000000000000000000e+00,4.660899823554623183e-04,5.987519262644415141e-01,5.987685967599666315e-01,2.688000014318010330e+09,1.000000000000000000e+00
9.874999999999999474e-06,2.390000000000000000e+02,2.000000000000000000e+00,4.225941258389334979e-04,5.987518594619850587e-01,5.987669742525622008e-01,2.688000012981960773e+09,1.000000000000000000e+00
9.916666666666666024e-06,2.390000000000000000e+02,2.000000000000000000e+00,3.831573605473218339e-04,5.987517988922036460e-01,5.987655031588123844e-01,2.688000011770565510e+09,1.000000000000000000e+00
9.958333333333332574e-06,2.390000000000000000e+02,2.000000000000000000e+00,3.474008801183495524e-04,5.987517439737894964e-01,5.987641693485737937e-01,2.688000010672196865e+09,1.000000000000000000e+00
1.000000000000000082e-05,2.390000000000000000e+02,2.000000000000000000e+00,3.149812320677861425e-04,5.987516941796078296e-01,5.987629600103737681e-01,2.688000009676313400e+09,1.000000000000000000e+00
1.004166666666666737e-05,2.390000000000000000e+02,2.000000000000000000e+00,2.855870154141862730e-04,5.987516490316359130e-01,5.987618635283404878e-01,2.688000008773354053e+09,1.000000000000000000e+00
1.008333333333333392e-05,2.390000000000000000e+02,2.000000000000000000e+00,2.589358920792997126e-04,5.987516080964385701e-01,5.987608693706232277e-01,2.688000007954649925e+09,1.000000000000000000e+00
1.012500000000000047e-05,2.390000000000000000e+02,2.000000000000000000e+00,2.347718711368921066e-04,5.987515709809733133e-01,5.987599679882239512e-01,2.688000007212340832e+09,1.000000000000000000e+00
1.016666666666666702e-05,2.390000000000000000e+02,2.000000000000000000e+00,2.128628540865443229e-04,5.987515373288812004e-01,5.987591507232757904e-01,2.688000006539299011e+09,1.000000000000000000e+00
1.020833333333333357e-05,2.390000000000000000e+02,2.000000000000000000e+00,1.929983993156761445e-04,5.987515068169987353e-01,5.987584097258751292e-01,2.688000005929061413e+09,1.000000000000000000e+00
1.025000000000000012e-05,2.390000000000000000e+02,2.000000000000000000e+00,1.749877066592867068e-04,5.987514791523597113e-01,5.987577378786846927e-01,2.688000005375768661e+09,1.000000000000000000e+00
1.029166666666666667e-05,2.390000000000000000e+02,2.000000000000000000e+00,1.586577820396465103e-04,5.987514540692943088e-01,5.987571287285659016e-01,2.688000004874107361e+09,1.000000000000000000e+00
1.033333333333333322e-05,2.390000000000000000e+02,2.000000000000000000e+00,1.438517749099824160e-04,5.987514313269004518e-01,5.987565764245916800e-01,2.688000004419259071e+09,1.000000000000000000e+00
1.037499999999999977e-05,2.390000000000000000e+02,2.000000000000000000e+00,1.304274712217570796e-04,5.987514107067560820e-01,5.987560756618482971e-01,2.688000004006856441e+09,1.000000000000000000e+00
1.041666666666666632e-05,2.390000000000000000e+02,2.000000000000000000e+00,1.182559291826160207e-04,5.987513920108425980e-01,5.987556216304822376e-01,2.688000003632937908e+09,1.000000000000000000e+00
1.045833333333333287e-05,2.390000000000000000e+02,2.000000000000000000e+00,1.072202414340986588e-04,5.987513750596135109e-01,5.987552099695002683e-01,2.688000003293913364e+09,1.000000000000000000e+00
1.049999999999999942e-05,2.390000000000000000e+02,2.000000000000000000e+00,9.721440818770273561e-05,5.987513596902427349e-01,5.987548367248781700e-01,2.688000002986526012e+09,1.000000000000000000e+00
1.054166666666666597e-05,2.390000000000000000e+02,2.000000000000000000e+00,8.814232404778662110e-05,5.987513457551353335e-01,5.987544983115852260e-01,2.688000002707823753e+09,1.000000000000000000e+00
1.058333333333333252e-05,2.390000000000000000e+02,2.000000000000000000e+00,7.991685032697345102e-05,5.987513331204316058e-01,5.987541914791462139e-01,2.688000002455130100e+09,1.000000000000000000e+00
1.062500000000000076e-05,2.390000000000000000e+02,2.000000000000000000e+00,7.245898103950961465e-05,5.987513216647896153e-01,5.987539132804227116e-01,2.688000002226016998e+09,1.000000000000000000e+00
1.066666666666666731e-05,2.390000000000000000e+02,2.000000000000000000e+00,6.569708256369405906e-05,5.987513112781824853e-01,5.987536610433050743e-01,2.688000002018284798e+09,1.000000000000000000e+00
1.070833333333333386e-05,2.390000000000000000e+02,2.000000000000000000e+00,5.956620788287322009e-05,5.987513018608591198e-01,5.987534323450468543e-01,2.688000001829938412e+09,1.000000000000000000e+00
1.075000000000000041e-05,2.390000000000000000e+02,2.000000000000000000e+00,5.400746812460196177e-05,5.987512933223432254e-01,5.987532249889913061e-01,2.688000001659168243e+09,1.000000000000000000e+00
1.079166666666666696e-05,2.390000000000000000e+02,2.000000000000000000e+00,4.896747140241271788e-05,5.987512855806471634e-01,5.987530369834765942e-01,2.688000001504334450e+09,1.000000000000000000e+00
1.083333333333333351e-05,2.390000000000000000e+02,2.000000000000000000e+00,4.439780895130892256e-05,5.987512785614217403e-01,5.987528665227045410e-01,2.688000001363949776e+09,1.000000000000000000e+00
1.087500000000000006e-05,2.390000000000000000e+02,2.000000000000000000e+00,4.025459037597241106e-05,5.987512721972390040e-01,5.987527119693940580e-01,2.688000001236666203e+09,1.000000000000000000e+00
1.091666666666666661e-05,2.390000000000000000e+02,2.000000000000000000e+00,3.649801800724301713e-05,5.987512664269378782e-01,5.987525718390526164e-01,2.688000001121260166e+09,1.000000000000000000e+00
1.095833333333333316e-05,2.390000000000000000e+02,2.000000000000000000e+00,3.309201037131200517e-05,5.987512611951218977e-01,5.987524447857234255e-01,2.688000001016623497e+09,1.000000000000000000e+00
1.099999999999999971e-05,2.390000000000000000e+02,2.000000000000000000e+00,3.000385294375658939e-05,5.987512564515381497e-01,5.987523295890549990e-01,2.688000000921751976e+09,1.000000000000000000e+00
1.104166666666666626e-05,2.390000000000000000e+02,2.000000000000000000e+00,2.720388346437315429e-05,5.987512521506177521e-01,5.987522251425785313e-01,2.688000000835733414e+09,1.000000000000000000e+00
1.108333333333333281e-05,2.390000000000000000e+02,2.000000000000000000e+00,2.466520726533557261e-05,5.987512482510557454e-01,5.987521304430822866e-01,2.688000000757742405e+09,1.000000000000000000e+00
1.112499999999999936e-05,2.390000000000000000e+02,2.000000000000000000e+00,2.236344170318401052e-05,5.987512447154179629e-01,5.987520445809759728e-01,2.688000000687029839e+09,1.000000000000000000e+00
1.116666666666666591e-05,2.390000000000000000e+02,2.000000000000000000e+00,2.027647787121308008e-05,5.987512415097224761e-01,5.987519667315510663e-01,2.688000000622915745e+09,1.000000000000000000e+00
1.120833333333333416e-05,2.390000000000000000e+02,2.000000000000000000e+00,1.838426959670099063e-05,5.987512386031781375e-01,5.987518961470607026e-01,2.688000000564785004e+09,1.000000000000000000e+00
1.125000000000000071e-05,2.390000000000000000e+02,2.000000000000000000e+00,1.666864335651692907e-05,5.987512359678847096e-01,5.987518321495399753e-01,2.688000000512078762e+09,1.000000000000000000e+00
1.129166666666666726e-05,2.390000000000000000e+02,2.000000000000000000e+00,1.511312001615945984e-05,5.987512335785113438e-01,5.987517741242898150e-01,2.688000000464291573e+09,1.000000000000000000e+00
1.133333333333333381e-05,2.390000000000000000e+02,2.000000000000000000e+00,1.370275839666786406e-05,5.987512314121111734e-01,5.987517215139755988e-01,2.688000000420963287e+09,1.000000000000000000e+00
1.137500000000000036e-05,2.390000000000000000e+02,2.000000000000000000e+00,1.242401248395393575e-05,5.987512294478839481e-01,5.987516738132739880e-01,2.688000000381679058e+09,1.000000000000000000e+00
1.141666666666666691e-05,2.390000000000000000e+02,2.000000000000000000e+00,1.126459955207022641e-05,5.987512276669545441e-01,5.987516305640178116e-01,2.688000000346060276e+09,1.000000000000000000e+00
1.145833333333333346e-05,2.390000000000000000e+02,2.000000000000000000e+00,1.021338283839353163e-05,5.987512260522205310e-01,5.987515913507964749e-01,2.688000000313765526e+09,1.000000000000000000e+00
1.150000000000000001e-05,2.390000000000000000e+02,2.000000000000000000e+00,9.260266951734170209e-06,5.987512245881861928e-01,5.987515557969671498e-01,2.688000000284484863e+09,1.000000000000000000e+00
1.154166666666666656e-05,2.390000000000000000e+02,2.000000000000000000e+00,8.396095099434693998e-06,5.987512232607610230e-01,5.987515235610325615e-01,2.688000000257936478e+09,1.000000000000000000e+00
1.158333333333333311e-05,2.390000000000000000e+02,2.000000000000000000e+00,7.612568142341419946e-06,5.987512220572286381e-01,5.987514943333672734e-01,2.688000000233865738e+09,1.000000000000000000e+00
1.162499999999999966e-05,2.390000000000000000e+02,2.000000000000000000e+00,6.902160921291883926e-06,5.987512209660156293e-01,5.987514678332390705e-01,2.688000000212041378e+09,1.000000000000000000e+00
1.166666666666666621e-05,2.390000000000000000e+02,2.000000000000000000e+00,6.258048588043980192e-06,5.987512199766219512e-01,5.987514438061118938e-01,2.688000000192253590e+09,1.000000000000000000e+00
1.170833333333333276e-05,2.390000000000000000e+02,2.000000000000000000e+00,5.674044759636249284e-06,5.987512190795658551e-01,5.987514220212051264e-01,2.688000000174312592e+09,1.000000000000000000e+00
1.174999999999999931e-05,2.390000000000000000e+02,2.000000000000000000e+00,5.144540582242857556e-06,5.987512182662326765e-01,5.987514022692748128e-01,2.688000000158045769e+09,1.000000000000000000e+00
1.179166666666666586e-05,2.390000000000000000e+02,2.000000000000000000e+00,4.664450161491490792e-06,5.987512175287997840e-01,5.987513843606026009e-01,2.688000000143297195e+09,1.000000000000000000e+00
1.183333333333333410e-05,2.390000000000000000e+02,2.000000000000000000e+00,4.229161449749458472e-06,5.987512168601797358e-01,5.987513681231746432e-01,2.688000000129924774e+09,1.000000000000000000e+00
1.187500000000000065e-05,2.390000000000000000e+02,2.000000000000000000e+00,3.834495318862113993e-06,5.987512162539651017e-01,5.987513534010305838e-01,2.688000000117800713e+09,1.000000000000000000e+00
1.191666666666666720e-05,2.390000000000000000e+02,2.000000000000000000e+00,3.476659175923064666e-06,5.987512157042989003e-01,5.987513400527613161e-01,2.688000000106807232e+09,1.000000000000000000e+00
1.195833333333333375e-05,2.390000000000000000e+02,2.000000000000000000e+00,3.152216040454309325e-06,5.987512152059266679e-01,5.987513279501562868e-01,2.688000000096839905e+09,1.000000000000000000e+00
1.200000000000000030e-05,2.390000000000000000e+02,2.000000000000000000e+00,2.858050893102276961e-06,5.987512147540701157e-01,5.987513169769702603e-01,2.688000000087802887e+09,1.000000000000000000e+00
1.204166666666666685e-05,2.390000000000000000e+02,2.000000000000000000e+00,2.591336114839155118e-06,5.987512143443654011e-01,5.987513070278043248e-01,2.688000000079608440e+09,1.000000000000000000e+00
1.208333333333333340e-05,2.390000000000000000e+02,2.000000000000000000e+00,2.349511478079453002e-06,5.987512139729141980e-01,5.987512980070982538e-01,2.688000000072179794e+09,1.000000000000000000e+00
1.212499999999999995e-05,2.390000000000000000e+02,2.000000000000000000e+00,2.130254133354842554e-06,5.987512136361299309e-01,5.987512898282083551e-01,2.688000000065443993e+09,1.000000000000000000e+00
1.216666666666666650e-05,2.390000000000000000e+02,2.000000000000000000e+00,1.931457690936018096e-06,5.987512133307730799e-01,5.987512824125756916e-01,2.688000000059336662e+09,1.000000000000000000e+00
1.220833333333333305e-05,2.390000000000000000e+02,2.000000000000000000e+00,1.751214030938658754e-06,5.987512130539179855e-01,5.987512756889734611e-01,2.688000000053799629e+09,1.000000000000000000e+00
1.224999999999999960e-05,2.390000000000000000e+02,2.000000000000000000e+00,1.587790565955888583e-06,5.987512128028793512e-01,5.987512695928193240e-01,2.688000000048779011e+09,1.000000000000000000e+00
1.229166666666666615e-05,2.390000000000000000e+02,2.000000000000000000e+00,1.439617508132446660e-06,5.987512125752639802e-01,5.987512640655590079e-01,2.688000000044226646e+09,1.000000000000000000e+00
1.233333333333333270e-05,2.390000000000000000e+02,2.000000000000000000e+00,1.305272407754760127e-06,5.987512123688947252e-01,5.987512590541038682e-01,2.688000000040099144e+09,1.000000000000000000e+00
1.237499999999999925e-05,2.390000000000000000e+02,2.000000000000000000e+00,1.183463782346312060e-06,5.987512121817766264e-01,5.987512545103181871e-01,2.688000000036356926e+09,1.000000000000000000e+00
1.241666666666666750e-05,2.390000000000000000e+02,2.000000000000000000e+00,1.073022931215323399e-06,5.987512120121313286e-01,5.987512503905598749e-01,2.688000000032963753e+09,1.000000000000000000e+00
1.245833333333333405e-05,2.390000000000000000e+02,2.000000000000000000e+00,9.728884740448259846e-07,5.987512118583093734e-01,5.987512466552581403e-01,2.688000000029887676e+09,1.000000000000000000e+00
1.250000000000000060e-05,2.390000000000000000e+02,2.000000000000000000e+00,8.820972559456414385e-07,5.987512117188381611e-01,5.987512432685347941e-01,2.688000000027098179e+09,1.000000000000000000e+00
1.254166666666666715e-05,2.390000000000000000e+02,2.000000000000000000e+00,7.997788904881739155e-07,5.987512115924096268e-01,5.987512401978630772e-01,2.688000000024569511e+09,1.000000000000000000e+00
1.258333333333333370e-05,2.390000000000000000e+02,2.000000000000000000e+00,7.251430267765819996e-07,5.987512114777868710e-01,5.987512374137495819e-01,2.688000000022276878e+09,1.000000000000000000e+00
1.262500000000000025e-05,2.390000000000000000e+02,2.000000000000000000e+00,6.574720734911672741e-07,5.987512113738534536e-01,5.987512348894518110e-01,2.688000000020198345e+09,1.000000000000000000e+00
1.266666666666666680e-05,2.390000000000000000e+02,2.000000000000000000e+00,5.961166514148636563e-07,5.987512112796200547e-01,5.987512326007234931e-01,2.688000000018313885e+09,1.000000000000000000e+00
1.270833333333333335e-05,2.390000000000000000e+02,2.000000000000000000e+00,5.404864984862208336e-07,5.987512111941715176e-01,5.987512305255804357e-01,2.688000000016604900e+09,1.000000000000000000e+00
1.274999999999999990e-05,2.390000000000000000e+02,2.000000000000000000e+00,4.900477413152977794e-07,5.987512111167034856e-01,5.987512286440911380e-01,2.688000000015055180e+09,1.000000000000000000e+00
1.279166666666666645e-05,2.390000000000000000e+02,2.000000000000000000e+00,4.443156192260496288e-07,5.987512110464684456e-01,5.987512269381841667e-01,2.688000000013650417e+09,1.000000000000000000e+00
1.283333333333333300e-05,2.390000000000000000e+02,2.000000000000000000e+00,4.028517557722218304e-07,5.987512109827968221e-01,5.987512253914748506e-01,2.688000000012377262e+09,1.000000000000000000e+00
1.287499999999999955e-05,2.390000000000000000e+02,2.000000000000000000e+00,3.652568827797360688e-07,5.987512109250604508e-01,5.987512239891060739e-01,2.688000000011222363e+09,1.000000000000000000e+00
1.291666666666666610e-05,2.390000000000000000e+02,2.000000000000000000e+00,3.311708403466902114e-07,5.987512108727195415e-01,5.987512227176083890e-01,2.688000000010175705e+09,1.000000000000000000e+00
1.295833333333333265e-05,2.390000000000000000e+02,2.000000000000000000e+00,3.002662103804461628e-07,5.987512108252568410e-01,5.987512215647683433e-01,2.688000000009226322e+09,1.000000000000000000e+00
1.299999999999999920e-05,2.390000000000000000e+02,2.000000000000000000e+00,2.722464976082257896e-07,5.987512107822106078e-01,5.987512205195112402e-01,2.688000000008365631e+09,1.000000000000000000e+00
1.304166666666666744e-05,2.390000000000000000e+02,2.000000000000000000e+00,2.468406726089007593e-07,5.987512107431569586e-01,5.987512195717952235e-01,2.688000000007584572e+09,1.000000000000000000e+00
1.308333333333333399e-05,2.390000000000000000e+02,2.000000000000000000e+00,2.238049908023960858e-07,5.987512107077568313e-01,5.987512187125187957e-01,2.688000000006876469e+09,1.000000000000000000e+00
1.312500000000000054e-05,2.390000000000000000e+02,2.000000000000000000e+00,2.029193544708825353e-07,5.987512106756788244e-01,5.987512179334305573e-01,2.688000000006234646e+09,1.000000000000000000e+00
1.316666666666666709e-05,2.390000000000000000e+02,2.000000000000000000e+00,1.839827652852683964e-07,5.987512106465940898e-01,5.987512172270473831e-01,2.688000000005653381e+09,1.000000000000000000e+00
1.320833333333333364e-05,2.390000000000000000e+02,2.000000000000000000e+00,1.668142337999008301e-07,5.987512106202238504e-01,5.987512165865843672e-01,2.688000000005125523e+09,1.000000000000000000e+00
1.325000000000000019e-05,2.390000000000000000e+02,2.000000000000000000e+00,1.512473224843554169e-07,5.987512105962953246e-01,5.987512160058880983e-01,2.688000000004647255e+09,1.000000000000000000e+00
1.329166666666666674e-05,2.390000000000000000e+02,2.000000000000000000e+00,1.371328742075413171e-07,5.987512105746035651e-01,5.987512154793813712e-01,2.688000000004213333e+09,1.000000000000000000e+00
1.333333333333333329e-05,2.390000000000000000e+02,2.000000000000000000e+00,1.243362837535962168e-07,5.987512105549420705e-01,5.987512150020081192e-01,2.688000000003819942e+09,1.000000000000000000e+00
1.337499999999999984e-05,2.390000000000000000e+02,2.000000000000000000e+00,1.127338598430789845e-07,5.987512105371025628e-01,5.987512145691818999e-01,2.688000000003463268e+09,1.000000000000000000e+00
1.341666666666666639e-05,2.390000000000000000e+02,2.000000000000000000e+00,1.022128251329697374e-07,5.987512105209220614e-01,5.987512141767452611e-01,2.688000000003139496e+09,1.000000000000000000e+00
1.345833333333333294e-05,2.390000000000000000e+02,2.000000000000000000e+00,9.267404470077527924e-08,5.987512105062776646e-01,5.987512138209314383e-01,2.688000000002846718e+09,1.000000000000000000e+00
1.349999999999999949e-05,2.390000000000000000e+02,2.000000000000000000e+00,8.402565958161650462e-08,5.987512104930011736e-01,5.987512134983231649e-01,2.688000000002581120e+09,1.000000000000000000e+00
1.354166666666666605e-05,2.390000000000000000e+02,2.000000000000000000e+00,7.618399626293030412e-08,5.987512104809594726e-01,5.987512132058210312e-01,2.688000000002340317e+09,1.000000000000000000e+00
1.358333333333333260e-05,2.390000000000000000e+02,2.000000000000000000e+00,6.907447617917133732e-08,5.987512104700477567e-01,5.987512129406161732e-01,2.688000000002122402e+09,1.000000000000000000e+00
1.362500000000000084e-05,2.390000000000000000e+02,2.000000000000000000e+00,6.262797773300482197e-08,5.987512104601494523e-01,5.987512127001606288e-01,2.688000000001924038e+09,1.000000000000000000e+00
1.366666666666666739e-05,2.390000000000000000e+02,2.000000000000000000e+00,5.678356477941198511e-08,5.987512104511828470e-01,5.987512124821455783e-01,2.688000000001744747e+09,1.000000000000000000e+00
1.370833333333333394e-05,2.390000000000000000e+02,2.000000000000000000e+00,5.148484864688289858e-08,5.987512104430458004e-01,5.987512122844759199e-01,2.688000000001582146e+09,1.000000000000000000e+00
1.375000000000000049e-05,2.390000000000000000e+02,2.000000000000000000e+00,4.667998813741652532e-08,5.987512104356591536e-01,5.987512121052523950e-01,2.688000000001434326e+09,1.000000000000000000e+00
1.379166666666666704e-05,2.390000000000000000e+02,2.000000000000000000e+00,4.232441801062597199e-08,5.987512104289715031e-01,5.987512119427543800e-01,2.688000000001300812e+09,1.000000000000000000e+00
1.383333333333333359e-05,2.390000000000000000e+02,2.000000000000000000e+00,3.837448252082614465e-08,5.987512104228922549e-01,5.987512117954195690e-01,2.688000000001179218e+09,1.000000000000000000e+00
1.387500000000000014e-05,2.390000000000000000e+02,2.000000000000000000e+00,3.479380187994612618e-08,5.987512104173916549e-01,5.987512116618339819e-01,2.688000000001069069e+09,1.000000000000000000e+00
1.391666666666666669e-05,2.390000000000000000e+02,2.000000000000000000e+00,3.154690579461677237e-08,5.987512104123946521e-01,5.987512115407138680e-01,2.688000000000968933e+09,1.000000000000000000e+00
1.395833333333333324e-05,2.390000000000000000e+02,2.000000000000000000e+00,2.860287144497780366e-08,5.987512104078676067e-01,5.987512114308961575e-01,2.688000000000878811e+09,1.000000000000000000e+00
1.399999999999999979e-05,2.390000000000000000e+02,2.000000000000000000e+00,2.593350449527425928e-08,5.987512104037672200e-01,5.987512113313266937e-01,2.688000000000796795e+09,1.000000000000000000e+00
1.404166666666666634e-05,2.390000000000000000e+02,2.000000000000000000e+00,2.351333909385649393e-08,5.987512104000526358e-01,5.987512112410493526e-01,2.688000000000722408e+09,1.000000000000000000e+00
1.408333333333333289e-05,2.390000000000000000e+02,2.000000000000000000e+00,2.131963787318019102e-08,5.987512103966839971e-01,5.987512111591968278e-01,2.688000000000655174e+09,1.000000000000000000e+00
1.412499999999999944e-05,2.390000000000000000e+02,2.000000000000000000e+00,1.933057296040280028e-08,5.987512103936162289e-01,5.987512110849818603e-01,2.688000000000593662e+09,1.000000000000000000e+00
1.416666666666666599e-05,2.390000000000000000e+02,2.000000000000000000e+00,1.752613547208530734e-08,5.987512103908304573e-01,5.987512110176911317e-01,2.688000000000537872e+09,1.000000000000000000e+00
1.420833333333333254e-05,2.390000000000000000e+02,2.000000000000000000e+00,1.588995450359581275e-08,5.987512103883237957e-01,5.987512109566804908e-01,2.688000000000487804e+09,1.000000000000000000e+00
1.425000000000000078e-05,2.390000000000000000e+02,2.000000000000000000e+00,1.440747813970593807e-08,5.987512103860619384e-01,5.987512109013648498e-01,2.688000000000442505e+09,1.000000000000000000e+00
1.429166666666666733e-05,2.390000000000000000e+02,2.000000000000000000e+00,1.306324497048555014e-08,5.987512103839940369e-01,5.987512108512110798e-01,2.688000000000401020e+09,1.000000000000000000e+00
1.433333333333333388e-05,2.390000000000000000e+02,2.000000000000000000e+00,1.184452207010982630e-08,5.987512103821144294e-01,5.987512108057371218e-01,2.688000000000363350e+09,1.000000000000000000e+00
1.437500000000000043e-05,2.390000000000000000e+02,2.000000000000000000e+00,1.073948600745571849e-08,5.987512103804066843e-01,5.987512107645057702e-01,2.688000000000329494e+09,1.000000000000000000e+00
1.441666666666666698e-05,2.390000000000000000e+02,2.000000000000000000e+00,9.737222846101951569e-09,5.987512103788572571e-01,5.987512107271212303e-01,2.688000000000298500e+09,1.000000000000000000e+00
1.445833333333333353e-05,2.390000000000000000e+02,2.000000000000000000e+00,8.828637639030796259e-09,5.987512103774590422e-01,5.987512106932251221e-01,2.688000000000270367e+09,1.000000000000000000e+00
1.450000000000000009e-05,2.390000000000000000e+02,2.000000000000000000e+00,8.003725944522750348e-09,5.987512103761905013e-01,5.987512106624919284e-01,2.688000000000245094e+09,1.000000000000000000e+00
1.454166666666666664e-05,2.390000000000000000e+02,2.000000000000000000e+00,7.257030794367177091e-09,5.987512103750644021e-01,5.987512106346286611e-01,2.688000000000222683e+09,1.000000000000000000e+00
1.458333333333333319e-05,2.390000000000000000e+02,2.000000000000000000e+00,6.580366736248118482e-09,5.987512103740268987e-01,5.987512106093659803e-01,2.688000000000201702e+09,1.000000000000000000e+00
1.462499999999999974e-05,2.390000000000000000e+02,2.000000000000000000e+00,5.966457812551391922e-09,5.987512103730723290e-01,5.987512105864598588e-01,2.688000000000182629e+09,1.000000000000000000e+00
1.466666666666666629e-05,2.390000000000000000e+02,2.000000000000000000e+00,5.408937560364586912e-09,5.987512103722093526e-01,5.987512105656904726e-01,2.688000000000165462e+09,1.000000000000000000e+00
1.470833333333333284e-05,2.390000000000000000e+02,2.000000000000000000e+00,4.904168000880611740e-09,5.987512103714470735e-01,5.987512105468605350e-01,2.688000000000150204e+09,1.000000000000000000e+00
1.474999999999999939e-05,2.390000000000000000e+02,2.000000000000000000e+00,4.446692165888828836e-09,5.987512103707488542e-01,5.987512105297884135e-01,2.688000000000136375e+09,1.000000000000000000e+00
1.479166666666666594e-05,2.390000000000000000e+02,2.000000000000000000e+00,4.031962581880373560e-09,5.987512103701091437e-01,5.987512105143091290e-01,2.688000000000123501e+09,1.000000000000000000e+00
1.483333333333333418e-05,2.390000000000000000e+02,2.000000000000000000e+00,3.655431775346381269e-09,5.987512103695251664e-01,5.987512105002738005e-01,2.688000000000111580e+09,1.000000000000000000e+00
1.487500000000000073e-05,2.390000000000000000e+02,2.000000000000000000e+00,3.314371262181533180e-09,5.987512103690049159e-01,5.987512104875486463e-01,2.688000000000101566e+09,1.000000000000000000e+00
1.491666666666666728e-05,2.390000000000000000e+02,2.000000000000000000e+00,3.004233568876964651e-09,5.987512103685296294e-01,5.987512104760109866e-01,2.688000000000092030e+09,1.000000000000000000e+00
1.495833333333333383e-05,2.390000000000000000e+02,2.000000000000000000e+00,2.724109200730902754e-09,5.987512103681172926e-01,5.987512104655517975e-01,2.688000000000083447e+09,1.000000000000000000e+00
1.500000000000000038e-05,2.390000000000000000e+02,2.000000000000000000e+00,2.469450684234482847e-09,5.987512103677281594e-01,5.987512104560687165e-01,2.688000000000075817e+09,1.000000000000000000e+00
1.504166666666666693e-05,2.390000000000000000e+02,2.000000000000000000e+00,2.239348524685932003e-09,5.987512103673842123e-01,5.987512104474717045e-01,2.688000000000069141e+09,1.000000000000000000e+00
1.508333333333333348e-05,2.390000000000000000e+02,2.000000000000000000e+00,2.030164743278158508e-09,5.987512103670592500e-01,5.987512104396764956e-01,2.688000000000062466e+09,1.000000000000000000e+00
1.512500000000000003e-05,2.390000000000000000e+02,2.000000000000000000e+00,1.840989845309389228e-09,5.987512103667713692e-01,5.987512104326091489e-01,2.688000000000056744e+09,1.000000000000000000e+00
1.516666666666666658e-05,2.390000000000000000e+02,2.000000000000000000e+00,1.670004841376078719e-09,5.987512103665023622e-01,5.987512104262008306e-01,2.688000000000051498e+09,1.000000000000000000e+00
1.520833333333333313e-05,2.390000000000000000e+02,2.000000000000000000e+00,1.514481247372907990e-09,5.987512103662434582e-01,5.987512104203885910e-01,2.688000000000046253e+09,1.000000000000000000e+00
1.524999999999999968e-05,2.390000000000000000e+02,2.000000000000000000e+00,1.373509568598104114e-09,5.987512103660125318e-01,5.987512104151174741e-01,2.688000000000041485e+09,1.000000000000000000e+00
1.529166666666666792e-05,2.390000000000000000e+02,2.000000000000000000e+00,1.245270815648121232e-09,5.987512103658029217e-01,5.987512104103369648e-01,2.688000000000037193e+09,1.000000000000000000e+00
1.533333333333333447e-05,2.390000000000000000e+02,2.000000000000000000e+00,1.128855493821186418e-09,5.987512103656212892e-01,5.987512104060023210e-01,2.688000000000033855e+09,1.000000000000000000e+00
1.537500000000000102e-05,2.390000000000000000e+02,2.000000000000000000e+00,1.023354108415526742e-09,5.987512103654628604e-01,5.987512104020724646e-01,2.688000000000030518e+09,1.000000000000000000e+00
1.541666666666666757e-05,2.390000000000000000e+02,2.000000000000000000e+00,9.278571647293693804e-10,5.987512103653208628e-01,5.987512103985097589e-01,2.688000000000027657e+09,1.000000000000000000e+00
1.545833333333333412e-05,2.390000000000000000e+02,2.000000000000000000e+00,8.405456733591682696e-10,5.987512103651894124e-01,5.987512103952796760e-01,2.688000000000025272e+09,1.000000000000000000e+00
1.550000000000000068e-05,2.390000000000000000e+02,2.000000000000000000e+00,7.623291290066964411e-10,5.987512103650851625e-01,5.987512103923525730e-01,2.688000000000022888e+09,1.000000000000000000e+00
1.554166666666666723e-05,2.390000000000000000e+02,2.000000000000000000e+00,6.913885422684080386e-10,5.987512103649766937e-01,5.987512103896986959e-01,2.688000000000020981e+09,1.000000000000000000e+00
1.558333333333333378e-05,2.390000000000000000e+02,2.000000000000000000e+00,6.268144184425301337e-10,5.987512103648735540e-01,5.987512103872921765e-01,2.688000000000018597e+09,1.000000000000000000e+00
1.562500000000000033e-05,2.390000000000000000e+02,2.000000000000000000e+00,5.686067575290627265e-10,5.987512103647835149e-01,5.987512103851102552e-01,2.688000000000017166e+09,1.000000000000000000e+00
1.566666666666666688e-05,2.390000000000000000e+02,2.000000000000000000e+00,5.149465701244599604e-10,5.987512103646955852e-01,5.987512103831312826e-01,2.688000000000015259e+09,1.000000000000000000e+00
1.570833333333333343e-05,2.390000000000000000e+02,2.000000000000000000e+00,4.667433509304947638e-10,5.987512103646326356e-01,5.987512103813379394e-01,2.688000000000013828e+09,1.000000000000000000e+00
1.574999999999999998e-05,2.390000000000000000e+02,2.000000000000000000e+00,4.230876052453941567e-10,5.987512103645726835e-01,5.987512103797126839e-01,2.688000000000012875e+09,1.000000000000000000e+00
1.579166666666666653e-05,2.390000000000000000e+02,2.000000000000000000e+00,3.839793330691582425e-10,5.987512103645166173e-01,5.987512103782396400e-01,2.688000000000011444e+09,1.000000000000000000e+00
1.583333333333333308e-05,2.390000000000000000e+02,2.000000000000000000e+00,3.475995449982411129e-10,5.987512103644551109e-01,5.987512103769033756e-01,2.688000000000010490e+09,1.000000000000000000e+00
1.587499999999999963e-05,2.390000000000000000e+02,2.000000000000000000e+00,3.148577357344156964e-10,5.987512103644149208e-01,5.987512103756926773e-01,2.688000000000009537e+09,1.000000000000000000e+00
1.591666666666666618e-05,2.390000000000000000e+02,2.000000000000000000e+00,2.857539052776819928e-10,5.987512103643797268e-01,5.987512103745959990e-01,2.688000000000009060e+09,1.000000000000000000e+00
1.595833333333333273e-05,2.390000000000000000e+02,2.000000000000000000e+00,2.593785589262670739e-10,5.987512103643362060e-01,5.987512103736013502e-01,2.688000000000008106e+09,1.000000000000000000e+00
1.599999999999999928e-05,2.390000000000000000e+02,2.000000000000000000e+00,2.357316966801709397e-10,5.987512103642917971e-01,5.987512103726989610e-01,2.688000000000007153e+09,1.000000000000000000e+00
1.604166666666666583e-05,2.390000000000000000e+02,2.000000000000000000e+00,2.139038238376206878e-10,5.987512103642432804e-01,5.987512103718792833e-01,2.688000000000006199e+09,1.000000000000000000e+00
1.608333333333333238e-05,2.390000000000000000e+02,2.000000000000000000e+00,1.929854456968433384e-10,5.987512103642037564e-01,5.987512103711353229e-01,2.688000000000005245e+09,1.000000000000000000e+00
1.612499999999999893e-05,2.390000000000000000e+02,2.000000000000000000e+00,1.747955516613847736e-10,5.987512103641937644e-01,5.987512103704623057e-01,2.688000000000005245e+09,1.000000000000000000e+00
1.616666666666666548e-05,2.390000000000000000e+02,2.000000000000000000e+00,1.584246470294720653e-10,5.987512103641788874e-01,5.987512103698531263e-01,2.688000000000004768e+09,1.000000000000000000e+00
1.620833333333333203e-05,2.390000000000000000e+02,2.000000000000000000e+00,1.438727318011052135e-10,5.987512103641610128e-01,5.987512103693013454e-01,2.688000000000004292e+09,1.000000000000000000e+00
1.624999999999999858e-05,2.390000000000000000e+02,2.000000000000000000e+00,1.302303112745112899e-10,5.987512103641370320e-01,5.987512103688007459e-01,2.688000000000003815e+09,1.000000000000000000e+00
1.629166666666666513e-05,2.390000000000000000e+02,2.000000000000000000e+00,1.184068801514632228e-10,5.987512103641219330e-01,5.987512103683471087e-01,2.688000000000003815e+09,1.000000000000000000e+00
1.633333333333333168e-05,2.390000000000000000e+02,2.000000000000000000e+00,1.074929437301880711e-10,5.987512103640989514e-01,5.987512103679353270e-01,2.688000000000003338e+09,1.000000000000000000e+00
1.637500000000000161e-05,2.390000000000000000e+02,2.000000000000000000e+00,9.748850201068586045e-11,5.987512103640785233e-01,5.987512103675615149e-01,2.688000000000002861e+09,1.000000000000000000e+00
1.641666666666666816e-05,2.390000000000000000e+02,2.000000000000000000e+00,8.839355499295657807e-11,5.987512103640622030e-01,5.987512103672223418e-01,2.688000000000002384e+09,1.000000000000000000e+00
1.645833333333333471e-05,2.390000000000000000e+02,2.000000000000000000e+00,8.111759737877315216e-11,5.987512103640486583e-01,5.987512103669146990e-01,2.688000000000002384e+09,1.000000000000000000e+00
1.650000000000000127e-05,2.390000000000000000e+02,2.000000000000000000e+00,7.384163976458972626e-11,5.987512103640155736e-01,5.987512103666337016e-01,2.688000000000001431e+09,1.000000000000000000e+00
1.654166666666666782e-05,2.390000000000000000e+02,2.000000000000000000e+00,6.656568215040630036e-11,5.987512103639910377e-01,5.987512103663775731e-01,2.688000000000000954e+09,1.000000000000000000e+00
1.658333333333333437e-05,2.390000000000000000e+02,2.000000000000000000e+00,6.019921923799580269e-11,5.987512103639849315e-01,5.987512103661456475e-01,2.688000000000000954e+09,1.000000000000000000e+00
1.662500000000000092e-05,2.390000000000000000e+02,2.000000000000000000e+00,5.383275632558531149e-11,5.987512103639809347e-01,5.987512103659358154e-01,2.688000000000000954e+09,1.000000000000000000e+00
1.666666666666666747e-05,2.390000000000000000e+02,2.000000000000000000e+00,4.837578811494774206e-11,5.987512103639911487e-01,5.987512103657471885e-01,2.688000000000000954e+09,1.000000000000000000e+00
1.670833333333333402e-05,2.390000000000000000e+02,2.000000000000000000e+00,4.291881990431017263e-11,5.987512103639999195e-01,5.987512103655777684e-01,2.688000000000001431e+09,1.000000000000000000e+00
1.675000000000000057e-05,2.390000000000000000e+02,2.000000000000000000e+00,3.928084109721845968e-11,5.987512103640197925e-01,5.987512103654265561e-01,2.688000000000001431e+09,1.000000000000000000e+00
1.679166666666666712e-05,2.390000000000000000e+02,2.000000000000000000e+00,3.655235699189967497e-11,5.987512103640152406e-01,5.987512103652897766e-01,2.688000000000001431e+09,1.000000000000000000e+00
1.683333333333333367e-05,2.390000000000000000e+02,2.000000000000000000e+00,3.382387288658089025e-11,5.987512103639900385e-01,5.987512103651638773e-01,2.688000000000000954e+09,1.000000000000000000e+00
1.687500000000000022e-05,2.390000000000000000e+02,2.000000000000000000e+00,3.018589407948917730e-11,5.987512103639632821e-01,5.987512103650475259e-01,2.688000000000000477e+09,1.000000000000000000e+00
1.691666666666666677e-05,2.390000000000000000e+02,2.000000000000000000e+00,2.654791527239746112e-11,5.987512103639618388e-01,5.987512103649422768e-01,2.688000000000000477e+09,1.000000000000000000e+00
1.695833333333333332e-05,2.390000000000000000e+02,2.000000000000000000e+00,2.381943116707867641e-11,5.987512103639768268e-01,5.987512103648486850e-01,2.688000000000000954e+09,1.000000000000000000e+00
1.699999999999999987e-05,2.390000000000000000e+02,2.000000000000000000e+00,2.200044176353281993e-11,5.987512103639854866e-01,5.987512103647648631e-01,2.688000000000000954e+09,1.000000000000000000e+00
1.704166666666666642e-05,2.390000000000000000e+02,2.000000000000000000e+00,1.927195765821403522e-11,5.987512103639778260e-01,5.987512103646885908e-01,2.688000000000000954e+09,1.000000000000000000e+00
1.708333333333333297e-05,2.390000000000000000e+02,2.000000000000000000e+00,1.654347355289525050e-11,5.987512103639881511e-01,5.987512103646206452e-01,2.688000000000000954e+09,1.000000000000000000e+00
1.712499999999999952e-05,2.390000000000000000e+02,2.000000000000000000e+00,1.472448414934939403e-11,5.987512103640105776e-01,5.987512103645614703e-01,2.688000000000001431e+09,1.000000000000000000e+00
1.716666666666666607e-05,2.390000000000000000e+02,2.000000000000000000e+00,1.381498944757646740e-11,5.987512103640232342e-01,5.987512103645091788e-01,2.688000000000001907e+09,1.000000000000000000e+00
1.720833333333333262e-05,2.390000000000000000e+02,2.000000000000000000e+00,1.290549474580353917e-11,5.987512103640162398e-01,5.987512103644614392e-01,2.688000000000001431e+09,1.000000000000000000e+00
1.724999999999999917e-05,2.390000000000000000e+02,2.000000000000000000e+00,1.290549474580353917e-11,5.987512103640044714e-01,5.987512103644171413e-01,2.688000000000001431e+09,1.000000000000000000e+00
1.729166666666666572e-05,2.390000000000000000e+02,2.000000000000000000e+00,1.290549474580353917e-11,5.987512103639728300e-01,5.987512103643741757e-01,2.688000000000000954e+09,1.000000000000000000e+00
1.733333333333333227e-05,2.390000000000000000e+02,2.000000000000000000e+00,1.199600004403061093e-11,5.987512103639343053e-01,5.987512103643317651e-01,2.688000000000000000e+09,1.000000000000000000e+00
1.737499999999999882e-05,2.390000000000000000e+02,2.000000000000000000e+00,1.108650534225768269e-11,5.987512103639133221e-01,5.987512103642912420e-01,2.687999999999999523e+09,1.000000000000000000e+00
1.741666666666666537e-05,2.390000000000000000e+02,2.000000000000000000e+00,9.267515938711826215e-12,5.987512103639004435e-01,5.987512103642533834e-01,2.687999999999999046e+09,1.000000000000000000e+00
1.745833333333333192e-05,2.390000000000000000e+02,2.000000000000000000e+00,7.448526535165969739e-12,5.987512103639122119e-01,5.987512103642202987e-01,2.687999999999999523e+09,1.000000000000000000e+00
1.749999999999999847e-05,2.390000000000000000e+02,2.000000000000000000e+00,6.539031833393040693e-12,5.987512103639365257e-01,5.987512103641926542e-01,2.688000000000000000e+09,1.000000000000000000e+00
1.754166666666666502e-05,2.390000000000000000e+02,2.000000000000000000e+00,5.629537131620112455e-12,5.987512103639491823e-01,5.987512103641690064e-01,2.688000000000000477e+09,1.000000000000000000e+00
1.758333333333333496e-05,2.390000000000000000e+02,2.000000000000000000e+00,4.720042429847184217e-12,5.987512103639596184e-01,5.987512103641486894e-01,2.688000000000000477e+09,1.000000000000000000e+00
1.762500000000000151e-05,2.390000000000000000e+02,2.000000000000000000e+00,3.810547728074255979e-12,5.987512103639712757e-01,5.987512103641313699e-01,2.688000000000000477e+09,1.000000000000000000e+00
1.766666666666666806e-05,2.390000000000000000e+02,2.000000000000000000e+00,2.901053026301327741e-12,5.987512103639852645e-01,5.987512103641171590e-01,2.688000000000000954e+09,1.000000000000000000e+00
1.770833333333333461e-05,2.390000000000000000e+02,2.000000000000000000e+00,1.991558324528399503e-12,5.987512103640019179e-01,5.987512103641059458e-01,2.688000000000001431e+09,1.000000000000000000e+00
1.775000000000000116e-05,2.390000000000000000e+02,2.000000000000000000e+00,2.901053026301327741e-12,5.987512103640215688e-01,5.987512103640976191e-01,2.688000000000001907e+09,1.000000000000000000e+00
1.779166666666666771e-05,2.390000000000000000e+02,2.000000000000000000e+00,2.901053026301327741e-12,5.987512103640043604e-01,5.987512103640887373e-01,2.688000000000001431e+09,1.000000000000000000e+00
1.783333333333333426e-05,2.390000000000000000e+02,2.000000000000000000e+00,2.901053026301327741e-12,5.987512103639921479e-01,5.987512103640794114e-01,2.688000000000000954e+09,1.000000000000000000e+00
1.787500000000000081e-05,2.390000000000000000e+02,2.000000000000000000e+00,1.991558324528399503e-12,5.987512103639817118e-01,5.987512103640699745e-01,2.688000000000000954e+09,1.000000000000000000e+00
1.791666666666666736e-05,2.390000000000000000e+02,2.000000000000000000e+00,1.991558324528399503e-12,5.987512103639917038e-01,5.987512103640623140e-01,2.688000000000000954e+09,1.000000000000000000e+00
1.795833333333333391e-05,2.390000000000000000e+02,2.000000000000000000e+00,1.991558324528399503e-12,5.987512103639910377e-01,5.987512103640554306e-01,2.688000000000000954e+09,1.000000000000000000e+00
1.800000000000000046e-05,2.390000000000000000e+02,2.000000000000000000e+00,1.991558324528399503e-12,5.987512103639865968e-01,5.987512103640487693e-01,2.688000000000000954e+09,1.000000000000000000e+00
1.804166666666666701e-05,2.390000000000000000e+02,2.000000000000000000e+00,1.991558324528399503e-12,5.987512103639808236e-01,5.987512103640422190e-01,2.688000000000000954e+09,1.000000000000000000e+00
1.808333333333333356e-05,2.390000000000000000e+02,2.000000000000000000e+00,1.991558324528399503e-12,5.987512103639744954e-01,5.987512103640356687e-01,2.688000000000000954e+09,1.000000000000000000e+00
1.812500000000000011e-05,2.390000000000000000e+02,2.000000000000000000e+00,1.991558324528399503e-12,5.987512103639680561e-01,5.987512103640291183e-01,2.688000000000000477e+09,1.000000000000000000e+00
1.816666666666666666e-05,2.390000000000000000e+02,2.000000000000000000e+00,1.991558324528399503e-12,5.987512103639616168e-01,5.987512103640226790e-01,2.688000000000000477e+09,1.000000000000000000e+00
1.820833333333333321e-05,2.390000000000000000e+02,2.000000000000000000e+00,1.991558324528399503e-12,5.987512103639550665e-01,5.987512103640161287e-01,2.688000000000000477e+09,1.000000000000000000e+00
1.824999999999999976e-05,2.390000000000000000e+02,2.000000000000000000e+00,1.991558324528399503e-12,5.987512103639486272e-01,5.987512103640095784e-01,2.688000000000000477e+09,1.000000000000000000e+00
1.829166666666666631e-05,2.390000000000000000e+02,2.000000000000000000e+00,1.991558324528399503e-12,5.987512103639420769e-01,5.987512103640030281e-01,2.688000000000000000e+09,1.000000000000000000e+00
1.833333333333333286e-05,2.390000000000000000e+02,2.000000000000000000e+00,1.991558324528399503e-12,5.987512103639355265e-01,5.987512103639965888e-01,2.688000000000000000e+09,1.000000000000000000e+00
1.837499999999999941e-05,2.390000000000000000e+02,2.000000000000000000e+00,1.991558324528399503e-12,5.987512103639290872e-01,5.987512103639900385e-01,2.688000000000000000e+09,1.000000000000000000e+00
1.841666666666666596e-05,2.390000000000000000e+02,2.000000000000000000e+00,1.991558324528399503e-12,5.987512103639225369e-01,5.987512103639834882e-01,2.687999999999999523e+09,1.000000000000000000e+00
1.845833333333333251e-05,2.390000000000000000e+02,2.000000000000000000e+00,1.991558324528399503e-12,5.987512103639159866e-01,5.987512103639770489e-01,2.687999999999999523e+09,1.000000000000000000e+00
1.849999999999999906e-05,2.390000000000000000e+02,2.000000000000000000e+00,1.991558324528399503e-12,5.987512103639095473e-01,5.987512103639704986e-01,2.687999999999999523e+09,1.000000000000000000e+00
1.854166666666666561e-05,2.390000000000000000e+02,2.000000000000000000e+00,1.991558324528399503e-12,5.987512103639029970e-01,5.987512103639639482e-01,2.687999999999999523e+09,1.000000000000000000e+00
1.858333333333333216e-05,2.390000000000000000e+02,2.000000000000000000e+00,1.991558324528399503e-12,5.987512103638964467e-01,5.987512103639573979e-01,2.687999999999999046e+09,1.000000000000000000e+00
1.862499999999999871e-05,2.390000000000000000e+02,2.000000000000000000e+00,1.991558324528399503e-12,5.987512103638898964e-01,5.987512103639509586e-01,2.687999999999999046e+09,1.000000000000000000e+00
1.866666666666666526e-05,2.390000000000000000e+02,2.000000000000000000e+00,1.991558324528399503e-12,5.987512103638834571e-01,5.987512103639444083e-01,2.687999999999999046e+09,1.000000000000000000e+00
1.870833333333333181e-05,2.390000000000000000e+02,2.000000000000000000e+00,1.991558324528399503e-12,5.987512103638769068e-01,5.987512103639378580e-01,2.687999999999999046e+09,1.000000000000000000e+00
1.874999999999999836e-05,2.390000000000000000e+02,2.000000000000000000e+00,1.991558324528399503e-12,5.987512103638703564e-01,5.987512103639314187e-01,2.687999999999998569e+09,1.000000000000000000e+00
1.879166666666666830e-05,2.390000000000000000e+02,2.000000000000000000e+00,1.991558324528399503e-12,5.987512103638639172e-01,5.987512103639248684e-01,2.687999999999998569e+09,1.000000000000000000e+00
1.883333333333333485e-05,2.390000000000000000e+02,2.000000000000000000e+00,1.991558324528399503e-12,5.987512103638573668e-01,5.987512103639183181e-01,2.687999999999998569e+09,1.000000000000000000e+00
1.887500000000000140e-05,2.390000000000000000e+02,2.000000000000000000e+00,1.991558324528399503e-12,5.987512103638508165e-01,5.987512103639118788e-01,2.687999999999998093e+09,1.000000000000000000e+00
1.891666666666666795e-05,2.390000000000000000e+02,2.000000000000000000e+00,1.991558324528399503e-12,5.987512103638443772e-01,5.987512103639053285e-01,2.687999999999998093e+09,1.000000000000000000e+00
1.895833333333333450e-05,2.390000000000000000e+02,2.000000000000000000e+00,1.991558324528399503e-12,5.987512103638378269e-01,5.987512103638987782e-01,2.687999999999998093e+09,1.000000000000000000e+00
1.900000000000000105e-05,2.390000000000000000e+02,2.000000000000000000e+00,1.991558324528399503e-12,5.987512103638312766e-01,5.987512103638922278e-01,2.687999999999998093e+09,1.000000000000000000e+00
1.904166666666666760e-05,2.390000000000000000e+02,2.000000000000000000e+00,1.991558324528399503e-12,5.987512103638247263e-01,5.987512103638857885e-01,2.687999999999997616e+09,1.000000000000000000e+00
1.908333333333333415e-05,2.390000000000000000e+02,2.000000000000000000e+00,1.991558324528399503e-12,5.987512103638182870e-01,5.987512103638792382e-01,2.687999999999997616e+09,1.000000000000000000e+00
1.912500000000000070e-05,2.390000000000000000e+02,2.000000000000000000e+00,1.991558324528399503e-12,5.987512103638117367e-01,5.987512103638726879e-01,2.687999999999997616e+09,1.000000000000000000e+00
1.916666666666666725e-05,2.390000000000000000e+02,2.000000000000000000e+00,1.991558324528399503e-12,5.987512103638051864e-01,5.987512103638662486e-01,2.687999999999997139e+09,1.000000000000000000e+00
1.920833333333333380e-05,2.390000000000000000e+02,2.000000000000000000e+00,1.991558324528399503e-12,5.987512103637987471e-01,5.987512103638596983e-01,2.687999999999997139e+09,1.000000000000000000e+00
1.925000000000000035e-05,2.390000000000000000e+02,2.000000000000000000e+00,1.991558324528399503e-12,5.987512103637921967e-01,5.987512103638531480e-01,2.687999999999997139e+09,1.000000000000000000e+00
1.929166666666666690e-05,2.390000000000000000e+02,2.000000000000000000e+00,1.991558324528399503e-12,5.987512103637856464e-01,5.987512103638467087e-01,2.687999999999997139e+09,1.000000000000000000e+00
1.933333333333333345e-05,2.390000000000000000e+02,2.000000000000000000e+00,1.991558324528399503e-12,5.987512103637790961e-01,5.987512103638401584e-01,2.687999999999996662e+09,1.000000000000000000e+00
1.937500000000000000e-05,2.390000000000000000e+02,2.000000000000000000e+00,1.991558324528399503e-12,5.987512103637726568e-01,5.987512103638336081e-01,2.687999999999996662e+09,1.000000000000000000e+00
1.941666666666666655e-05,2.390000000000000000e+02,2.000000000000000000e+00,1.991558324528399503e-12,5.987512103637661065e-01,5.987512103638270577e-01,2.687999999999996662e+09,1.000000000000000000e+00
1.945833333333333310e-05,2.390000000000000000e+02,2.000000000000000000e+00,1.991558324528399503e-12,5.987512103637595562e-01,5.987512103638206185e-01,2.687999999999996662e+09,1.000000000000000000e+00
1.949999999999999965e-05,2.390000000000000000e+02,2.000000000000000000e+00,1.991558324528399503e-12,5.987512103637531169e-01,5.987512103638140681e-01,2.687999999999996185e+09,1.000000000000000000e+00
1.954166666666666620e-05,2.390000000000000000e+02,2.000000000000000000e+00,1.991558324528399503e-12,5.987512103637465666e-01,5.987512103638075178e-01,2.687999999999996185e+09,1.000000000000000000e+00
1.958333333333333275e-05,2.390000000000000000e+02,2.000000000000000000e+00,1.991558324528399503e-12,5.987512103637400163e-01,5.987512103638010785e-01,2.687999999999996185e+09,1.000000000000000000e+00
1.962499999999999930e-05,2.390000000000000000e+02,2.000000000000000000e+00,1.082063622755471266e-12,5.987512103637335770e-01,5.987512103637945282e-01,2.687999999999995708e+09,1.000000000000000000e+00
1.966666666666666585e-05,2.390000000000000000e+02,2.000000000000000000e+00,1.725689209825431286e-13,5.987512103637468996e-01,5.987512103637898653e-01,2.687999999999996185e+09,1.000000000000000000e+00
1.970833333333333240e-05,2.390000000000000000e+02,2.000000000000000000e+00,-7.369257807903851094e-13,5.987512103637692151e-01,5.987512103637877559e-01,2.687999999999996662e+09,1.000000000000000000e+00
1.974999999999999895e-05,2.390000000000000000e+02,2.000000000000000000e+00,-1.646420482563313448e-12,5.987512103637966376e-01,5.987512103637885330e-01,2.687999999999997139e+09,1.000000000000000000e+00
1.979166666666666550e-05,2.390000000000000000e+02,2.000000000000000000e+00,-2.555915184336241686e-12,5.987512103638277239e-01,5.987512103637921967e-01,2.687999999999997616e+09,1.000000000000000000e+00
1.983333333333333205e-05,2.390000000000000000e+02,2.000000000000000000e+00,-3.465409886109169924e-12,5.987512103638621408e-01,5.987512103637988581e-01,2.687999999999998569e+09,1.000000000000000000e+00
1.987499999999999860e-05,2.390000000000000000e+02,2.000000000000000000e+00,-3.465409886109169924e-12,5.987512103638995553e-01,5.987512103638084060e-01,2.687999999999999046e+09,1.000000000000000000e+00
1.991666666666666515e-05,2.390000000000000000e+02,2.000000000000000000e+00,-2.555915184336241686e-12,5.987512103639199834e-01,5.987512103638191752e-01,2.687999999999999523e+09,1.000000000000000000e+00
1.995833333333333170e-05,2.390000000000000000e+02,2.000000000000000000e+00,-2.555915184336241686e-12,5.987512103639146543e-01,5.987512103638283900e-01,2.687999999999999523e+09,1.000000000000000000e+00
2.000000000000000164e-05,2.390000000000000000e+02,2.000000000000000000e+00,-2.555915184336241686e-12,5.987512103639182071e-01,5.987512103638371608e-01,2.687999999999999523e+09,1.000000000000000000e+00
2.004166666666666819e-05,2.390000000000000000e+02,2.000000000000000000e+00,-2.555915184336241686e-12,5.987512103639248684e-01,5.987512103638455985e-01,2.688000000000000000e+09,1.000000000000000000e+00
2.008333333333333474e-05,2.390000000000000000e+02,2.000000000000000000e+00,-2.555915184336241686e-12,5.987512103639326400e-01,5.987512103638540362e-01,2.688000000000000000e+09,1.000000000000000000e+00
2.012500000000000129e-05,2.390000000000000000e+02,2.000000000000000000e+00,-2.555915184336241686e-12,5.987512103639407446e-01,5.987512103638623628e-01,2.688000000000000000e+09,1.000000000000000000e+00
2.016666666666666784e-05,2.390000000000000000e+02,2.000000000000000000e+00,-2.555915184336241686e-12,5.987512103639490713e-01,5.987512103638706895e-01,2.688000000000000477e+09,1.000000000000000000e+00
2.020833333333333439e-05,2.390000000000000000e+02,2.000000000000000000e+00,-2.555915184336241686e-12,5.987512103639573979e-01,5.987512103638791272e-01,2.688000000000000477e+09,1.000000000000000000e+00
2.025000000000000094e-05,2.390000000000000000e+02,2.000000000000000000e+00,-2.555915184336241686e-12,5.987512103639657246e-01,5.987512103638874539e-01,2.688000000000000477e+09,1.000000000000000000e+00
2.029166666666666749e-05,2.390000000000000000e+02,2.000000000000000000e+00,-2.555915184336241686e-12,5.987512103639740513e-01,5.987512103638957806e-01,2.688000000000000954e+09,1.000000000000000000e+00
2.033333333333333404e-05,2.390000000000000000e+02,2.000000000000000000e+00,-2.555915184336241686e-12,5.987512103639824890e-01,5.987512103639042182e-01,2.688000000000000954e+09,1.000000000000000000e+00
2.037500000000000059e-05,2.390000000000000000e+02,2.000000000000000000e+00,-2.555915184336241686e-12,5.987512103639908156e-01,5.987512103639125449e-01,2.688000000000000954e+09,1.000000000000000000e+00
2.041666666666666714e-05,2.390000000000000000e+02,2.000000000000000000e+00,-2.555915184336241686e-12,5.987512103639992533e-01,5.987512103639208716e-01,2.688000000000001431e+09,1.000000000000000000e+00
2.045833333333333369e-05,2.390000000000000000e+02,2.000000000000000000e+00,-1.646420482563313448e-12,5.987512103640075800e-01,5.987512103639293093e-01,2.688000000000001431e+09,1.000000000000000000e+00
2.050000000000000024e-05,2.390000000000000000e+02,2.000000000000000000e+00,-7.369257807903851094e-13,5.987512103639960337e-01,5.987512103639358596e-01,2.688000000000001431e+09,1.000000000000000000e+00
2.054166666666666679e-05,2.390000000000000000e+02,2.000000000000000000e+00,-7.369257807903851094e-13,5.987512103639754946e-01,5.987512103639397454e-01,2.688000000000000954e+09,1.000000000000000000e+00
2.058333333333333334e-05,2.390000000000000000e+02,2.000000000000000000e+00,-7.369257807903851094e-13,5.987512103639699435e-01,5.987512103639427430e-01,2.688000000000000477e+09,1.000000000000000000e+00
2.062499999999999989e-05,2.390000000000000000e+02,2.000000000000000000e+00,-7.369257807903851094e-13,5.987512103639694994e-01,5.987512103639452965e-01,2.688000000000000477e+09,1.000000000000000000e+00
2.066666666666666644e-05,2.390000000000000000e+02,2.000000000000000000e+00,-7.369257807903851094e-13,5.987512103639709427e-01,5.987512103639477390e-01,2.688000000000000477e+09,1.000000000000000000e+00
2.070833333333333299e-05,2.390000000000000000e+02,2.000000000000000000e+00,-7.369257807903851094e-13,5.987512103639729411e-01,5.987512103639501815e-01,2.688000000000000954e+09,1.000000000000000000e+00
2.074999999999999954e-05,2.390000000000000000e+02,2.000000000000000000e+00,-7.369257807903851094e-13,5.987512103639752725e-01,5.987512103639526240e-01,2.688000000000000954e+09,1.000000000000000000e+00
2.079166666666666609e-05,2.390000000000000000e+02,2.000000000000000000e+00,-7.369257807903851094e-13,5.987512103639776040e-01,5.987512103639550665e-01,2.688000000000000954e+09,1.000000000000000000e+00
2.083333333333333264e-05,2.390000000000000000e+02,2.000000000000000000e+00,-7.369257807903851094e-13,5.987512103639800465e-01,5.987512103639573979e-01,2.688000000000000954e+09,1.000000000000000000e+00
2.087499999999999919e-05,2.390000000000000000e+02,2.000000000000000000e+00,-7.369257807903851094e-13,5.987512103639824890e-01,5.987512103639598404e-01,2.688000000000000954e+09,1.000000000000000000e+00
2.091666666666666574e-05,2.390000000000000000e+02,2.000000000000000000e+00,-7.369257807903851094e-13,5.987512103639848204e-01,5.987512103639622829e-01,2.688000000000000954e+09,1.000000000000000000e+00
2.095833333333333229e-05,2.390000000000000000e+02,2.000000000000000000e+00,-7.369257807903851094e-13,5.987512103639872629e-01,5.987512103639647254e-01,2.688000000000000954e+09,1.000000000000000000e+00
2.099999999999999884e-05,2.390000000000000000e+02,2.000000000000000000e+00,-7.369257807903851094e-13,5.987512103639897054e-01,5.987512103639670569e-01,2.688000000000000954e+09,1.000000000000000000e+00
2.104166666666666539e-05,2.390000000000000000e+02,2.000000000000000000e+00,-7.369257807903851094e-13,5.987512103639920369e-01,5.987512103639694994e-01,2.688000000000000954e+09,1.000000000000000000e+00
2.108333333333333194e-05,2.390000000000000000e+02,2.000000000000000000e+00,-7.369257807903851094e-13,5.987512103639944794e-01,5.987512103639719419e-01,2.688000000000000954e+09,1.000000000000000000e+00
2.112499999999999849e-05,2.390000000000000000e+02,2.000000000000000000e+00,-7.369257807903851094e-13,5.987512103639969219e-01,5.987512103639743843e-01,2.688000000000001431e+09,1.000000000000000000e+00
2.116666666666666504e-05,2.390000000000000000e+02,2.000000000000000000e+00,1.725689209825431286e-13,5.987512103639993644e-01,5.987512103639767158e-01,2.688000000000001431e+09,1.000000000000000000e+00
2.120833333333333498e-05,2.390000000000000000e+02,2.000000000000000000e+00,1.082063622755471266e-12,5.987512103639818228e-01,5.987512103639772709e-01,2.688000000000000954e+09,1.000000000000000000e+00
2.125000000000000153e-05,2.390000000000000000e+02,2.000000000000000000e+00,1.082063622755471266e-12,5.987512103639553995e-01,5.987512103639752725e-01,2.688000000000000477e+09,1.000000000000000000e+00
2.129166666666666808e-05,2.390000000000000000e+02,2.000000000000000000e+00,1.082063622755471266e-12,5.987512103639437422e-01,5.987512103639722749e-01,2.688000000000000000e+09,1.000000000000000000e+00
2.133333333333333463e-05,2.390000000000000000e+02,2.000000000000000000e+00,1.082063622755471266e-12,5.987512103639374139e-01,5.987512103639689443e-01,2.688000000000000000e+09,1.000000000000000000e+00
2.137500000000000118e-05,2.390000000000000000e+02,2.000000000000000000e+00,1.082063622755471266e-12,5.987512103639328620e-01,5.987512103639655026e-01,2.688000000000000000e+09,1.000000000000000000e+00
2.141666666666666773e-05,2.390000000000000000e+02,2.000000000000000000e+00,1.082063622755471266e-12,5.987512103639289762e-01,5.987512103639619498e-01,2.688000000000000000e+09,1.000000000000000000e+00
2.145833333333333428e-05,2.390000000000000000e+02,2.000000000000000000e+00,1.082063622755471266e-12,5.987512103639253125e-01,5.987512103639583971e-01,2.688000000000000000e+09,1.000000000000000000e+00
2.150000000000000083e-05,2.390000000000000000e+02,2.000000000000000000e+00,1.082063622755471266e-12,5.987512103639217598e-01,5.987512103639548444e-01,2.687999999999999523e+09,1.000000000000000000e+00
2.154166666666666738e-05,2.390000000000000000e+02,2.000000000000000000e+00,1.082063622755471266e-12,5.987512103639182071e-01,5.987512103639512917e-01,2.687999999999999523e+09,1.000000000000000000e+00
2.158333333333333393e-05,2.390000000000000000e+02,2.000000000000000000e+00,1.082063622755471266e-12,5.987512103639146543e-01,5.987512103639477390e-01,2.687999999999999523e+09,1.000000000000000000e+00
2.162500000000000048e-05,2.390000000000000000e+02,2.000000000000000000e+00,1.082063622755471266e-12,5.987512103639111016e-01,5.987512103639442973e-01,2.687999999999999523e+09,1.000000000000000000e+00
2.166666666666666703e-05,2.390000000000000000e+02,2.000000000000000000e+00,1.082063622755471266e-12,5.987512103639075489e-01,5.987512103639407446e-01,2.687999999999999523e+09,1.000000000000000000e+00
2.170833333333333358e-05,2.390000000000000000e+02,2.000000000000000000e+00,1.082063622755471266e-12,5.987512103639039962e-01,5.987512103639371919e-01,2.687999999999999523e+09,1.000000000000000000e+00
2.175000000000000013e-05,2.390000000000000000e+02,2.000000000000000000e+00,1.082063622755471266e-12,5.987512103639004435e-01,5.987512103639336392e-01,2.687999999999999046e+09,1.000000000000000000e+00
2.179166666666666668e-05,2.390000000000000000e+02,2.000000000000000000e+00,1.082063622755471266e-12,5.987512103638970018e-01,5.987512103639300864e-01,2.687999999999999046e+09,1.000000000000000000e+00
2.183333333333333323e-05,2.390000000000000000e+02,2.000000000000000000e+00,1.082063622755471266e-12,5.987512103638934491e-01,5.987512103639265337e-01,2.687999999999999046e+09,1.000000000000000000e+00
2.187499999999999978e-05,2.390000000000000000e+02,2.000000000000000000e+00,1.082063622755471266e-12,5.987512103638898964e-01,5.987512103639229810e-01,2.687999999999999046e+09,1.000000000000000000e+00
2.191666666666666633e-05,2.390000000000000000e+02,2.000000000000000000e+00,1.082063622755471266e-12,5.987512103638863437e-01,5.987512103639194283e-01,2.687999999999999046e+09,1.000000000000000000e+00
2.195833333333333288e-05,2.390000000000000000e+02,2.000000000000000000e+00,1.082063622755471266e-12,5.987512103638827909e-01,5.987512103639158756e-01,2.687999999999999046e+09,1.000000000000000000e+00
2.199999999999999943e-05,2.390000000000000000e+02,2.000000000000000000e+00,1.082063622755471266e-12,5.987512103638792382e-01,5.987512103639124339e-01,2.687999999999999046e+09,1.000000000000000000e+00
2.204166666666666598e-05,2.390000000000000000e+02,2.000000000000000000e+00,1.082063622755471266e-12,5.987512103638756855e-01,5.987512103639088812e-01,2.687999999999998569e+09,1.000000000000000000e+00
2.208333333333333253e-05,2.390000000000000000e+02,2.000000000000000000e+00,1.082063622755471266e-12,5.987512103638721328e-01,5.987512103639053285e-01,2.687999999999998569e+09,1.000000000000000000e+00
2.212499999999999908e-05,2.390000000000000000e+02,2.000000000000000000e+00,1.082063622755471266e-12,5.987512103638685801e-01,5.987512103639017758e-01,2.687999999999998569e+09,1.000000000000000000e+00
2.216666666666666563e-05,2.390000000000000000e+02,2.000000000000000000e+00,1.082063622755471266e-12,5.987512103638650274e-01,5.987512103638982230e-01,2.687999999999998569e+09,1.000000000000000000e+00
2.220833333333333218e-05,2.390000000000000000e+02,2.000000000000000000e+00,1.082063622755471266e-12,5.987512103638615857e-01,5.987512103638946703e-01,2.687999999999998569e+09,1.000000000000000000e+00
2.224999999999999873e-05,2.390000000000000000e+02,2.000000000000000000e+00,1.082063622755471266e-12,5.987512103638580330e-01,5.987512103638911176e-01,2.687999999999998569e+09,1.000000000000000000e+00
2.229166666666666528e-05,2.390000000000000000e+02,2.000000000000000000e+00,1.082063622755471266e-12,5.987512103638544803e-01,5.987512103638875649e-01,2.687999999999998569e+09,1.000000000000000000e+00
2.233333333333333183e-05,2.390000000000000000e+02,2.000000000000000000e+00,1.082063622755471266e-12,5.987512103638509275e-01,5.987512103638840122e-01,2.687999999999998093e+09,1.000000000000000000e+00
2.237499999999999838e-05,2.390000000000000000e+02,2.000000000000000000e+00,1.082063622755471266e-12,5.987512103638473748e-01,5.987512103638804595e-01,2.687999999999998093e+09,1.000000000000000000e+00
2.241666666666666832e-05,2.390000000000000000e+02,2.000000000000000000e+00,1.082063622755471266e-12,5.987512103638438221e-01,5.987512103638770178e-01,2.687999999999998093e+09,1.000000000000000000e+00
2.245833333333333487e-05,2.390000000000000000e+02,2.000000000000000000e+00,1.082063622755471266e-12,5.987512103638402694e-01,5.987512103638734651e-01,2.687999999999998093e+09,1.000000000000000000e+00
2.250000000000000142e-05,2.390000000000000000e+02,2.000000000000000000e+00,1.082063622755471266e-12,5.987512103638367167e-01,5.987512103638699124e-01,2.687999999999998093e+09,1.000000000000000000e+00
2.254166666666666797e-05,2.390000000000000000e+02,2.000000000000000000e+00,1.082063622755471266e-12,5.987512103638331640e-01,5.987512103638663596e-01,2.687999999999998093e+09,1.000000000000000000e+00
2.258333333333333452e-05,2.390000000000000000e+02,2.000000000000000000e+00,1.082063622755471266e-12,5.987512103638297223e-01,5.987512103638628069e-01,2.687999999999998093e+09,1.000000000000000000e+00
2.262500000000000107e-05,2.390000000000000000e+02,2.000000000000000000e+00,1.082063622755471266e-12,5.987512103638261696e-01,5.987512103638592542e-01,2.687999999999997616e+09,1.000000000000000000e+00
2.266666666666666762e-05,2.390000000000000000e+02,2.000000000000000000e+00,1.082063622755471266e-12,5.987512103638226169e-01,5.987512103638557015e-01,2.687999999999997616e+09,1.000000000000000000e+00
2.270833333333333417e-05,2.390000000000000000e+02,2.000000000000000000e+00,1.082063622755471266e-12,5.987512103638190641e-01,5.987512103638521488e-01,2.687999999999997616e+09,1.000000000000000000e+00
2.275000000000000072e-05,2.390000000000000000e+02,2.000000000000000000e+00,1.082063622755471266e-12,5.987512103638155114e-01,5.987512103638485961e-01,2.687999999999997616e+09,1.000000000000000000e+00
2.279166666666666727e-05,2.390000000000000000e+02,2.000000000000000000e+00,1.082063622755471266e-12,5.987512103638119587e-01,5.987512103638451544e-01,2.687999999999997616e+09,1.000000000000000000e+00
2.283333333333333382e-05,2.390000000000000000e+02,2.000000000000000000e+00,1.082063622755471266e-12,5.987512103638084060e-01,5.987512103638416017e-01,2.687999999999997616e+09,1.000000000000000000e+00
2.287500000000000037e-05,2.390000000000000000e+02,2.000000000000000000e+00,1.082063622755471266e-12,5.987512103638048533e-01,5.987512103638380490e-01,2.687999999999997139e+09,1.000000000000000000e+00
2.291666666666666692e-05,2.390000000000000000e+02,2.000000000000000000e+00,1.082063622755471266e-12,5.987512103638013006e-01,5.987512103638344962e-01,2.687999999999997139e+09,1.000000000000000000e+00
2.295833333333333347e-05,2.390000000000000000e+02,2.000000000000000000e+00,1.082063622755471266e-12,5.987512103637977479e-01,5.987512103638309435e-01,2.687999999999997139e+09,1.000000000000000000e+00
2.300000000000000002e-05,2.390000000000000000e+02,2.000000000000000000e+00,1.082063622755471266e-12,5.987512103637943062e-01,5.987512103638273908e-01,2.687999999999997139e+09,1.000000000000000000e+00
2.304166666666666657e-05,2.390000000000000000e+02,2.000000000000000000e+00,1.082063622755471266e-12,5.987512103637907535e-01,5.987512103638238381e-01,2.687999999999997139e+09,1.000000000000000000e+00
2.308333333333333312e-05,2.390000000000000000e+02,2.000000000000000000e+00,1.082063622755471266e-12,5.987512103637872007e-01,5.987512103638202854e-01,2.687999999999997139e+09,1.000000000000000000e+00
2.312499999999999967e-05,2.390000000000000000e+02,2.000000000000000000e+00,1.082063622755471266e-12,5.987512103637836480e-01,5.987512103638167327e-01,2.687999999999997139e+09,1.000000000000000000e+00
2.316666666666666622e-05,2.390000000000000000e+02,2.000000000000000000e+00,1.082063622755471266e-12,5.987512103637800953e-01,5.987512103638131800e-01,2.687999999999996662e+09,1.000000000000000000e+00
2.320833333333333277e-05,2.390000000000000000e+02,2.000000000000000000e+00,1.082063622755471266e-12,5.987512103637765426e-01,5.987512103638097383e-01,2.687999999999996662e+09,1.000000000000000000e+00
2.324999999999999932e-05,2.390000000000000000e+02,2.000000000000000000e+00,1.082063622755471266e-12,5.987512103637729899e-01,5.987512103638061856e-01,2.687999999999996662e+09,1.000000000000000000e+00
2.329166666666666587e-05,2.390000000000000000e+02,2.000000000000000000e+00,1.082063622755471266e-12,5.987512103637694372e-01,5.987512103638026328e-01,2.687999999999996662e+09,1.000000000000000000e+00
2.333333333333333242e-05,2.390000000000000000e+02,2.000000000000000000e+00,1.725689209825431286e-13,5.987512103637658845e-01,5.987512103637990801e-01,2.687999999999996662e+09,1.000000000000000000e+00
2.337499999999999897e-05,2.390000000000000000e+02,2.000000000000000000e+00,-7.369257807903851094e-13,5.987512103637823158e-01,5.987512103637974148e-01,2.687999999999997139e+09,1.000000000000000000e+00
2.341666666666666552e-05,2.390000000000000000e+02,2.000000000000000000e+00,-1.646420482563313448e-12,5.987512103638076288e-01,5.987512103637983030e-01,2.687999999999997616e+09,1.000000000000000000e+00
2.345833333333333207e-05,2.390000000000000000e+02,2.000000000000000000e+00,-2.555915184336241686e-12,5.987512103638380490e-01,5.987512103638019667e-01,2.687999999999998093e+09,1.000000000000000000e+00
2.349999999999999862e-05,2.390000000000000000e+02,2.000000000000000000e+00,-3.465409886109169924e-12,5.987512103638720218e-01,5.987512103638086280e-01,2.687999999999998569e+09,1.000000000000000000e+00
2.354166666666666517e-05,2.390000000000000000e+02,2.000000000000000000e+00,-2.555915184336241686e-12,5.987512103639094363e-01,5.987512103638182870e-01,2.687999999999999523e+09,1.000000000000000000e+00
2.358333333333333172e-05,2.390000000000000000e+02,2.000000000000000000e+00,-2.555915184336241686e-12,5.987512103639098804e-01,5.987512103638271688e-01,2.687999999999999523e+09,1.000000000000000000e+00
2.362500000000000166e-05,2.390000000000000000e+02,2.000000000000000000e+00,-2.555915184336241686e-12,5.987512103639155425e-01,5.987512103638357175e-01,2.687999999999999523e+09,1.000000000000000000e+00
2.366666666666666821e-05,2.390000000000000000e+02,2.000000000000000000e+00,-2.555915184336241686e-12,5.987512103639229810e-01,5.987512103638441552e-01,2.687999999999999523e+09,1.000000000000000000e+00
2.370833333333333476e-05,2.390000000000000000e+02,2.000000000000000000e+00,-2.555915184336241686e-12,5.987512103639309746e-01,5.987512103638524819e-01,2.688000000000000000e+09,1.000000000000000000e+00
2.375000000000000131e-05,2.390000000000000000e+02,2.000000000000000000e+00,-2.555915184336241686e-12,5.987512103639391903e-01,5.987512103638608085e-01,2.688000000000000000e+09,1.000000000000000000e+00
2.379166666666666786e-05,2.390000000000000000e+02,2.000000000000000000e+00,-2.555915184336241686e-12,5.987512103639475169e-01,5.987512103638692462e-01,2.688000000000000000e+09,1.000000000000000000e+00
2.383333333333333441e-05,2.390000000000000000e+02,2.000000000000000000e+00,-2.555915184336241686e-12,5.987512103639558436e-01,5.987512103638775729e-01,2.688000000000000477e+09,1.000000000000000000e+00
2.387500000000000096e-05,2.390000000000000000e+02,2.000000000000000000e+00,-2.555915184336241686e-12,5.987512103639642813e-01,5.987512103638860106e-01,2.688000000000000477e+09,1.000000000000000000e+00
2.391666666666666751e-05,2.390000000000000000e+02,2.000000000000000000e+00,-2.555915184336241686e-12,5.987512103639726080e-01,5.987512103638943373e-01,2.688000000000000954e+09,1.000000000000000000e+00
2.395833333333333406e-05,2.390000000000000000e+02,2.000000000000000000e+00,-2.555915184336241686e-12,5.987512103639809347e-01,5.987512103639026639e-01,2.688000000000000954e+09,1.000000000000000000e+00
2.400000000000000061e-05,2.390000000000000000e+02,2.000000000000000000e+00,-2.555915184336241686e-12,5.987512103639893724e-01,5.987512103639111016e-01,2.688000000000000954e+09,1.000000000000000000e+00
2.404166666666666716e-05,2.390000000000000000e+02,2.000000000000000000e+00,-2.555915184336241686e-12,5.987512103639976990e-01,5.987512103639194283e-01,2.688000000000001431e+09,1.000000000000000000e+00
2.408333333333333371e-05,2.390000000000000000e+02,2.000000000000000000e+00,-1.646420482563313448e-12,5.987512103640060257e-01,5.987512103639277550e-01,2.688000000000001431e+09,1.000000000000000000e+00
2.412500000000000026e-05,2.390000000000000000e+02,2.000000000000000000e+00,-7.369257807903851094e-13,5.987512103639944794e-01,5.987512103639343053e-01,2.688000000000000954e+09,1.000000000000000000e+00
2.416666666666666681e-05,2.390000000000000000e+02,2.000000000000000000e+00,-7.369257807903851094e-13,5.987512103639740513e-01,5.987512103639381911e-01,2.688000000000000954e+09,1.000000000000000000e+00
2.420833333333333336e-05,2.390000000000000000e+02,2.000000000000000000e+00,-7.369257807903851094e-13,5.987512103639683891e-01,5.987512103639411887e-01,2.688000000000000477e+09,1.000000000000000000e+00
2.424999999999999991e-05,2.390000000000000000e+02,2.000000000000000000e+00,-7.369257807903851094e-13,5.987512103639679450e-01,5.987512103639437422e-01,2.688000000000000477e+09,1.000000000000000000e+00
2.429166666666666646e-05,2.390000000000000000e+02,2.000000000000000000e+00,-7.369257807903851094e-13,5.987512103639693883e-01,5.987512103639462957e-01,2.688000000000000477e+09,1.000000000000000000e+00
2.433333333333333301e-05,2.390000000000000000e+02,2.000000000000000000e+00,-7.369257807903851094e-13,5.987512103639714978e-01,5.987512103639487382e-01,2.688000000000000477e+09,1.000000000000000000e+00
2.437499999999999956e-05,2.390000000000000000e+02,2.000000000000000000e+00,-7.369257807903851094e-13,5.987512103639737182e-01,5.987512103639510697e-01,2.688000000000000954e+09,1.000000000000000000e+00
2.441666666666666611e-05,2.390000000000000000e+02,2.000000000000000000e+00,-7.369257807903851094e-13,5.987512103639761607e-01,5.987512103639535122e-01,2.688000000000000954e+09,1.000000000000000000e+00
2.445833333333333266e-05,2.390000000000000000e+02,2.000000000000000000e+00,-7.369257807903851094e-13,5.987512103639784922e-01,5.987512103639559546e-01,2.688000000000000954e+09,1.000000000000000000e+00
2.449999999999999921e-05,2.390000000000000000e+02,2.000000000000000000e+00,-7.369257807903851094e-13,5.987512103639809347e-01,5.987512103639583971e-01,2.688000000000000954e+09,1.000000000000000000e+00
2.454166666666666576e-05,2.390000000000000000e+02,2.000000000000000000e+00,-7.369257807903851094e-13,5.987512103639833771e-01,5.987512103639607286e-01,2.688000000000000954e+09,1.000000000000000000e+00
2.458333333333333231e-05,2.390000000000000000e+02,2.000000000000000000e+00,-7.369257807903851094e-13,5.987512103639857086e-01,5.987512103639631711e-01,2.688000000000000954e+09,1.000000000000000000e+00
2.462499999999999886e-05,2.390000000000000000e+02,2.000000000000000000e+00,-7.369257807903851094e-13,5.987512103639881511e-01,5.987512103639656136e-01,2.688000000000000954e+09,1.000000000000000000e+00
2.466666666666666541e-05,2.390000000000000000e+02,2.000000000000000000e+00,-7.369257807903851094e-13,5.987512103639905936e-01,5.987512103639680561e-01,2.688000000000000954e+09,1.000000000000000000e+00
2.470833333333333196e-05,2.390000000000000000e+02,2.000000000000000000e+00,-7.369257807903851094e-13,5.987512103639930361e-01,5.987512103639703875e-01,2.688000000000000954e+09,1.000000000000000000e+00
2.474999999999999851e-05,2.390000000000000000e+02,2.000000000000000000e+00,-7.369257807903851094e-13,5.987512103639953676e-01,5.987512103639728300e-01,2.688000000000000954e+09,1.000000000000000000e+00
2.479166666666666506e-05,2.390000000000000000e+02,2.000000000000000000e+00,-7.369257807903851094e-13,5.987512103639978100e-01,5.987512103639752725e-01,2.688000000000001431e+09,1.000000000000000000e+00
2.483333333333333500e-05,2.390000000000000000e+02,2.000000000000000000e+00,1.725689209825431286e-13,5.987512103640002525e-01,5.987512103639776040e-01,2.688000000000001431e+09,1.000000000000000000e+00
2.487500000000000155e-05,2.390000000000000000e+02,2.000000000000000000e+00,1.082063622755471266e-12,5.987512103639827110e-01,5.987512103639781591e-01,2.688000000000000954e+09,1.000000000000000000e+00
2.491666666666666810e-05,2.390000000000000000e+02,2.000000000000000000e+00,1.082063622755471266e-12,5.987512103639562877e-01,5.987512103639761607e-01,2.688000000000000477e+09,1.000000000000000000e+00
2.495833333333333465e-05,2.390000000000000000e+02,2.000000000000000000e+00,1.082063622755471266e-12,5.987512103639447414e-01,5.987512103639731631e-01,2.688000000000000000e+09,1.000000000000000000e+00
2.500000000000000120e-05,2.390000000000000000e+02,2.000000000000000000e+00,1.082063622755471266e-12,5.987512103639383021e-01,5.987512103639698324e-01,2.688000000000000000e+09,1.000000000000000000e+00
2.504166666666666775e-05,2.390000000000000000e+02,2.000000000000000000e+00,1.082063622755471266e-12,5.987512103639337502e-01,5.987512103639663907e-01,2.688000000000000000e+09,1.000000000000000000e+00
2.508333333333333430e-05,2.390000000000000000e+02,2.000000000000000000e+00,1.082063622755471266e-12,5.987512103639298644e-01,5.987512103639628380e-01,2.688000000000000000e+09,1.000000000000000000e+00
2.512500000000000085e-05,2.390000000000000000e+02,2.000000000000000000e+00,1.082063622755471266e-12,5.987512103639262007e-01,5.987512103639592853e-01,2.688000000000000000e+09,1.000000000000000000e+00
2.516666666666666740e-05,2.390000000000000000e+02,2.000000000000000000e+00,1.082063622755471266e-12,5.987512103639226480e-01,5.987512103639557326e-01,2.687999999999999523e+09,1.000000000000000000e+00
2.520833333333333395e-05,2.390000000000000000e+02,2.000000000000000000e+00,1.082063622755471266e-12,5.987512103639190952e-01,5.987512103639522909e-01,2.687999999999999523e+09,1.000000000000000000e+00
2.525000000000000050e-05,2.390000000000000000e+02,2.000000000000000000e+00,1.082063622755471266e-12,5.987512103639155425e-01,5.987512103639487382e-01,2.687999999999999523e+09,1.000000000000000000e+00
2.529166666666666705e-05,2.390000000000000000e+02,2.000000000000000000e+00,1.082063622755471266e-12,5.987512103639119898e-01,5.987512103639451855e-01,2.687999999999999523e+09,1.000000000000000000e+00
2.533333333333333360e-05,2.390000000000000000e+02,2.000000000000000000e+00,1.082063622755471266e-12,5.987512103639084371e-01,5.987512103639416328e-01,2.687999999999999523e+09,1.000000000000000000e+00
2.537500000000000015e-05,2.390000000000000000e+02,2.000000000000000000e+00,1.082063622755471266e-12,5.987512103639048844e-01,5.987512103639380801e-01,2.687999999999999523e+09,1.000000000000000000e+00
2.541666666666666670e-05,2.390000000000000000e+02,2.000000000000000000e+00,1.082063622755471266e-12,5.987512103639014427e-01,5.987512103639345273e-01,2.687999999999999523e+09,1.000000000000000000e+00
2.545833333333333325e-05,2.390000000000000000e+02,2.000000000000000000e+00,1.082063622755471266e-12,5.987512103638978900e-01,5.987512103639309746e-01,2.687999999999999046e+09,1.000000000000000000e+00
2.549999999999999980e-05,2.390000000000000000e+02,2.000000000000000000e+00,1.082063622755471266e-12,5.987512103638943373e-01,5.987512103639274219e-01,2.687999999999999046e+09,1.000000000000000000e+00
2.554166666666666635e-05,2.390000000000000000e+02,2.000000000000000000e+00,1.082063622755471266e-12,5.987512103638907845e-01,5.987512103639238692e-01,2.687999999999999046e+09,1.000000000000000000e+00
2.558333333333333290e-05,2.390000000000000000e+02,2.000000000000000000e+00,1.082063622755471266e-12,5.987512103638872318e-01,5.987512103639203165e-01,2.687999999999999046e+09,1.000000000000000000e+00
2.562499999999999945e-05,2.390000000000000000e+02,2.000000000000000000e+00,1.082063622755471266e-12,5.987512103638836791e-01,5.987512103639168748e-01,2.687999999999999046e+09,1.000000000000000000e+00
2.566666666666666600e-05,2.390000000000000000e+02,2.000000000000000000e+00,1.082063622755471266e-12,5.987512103638801264e-01,5.987512103639133221e-01,2.687999999999999046e+09,1.000000000000000000e+00
2.570833333333333255e-05,2.390000000000000000e+02,2.000000000000000000e+00,1.082063622755471266e-12,5.987512103638765737e-01,5.987512103639097694e-01,2.687999999999998569e+09,1.000000000000000000e+00
2.574999999999999910e-05,2.390000000000000000e+02,2.000000000000000000e+00,1.082063622755471266e-12,5.987512103638730210e-01,5.987512103639062166e-01,2.687999999999998569e+09,1.000000000000000000e+00
2.579166666666666565e-05,2.390000000000000000e+02,2.000000000000000000e+00,1.082063622755471266e-12,5.987512103638695793e-01,5.987512103639026639e-01,2.687999999999998569e+09,1.000000000000000000e+00
2.583333333333333220e-05,2.390000000000000000e+02,2.000000000000000000e+00,1.082063622755471266e-12,5.987512103638660266e-01,5.987512103638991112e-01,2.687999999999998569e+09,1.000000000000000000e+00
2.587499999999999875e-05,2.390000000000000000e+02,2.000000000000000000e+00,1.082063622755471266e-12,5.987512103638624739e-01,5.987512103638955585e-01,2.687999999999998569e+09,1.000000000000000000e+00
2.591666666666666530e-05,2.390000000000000000e+02,2.000000000000000000e+00,1.082063622755471266e-12,5.987512103638589211e-01,5.987512103638920058e-01,2.687999999999998569e+09,1.000000000000000000e+00
2.595833333333333185e-05,2.390000000000000000e+02,2.000000000000000000e+00,1.082063622755471266e-12,5.987512103638553684e-01,5.987512103638884531e-01,2.687999999999998569e+09,1.000000000000000000e+00
2.599999999999999840e-05,2.390000000000000000e+02,2.000000000000000000e+00,1.082063622755471266e-12,5.987512103638518157e-01,5.987512103638850114e-01,2.687999999999998093e+09,1.000000000000000000e+00
2.604166666666666834e-05,2.390000000000000000e+02,2.000000000000000000e+00,1.082063622755471266e-12,5.987512103638482630e-01,5.987512103638814587e-01,2.687999999999998093e+09,1.000000000000000000e+00
2.608333333333333489e-05,2.390000000000000000e+02,2.000000000000000000e+00,1.082063622755471266e-12,5.987512103638447103e-01,5.987512103638779060e-01,2.687999999999998093e+09,1.000000000000000000e+00
2.612500000000000144e-05,2.390000000000000000e+02,2.000000000000000000e+00,1.082063622755471266e-12,5.987512103638411576e-01,5.987512103638743532e-01,2.687999999999998093e+09,1.000000000000000000e+00
2.616666666666666799e-05,2.390000000000000000e+02,2.000000000000000000e+00,1.082063622755471266e-12,5.987512103638376049e-01,5.987512103638708005e-01,2.687999999999998093e+09,1.000000000000000000e+00
2.620833333333333454e-05,2.390000000000000000e+02,2.000000000000000000e+00,1.082063622755471266e-12,5.987512103638341632e-01,5.987512103638672478e-01,2.687999999999998093e+09,1.000000000000000000e+00
2.625000000000000109e-05,2.390000000000000000e+02,2.000000000000000000e+00,1.082063622755471266e-12,5.987512103638306105e-01,5.987512103638636951e-01,2.687999999999998093e+09,1.000000000000000000e+00
2.629166666666666764e-05,2.390000000000000000e+02,2.000000000000000000e+00,1.082063622755471266e-12,5.987512103638270577e-01,5.987512103638601424e-01,2.687999999999997616e+09,1.000000000000000000e+00
2.633333333333333419e-05,2.390000000000000000e+02,2.000000000000000000e+00,1.082063622755471266e-12,5.987512103638235050e-01,5.987512103638565897e-01,2.687999999999997616e+09,1.000000000000000000e+00
2.637500000000000074e-05,2.390000000000000000e+02,2.000000000000000000e+00,1.082063622755471266e-12,5.987512103638199523e-01,5.987512103638530370e-01,2.687999999999997616e+09,1.000000000000000000e+00
2.641666666666666729e-05,2.390000000000000000e+02,2.000000000000000000e+00,1.082063622755471266e-12,5.987512103638163996e-01,5.987512103638495953e-01,2.687999999999997616e+09,1.000000000000000000e+00
2.645833333333333384e-05,2.390000000000000000e+02,2.000000000000000000e+00,1.082063622755471266e-12,5.987512103638128469e-01,5.987512103638460426e-01,2.687999999999997616e+09,1.000000000000000000e+00
2.650000000000000039e-05,2.390000000000000000e+02,2.000000000000000000e+00,1.082063622755471266e-12,5.987512103638092942e-01,5.987512103638424898e-01,2.687999999999997616e+09,1.000000000000000000e+00
2.654166666666666694e-05,2.390000000000000000e+02,2.000000000000000000e+00,1.082063622755471266e-12,5.987512103638057415e-01,5.987512103638389371e-01,2.687999999999997616e+09,1.000000000000000000e+00
2.658333333333333349e-05,2.390000000000000000e+02,2.000000000000000000e+00,1.082063622755471266e-12,5.987512103638022998e-01,5.987512103638353844e-01,2.687999999999997139e+09,1.000000000000000000e+00
2.662500000000000004e-05,2.390000000000000000e+02,2.000000000000000000e+00,1.082063622755471266e-12,5.987512103637987471e-01,5.987512103638318317e-01,2.687999999999997139e+09,1.000000000000000000e+00
2.666666666666666659e-05,2.390000000000000000e+02,2.000000000000000000e+00,1.082063622755471266e-12,5.987512103637951943e-01,5.987512103638282790e-01,2.687999999999997139e+09,1.000000000000000000e+00
2.670833333333333314e-05,2.390000000000000000e+02,2.000000000000000000e+00,1.082063622755471266e-12,5.987512103637916416e-01,5.987512103638247263e-01,2.687999999999997139e+09,1.000000000000000000e+00
2.674999999999999969e-05,2.390000000000000000e+02,2.000000000000000000e+00,1.082063622755471266e-12,5.987512103637880889e-01,5.987512103638211736e-01,2.687999999999997139e+09,1.000000000000000000e+00
2.679166666666666624e-05,2.390000000000000000e+02,2.000000000000000000e+00,1.082063622755471266e-12,5.987512103637845362e-01,5.987512103638177319e-01,2.687999999999997139e+09,1.000000000000000000e+00
2.683333333333333279e-05,2.390000000000000000e+02,2.000000000000000000e+00,1.082063622755471266e-12,5.987512103637809835e-01,5.987512103638141792e-01,2.687999999999996662e+09,1.000000000000000000e+00
2.687499999999999934e-05,2.390000000000000000e+02,2.000000000000000000e+00,1.082063622755471266e-12,5.987512103637774308e-01,5.987512103638106264e-01,2.687999999999996662e+09,1.000000000000000000e+00
2.691666666666666589e-05,2.390000000000000000e+02,2.000000000000000000e+00,1.082063622755471266e-12,5.987512103637738781e-01,5.987512103638070737e-01,2.687999999999996662e+09,1.000000000000000000e+00
2.695833333333333244e-05,2.390000000000000000e+02,2.000000000000000000e+00,1.082063622755471266e-12,5.987512103637703254e-01,5.987512103638035210e-01,2.687999999999996662e+09,1.000000000000000000e+00
2.699999999999999899e-05,2.390000000000000000e+02,2.000000000000000000e+00,1.725689209825431286e-13,5.987512103637668837e-01,5.987512103637999683e-01,2.687999999999996662e+09,1.000000000000000000e+00
2.704166666666666554e-05,2.390000000000000000e+02,2.000000000000000000e+00,-7.369257807903851094e-13,5.987512103637832039e-01,5.987512103637983030e-01,2.687999999999997139e+09,1.000000000000000000e+00
2.708333333333333209e-05,2.390000000000000000e+02,2.000000000000000000e+00,-1.646420482563313448e-12,5.987512103638085170e-01,5.987512103637991911e-01,2.687999999999997616e+09,1.000000000000000000e+00
2.712499999999999864e-05,2.390000000000000000e+02,2.000000000000000000e+00,-2.555915184336241686e-12,5.987512103638389371e-01,5.987512103638028549e-01,2.687999999999998093e+09,1.000000000000000000e+00
2.716666666666666519e-05,2.390000000000000000e+02,2.000000000000000000e+00,-3.465409886109169924e-12,5.987512103638730210e-01,5.987512103638095162e-01,2.687999999999998569e+09,1.000000000000000000e+00
2.720833333333333174e-05,2.390000000000000000e+02,2.000000000000000000e+00,-2.555915184336241686e-12,5.987512103639103245e-01,5.987512103638191752e-01,2.687999999999999523e+09,1.000000000000000000e+00
2.725000000000000168e-05,2.390000000000000000e+02,2.000000000000000000e+00,-2.555915184336241686e-12,5.987512103639107686e-01,5.987512103638280569e-01,2.687999999999999523e+09,1.000000000000000000e+00
2.729166666666666823e-05,2.390000000000000000e+02,2.000000000000000000e+00,-2.555915184336241686e-12,5.987512103639164307e-01,5.987512103638366057e-01,2.687999999999999523e+09,1.000000000000000000e+00
2.733333333333333478e-05,2.390000000000000000e+02,2.000000000000000000e+00,-2.555915184336241686e-12,5.987512103639238692e-01,5.987512103638450434e-01,2.687999999999999523e+09,1.000000000000000000e+00
2.737500000000000133e-05,2.390000000000000000e+02,2.000000000000000000e+00,-2.555915184336241686e-12,5.987512103639318628e-01,5.987512103638533700e-01,2.688000000000000000e+09,1.000000000000000000e+00
2.741666666666666788e-05,2.390000000000000000e+02,2.000000000000000000e+00,-2.555915184336241686e-12,5.987512103639400785e-01,5.987512103638618077e-01,2.688000000000000000e+09,1.000000000000000000e+00
2.745833333333333443e-05,2.390000000000000000e+02,2.000000000000000000e+00,-2.555915184336241686e-12,5.987512103639484051e-01,5.987512103638701344e-01,2.688000000000000477e+09,1.000000000000000000e+00
2.750000000000000098e-05,2.390000000000000000e+02,2.000000000000000000e+00,-2.555915184336241686e-12,5.987512103639567318e-01,5.987512103638784611e-01,2.688000000000000477e+09,1.000000000000000000e+00
2.754166666666666753e-05,2.390000000000000000e+02,2.000000000000000000e+00,-2.555915184336241686e-12,5.987512103639651695e-01,5.987512103638868988e-01,2.688000000000000477e+09,1.000000000000000000e+00
2.758333333333333408e-05,2.390000000000000000e+02,2.000000000000000000e+00,-2.555915184336241686e-12,5.987512103639734962e-01,5.987512103638952254e-01,2.688000000000000954e+09,1.000000000000000000e+00
2.762500000000000063e-05,2.390000000000000000e+02,2.000000000000000000e+00,-2.555915184336241686e-12,5.987512103639818228e-01,5.987512103639035521e-01,2.688000000000000954e+09,1.000000000000000000e+00
2.766666666666666718e-05,2.390000000000000000e+02,2.000000000000000000e+00,-2.555915184336241686e-12,5.987512103639902605e-01,5.987512103639119898e-01,2.688000000000000954e+09,1.000000000000000000e+00
2.770833333333333373e-05,2.390000000000000000e+02,2.000000000000000000e+00,-2.555915184336241686e-12,5.987512103639985872e-01,5.987512103639203165e-01,2.688000000000001431e+09,1.000000000000000000e+00
2.775000000000000028e-05,2.390000000000000000e+02,2.000000000000000000e+00,-1.646420482563313448e-12,5.987512103640069139e-01,5.987512103639286432e-01,2.688000000000001431e+09,1.000000000000000000e+00
2.779166666666666683e-05,2.390000000000000000e+02,2.000000000000000000e+00,-7.369257807903851094e-13,5.987512103639953676e-01,5.987512103639351935e-01,2.688000000000000954e+09,1.000000000000000000e+00
2.783333333333333338e-05,2.390000000000000000e+02,2.000000000000000000e+00,-7.369257807903851094e-13,5.987512103639749395e-01,5.987512103639391903e-01,2.688000000000000954e+09,1.000000000000000000e+00
2.787499999999999993e-05,2.390000000000000000e+02,2.000000000000000000e+00,-7.369257807903851094e-13,5.987512103639692773e-01,5.987512103639420769e-01,2.688000000000000477e+09,1.000000000000000000e+00
2.791666666666666648e-05,2.390000000000000000e+02,2.000000000000000000e+00,-7.369257807903851094e-13,5.987512103639688332e-01,5.987512103639447414e-01,2.688000000000000477e+09,1.000000000000000000e+00
2.795833333333333303e-05,2.390000000000000000e+02,2.000000000000000000e+00,-7.369257807903851094e-13,5.987512103639702765e-01,5.987512103639471839e-01,2.688000000000000477e+09,1.000000000000000000e+00
2.799999999999999958e-05,2.390000000000000000e+02,2.000000000000000000e+00,-7.369257807903851094e-13,5.987512103639723859e-01,5.987512103639496264e-01,2.688000000000000954e+09,1.000000000000000000e+00
2.804166666666666613e-05,2.390000000000000000e+02,2.000000000000000000e+00,-7.369257807903851094e-13,5.987512103639746064e-01,5.987512103639520689e-01,2.688000000000000954e+09,1.000000000000000000e+00
2.808333333333333268e-05,2.390000000000000000e+02,2.000000000000000000e+00,-7.369257807903851094e-13,5.987512103639770489e-01,5.987512103639544003e-01,2.688000000000000954e+09,1.000000000000000000e+00
2.812499999999999923e-05,2.390000000000000000e+02,2.000000000000000000e+00,-7.369257807903851094e-13,5.987512103639793803e-01,5.987512103639568428e-01,2.688000000000000954e+09,1.000000000000000000e+00
2.816666666666666578e-05,2.390000000000000000e+02,2.000000000000000000e+00,-7.369257807903851094e-13,5.987512103639818228e-01,5.987512103639592853e-01,2.688000000000000954e+09,1.000000000000000000e+00
2.820833333333333233e-05,2.390000000000000000e+02,2.000000000000000000e+00,-7.369257807903851094e-13,5.987512103639842653e-01,5.987512103639616168e-01,2.688000000000000954e+09,1.000000000000000000e+00
2.824999999999999888e-05,2.390000000000000000e+02,2.000000000000000000e+00,-7.369257807903851094e-13,5.987512103639865968e-01,5.987512103639640593e-01,2.688000000000000954e+09,1.000000000000000000e+00
2.829166666666666543e-05,2.390000000000000000e+02,2.000000000000000000e+00,-7.369257807903851094e-13,5.987512103639890393e-01,5.987512103639665018e-01,2.688000000000000954e+09,1.000000000000000000e+00
2.833333333333333198e-05,2.390000000000000000e+02,2.000000000000000000e+00,-7.369257807903851094e-13,5.987512103639914818e-01,5.987512103639689443e-01,2.688000000000000954e+09,1.000000000000000000e+00
2.837499999999999853e-05,2.390000000000000000e+02,2.000000000000000000e+00,-7.369257807903851094e-13,5.987512103639939243e-01,5.987512103639712757e-01,2.688000000000000954e+09,1.000000000000000000e+00
2.841666666666666508e-05,2.390000000000000000e+02,2.000000000000000000e+00,-7.369257807903851094e-13,5.987512103639962557e-01,5.987512103639737182e-01,2.688000000000001431e+09,1.000000000000000000e+00
2.845833333333333502e-05,2.390000000000000000e+02,2.000000000000000000e+00,-7.369257807903851094e-13,5.987512103639986982e-01,5.987512103639761607e-01,2.688000000000001431e+09,1.000000000000000000e+00
2.850000000000000157e-05,2.390000000000000000e+02,2.000000000000000000e+00,1.725689209825431286e-13,5.987512103640011407e-01,5.987512103639786032e-01,2.688000000000001431e+09,1.000000000000000000e+00
2.854166666666666812e-05,2.390000000000000000e+02,2.000000000000000000e+00,1.082063622755471266e-12,5.987512103639835992e-01,5.987512103639791583e-01,2.688000000000000954e+09,1.000000000000000000e+00
2.858333333333333467e-05,2.390000000000000000e+02,2.000000000000000000e+00,1.082063622755471266e-12,5.987512103639571759e-01,5.987512103639770489e-01,2.688000000000000477e+09,1.000000000000000000e+00
2.862500000000000122e-05,2.390000000000000000e+02,2.000000000000000000e+00,1.082063622755471266e-12,5.987512103639456296e-01,5.987512103639740513e-01,2.688000000000000000e+09,1.000000000000000000e+00
2.866666666666666777e-05,2.390000000000000000e+02,2.000000000000000000e+00,1.082063622755471266e-12,5.987512103639391903e-01,5.987512103639707206e-01,2.688000000000000000e+09,1.000000000000000000e+00
2.870833333333333432e-05,2.390000000000000000e+02,2.000000000000000000e+00,1.082063622755471266e-12,5.987512103639347494e-01,5.987512103639672789e-01,2.688000000000000000e+09,1.000000000000000000e+00
2.875000000000000087e-05,2.390000000000000000e+02,2.000000000000000000e+00,1.082063622755471266e-12,5.987512103639308636e-01,5.987512103639637262e-01,2.688000000000000000e+09,1.000000000000000000e+00
2.879166666666666742e-05,2.390000000000000000e+02,2.000000000000000000e+00,1.082063622755471266e-12,5.987512103639271999e-01,5.987512103639601735e-01,2.688000000000000000e+09,1.000000000000000000e+00
2.883333333333333397e-05,2.390000000000000000e+02,2.000000000000000000e+00,1.082063622755471266e-12,5.987512103639235361e-01,5.987512103639567318e-01,2.687999999999999523e+09,1.000000000000000000e+00
2.887500000000000052e-05,2.390000000000000000e+02,2.000000000000000000e+00,1.082063622755471266e-12,5.987512103639199834e-01,5.987512103639531791e-01,2.687999999999999523e+09,1.000000000000000000e+00
2.891666666666666707e-05,2.390000000000000000e+02,2.000000000000000000e+00,1.082063622755471266e-12,5.987512103639164307e-01,5.987512103639496264e-01,2.687999999999999523e+09,1.000000000000000000e+00
2.895833333333333362e-05,2.390000000000000000e+02,2.000000000000000000e+00,1.082063622755471266e-12,5.987512103639128780e-01,5.987512103639460737e-01,2.687999999999999523e+09,1.000000000000000000e+00
2.900000000000000017e-05,2.390000000000000000e+02,2.000000000000000000e+00,1.082063622755471266e-12,5.987512103639094363e-01,5.987512103639425209e-01,2.687999999999999523e+09,1.000000000000000000e+00
2.904166666666666672e-05,2.390000000000000000e+02,2.000000000000000000e+00,1.082063622755471266e-12,5.987512103639058836e-01,5.987512103639389682e-01,2.687999999999999523e+09,1.000000000000000000e+00
2.908333333333333327e-05,2.390000000000000000e+02,2.000000000000000000e+00,1.082063622755471266e-12,5.987512103639023309e-01,5.987512103639354155e-01,2.687999999999999523e+09,1.000000000000000000e+00
2.912499999999999982e-05,2.390000000000000000e+02,2.000000000000000000e+00,1.082063622755471266e-12,5.987512103638987782e-01,5.987512103639318628e-01,2.687999999999999046e+09,1.000000000000000000e+00
2.916666666666666637e-05,2.390000000000000000e+02,2.000000000000000000e+00,1.082063622755471266e-12,5.987512103638952254e-01,5.987512103639283101e-01,2.687999999999999046e+09,1.000000000000000000e+00
2.920833333333333292e-05,2.390000000000000000e+02,2.000000000000000000e+00,1.082063622755471266e-12,5.987512103638916727e-01,5.987512103639248684e-01,2.687999999999999046e+09,1.000000000000000000e+00
2.924999999999999947e-05,2.390000000000000000e+02,2.000000000000000000e+00,1.082063622755471266e-12,5.987512103638881200e-01,5.987512103639213157e-01,2.687999999999999046e+09,1.000000000000000000e+00
2.929166666666666602e-05,2.390000000000000000e+02,2.000000000000000000e+00,1.082063622755471266e-12,5.987512103638845673e-01,5.987512103639177630e-01,2.687999999999999046e+09,1.000000000000000000e+00
2.933333333333333257e-05,2.390000000000000000e+02,2.000000000000000000e+00,1.082063622755471266e-12,5.987512103638810146e-01,5.987512103639142103e-01,2.687999999999999046e+09,1.000000000000000000e+00
2.937499999999999912e-05,2.390000000000000000e+02,2.000000000000000000e+00,1.082063622755471266e-12,5.987512103638774619e-01,5.987512103639106575e-01,2.687999999999999046e+09,1.000000000000000000e+00
2.941666666666666567e-05,2.390000000000000000e+02,2.000000000000000000e+00,1.082063622755471266e-12,5.987512103638740202e-01,5.987512103639071048e-01,2.687999999999998569e+09,1.000000000000000000e+00
2.945833333333333222e-05,2.390000000000000000e+02,2.000000000000000000e+00,1.082063622755471266e-12,5.987512103638704675e-01,5.987512103639035521e-01,2.687999999999998569e+09,1.000000000000000000e+00
2.949999999999999877e-05,2.390000000000000000e+02,2.000000000000000000e+00,1.082063622755471266e-12,5.987512103638669148e-01,5.987512103638999994e-01,2.687999999999998569e+09,1.000000000000000000e+00
2.954166666666666532e-05,2.390000000000000000e+02,2.000000000000000000e+00,1.082063622755471266e-12,5.987512103638633620e-01,5.987512103638964467e-01,2.687999999999998569e+09,1.000000000000000000e+00
2.958333333333333187e-05,2.390000000000000000e+02,2.000000000000000000e+00,1.082063622755471266e-12,5.987512103638598093e-01,5.987512103638928940e-01,2.687999999999998569e+09,1.000000000000000000e+00
2.962499999999999842e-05,2.390000000000000000e+02,2.000000000000000000e+00,1.082063622755471266e-12,5.987512103638562566e-01,5.987512103638894523e-01,2.687999999999998569e+09,1.000000000000000000e+00
2.966666666666666836e-05,2.390000000000000000e+02,2.000000000000000000e+00,1.082063622755471266e-12,5.987512103638527039e-01,5.987512103638858996e-01,2.687999999999998093e+09,1.000000000000000000e+00
2.970833333333333491e-05,2.390000000000000000e+02,2.000000000000000000e+00,1.082063622755471266e-12,5.987512103638491512e-01,5.987512103638823469e-01,2.687999999999998093e+09,1.000000000000000000e+00
2.975000000000000146e-05,2.390000000000000000e+02,2.000000000000000000e+00,1.082063622755471266e-12,5.987512103638455985e-01,5.987512103638787941e-01,2.687999999999998093e+09,1.000000000000000000e+00
2.979166666666666801e-05,2.390000000000000000e+02,2.000000000000000000e+00,1.082063622755471266e-12,5.987512103638421568e-01,5.987512103638752414e-01,2.687999999999998093e+09,1.000000000000000000e+00
2.983333333333333456e-05,2.390000000000000000e+02,2.000000000000000000e+00,1.082063622755471266e-12,5.987512103638386041e-01,5.987512103638716887e-01,2.687999999999998093e+09,1.000000000000000000e+00
2.987500000000000111e-05,2.390000000000000000e+02,2.000000000000000000e+00,1.082063622755471266e-12,5.987512103638350514e-01,5.987512103638681360e-01,2.687999999999998093e+09,1.000000000000000000e+00
2.991666666666666766e-05,2.390000000000000000e+02,2.000000000000000000e+00,1.082063622755471266e-12,5.987512103638314986e-01,5.987512103638645833e-01,2.687999999999998093e+09,1.000000000000000000e+00
2.995833333333333421e-05,2.390000000000000000e+02,2.000000000000000000e+00,1.082063622755471266e-12,5.987512103638279459e-01,5.987512103638610306e-01,2.687999999999997616e+09,1.000000000000000000e+00
3.000000000000000076e-05,2.390000000000000000e+02,2.000000000000000000e+00,1.082063622755471266e-12,5.987512103638243932e-01,5.987512103638575889e-01,2.687999999999997616e+09,1.000000000000000000e+00
3.004166666666666731e-05,2.390000000000000000e+02,2.000000000000000000e+00,1.082063622755471266e-12,5.987512103638208405e-01,5.987512103638540362e-01,2.687999999999997616e+09,1.000000000000000000e+00
3.008333333333333386e-05,2.390000000000000000e+02,2.000000000000000000e+00,1.082063622755471266e-12,5.987512103638172878e-01,5.987512103638504835e-01,2.687999999999997616e+09,1.000000000000000000e+00
3.012500000000000041e-05,2.390000000000000000e+02,2.000000000000000000e+00,1.082063622755471266e-12,5.987512103638137351e-01,5.987512103638469307e-01,2.687999999999997616e+09,1.000000000000000000e+00
3.016666666666666696e-05,2.390000000000000000e+02,2.000000000000000000e+00,1.082063622755471266e-12,5.987512103638101824e-01,5.987512103638433780e-01,2.687999999999997616e+09,1.000000000000000000e+00
3.020833333333333351e-05,2.390000000000000000e+02,2.000000000000000000e+00,1.082063622755471266e-12,5.987512103638067407e-01,5.987512103638398253e-01,2.687999999999997616e+09,1.000000000000000000e+00
3.025000000000000006e-05,2.390000000000000000e+02,2.000000000000000000e+00,1.082063622755471266e-12,5.987512103638031880e-01,5.987512103638362726e-01,2.687999999999997139e+09,1.000000000000000000e+00
3.029166666666666661e-05,2.390000000000000000e+02,2.000000000000000000e+00,1.082063622755471266e-12,5.987512103637996352e-01,5.987512103638327199e-01,2.687999999999997139e+09,1.000000000000000000e+00
3.033333333333333316e-05,2.390000000000000000e+02,2.000000000000000000e+00,1.082063622755471266e-12,5.987512103637960825e-01,5.987512103638291672e-01,2.687999999999997139e+09,1.000000000000000000e+00
3.037499999999999971e-05,2.390000000000000000e+02,2.000000000000000000e+00,1.082063622755471266e-12,5.987512103637925298e-01,5.987512103638256145e-01,2.687999999999997139e+09,1.000000000000000000e+00
3.041666666666666626e-05,2.390000000000000000e+02,2.000000000000000000e+00,1.082063622755471266e-12,5.987512103637889771e-01,5.987512103638221728e-01,2.687999999999997139e+09,1.000000000000000000e+00
3.045833333333333281e-05,2.390000000000000000e+02,2.000000000000000000e+00,1.082063622755471266e-12,5.987512103637854244e-01,5.987512103638186201e-01,2.687999999999997139e+09,1.000000000000000000e+00
3.049999999999999936e-05,2.390000000000000000e+02,2.000000000000000000e+00,1.082063622755471266e-12,5.987512103637818717e-01,5.987512103638150673e-01,2.687999999999997139e+09,1.000000000000000000e+00
3.054166666666666591e-05,2.390000000000000000e+02,2.000000000000000000e+00,1.082063622755471266e-12,5.987512103637783190e-01,5.987512103638115146e-01,2.687999999999996662e+09,1.000000000000000000e+00
3.058333333333333585e-05,2.390000000000000000e+02,2.000000000000000000e+00,1.082063622755471266e-12,5.987512103637748773e-01,5.987512103638079619e-01,2.687999999999996662e+09,1.000000000000000000e+00
3.062499999999999901e-05,2.390000000000000000e+02,2.000000000000000000e+00,1.082063622755471266e-12,5.987512103637713246e-01,5.987512103638044092e-01,2.687999999999996662e+09,1.000000000000000000e+00
3.066666666666666895e-05,2.390000000000000000e+02,2.000000000000000000e+00,1.725689209825431286e-13,5.987512103637677718e-01,5.987512103638008565e-01,2.687999999999996662e+09,1.000000000000000000e+00
3.070833333333333211e-05,2.390000000000000000e+02,2.000000000000000000e+00,-7.369257807903851094e-13,5.987512103637840921e-01,5.987512103637991911e-01,2.687999999999997139e+09,1.000000000000000000e+00
3.075000000000000205e-05,2.390000000000000000e+02,2.000000000000000000e+00,-1.646420482563313448e-12,5.987512103638094052e-01,5.987512103638000793e-01,2.687999999999997616e+09,1.000000000000000000e+00
3.079166666666666521e-05,2.390000000000000000e+02,2.000000000000000000e+00,-2.555915184336241686e-12,5.987512103638398253e-01,5.987512103638037431e-01,2.687999999999998093e+09,1.000000000000000000e+00
3.083333333333333515e-05,2.390000000000000000e+02,2.000000000000000000e+00,-3.465409886109169924e-12,5.987512103638739092e-01,5.987512103638104044e-01,2.687999999999998569e+09,1.000000000000000000e+00
3.087499999999999831e-05,2.390000000000000000e+02,2.000000000000000000e+00,-2.555915184336241686e-12,5.987512103639112127e-01,5.987512103638200633e-01,2.687999999999999523e+09,1.000000000000000000e+00
3.091666666666666825e-05,2.390000000000000000e+02,2.000000000000000000e+00,-2.555915184336241686e-12,5.987512103639117678e-01,5.987512103638289451e-01,2.687999999999999523e+09,1.000000000000000000e+00
3.095833333333333141e-05,2.390000000000000000e+02,2.000000000000000000e+00,-2.555915184336241686e-12,5.987512103639173189e-01,5.987512103638374938e-01,2.687999999999999523e+09,1.000000000000000000e+00
3.100000000000000135e-05,2.390000000000000000e+02,2.000000000000000000e+00,-2.555915184336241686e-12,5.987512103639247574e-01,5.987512103638459315e-01,2.688000000000000000e+09,1.000000000000000000e+00
3.104166666666666451e-05,2.390000000000000000e+02,2.000000000000000000e+00,-2.555915184336241686e-12,5.987512103639327510e-01,5.987512103638542582e-01,2.688000000000000000e+09,1.000000000000000000e+00
3.108333333333333445e-05,2.390000000000000000e+02,2.000000000000000000e+00,-2.555915184336241686e-12,5.987512103639409666e-01,5.987512103638626959e-01,2.688000000000000000e+09,1.000000000000000000e+00
3.112499999999999761e-05,2.390000000000000000e+02,2.000000000000000000e+00,-2.555915184336241686e-12,5.987512103639492933e-01,5.987512103638710226e-01,2.688000000000000477e+09,1.000000000000000000e+00
3.116666666666666755e-05,2.390000000000000000e+02,2.000000000000000000e+00,-2.555915184336241686e-12,5.987512103639577310e-01,5.987512103638794603e-01,2.688000000000000477e+09,1.000000000000000000e+00
3.120833333333333071e-05,2.390000000000000000e+02,2.000000000000000000e+00,-2.555915184336241686e-12,5.987512103639660577e-01,5.987512103638877869e-01,2.688000000000000477e+09,1.000000000000000000e+00
3.125000000000000065e-05,2.390000000000000000e+02,2.000000000000000000e+00,-2.555915184336241686e-12,5.987512103639743843e-01,5.987512103638961136e-01,2.688000000000000954e+09,1.000000000000000000e+00
3.129166666666666381e-05,2.390000000000000000e+02,2.000000000000000000e+00,-2.555915184336241686e-12,5.987512103639828220e-01,5.987512103639045513e-01,2.688000000000000954e+09,1.000000000000000000e+00
3.133333333333333375e-05,2.390000000000000000e+02,2.000000000000000000e+00,-2.555915184336241686e-12,5.987512103639911487e-01,5.987512103639128780e-01,2.688000000000000954e+09,1.000000000000000000e+00
3.137499999999999691e-05,2.390000000000000000e+02,2.000000000000000000e+00,-2.555915184336241686e-12,5.987512103639994754e-01,5.987512103639212047e-01,2.688000000000001431e+09,1.000000000000000000e+00
3.141666666666666685e-05,2.390000000000000000e+02,2.000000000000000000e+00,-1.646420482563313448e-12,5.987512103640079131e-01,5.987512103639296424e-01,2.688000000000001431e+09,1.000000000000000000e+00
3.145833333333333001e-05,2.390000000000000000e+02,2.000000000000000000e+00,-7.369257807903851094e-13,5.987512103639962557e-01,5.987512103639360816e-01,2.688000000000001431e+09,1.000000000000000000e+00
3.149999999999999995e-05,2.390000000000000000e+02,2.000000000000000000e+00,-7.369257807903851094e-13,5.987512103639758276e-01,5.987512103639400785e-01,2.688000000000000954e+09,1.000000000000000000e+00
3.154166666666666989e-05,2.390000000000000000e+02,2.000000000000000000e+00,-7.369257807903851094e-13,5.987512103639701655e-01,5.987512103639429650e-01,2.688000000000000477e+09,1.000000000000000000e+00
3.158333333333333305e-05,2.390000000000000000e+02,2.000000000000000000e+00,-7.369257807903851094e-13,5.987512103639698324e-01,5.987512103639456296e-01,2.688000000000000477e+09,1.000000000000000000e+00
3.162500000000000299e-05,2.390000000000000000e+02,2.000000000000000000e+00,-7.369257807903851094e-13,5.987512103639711647e-01,5.987512103639480721e-01,2.688000000000000477e+09,1.000000000000000000e+00
3.166666666666666615e-05,2.390000000000000000e+02,2.000000000000000000e+00,-7.369257807903851094e-13,5.987512103639732741e-01,5.987512103639505145e-01,2.688000000000000954e+09,1.000000000000000000e+00
3.170833333333333609e-05,2.390000000000000000e+02,2.000000000000000000e+00,-7.369257807903851094e-13,5.987512103639756056e-01,5.987512103639529570e-01,2.688000000000000954e+09,1.000000000000000000e+00
3.174999999999999925e-05,2.390000000000000000e+02,2.000000000000000000e+00,-7.369257807903851094e-13,5.987512103639779371e-01,5.987512103639552885e-01,2.688000000000000954e+09,1.000000000000000000e+00
3.179166666666666919e-05,2.390000000000000000e+02,2.000000000000000000e+00,-7.369257807903851094e-13,5.987512103639803795e-01,5.987512103639577310e-01,2.688000000000000954e+09,1.000000000000000000e+00
3.183333333333333235e-05,2.390000000000000000e+02,2.000000000000000000e+00,-7.369257807903851094e-13,5.987512103639827110e-01,5.987512103639601735e-01,2.688000000000000954e+09,1.000000000000000000e+00
3.187500000000000229e-05,2.390000000000000000e+02,2.000000000000000000e+00,-7.369257807903851094e-13,5.987512103639851535e-01,5.987512103639626160e-01,2.688000000000000954e+09,1.000000000000000000e+00
3.191666666666666545e-05,2.390000000000000000e+02,2.000000000000000000e+00,-7.369257807903851094e-13,5.987512103639875960e-01,5.987512103639649474e-01,2.688000000000000954e+09,1.000000000000000000e+00
3.195833333333333539e-05,2.390000000000000000e+02,2.000000000000000000e+00,-7.369257807903851094e-13,5.987512103639899275e-01,5.987512103639673899e-01,2.688000000000000954e+09,1.000000000000000000e+00
3.199999999999999855e-05,2.390000000000000000e+02,2.000000000000000000e+00,-7.369257807903851094e-13,5.987512103639923700e-01,5.987512103639698324e-01,2.688000000000000954e+09,1.000000000000000000e+00
3.204166666666666849e-05,2.390000000000000000e+02,2.000000000000000000e+00,-7.369257807903851094e-13,5.987512103639948124e-01,5.987512103639722749e-01,2.688000000000000954e+09,1.000000000000000000e+00
3.208333333333333165e-05,2.390000000000000000e+02,2.000000000000000000e+00,-7.369257807903851094e-13,5.987512103639972549e-01,5.987512103639746064e-01,2.688000000000001431e+09,1.000000000000000000e+00
3.212500000000000159e-05,2.390000000000000000e+02,2.000000000000000000e+00,1.725689209825431286e-13,5.987512103639995864e-01,5.987512103639770489e-01,2.688000000000001431e+09,1.000000000000000000e+00
3.216666666666666475e-05,2.390000000000000000e+02,2.000000000000000000e+00,1.082063622755471266e-12,5.987512103639820449e-01,5.987512103639776040e-01,2.688000000000000954e+09,1.000000000000000000e+00
3.220833333333333469e-05,2.390000000000000000e+02,2.000000000000000000e+00,1.082063622755471266e-12,5.987512103639556216e-01,5.987512103639756056e-01,2.688000000000000477e+09,1.000000000000000000e+00
3.224999999999999785e-05,2.390000000000000000e+02,2.000000000000000000e+00,1.082063622755471266e-12,5.987512103639440753e-01,5.987512103639726080e-01,2.688000000000000000e+09,1.000000000000000000e+00
3.229166666666666779e-05,2.390000000000000000e+02,2.000000000000000000e+00,1.082063622755471266e-12,5.987512103639377470e-01,5.987512103639692773e-01,2.688000000000000000e+09,1.000000000000000000e+00
3.233333333333333095e-05,2.390000000000000000e+02,2.000000000000000000e+00,1.082063622755471266e-12,5.987512103639331951e-01,5.987512103639657246e-01,2.688000000000000000e+09,1.000000000000000000e+00
3.237500000000000089e-05,2.390000000000000000e+02,2.000000000000000000e+00,1.082063622755471266e-12,5.987512103639293093e-01,5.987512103639622829e-01,2.688000000000000000e+09,1.000000000000000000e+00
3.241666666666666405e-05,2.390000000000000000e+02,2.000000000000000000e+00,1.082063622755471266e-12,5.987512103639256456e-01,5.987512103639587302e-01,2.688000000000000000e+09,1.000000000000000000e+00
3.245833333333333399e-05,2.390000000000000000e+02,2.000000000000000000e+00,1.082063622755471266e-12,5.987512103639220928e-01,5.987512103639551775e-01,2.687999999999999523e+09,1.000000000000000000e+00
3.249999999999999715e-05,2.390000000000000000e+02,2.000000000000000000e+00,1.082063622755471266e-12,5.987512103639185401e-01,5.987512103639516248e-01,2.687999999999999523e+09,1.000000000000000000e+00
3.254166666666666709e-05,2.390000000000000000e+02,2.000000000000000000e+00,1.082063622755471266e-12,5.987512103639149874e-01,5.987512103639480721e-01,2.687999999999999523e+09,1.000000000000000000e+00
3.258333333333333025e-05,2.390000000000000000e+02,2.000000000000000000e+00,1.082063622755471266e-12,5.987512103639114347e-01,5.987512103639445193e-01,2.687999999999999523e+09,1.000000000000000000e+00
3.262500000000000019e-05,2.390000000000000000e+02,2.000000000000000000e+00,1.082063622755471266e-12,5.987512103639078820e-01,5.987512103639409666e-01,2.687999999999999523e+09,1.000000000000000000e+00
3.266666666666666335e-05,2.390000000000000000e+02,2.000000000000000000e+00,1.082063622755471266e-12,5.987512103639043293e-01,5.987512103639375249e-01,2.687999999999999523e+09,1.000000000000000000e+00
3.270833333333333329e-05,2.390000000000000000e+02,2.000000000000000000e+00,1.082063622755471266e-12,5.987512103639007766e-01,5.987512103639339722e-01,2.687999999999999523e+09,1.000000000000000000e+00
3.275000000000000323e-05,2.390000000000000000e+02,2.000000000000000000e+00,1.082063622755471266e-12,5.987512103638972238e-01,5.987512103639304195e-01,2.687999999999999046e+09,1.000000000000000000e+00
3.279166666666666639e-05,2.390000000000000000e+02,2.000000000000000000e+00,1.082063622755471266e-12,5.987512103638936711e-01,5.987512103639268668e-01,2.687999999999999046e+09,1.000000000000000000e+00
3.283333333333333633e-05,2.390000000000000000e+02,2.000000000000000000e+00,1.082063622755471266e-12,5.987512103638901184e-01,5.987512103639233141e-01,2.687999999999999046e+09,1.000000000000000000e+00
3.287499999999999949e-05,2.390000000000000000e+02,2.000000000000000000e+00,1.082063622755471266e-12,5.987512103638866767e-01,5.987512103639197614e-01,2.687999999999999046e+09,1.000000000000000000e+00
3.291666666666666943e-05,2.390000000000000000e+02,2.000000000000000000e+00,1.082063622755471266e-12,5.987512103638831240e-01,5.987512103639162087e-01,2.687999999999999046e+09,1.000000000000000000e+00
3.295833333333333259e-05,2.390000000000000000e+02,2.000000000000000000e+00,1.082063622755471266e-12,5.987512103638795713e-01,5.987512103639126559e-01,2.687999999999999046e+09,1.000000000000000000e+00
3.300000000000000253e-05,2.390000000000000000e+02,2.000000000000000000e+00,1.082063622755471266e-12,5.987512103638760186e-01,5.987512103639091032e-01,2.687999999999998569e+09,1.000000000000000000e+00
3.304166666666666569e-05,2.390000000000000000e+02,2.000000000000000000e+00,1.082063622755471266e-12,5.987512103638724659e-01,5.987512103639055505e-01,2.687999999999998569e+09,1.000000000000000000e+00
3.308333333333333563e-05,2.390000000000000000e+02,2.000000000000000000e+00,1.082063622755471266e-12,5.987512103638689132e-01,5.987512103639021088e-01,2.687999999999998569e+09,1.000000000000000000e+00
3.312499999999999879e-05,2.390000000000000000e+02,2.000000000000000000e+00,1.082063622755471266e-12,5.987512103638653604e-01,5.987512103638985561e-01,2.687999999999998569e+09,1.000000000000000000e+00
3.316666666666666873e-05,2.390000000000000000e+02,2.000000000000000000e+00,1.082063622755471266e-12,5.987512103638618077e-01,5.987512103638950034e-01,2.687999999999998569e+09,1.000000000000000000e+00
3.320833333333333189e-05,2.390000000000000000e+02,2.000000000000000000e+00,1.082063622755471266e-12,5.987512103638582550e-01,5.987512103638914507e-01,2.687999999999998569e+09,1.000000000000000000e+00
3.325000000000000183e-05,2.390000000000000000e+02,2.000000000000000000e+00,1.082063622755471266e-12,5.987512103638548133e-01,5.987512103638878980e-01,2.687999999999998569e+09,1.000000000000000000e+00
3.329166666666666499e-05,2.390000000000000000e+02,2.000000000000000000e+00,1.082063622755471266e-12,5.987512103638512606e-01,5.987512103638843453e-01,2.687999999999998093e+09,1.000000000000000000e+00
3.333333333333333493e-05,2.390000000000000000e+02,2.000000000000000000e+00,1.082063622755471266e-12,5.987512103638477079e-01,5.987512103638807925e-01,2.687999999999998093e+09,1.000000000000000000e+00
3.337499999999999809e-05,2.390000000000000000e+02,2.000000000000000000e+00,1.082063622755471266e-12,5.987512103638441552e-01,5.987512103638772398e-01,2.687999999999998093e+09,1.000000000000000000e+00
3.341666666666666803e-05,2.390000000000000000e+02,2.000000000000000000e+00,1.082063622755471266e-12,5.987512103638406025e-01,5.987512103638736871e-01,2.687999999999998093e+09,1.000000000000000000e+00
3.345833333333333119e-05,2.390000000000000000e+02,2.000000000000000000e+00,1.082063622755471266e-12,5.987512103638370498e-01,5.987512103638702454e-01,2.687999999999998093e+09,1.000000000000000000e+00
3.350000000000000113e-05,2.390000000000000000e+02,2.000000000000000000e+00,1.082063622755471266e-12,5.987512103638334970e-01,5.987512103638666927e-01,2.687999999999998093e+09,1.000000000000000000e+00
3.354166666666666429e-05,2.390000000000000000e+02,2.000000000000000000e+00,1.082063622755471266e-12,5.987512103638299443e-01,5.987512103638631400e-01,2.687999999999998093e+09,1.000000000000000000e+00
3.358333333333333423e-05,2.390000000000000000e+02,2.000000000000000000e+00,1.082063622755471266e-12,5.987512103638263916e-01,5.987512103638595873e-01,2.687999999999997616e+09,1.000000000000000000e+00
3.362499999999999739e-05,2.390000000000000000e+02,2.000000000000000000e+00,1.082063622755471266e-12,5.987512103638228389e-01,5.987512103638560346e-01,2.687999999999997616e+09,1.000000000000000000e+00
3.366666666666666733e-05,2.390000000000000000e+02,2.000000000000000000e+00,1.082063622755471266e-12,5.987512103638193972e-01,5.987512103638524819e-01,2.687999999999997616e+09,1.000000000000000000e+00
3.370833333333333049e-05,2.390000000000000000e+02,2.000000000000000000e+00,1.082063622755471266e-12,5.987512103638158445e-01,5.987512103638489291e-01,2.687999999999997616e+09,1.000000000000000000e+00
3.375000000000000043e-05,2.390000000000000000e+02,2.000000000000000000e+00,1.082063622755471266e-12,5.987512103638122918e-01,5.987512103638453764e-01,2.687999999999997616e+09,1.000000000000000000e+00
3.379166666666666359e-05,2.390000000000000000e+02,2.000000000000000000e+00,1.082063622755471266e-12,5.987512103638087391e-01,5.987512103638418237e-01,2.687999999999997616e+09,1.000000000000000000e+00
3.383333333333333353e-05,2.390000000000000000e+02,2.000000000000000000e+00,1.082063622755471266e-12,5.987512103638051864e-01,5.987512103638382710e-01,2.687999999999997139e+09,1.000000000000000000e+00
3.387499999999999669e-05,2.390000000000000000e+02,2.000000000000000000e+00,1.082063622755471266e-12,5.987512103638016336e-01,5.987512103638348293e-01,2.687999999999997139e+09,1.000000000000000000e+00
3.391666666666666663e-05,2.390000000000000000e+02,2.000000000000000000e+00,1.082063622755471266e-12,5.987512103637980809e-01,5.987512103638312766e-01,2.687999999999997139e+09,1.000000000000000000e+00
3.395833333333333657e-05,2.390000000000000000e+02,2.000000000000000000e+00,1.082063622755471266e-12,5.987512103637945282e-01,5.987512103638277239e-01,2.687999999999997139e+09,1.000000000000000000e+00
3.399999999999999973e-05,2.390000000000000000e+02,2.000000000000000000e+00,1.082063622755471266e-12,5.987512103637909755e-01,5.987512103638241712e-01,2.687999999999997139e+09,1.000000000000000000e+00
3.404166666666666967e-05,2.390000000000000000e+02,2.000000000000000000e+00,1.082063622755471266e-12,5.987512103637875338e-01,5.987512103638206185e-01,2.687999999999997139e+09,1.000000000000000000e+00
3.408333333333333283e-05,2.390000000000000000e+02,2.000000000000000000e+00,1.082063622755471266e-12,5.987512103637839811e-01,5.987512103638170657e-01,2.687999999999997139e+09,1.000000000000000000e+00
3.412500000000000277e-05,2.390000000000000000e+02,2.000000000000000000e+00,1.082063622755471266e-12,5.987512103637804284e-01,5.987512103638135130e-01,2.687999999999996662e+09,1.000000000000000000e+00
3.416666666666666593e-05,2.390000000000000000e+02,2.000000000000000000e+00,1.082063622755471266e-12,5.987512103637768757e-01,5.987512103638099603e-01,2.687999999999996662e+09,1.000000000000000000e+00
3.420833333333333587e-05,2.390000000000000000e+02,2.000000000000000000e+00,1.082063622755471266e-12,5.987512103637733230e-01,5.987512103638064076e-01,2.687999999999996662e+09,1.000000000000000000e+00
3.424999999999999903e-05,2.390000000000000000e+02,2.000000000000000000e+00,1.082063622755471266e-12,5.987512103637697702e-01,5.987512103638029659e-01,2.687999999999996662e+09,1.000000000000000000e+00
3.429166666666666897e-05,2.390000000000000000e+02,2.000000000000000000e+00,1.725689209825431286e-13,5.987512103637662175e-01,5.987512103637994132e-01,2.687999999999996662e+09,1.000000000000000000e+00
3.433333333333333213e-05,2.390000000000000000e+02,2.000000000000000000e+00,-7.369257807903851094e-13,5.987512103637826488e-01,5.987512103637976368e-01,2.687999999999997139e+09,1.000000000000000000e+00
3.437500000000000207e-05,2.390000000000000000e+02,2.000000000000000000e+00,-1.646420482563313448e-12,5.987512103638079619e-01,5.987512103637985250e-01,2.687999999999997616e+09,1.000000000000000000e+00
3.441666666666666523e-05,2.390000000000000000e+02,2.000000000000000000e+00,-2.555915184336241686e-12,5.987512103638382710e-01,5.987512103638022998e-01,2.687999999999998093e+09,1.000000000000000000e+00
3.445833333333333517e-05,2.390000000000000000e+02,2.000000000000000000e+00,-3.465409886109169924e-12,5.987512103638723548e-01,5.987512103638089611e-01,2.687999999999998569e+09,1.000000000000000000e+00
3.449999999999999833e-05,2.390000000000000000e+02,2.000000000000000000e+00,-2.555915184336241686e-12,5.987512103639096583e-01,5.987512103638185090e-01,2.687999999999999523e+09,1.000000000000000000e+00
3.454166666666666827e-05,2.390000000000000000e+02,2.000000000000000000e+00,-2.555915184336241686e-12,5.987512103639102135e-01,5.987512103638273908e-01,2.687999999999999523e+09,1.000000000000000000e+00
3.458333333333333143e-05,2.390000000000000000e+02,2.000000000000000000e+00,-2.555915184336241686e-12,5.987512103639158756e-01,5.987512103638359395e-01,2.687999999999999523e+09,1.000000000000000000e+00
3.462500000000000137e-05,2.390000000000000000e+02,2.000000000000000000e+00,-2.555915184336241686e-12,5.987512103639232031e-01,5.987512103638443772e-01,2.687999999999999523e+09,1.000000000000000000e+00
3.466666666666666453e-05,2.390000000000000000e+02,2.000000000000000000e+00,-2.555915184336241686e-12,5.987512103639313077e-01,5.987512103638528149e-01,2.688000000000000000e+09,1.000000000000000000e+00
3.470833333333333447e-05,2.390000000000000000e+02,2.000000000000000000e+00,-2.555915184336241686e-12,5.987512103639395233e-01,5.987512103638611416e-01,2.688000000000000000e+09,1.000000000000000000e+00
3.474999999999999763e-05,2.390000000000000000e+02,2.000000000000000000e+00,-2.555915184336241686e-12,5.987512103639478500e-01,5.987512103638695793e-01,2.688000000000000000e+09,1.000000000000000000e+00
3.479166666666666757e-05,2.390000000000000000e+02,2.000000000000000000e+00,-2.555915184336241686e-12,5.987512103639561767e-01,5.987512103638779060e-01,2.688000000000000477e+09,1.000000000000000000e+00
3.483333333333333073e-05,2.390000000000000000e+02,2.000000000000000000e+00,-2.555915184336241686e-12,5.987512103639645034e-01,5.987512103638862326e-01,2.688000000000000477e+09,1.000000000000000000e+00
3.487500000000000067e-05,2.390000000000000000e+02,2.000000000000000000e+00,-2.555915184336241686e-12,5.987512103639729411e-01,5.987512103638946703e-01,2.688000000000000954e+09,1.000000000000000000e+00
3.491666666666666383e-05,2.390000000000000000e+02,2.000000000000000000e+00,-2.555915184336241686e-12,5.987512103639812677e-01,5.987512103639029970e-01,2.688000000000000954e+09,1.000000000000000000e+00
3.495833333333333377e-05,2.390000000000000000e+02,2.000000000000000000e+00,-2.555915184336241686e-12,5.987512103639895944e-01,5.987512103639113237e-01,2.688000000000000954e+09,1.000000000000000000e+00
3.499999999999999693e-05,2.390000000000000000e+02,2.000000000000000000e+00,-2.555915184336241686e-12,5.987512103639980321e-01,5.987512103639197614e-01,2.688000000000001431e+09,1.000000000000000000e+00
3.504166666666666687e-05,2.390000000000000000e+02,2.000000000000000000e+00,-1.646420482563313448e-12,5.987512103640063588e-01,5.987512103639280880e-01,2.688000000000001431e+09,1.000000000000000000e+00
3.508333333333333003e-05,2.390000000000000000e+02,2.000000000000000000e+00,-7.369257807903851094e-13,5.987512103639948124e-01,5.987512103639346384e-01,2.688000000000000954e+09,1.000000000000000000e+00
3.512499999999999997e-05,2.390000000000000000e+02,2.000000000000000000e+00,-7.369257807903851094e-13,5.987512103639742733e-01,5.987512103639385241e-01,2.688000000000000954e+09,1.000000000000000000e+00
3.516666666666666991e-05,2.390000000000000000e+02,2.000000000000000000e+00,-7.369257807903851094e-13,5.987512103639687222e-01,5.987512103639415217e-01,2.688000000000000477e+09,1.000000000000000000e+00
3.520833333333333307e-05,2.390000000000000000e+02,2.000000000000000000e+00,-7.369257807903851094e-13,5.987512103639682781e-01,5.987512103639440753e-01,2.688000000000000477e+09,1.000000000000000000e+00
3.525000000000000301e-05,2.390000000000000000e+02,2.000000000000000000e+00,-7.369257807903851094e-13,5.987512103639697214e-01,5.987512103639465177e-01,2.688000000000000477e+09,1.000000000000000000e+00
3.529166666666666617e-05,2.390000000000000000e+02,2.000000000000000000e+00,-7.369257807903851094e-13,5.987512103639717198e-01,5.987512103639489602e-01,2.688000000000000477e+09,1.000000000000000000e+00
3.533333333333333611e-05,2.390000000000000000e+02,2.000000000000000000e+00,-7.369257807903851094e-13,5.987512103639740513e-01,5.987512103639514027e-01,2.688000000000000954e+09,1.000000000000000000e+00
3.537499999999999927e-05,2.390000000000000000e+02,2.000000000000000000e+00,-7.369257807903851094e-13,5.987512103639763827e-01,5.987512103639538452e-01,2.688000000000000954e+09,1.000000000000000000e+00
3.541666666666666921e-05,2.390000000000000000e+02,2.000000000000000000e+00,-7.369257807903851094e-13,5.987512103639788252e-01,5.987512103639562877e-01,2.688000000000000954e+09,1.000000000000000000e+00
3.545833333333333237e-05,2.390000000000000000e+02,2.000000000000000000e+00,-7.369257807903851094e-13,5.987512103639812677e-01,5.987512103639586192e-01,2.688000000000000954e+09,1.000000000000000000e+00
3.550000000000000231e-05,2.390000000000000000e+02,2.000000000000000000e+00,-7.369257807903851094e-13,5.987512103639835992e-01,5.987512103639610617e-01,2.688000000000000954e+09,1.000000000000000000e+00
3.554166666666666547e-05,2.390000000000000000e+02,2.000000000000000000e+00,-7.369257807903851094e-13,5.987512103639860417e-01,5.987512103639635042e-01,2.688000000000000954e+09,1.000000000000000000e+00
3.558333333333333541e-05,2.390000000000000000e+02,2.000000000000000000e+00,-7.369257807903851094e-13,5.987512103639884842e-01,5.987512103639659466e-01,2.688000000000000954e+09,1.000000000000000000e+00
3.562499999999999857e-05,2.390000000000000000e+02,2.000000000000000000e+00,-7.369257807903851094e-13,5.987512103639909267e-01,5.987512103639682781e-01,2.688000000000000954e+09,1.000000000000000000e+00
3.566666666666666851e-05,2.390000000000000000e+02,2.000000000000000000e+00,-7.369257807903851094e-13,5.987512103639932581e-01,5.987512103639707206e-01,2.688000000000000954e+09,1.000000000000000000e+00
3.570833333333333167e-05,2.390000000000000000e+02,2.000000000000000000e+00,-7.369257807903851094e-13,5.987512103639957006e-01,5.987512103639731631e-01,2.688000000000000954e+09,1.000000000000000000e+00
3.575000000000000161e-05,2.390000000000000000e+02,2.000000000000000000e+00,-7.369257807903851094e-13,5.987512103639981431e-01,5.987512103639754946e-01,2.688000000000001431e+09,1.000000000000000000e+00
3.579166666666666477e-05,2.390000000000000000e+02,2.000000000000000000e+00,1.725689209825431286e-13,5.987512103640004746e-01,5.987512103639779371e-01,2.688000000000001431e+09,1.000000000000000000e+00
3.583333333333333471e-05,2.390000000000000000e+02,2.000000000000000000e+00,1.082063622755471266e-12,5.987512103639830441e-01,5.987512103639784922e-01,2.688000000000000954e+09,1.000000000000000000e+00
3.587499999999999787e-05,2.390000000000000000e+02,2.000000000000000000e+00,1.082063622755471266e-12,5.987512103639566208e-01,5.987512103639764938e-01,2.688000000000000477e+09,1.000000000000000000e+00
3.591666666666666781e-05,2.390000000000000000e+02,2.000000000000000000e+00,1.082063622755471266e-12,5.987512103639449634e-01,5.987512103639734962e-01,2.688000000000000000e+09,1.000000000000000000e+00
3.595833333333333097e-05,2.390000000000000000e+02,2.000000000000000000e+00,1.082063622755471266e-12,5.987512103639386352e-01,5.987512103639701655e-01,2.688000000000000000e+09,1.000000000000000000e+00
3.600000000000000091e-05,2.390000000000000000e+02,2.000000000000000000e+00,1.082063622755471266e-12,5.987512103639340832e-01,5.987512103639666128e-01,2.688000000000000000e+09,1.000000000000000000e+00
3.604166666666666407e-05,2.390000000000000000e+02,2.000000000000000000e+00,1.082063622755471266e-12,5.987512103639301975e-01,5.987512103639631711e-01,2.688000000000000000e+09,1.000000000000000000e+00
3.608333333333333401e-05,2.390000000000000000e+02,2.000000000000000000e+00,1.082063622755471266e-12,5.987512103639265337e-01,5.987512103639596184e-01,2.688000000000000000e+09,1.000000000000000000e+00
3.612499999999999717e-05,2.390000000000000000e+02,2.000000000000000000e+00,1.082063622755471266e-12,5.987512103639229810e-01,5.987512103639560657e-01,2.687999999999999523e+09,1.000000000000000000e+00
3.616666666666666711e-05,2.390000000000000000e+02,2.000000000000000000e+00,1.082063622755471266e-12,5.987512103639194283e-01,5.987512103639525129e-01,2.687999999999999523e+09,1.000000000000000000e+00
3.620833333333333027e-05,2.390000000000000000e+02,2.000000000000000000e+00,1.082063622755471266e-12,5.987512103639158756e-01,5.987512103639489602e-01,2.687999999999999523e+09,1.000000000000000000e+00
3.625000000000000021e-05,2.390000000000000000e+02,2.000000000000000000e+00,1.082063622755471266e-12,5.987512103639123229e-01,5.987512103639454075e-01,2.687999999999999523e+09,1.000000000000000000e+00
3.629166666666666337e-05,2.390000000000000000e+02,2.000000000000000000e+00,1.082063622755471266e-12,5.987512103639087702e-01,5.987512103639419658e-01,2.687999999999999523e+09,1.000000000000000000e+00
3.633333333333333331e-05,2.390000000000000000e+02,2.000000000000000000e+00,1.082063622755471266e-12,5.987512103639052174e-01,5.987512103639384131e-01,2.687999999999999523e+09,1.000000000000000000e+00
3.637500000000000325e-05,2.390000000000000000e+02,2.000000000000000000e+00,1.082063622755471266e-12,5.987512103639016647e-01,5.987512103639348604e-01,2.687999999999999523e+09,1.000000000000000000e+00
3.641666666666666641e-05,2.390000000000000000e+02,2.000000000000000000e+00,1.082063622755471266e-12,5.987512103638981120e-01,5.987512103639313077e-01,2.687999999999999046e+09,1.000000000000000000e+00
3.645833333333333635e-05,2.390000000000000000e+02,2.000000000000000000e+00,1.082063622755471266e-12,5.987512103638945593e-01,5.987512103639277550e-01,2.687999999999999046e+09,1.000000000000000000e+00
3.649999999999999951e-05,2.390000000000000000e+02,2.000000000000000000e+00,1.082063622755471266e-12,5.987512103638911176e-01,5.987512103639242023e-01,2.687999999999999046e+09,1.000000000000000000e+00
3.654166666666666945e-05,2.390000000000000000e+02,2.000000000000000000e+00,1.082063622755471266e-12,5.987512103638875649e-01,5.987512103639206495e-01,2.687999999999999046e+09,1.000000000000000000e+00
3.658333333333333261e-05,2.390000000000000000e+02,2.000000000000000000e+00,1.082063622755471266e-12,5.987512103638840122e-01,5.987512103639170968e-01,2.687999999999999046e+09,1.000000000000000000e+00
3.662500000000000255e-05,2.390000000000000000e+02,2.000000000000000000e+00,1.082063622755471266e-12,5.987512103638804595e-01,5.987512103639135441e-01,2.687999999999999046e+09,1.000000000000000000e+00
3.666666666666666571e-05,2.390000000000000000e+02,2.000000000000000000e+00,1.082063622755471266e-12,5.987512103638769068e-01,5.987512103639101024e-01,2.687999999999999046e+09,1.000000000000000000e+00
3.670833333333333565e-05,2.390000000000000000e+02,2.000000000000000000e+00,1.082063622755471266e-12,5.987512103638733540e-01,5.987512103639065497e-01,2.687999999999998569e+09,1.000000000000000000e+00
3.674999999999999881e-05,2.390000000000000000e+02,2.000000000000000000e+00,1.082063622755471266e-12,5.987512103638698013e-01,5.987512103639029970e-01,2.687999999999998569e+09,1.000000000000000000e+00
3.679166666666666875e-05,2.390000000000000000e+02,2.000000000000000000e+00,1.082063622755471266e-12,5.987512103638662486e-01,5.987512103638994443e-01,2.687999999999998569e+09,1.000000000000000000e+00
3.683333333333333191e-05,2.390000000000000000e+02,2.000000000000000000e+00,1.082063622755471266e-12,5.987512103638626959e-01,5.987512103638958916e-01,2.687999999999998569e+09,1.000000000000000000e+00
3.687500000000000185e-05,2.390000000000000000e+02,2.000000000000000000e+00,1.082063622755471266e-12,5.987512103638592542e-01,5.987512103638923389e-01,2.687999999999998569e+09,1.000000000000000000e+00
3.691666666666666501e-05,2.390000000000000000e+02,2.000000000000000000e+00,1.082063622755471266e-12,5.987512103638557015e-01,5.987512103638887861e-01,2.687999999999998569e+09,1.000000000000000000e+00
3.695833333333333495e-05,2.390000000000000000e+02,2.000000000000000000e+00,1.082063622755471266e-12,5.987512103638521488e-01,5.987512103638852334e-01,2.687999999999998093e+09,1.000000000000000000e+00
3.699999999999999811e-05,2.390000000000000000e+02,2.000000000000000000e+00,1.082063622755471266e-12,5.987512103638485961e-01,5.987512103638816807e-01,2.687999999999998093e+09,1.000000000000000000e+00
3.704166666666666805e-05,2.390000000000000000e+02,2.000000000000000000e+00,1.082063622755471266e-12,5.987512103638450434e-01,5.987512103638781280e-01,2.687999999999998093e+09,1.000000000000000000e+00
3.708333333333333121e-05,2.390000000000000000e+02,2.000000000000000000e+00,1.082063622755471266e-12,5.987512103638414906e-01,5.987512103638746863e-01,2.687999999999998093e+09,1.000000000000000000e+00
3.712500000000000115e-05,2.390000000000000000e+02,2.000000000000000000e+00,1.082063622755471266e-12,5.987512103638379379e-01,5.987512103638711336e-01,2.687999999999998093e+09,1.000000000000000000e+00
3.716666666666666431e-05,2.390000000000000000e+02,2.000000000000000000e+00,1.082063622755471266e-12,5.987512103638343852e-01,5.987512103638675809e-01,2.687999999999998093e+09,1.000000000000000000e+00
3.720833333333333425e-05,2.390000000000000000e+02,2.000000000000000000e+00,1.082063622755471266e-12,5.987512103638308325e-01,5.987512103638640282e-01,2.687999999999998093e+09,1.000000000000000000e+00
3.724999999999999741e-05,2.390000000000000000e+02,2.000000000000000000e+00,1.082063622755471266e-12,5.987512103638273908e-01,5.987512103638604755e-01,2.687999999999997616e+09,1.000000000000000000e+00
3.729166666666666735e-05,2.390000000000000000e+02,2.000000000000000000e+00,1.082063622755471266e-12,5.987512103638238381e-01,5.987512103638569227e-01,2.687999999999997616e+09,1.000000000000000000e+00
3.733333333333333051e-05,2.390000000000000000e+02,2.000000000000000000e+00,1.082063622755471266e-12,5.987512103638202854e-01,5.987512103638533700e-01,2.687999999999997616e+09,1.000000000000000000e+00
3.737500000000000045e-05,2.390000000000000000e+02,2.000000000000000000e+00,1.082063622755471266e-12,5.987512103638167327e-01,5.987512103638498173e-01,2.687999999999997616e+09,1.000000000000000000e+00
3.741666666666666361e-05,2.390000000000000000e+02,2.000000000000000000e+00,1.082063622755471266e-12,5.987512103638131800e-01,5.987512103638462646e-01,2.687999999999997616e+09,1.000000000000000000e+00
3.745833333333333355e-05,2.390000000000000000e+02,2.000000000000000000e+00,1.082063622755471266e-12,5.987512103638096272e-01,5.987512103638428229e-01,2.687999999999997616e+09,1.000000000000000000e+00
3.749999999999999671e-05,2.390000000000000000e+02,2.000000000000000000e+00,1.082063622755471266e-12,5.987512103638060745e-01,5.987512103638392702e-01,2.687999999999997616e+09,1.000000000000000000e+00
3.754166666666666665e-05,2.390000000000000000e+02,2.000000000000000000e+00,1.082063622755471266e-12,5.987512103638025218e-01,5.987512103638357175e-01,2.687999999999997139e+09,1.000000000000000000e+00
3.758333333333333659e-05,2.390000000000000000e+02,2.000000000000000000e+00,1.082063622755471266e-12,5.987512103637989691e-01,5.987512103638321648e-01,2.687999999999997139e+09,1.000000000000000000e+00
3.762499999999999975e-05,2.390000000000000000e+02,2.000000000000000000e+00,1.082063622755471266e-12,5.987512103637954164e-01,5.987512103638286121e-01,2.687999999999997139e+09,1.000000000000000000e+00
3.766666666666666969e-05,2.390000000000000000e+02,2.000000000000000000e+00,1.082063622755471266e-12,5.987512103637919747e-01,5.987512103638250593e-01,2.687999999999997139e+09,1.000000000000000000e+00
3.770833333333333285e-05,2.390000000000000000e+02,2.000000000000000000e+00,1.082063622755471266e-12,5.987512103637884220e-01,5.987512103638215066e-01,2.687999999999997139e+09,1.000000000000000000e+00
3.775000000000000279e-05,2.390000000000000000e+02,2.000000000000000000e+00,1.082063622755471266e-12,5.987512103637848693e-01,5.987512103638179539e-01,2.687999999999997139e+09,1.000000000000000000e+00
3.779166666666666595e-05,2.390000000000000000e+02,2.000000000000000000e+00,1.082063622755471266e-12,5.987512103637813166e-01,5.987512103638144012e-01,2.687999999999996662e+09,1.000000000000000000e+00
3.783333333333333589e-05,2.390000000000000000e+02,2.000000000000000000e+00,1.082063622755471266e-12,5.987512103637777638e-01,5.987512103638108485e-01,2.687999999999996662e+09,1.000000000000000000e+00
3.787499999999999905e-05,2.390000000000000000e+02,2.000000000000000000e+00,1.082063622755471266e-12,5.987512103637742111e-01,5.987512103638074068e-01,2.687999999999996662e+09,1.000000000000000000e+00
3.791666666666666899e-05,2.390000000000000000e+02,2.000000000000000000e+00,1.082063622755471266e-12,5.987512103637706584e-01,5.987512103638038541e-01,2.687999999999996662e+09,1.000000000000000000e+00
3.795833333333333215e-05,2.390000000000000000e+02,2.000000000000000000e+00,1.725689209825431286e-13,5.987512103637671057e-01,5.987512103638003014e-01,2.687999999999996662e+09,1.000000000000000000e+00
3.800000000000000209e-05,2.390000000000000000e+02,2.000000000000000000e+00,-7.369257807903851094e-13,5.987512103637835370e-01,5.987512103637986360e-01,2.687999999999997139e+09,1.000000000000000000e+00
3.804166666666666525e-05,2.390000000000000000e+02,2.000000000000000000e+00,-1.646420482563313448e-12,5.987512103638088501e-01,5.987512103637994132e-01,2.687999999999997616e+09,1.000000000000000000e+00
3.808333333333333519e-05,2.390000000000000000e+02,2.000000000000000000e+00,-2.555915184336241686e-12,5.987512103638391592e-01,5.987512103638031880e-01,2.687999999999998093e+09,1.000000000000000000e+00
3.812499999999999835e-05,2.390000000000000000e+02,2.000000000000000000e+00,-3.465409886109169924e-12,5.987512103638732430e-01,5.987512103638098493e-01,2.687999999999998569e+09,1.000000000000000000e+00
3.816666666666666829e-05,2.390000000000000000e+02,2.000000000000000000e+00,-2.555915184336241686e-12,5.987512103639105465e-01,5.987512103638193972e-01,2.687999999999999523e+09,1.000000000000000000e+00
3.820833333333333145e-05,2.390000000000000000e+02,2.000000000000000000e+00,-2.555915184336241686e-12,5.987512103639111016e-01,5.987512103638282790e-01,2.687999999999999523e+09,1.000000000000000000e+00
3.825000000000000139e-05,2.390000000000000000e+02,2.000000000000000000e+00,-2.555915184336241686e-12,5.987512103639167638e-01,5.987512103638368277e-01,2.687999999999999523e+09,1.000000000000000000e+00
3.829166666666666455e-05,2.390000000000000000e+02,2.000000000000000000e+00,-2.555915184336241686e-12,5.987512103639240912e-01,5.987512103638452654e-01,2.687999999999999523e+09,1.000000000000000000e+00
3.833333333333333449e-05,2.390000000000000000e+02,2.000000000000000000e+00,-2.555915184336241686e-12,5.987512103639321959e-01,5.987512103638537031e-01,2.688000000000000000e+09,1.000000000000000000e+00
3.837499999999999765e-05,2.390000000000000000e+02,2.000000000000000000e+00,-2.555915184336241686e-12,5.987512103639404115e-01,5.987512103638620298e-01,2.688000000000000000e+09,1.000000000000000000e+00
3.841666666666666759e-05,2.390000000000000000e+02,2.000000000000000000e+00,-2.555915184336241686e-12,5.987512103639487382e-01,5.987512103638704675e-01,2.688000000000000477e+09,1.000000000000000000e+00
3.845833333333333075e-05,2.390000000000000000e+02,2.000000000000000000e+00,-2.555915184336241686e-12,5.987512103639570649e-01,5.987512103638787941e-01,2.688000000000000477e+09,1.000000000000000000e+00
3.850000000000000069e-05,2.390000000000000000e+02,2.000000000000000000e+00,-2.555915184336241686e-12,5.987512103639653915e-01,5.987512103638871208e-01,2.688000000000000477e+09,1.000000000000000000e+00
3.854166666666666385e-05,2.390000000000000000e+02,2.000000000000000000e+00,-2.555915184336241686e-12,5.987512103639738292e-01,5.987512103638955585e-01,2.688000000000000954e+09,1.000000000000000000e+00
3.858333333333333379e-05,2.390000000000000000e+02,2.000000000000000000e+00,-2.555915184336241686e-12,5.987512103639821559e-01,5.987512103639038852e-01,2.688000000000000954e+09,1.000000000000000000e+00
3.862499999999999696e-05,2.390000000000000000e+02,2.000000000000000000e+00,-2.555915184336241686e-12,5.987512103639904826e-01,5.987512103639122119e-01,2.688000000000000954e+09,1.000000000000000000e+00
3.866666666666666689e-05,2.390000000000000000e+02,2.000000000000000000e+00,-2.555915184336241686e-12,5.987512103639989203e-01,5.987512103639206495e-01,2.688000000000001431e+09,1.000000000000000000e+00
3.870833333333333006e-05,2.390000000000000000e+02,2.000000000000000000e+00,-1.646420482563313448e-12,5.987512103640072469e-01,5.987512103639289762e-01,2.688000000000001431e+09,1.000000000000000000e+00
3.874999999999999999e-05,2.390000000000000000e+02,2.000000000000000000e+00,-7.369257807903851094e-13,5.987512103639957006e-01,5.987512103639355265e-01,2.688000000000000954e+09,1.000000000000000000e+00
3.879166666666666993e-05,2.390000000000000000e+02,2.000000000000000000e+00,-7.369257807903851094e-13,5.987512103639751615e-01,5.987512103639394123e-01,2.688000000000000954e+09,1.000000000000000000e+00
3.883333333333333309e-05,2.390000000000000000e+02,2.000000000000000000e+00,-7.369257807903851094e-13,5.987512103639696104e-01,5.987512103639424099e-01,2.688000000000000477e+09,1.000000000000000000e+00
3.887500000000000303e-05,2.390000000000000000e+02,2.000000000000000000e+00,-7.369257807903851094e-13,5.987512103639691663e-01,5.987512103639449634e-01,2.688000000000000477e+09,1.000000000000000000e+00
3.891666666666666619e-05,2.390000000000000000e+02,2.000000000000000000e+00,-7.369257807903851094e-13,5.987512103639706096e-01,5.987512103639475169e-01,2.688000000000000477e+09,1.000000000000000000e+00
3.895833333333333613e-05,2.390000000000000000e+02,2.000000000000000000e+00,-7.369257807903851094e-13,5.987512103639727190e-01,5.987512103639498484e-01,2.688000000000000954e+09,1.000000000000000000e+00
3.899999999999999929e-05,2.390000000000000000e+02,2.000000000000000000e+00,-7.369257807903851094e-13,5.987512103639749395e-01,5.987512103639522909e-01,2.688000000000000954e+09,1.000000000000000000e+00
3.904166666666666923e-05,2.390000000000000000e+02,2.000000000000000000e+00,-7.369257807903851094e-13,5.987512103639773819e-01,5.987512103639547334e-01,2.688000000000000954e+09,1.000000000000000000e+00
3.908333333333333239e-05,2.390000000000000000e+02,2.000000000000000000e+00,-7.369257807903851094e-13,5.987512103639797134e-01,5.987512103639571759e-01,2.688000000000000954e+09,1.000000000000000000e+00
3.912500000000000233e-05,2.390000000000000000e+02,2.000000000000000000e+00,-7.369257807903851094e-13,5.987512103639821559e-01,5.987512103639595074e-01,2.688000000000000954e+09,1.000000000000000000e+00
3.916666666666666549e-05,2.390000000000000000e+02,2.000000000000000000e+00,-7.369257807903851094e-13,5.987512103639844874e-01,5.987512103639619498e-01,2.688000000000000954e+09,1.000000000000000000e+00
3.920833333333333543e-05,2.390000000000000000e+02,2.000000000000000000e+00,-7.369257807903851094e-13,5.987512103639869299e-01,5.987512103639643923e-01,2.688000000000000954e+09,1.000000000000000000e+00
3.924999999999999859e-05,2.390000000000000000e+02,2.000000000000000000e+00,-7.369257807903851094e-13,5.987512103639893724e-01,5.987512103639668348e-01,2.688000000000000954e+09,1.000000000000000000e+00
3.929166666666666853e-05,2.390000000000000000e+02,2.000000000000000000e+00,-7.369257807903851094e-13,5.987512103639918148e-01,5.987512103639691663e-01,2.688000000000000954e+09,1.000000000000000000e+00
3.933333333333333169e-05,2.390000000000000000e+02,2.000000000000000000e+00,-7.369257807903851094e-13,5.987512103639941463e-01,5.987512103639716088e-01,2.688000000000000954e+09,1.000000000000000000e+00
3.937500000000000163e-05,2.390000000000000000e+02,2.000000000000000000e+00,-7.369257807903851094e-13,5.987512103639965888e-01,5.987512103639740513e-01,2.688000000000001431e+09,1.000000000000000000e+00
3.941666666666666479e-05,2.390000000000000000e+02,2.000000000000000000e+00,-7.369257807903851094e-13,5.987512103639990313e-01,5.987512103639764938e-01,2.688000000000001431e+09,1.000000000000000000e+00
3.945833333333333473e-05,2.390000000000000000e+02,2.000000000000000000e+00,1.725689209825431286e-13,5.987512103640014738e-01,5.987512103639788252e-01,2.688000000000001431e+09,1.000000000000000000e+00
3.949999999999999789e-05,2.390000000000000000e+02,2.000000000000000000e+00,1.082063622755471266e-12,5.987512103639839323e-01,5.987512103639793803e-01,2.688000000000000954e+09,1.000000000000000000e+00
3.954166666666666783e-05,2.390000000000000000e+02,2.000000000000000000e+00,1.082063622755471266e-12,5.987512103639575090e-01,5.987512103639773819e-01,2.688000000000000477e+09,1.000000000000000000e+00
3.958333333333333100e-05,2.390000000000000000e+02,2.000000000000000000e+00,1.082063622755471266e-12,5.987512103639458516e-01,5.987512103639743843e-01,2.688000000000000000e+09,1.000000000000000000e+00
3.962500000000000093e-05,2.390000000000000000e+02,2.000000000000000000e+00,1.082063622755471266e-12,5.987512103639395233e-01,5.987512103639710537e-01,2.688000000000000000e+09,1.000000000000000000e+00
3.966666666666666410e-05,2.390000000000000000e+02,2.000000000000000000e+00,1.082063622755471266e-12,5.987512103639349714e-01,5.987512103639676120e-01,2.688000000000000000e+09,1.000000000000000000e+00
3.970833333333333403e-05,2.390000000000000000e+02,2.000000000000000000e+00,1.082063622755471266e-12,5.987512103639310856e-01,5.987512103639640593e-01,2.688000000000000000e+09,1.000000000000000000e+00
3.974999999999999720e-05,2.390000000000000000e+02,2.000000000000000000e+00,1.082063622755471266e-12,5.987512103639274219e-01,5.987512103639605066e-01,2.688000000000000000e+09,1.000000000000000000e+00
3.979166666666666713e-05,2.390000000000000000e+02,2.000000000000000000e+00,1.082063622755471266e-12,5.987512103639238692e-01,5.987512103639569538e-01,2.687999999999999523e+09,1.000000000000000000e+00
3.983333333333333030e-05,2.390000000000000000e+02,2.000000000000000000e+00,1.082063622755471266e-12,5.987512103639203165e-01,5.987512103639534011e-01,2.687999999999999523e+09,1.000000000000000000e+00
3.987500000000000023e-05,2.390000000000000000e+02,2.000000000000000000e+00,1.082063622755471266e-12,5.987512103639167638e-01,5.987512103639498484e-01,2.687999999999999523e+09,1.000000000000000000e+00
3.991666666666666340e-05,2.390000000000000000e+02,2.000000000000000000e+00,1.082063622755471266e-12,5.987512103639132111e-01,5.987512103639464067e-01,2.687999999999999523e+09,1.000000000000000000e+00
3.995833333333333333e-05,2.390000000000000000e+02,2.000000000000000000e+00,1.082063622755471266e-12,5.987512103639096583e-01,5.987512103639428540e-01,2.687999999999999523e+09,1.000000000000000000e+00
