time_s,code,state,phase_error_rad,vctrl_v,vc1_v,fvco_hz,searches
0.000000000000000000e+00,1.270000000000000000e+02,0.000000000000000000e+00,6.999999999999999556e-01,5.999999999999999778e-01,5.999999999999999778e-01,3.118438937665384293e+09,1.000000000000000000e+00
4.166666666666666919e-08,1.270000000000000000e+02,0.000000000000000000e+00,2.913148364812853108e-01,5.999999999999999778e-01,5.999999999999999778e-01,3.118438937665384293e+09,1.000000000000000000e+00
8.333333333333333839e-08,1.270000000000000000e+02,0.000000000000000000e+00,-1.173703270374179958e-01,5.999999999999999778e-01,5.999999999999999778e-01,3.118438937665384293e+09,1.000000000000000000e+00
1.249999999999999943e-07,1.270000000000000000e+02,0.000000000000000000e+00,-5.260554905560929084e-01,5.999999999999999778e-01,5.999999999999999778e-01,3.118438937665384293e+09,1.000000000000000000e+00
1.666666666666666768e-07,1.270000000000000000e+02,0.000000000000000000e+00,-9.347406540747678072e-01,5.999999999999999778e-01,5.999999999999999778e-01,3.118438937665384293e+09,1.000000000000000000e+00
2.083333333333333327e-07,1.270000000000000000e+02,0.000000000000000000e+00,-1.343425817593442595e+00,5.999999999999999778e-01,5.999999999999999778e-01,3.118438937665384293e+09,1.000000000000000000e+00
2.499999999999999887e-07,1.270000000000000000e+02,0.000000000000000000e+00,-1.752110981112231292e+00,5.999999999999999778e-01,5.999999999999999778e-01,3.118438937665384293e+09,1.000000000000000000e+00
2.916666666666666446e-07,1.270000000000000000e+02,0.000000000000000000e+00,-2.160796144631019988e+00,5.999999999999999778e-01,5.999999999999999778e-01,3.118438937665384293e+09,1.000000000000000000e+00
3.333333333333333535e-07,1.270000000000000000e+02,0.000000000000000000e+00,-2.569481308149808463e+00,5.999999999999999778e-01,5.999999999999999778e-01,3.118438937665384293e+09,1.000000000000000000e+00
3.750000000000000095e-07,1.270000000000000000e+02,0.000000000000000000e+00,-2.978166471668596937e+00,5.999999999999999778e-01,5.999999999999999778e-01,3.118438937665384293e+09,1.000000000000000000e+00
4.166666666666666655e-07,1.270000000000000000e+02,0.000000000000000000e+00,2.896333671992428194e+00,5.999999999999999778e-01,5.999999999999999778e-01,3.118438937665384293e+09,1.000000000000000000e+00
4.583333333333333214e-07,1.270000000000000000e+02,0.000000000000000000e+00,2.487648508473867093e+00,5.999999999999999778e-01,5.999999999999999778e-01,3.118438937665384293e+09,1.000000000000000000e+00
4.999999999999999774e-07,1.270000000000000000e+02,0.000000000000000000e+00,2.078963344955305992e+00,5.999999999999999778e-01,5.999999999999999778e-01,3.118438937665384293e+09,1.000000000000000000e+00
5.416666666666666333e-07,1.270000000000000000e+02,0.000000000000000000e+00,1.670278181436744669e+00,5.999999999999999778e-01,5.999999999999999778e-01,3.118438937665384293e+09,1.000000000000000000e+00
5.833333333333332893e-07,1.270000000000000000e+02,0.000000000000000000e+00,1.261593017918183346e+00,5.999999999999999778e-01,5.999999999999999778e-01,3.118438937665384293e+09,1.000000000000000000e+00
6.250000000000000511e-07,1.270000000000000000e+02,0.000000000000000000e+00,8.529078543996222450e-01,5.999999999999999778e-01,5.999999999999999778e-01,3.118438937665384293e+09,1.000000000000000000e+00
6.666666666666667071e-07,1.270000000000000000e+02,0.000000000000000000e+00,4.442226908810609776e-01,5.999999999999999778e-01,5.999999999999999778e-01,3.118438937665384293e+09,1.000000000000000000e+00
7.083333333333333630e-07,1.270000000000000000e+02,0.000000000000000000e+00,3.553752736249974481e-02,5.999999999999999778e-01,5.999999999999999778e-01,3.118438937665384293e+09,1.000000000000000000e+00
7.500000000000000190e-07,1.270000000000000000e+02,0.000000000000000000e+00,-3.731476361560615018e-01,5.999999999999999778e-01,5.999999999999999778e-01,3.118438937665384293e+09,1.000000000000000000e+00
7.916666666666666750e-07,1.270000000000000000e+02,0.000000000000000000e+00,-7.818327996746226027e-01,5.999999999999999778e-01,5.999999999999999778e-01,3.118438937665384293e+09,1.000000000000000000e+00
8.333333333333333309e-07,1.270000000000000000e+02,0.000000000000000000e+00,-1.190517963193638673e+00,5.999999999999999778e-01,5.999999999999999778e-01,3.118438937665384293e+09,1.000000000000000000e+00
8.749999999999999869e-07,1.270000000000000000e+02,0.000000000000000000e+00,-1.599203126712654521e+00,5.999999999999999778e-01,5.999999999999999778e-01,3.118438937665384293e+09,1.000000000000000000e+00
9.166666666666666428e-07,1.270000000000000000e+02,0.000000000000000000e+00,-2.007888290231670592e+00,5.999999999999999778e-01,5.999999999999999778e-01,3.118438937665384293e+09,1.000000000000000000e+00
9.583333333333334047e-07,1.270000000000000000e+02,0.000000000000000000e+00,-2.416573453750686440e+00,5.999999999999999778e-01,5.999999999999999778e-01,3.118438937665384293e+09,1.000000000000000000e+00
9.999999999999999547e-07,1.270000000000000000e+02,0.000000000000000000e+00,-2.825258617269702288e+00,5.999999999999999778e-01,5.999999999999999778e-01,3.118438937665384293e+09,1.000000000000000000e+00
1.041666666666666717e-06,1.270000000000000000e+02,0.000000000000000000e+00,3.049241526390868096e+00,5.999999999999999778e-01,5.999999999999999778e-01,3.118438937665384293e+09,1.000000000000000000e+00
1.083333333333333267e-06,1.270000000000000000e+02,0.000000000000000000e+00,2.640556362871852247e+00,5.999999999999999778e-01,5.999999999999999778e-01,3.118438937665384293e+09,1.000000000000000000e+00
1.125000000000000029e-06,1.270000000000000000e+02,0.000000000000000000e+00,2.231871199352835955e+00,5.999999999999999778e-01,5.999999999999999778e-01,3.118438937665384293e+09,1.000000000000000000e+00
1.166666666666666579e-06,1.270000000000000000e+02,0.000000000000000000e+00,1.823186035833820107e+00,5.999999999999999778e-01,5.999999999999999778e-01,3.118438937665384293e+09,1.000000000000000000e+00
1.208333333333333340e-06,1.270000000000000000e+02,0.000000000000000000e+00,1.414500872314804258e+00,5.999999999999999778e-01,5.999999999999999778e-01,3.118438937665384293e+09,1.000000000000000000e+00
1.250000000000000102e-06,1.270000000000000000e+02,0.000000000000000000e+00,1.005815708795788188e+00,5.999999999999999778e-01,5.999999999999999778e-01,3.118438937665384293e+09,1.000000000000000000e+00
1.291666666666666652e-06,1.270000000000000000e+02,0.000000000000000000e+00,5.971305452767722288e-01,5.999999999999999778e-01,5.999999999999999778e-01,3.118438937665384293e+09,1.000000000000000000e+00
1.333333333333333414e-06,1.270000000000000000e+02,0.000000000000000000e+00,1.884453817577563528e-01,5.999999999999999778e-01,5.999999999999999778e-01,3.118438937665384293e+09,1.000000000000000000e+00
1.374999999999999964e-06,1.270000000000000000e+02,0.000000000000000000e+00,-2.202397817612596065e-01,5.999999999999999778e-01,5.999999999999999778e-01,3.118438937665384293e+09,1.000000000000000000e+00
1.416666666666666726e-06,6.300000000000000000e+01,0.000000000000000000e+00,-6.289249452802755380e-01,5.999999999999999778e-01,5.999999999999999778e-01,3.481407809190100670e+09,1.000000000000000000e+00
1.458333333333333276e-06,6.300000000000000000e+01,0.000000000000000000e+00,-2.603613611734973410e-01,5.999999999999999778e-01,5.999999999999999778e-01,3.481407809190100670e+09,1.000000000000000000e+00
1.500000000000000038e-06,6.300000000000000000e+01,0.000000000000000000e+00,1.082022229332809116e-01,5.999999999999999778e-01,5.999999999999999778e-01,3.481407809190100670e+09,1.000000000000000000e+00
1.541666666666666588e-06,6.300000000000000000e+01,0.000000000000000000e+00,4.767658070400591641e-01,5.999999999999999778e-01,5.999999999999999778e-01,3.481407809190100670e+09,1.000000000000000000e+00
1.583333333333333350e-06,6.300000000000000000e+01,0.000000000000000000e+00,8.453293911468373611e-01,5.999999999999999778e-01,5.999999999999999778e-01,3.481407809190100670e+09,1.000000000000000000e+00
1.624999999999999900e-06,6.300000000000000000e+01,0.000000000000000000e+00,1.213892975253615614e+00,5.999999999999999778e-01,5.999999999999999778e-01,3.481407809190100670e+09,1.000000000000000000e+00
1.666666666666666662e-06,6.300000000000000000e+01,0.000000000000000000e+00,1.582456559360393866e+00,5.999999999999999778e-01,5.999999999999999778e-01,3.481407809190100670e+09,1.000000000000000000e+00
1.708333333333333424e-06,6.300000000000000000e+01,0.000000000000000000e+00,1.951020143467172119e+00,5.999999999999999778e-01,5.999999999999999778e-01,3.481407809190100670e+09,1.000000000000000000e+00
1.749999999999999974e-06,6.300000000000000000e+01,0.000000000000000000e+00,2.319583727573041099e+00,5.999999999999999778e-01,5.999999999999999778e-01,3.481407809190100670e+09,1.000000000000000000e+00
1.791666666666666736e-06,6.300000000000000000e+01,0.000000000000000000e+00,2.688147311679819129e+00,5.999999999999999778e-01,5.999999999999999778e-01,3.481407809190100670e+09,1.000000000000000000e+00
1.833333333333333286e-06,6.300000000000000000e+01,0.000000000000000000e+00,3.056710895786597160e+00,5.999999999999999778e-01,5.999999999999999778e-01,3.481407809190100670e+09,1.000000000000000000e+00
1.875000000000000048e-06,6.300000000000000000e+01,0.000000000000000000e+00,-2.857910827286211042e+00,5.999999999999999778e-01,5.999999999999999778e-01,3.481407809190100670e+09,1.000000000000000000e+00
1.916666666666666809e-06,6.300000000000000000e+01,0.000000000000000000e+00,-2.489347243179432567e+00,5.999999999999999778e-01,5.999999999999999778e-01,3.481407809190100670e+09,1.000000000000000000e+00
1.958333333333333359e-06,6.300000000000000000e+01,0.000000000000000000e+00,-2.120783659072654537e+00,5.999999999999999778e-01,5.999999999999999778e-01,3.481407809190100670e+09,1.000000000000000000e+00
1.999999999999999909e-06,6.300000000000000000e+01,0.000000000000000000e+00,-1.752220074965876062e+00,5.999999999999999778e-01,5.999999999999999778e-01,3.481407809190100670e+09,1.000000000000000000e+00
2.041666666666666460e-06,6.300000000000000000e+01,0.000000000000000000e+00,-1.383656490859097810e+00,5.999999999999999778e-01,5.999999999999999778e-01,3.481407809190100670e+09,1.000000000000000000e+00
2.083333333333333433e-06,6.300000000000000000e+01,0.000000000000000000e+00,-1.015092906752319779e+00,5.999999999999999778e-01,5.999999999999999778e-01,3.481407809190100670e+09,1.000000000000000000e+00
2.124999999999999983e-06,6.300000000000000000e+01,0.000000000000000000e+00,-6.465293226455414155e-01,5.999999999999999778e-01,5.999999999999999778e-01,3.481407809190100670e+09,1.000000000000000000e+00
2.166666666666666533e-06,6.300000000000000000e+01,0.000000000000000000e+00,-2.779657385387631630e-01,5.999999999999999778e-01,5.999999999999999778e-01,3.481407809190100670e+09,1.000000000000000000e+00
2.208333333333333507e-06,6.300000000000000000e+01,0.000000000000000000e+00,9.059784556801508959e-02,5.999999999999999778e-01,5.999999999999999778e-01,3.481407809190100670e+09,1.000000000000000000e+00
2.250000000000000057e-06,6.300000000000000000e+01,0.000000000000000000e+00,4.591614296747932866e-01,5.999999999999999778e-01,5.999999999999999778e-01,3.481407809190100670e+09,1.000000000000000000e+00
2.291666666666666607e-06,6.300000000000000000e+01,0.000000000000000000e+00,8.277250137815714837e-01,5.999999999999999778e-01,5.999999999999999778e-01,3.481407809190100670e+09,1.000000000000000000e+00
2.333333333333333157e-06,6.300000000000000000e+01,0.000000000000000000e+00,1.196288597888349736e+00,5.999999999999999778e-01,5.999999999999999778e-01,3.481407809190100670e+09,1.000000000000000000e+00
2.375000000000000131e-06,6.300000000000000000e+01,0.000000000000000000e+00,1.564852181995127989e+00,5.999999999999999778e-01,5.999999999999999778e-01,3.481407809190100670e+09,1.000000000000000000e+00
2.416666666666666681e-06,6.300000000000000000e+01,0.000000000000000000e+00,1.933415766101906241e+00,5.999999999999999778e-01,5.999999999999999778e-01,3.481407809190100670e+09,1.000000000000000000e+00
2.458333333333333231e-06,6.300000000000000000e+01,0.000000000000000000e+00,2.301979350208684494e+00,5.999999999999999778e-01,5.999999999999999778e-01,3.481407809190100670e+09,1.000000000000000000e+00
2.500000000000000205e-06,6.300000000000000000e+01,0.000000000000000000e+00,2.670542934315462968e+00,5.999999999999999778e-01,5.999999999999999778e-01,3.481407809190100670e+09,1.000000000000000000e+00
2.541666666666666755e-06,6.300000000000000000e+01,0.000000000000000000e+00,3.039106518422240999e+00,5.999999999999999778e-01,5.999999999999999778e-01,3.481407809190100670e+09,1.000000000000000000e+00
2.583333333333333305e-06,6.300000000000000000e+01,0.000000000000000000e+00,-2.875515204650567203e+00,5.999999999999999778e-01,5.999999999999999778e-01,3.481407809190100670e+09,1.000000000000000000e+00
2.624999999999999855e-06,6.300000000000000000e+01,0.000000000000000000e+00,-2.506951620543788728e+00,5.999999999999999778e-01,5.999999999999999778e-01,3.481407809190100670e+09,1.000000000000000000e+00
2.666666666666666828e-06,6.300000000000000000e+01,0.000000000000000000e+00,-2.138388036437010697e+00,5.999999999999999778e-01,5.999999999999999778e-01,3.481407809190100670e+09,1.000000000000000000e+00
2.708333333333333378e-06,6.300000000000000000e+01,0.000000000000000000e+00,-1.769824452330232445e+00,5.999999999999999778e-01,5.999999999999999778e-01,3.481407809190100670e+09,1.000000000000000000e+00
2.749999999999999928e-06,6.300000000000000000e+01,0.000000000000000000e+00,-1.401260868223454192e+00,5.999999999999999778e-01,5.999999999999999778e-01,3.481407809190100670e+09,1.000000000000000000e+00
2.791666666666666479e-06,6.300000000000000000e+01,0.000000000000000000e+00,-1.032697284116675940e+00,5.999999999999999778e-01,5.999999999999999778e-01,3.481407809190100670e+09,1.000000000000000000e+00
2.833333333333333452e-06,6.300000000000000000e+01,0.000000000000000000e+00,-6.641337000098977983e-01,5.999999999999999778e-01,5.999999999999999778e-01,3.481407809190100670e+09,1.000000000000000000e+00
2.875000000000000002e-06,3.100000000000000000e+01,0.000000000000000000e+00,-2.955701159031194902e-01,5.999999999999999778e-01,5.999999999999999778e-01,3.717891948614120960e+09,1.000000000000000000e+00
2.916666666666666552e-06,3.100000000000000000e+01,0.000000000000000000e+00,-8.474566781761646572e-01,5.999999999999999778e-01,5.999999999999999778e-01,3.717891948614120960e+09,1.000000000000000000e+00
2.958333333333333526e-06,3.100000000000000000e+01,0.000000000000000000e+00,-1.399343240449209658e+00,5.999999999999999778e-01,5.999999999999999778e-01,3.717891948614120960e+09,1.000000000000000000e+00
3.000000000000000076e-06,3.100000000000000000e+01,0.000000000000000000e+00,-1.951229802722254769e+00,5.999999999999999778e-01,5.999999999999999778e-01,3.717891948614120960e+09,1.000000000000000000e+00
3.041666666666666626e-06,3.100000000000000000e+01,0.000000000000000000e+00,-2.503116364995300103e+00,5.999999999999999778e-01,5.999999999999999778e-01,3.717891948614120960e+09,1.000000000000000000e+00
3.083333333333333176e-06,3.100000000000000000e+01,0.000000000000000000e+00,-3.055002927268345214e+00,5.999999999999999778e-01,5.999999999999999778e-01,3.717891948614120960e+09,1.000000000000000000e+00
3.125000000000000150e-06,3.100000000000000000e+01,0.000000000000000000e+00,2.676295817638196350e+00,5.999999999999999778e-01,5.999999999999999778e-01,3.717891948614120960e+09,1.000000000000000000e+00
3.166666666666666700e-06,3.100000000000000000e+01,0.000000000000000000e+00,2.124409255365151239e+00,5.999999999999999778e-01,5.999999999999999778e-01,3.717891948614120960e+09,1.000000000000000000e+00
3.208333333333333250e-06,3.100000000000000000e+01,0.000000000000000000e+00,1.572522693092105905e+00,5.999999999999999778e-01,5.999999999999999778e-01,3.717891948614120960e+09,1.000000000000000000e+00
3.249999999999999800e-06,3.100000000000000000e+01,0.000000000000000000e+00,1.020636130819060794e+00,5.999999999999999778e-01,5.999999999999999778e-01,3.717891948614120960e+09,1.000000000000000000e+00
3.291666666666666774e-06,3.100000000000000000e+01,0.000000000000000000e+00,4.687495685460156825e-01,5.999999999999999778e-01,5.999999999999999778e-01,3.717891948614120960e+09,1.000000000000000000e+00
3.333333333333333324e-06,3.100000000000000000e+01,0.000000000000000000e+00,-8.313699372702942902e-02,5.999999999999999778e-01,5.999999999999999778e-01,3.717891948614120960e+09,1.000000000000000000e+00
3.374999999999999874e-06,3.100000000000000000e+01,0.000000000000000000e+00,-6.350235560000745405e-01,5.999999999999999778e-01,5.999999999999999778e-01,3.717891948614120960e+09,1.000000000000000000e+00
3.416666666666666847e-06,3.100000000000000000e+01,0.000000000000000000e+00,-1.186910118273119652e+00,5.999999999999999778e-01,5.999999999999999778e-01,3.717891948614120960e+09,1.000000000000000000e+00
3.458333333333333397e-06,3.100000000000000000e+01,0.000000000000000000e+00,-1.738796680546164763e+00,5.999999999999999778e-01,5.999999999999999778e-01,3.717891948614120960e+09,1.000000000000000000e+00
3.499999999999999947e-06,3.100000000000000000e+01,0.000000000000000000e+00,-2.290683242819210097e+00,5.999999999999999778e-01,5.999999999999999778e-01,3.717891948614120960e+09,1.000000000000000000e+00
3.541666666666666498e-06,3.100000000000000000e+01,0.000000000000000000e+00,-2.842569805092255208e+00,5.999999999999999778e-01,5.999999999999999778e-01,3.717891948614120960e+09,1.000000000000000000e+00
3.583333333333333471e-06,3.100000000000000000e+01,0.000000000000000000e+00,2.888728939814286356e+00,5.999999999999999778e-01,5.999999999999999778e-01,3.717891948614120960e+09,1.000000000000000000e+00
3.625000000000000021e-06,3.100000000000000000e+01,0.000000000000000000e+00,2.336842377541241245e+00,5.999999999999999778e-01,5.999999999999999778e-01,3.717891948614120960e+09,1.000000000000000000e+00
3.666666666666666571e-06,3.100000000000000000e+01,0.000000000000000000e+00,1.784955815268195911e+00,5.999999999999999778e-01,5.999999999999999778e-01,3.717891948614120960e+09,1.000000000000000000e+00
3.708333333333333545e-06,3.100000000000000000e+01,0.000000000000000000e+00,1.233069252995150800e+00,5.999999999999999778e-01,5.999999999999999778e-01,3.717891948614120960e+09,1.000000000000000000e+00
3.750000000000000095e-06,3.100000000000000000e+01,0.000000000000000000e+00,6.811826907221057992e-01,5.999999999999999778e-01,5.999999999999999778e-01,3.717891948614120960e+09,1.000000000000000000e+00
3.791666666666666645e-06,3.100000000000000000e+01,0.000000000000000000e+00,1.292961284490606599e-01,5.999999999999999778e-01,5.999999999999999778e-01,3.717891948614120960e+09,1.000000000000000000e+00
3.833333333333333619e-06,3.100000000000000000e+01,0.000000000000000000e+00,-4.225904338239844793e-01,5.999999999999999778e-01,5.999999999999999778e-01,3.717891948614120960e+09,1.000000000000000000e+00
3.875000000000000169e-06,3.100000000000000000e+01,0.000000000000000000e+00,-9.744769960970295353e-01,5.999999999999999778e-01,5.999999999999999778e-01,3.717891948614120960e+09,1.000000000000000000e+00
3.916666666666666719e-06,3.100000000000000000e+01,0.000000000000000000e+00,-1.526363558370074758e+00,5.999999999999999778e-01,5.999999999999999778e-01,3.717891948614120960e+09,1.000000000000000000e+00
3.958333333333333269e-06,3.100000000000000000e+01,0.000000000000000000e+00,-2.078250120643119647e+00,5.999999999999999778e-01,5.999999999999999778e-01,3.717891948614120960e+09,1.000000000000000000e+00
3.999999999999999819e-06,3.100000000000000000e+01,0.000000000000000000e+00,-2.630136682916165203e+00,5.999999999999999778e-01,5.999999999999999778e-01,3.717891948614120960e+09,1.000000000000000000e+00
4.041666666666666369e-06,3.100000000000000000e+01,0.000000000000000000e+00,3.101162061990376362e+00,5.999999999999999778e-01,5.999999999999999778e-01,3.717891948614120960e+09,1.000000000000000000e+00
4.083333333333332919e-06,3.100000000000000000e+01,0.000000000000000000e+00,2.549275499717331250e+00,5.999999999999999778e-01,5.999999999999999778e-01,3.717891948614120960e+09,1.000000000000000000e+00
4.125000000000000316e-06,3.100000000000000000e+01,0.000000000000000000e+00,1.997388937444286139e+00,5.999999999999999778e-01,5.999999999999999778e-01,3.717891948614120960e+09,1.000000000000000000e+00
4.166666666666666866e-06,3.100000000000000000e+01,0.000000000000000000e+00,1.445502375171241027e+00,5.999999999999999778e-01,5.999999999999999778e-01,3.717891948614120960e+09,1.000000000000000000e+00
4.208333333333333416e-06,3.100000000000000000e+01,0.000000000000000000e+00,8.936158128981958049e-01,5.999999999999999778e-01,5.999999999999999778e-01,3.717891948614120960e+09,1.000000000000000000e+00
4.249999999999999966e-06,3.100000000000000000e+01,0.000000000000000000e+00,3.417292506251506934e-01,5.999999999999999778e-01,5.999999999999999778e-01,3.717891948614120960e+09,1.000000000000000000e+00
4.291666666666666517e-06,3.100000000000000000e+01,0.000000000000000000e+00,-2.101573116478944181e-01,5.999999999999999778e-01,5.999999999999999778e-01,3.717891948614120960e+09,1.000000000000000000e+00
4.333333333333333067e-06,1.500000000000000000e+01,0.000000000000000000e+00,-7.620438739209395296e-01,5.999999999999999778e-01,5.999999999999999778e-01,3.855761169724107742e+09,1.000000000000000000e+00
4.374999999999999617e-06,1.500000000000000000e+01,0.000000000000000000e+00,-2.918964596330370309e+00,5.999999999999999778e-01,5.999999999999999778e-01,3.855761169724107742e+09,1.000000000000000000e+00
4.416666666666667014e-06,1.500000000000000000e+01,0.000000000000000000e+00,1.207299988439785698e+00,5.999999999999999778e-01,5.999999999999999778e-01,3.855761169724107742e+09,1.000000000000000000e+00
4.458333333333333564e-06,1.500000000000000000e+01,0.000000000000000000e+00,-9.496207339696448591e-01,5.999999999999999778e-01,5.999999999999999778e-01,3.855761169724107742e+09,1.000000000000000000e+00
4.500000000000000114e-06,1.500000000000000000e+01,0.000000000000000000e+00,-3.106541456379075417e+00,5.999999999999999778e-01,5.999999999999999778e-01,3.855761169724107742e+09,1.000000000000000000e+00
4.541666666666666664e-06,1.500000000000000000e+01,0.000000000000000000e+00,1.019723128391080369e+00,5.999999999999999778e-01,5.999999999999999778e-01,3.855761169724107742e+09,1.000000000000000000e+00
4.583333333333333214e-06,1.500000000000000000e+01,0.000000000000000000e+00,-1.137197594018350300e+00,5.999999999999999778e-01,5.999999999999999778e-01,3.855761169724107742e+09,1.000000000000000000e+00
4.624999999999999764e-06,1.500000000000000000e+01,0.000000000000000000e+00,2.989066990751805708e+00,5.999999999999999778e-01,5.999999999999999778e-01,3.855761169724107742e+09,1.000000000000000000e+00
4.666666666666666314e-06,1.500000000000000000e+01,0.000000000000000000e+00,8.321462683423751505e-01,5.999999999999999778e-01,5.999999999999999778e-01,3.855761169724107742e+09,1.000000000000000000e+00
4.708333333333333711e-06,1.500000000000000000e+01,0.000000000000000000e+00,-1.324774454067055407e+00,5.999999999999999778e-01,5.999999999999999778e-01,3.855761169724107742e+09,1.000000000000000000e+00
4.750000000000000262e-06,1.500000000000000000e+01,0.000000000000000000e+00,2.801490130703100156e+00,5.999999999999999778e-01,5.999999999999999778e-01,3.855761169724107742e+09,1.000000000000000000e+00
4.791666666666666812e-06,1.500000000000000000e+01,0.000000000000000000e+00,6.445694082936698210e-01,5.999999999999999778e-01,5.999999999999999778e-01,3.855761169724107742e+09,1.000000000000000000e+00
4.833333333333333362e-06,1.500000000000000000e+01,0.000000000000000000e+00,-1.512351314115760736e+00,5.999999999999999778e-01,5.999999999999999778e-01,3.855761169724107742e+09,1.000000000000000000e+00
4.874999999999999912e-06,1.500000000000000000e+01,0.000000000000000000e+00,2.613913270654395049e+00,5.999999999999999778e-01,5.999999999999999778e-01,3.855761169724107742e+09,1.000000000000000000e+00
4.916666666666666462e-06,1.500000000000000000e+01,0.000000000000000000e+00,4.569925482449644916e-01,5.999999999999999778e-01,5.999999999999999778e-01,3.855761169724107742e+09,1.000000000000000000e+00
4.958333333333333012e-06,1.500000000000000000e+01,0.000000000000000000e+00,-1.699928174164466066e+00,5.999999999999999778e-01,5.999999999999999778e-01,3.855761169724107742e+09,1.000000000000000000e+00
5.000000000000000409e-06,1.500000000000000000e+01,0.000000000000000000e+00,2.426336410605689942e+00,5.999999999999999778e-01,5.999999999999999778e-01,3.855761169724107742e+09,1.000000000000000000e+00
5.041666666666666959e-06,1.500000000000000000e+01,0.000000000000000000e+00,2.694156881962591066e-01,5.999999999999999778e-01,5.999999999999999778e-01,3.855761169724107742e+09,1.000000000000000000e+00
5.083333333333333509e-06,1.500000000000000000e+01,0.000000000000000000e+00,-1.887505034213171395e+00,5.999999999999999778e-01,5.999999999999999778e-01,3.855761169724107742e+09,1.000000000000000000e+00
5.125000000000000059e-06,1.500000000000000000e+01,0.000000000000000000e+00,2.238759550556984390e+00,5.999999999999999778e-01,5.999999999999999778e-01,3.855761169724107742e+09,1.000000000000000000e+00
5.166666666666666609e-06,1.500000000000000000e+01,0.000000000000000000e+00,8.183882814755380486e-02,5.999999999999999778e-01,5.999999999999999778e-01,3.855761169724107742e+09,1.000000000000000000e+00
5.208333333333333159e-06,1.500000000000000000e+01,0.000000000000000000e+00,-2.075081894261876947e+00,5.999999999999999778e-01,5.999999999999999778e-01,3.855761169724107742e+09,1.000000000000000000e+00
5.249999999999999709e-06,1.500000000000000000e+01,0.000000000000000000e+00,2.051182690508279283e+00,5.999999999999999778e-01,5.999999999999999778e-01,3.855761169724107742e+09,1.000000000000000000e+00
5.291666666666666260e-06,1.500000000000000000e+01,0.000000000000000000e+00,-1.057380319011515246e-01,5.999999999999999778e-01,5.999999999999999778e-01,3.855761169724107742e+09,1.000000000000000000e+00
5.333333333333333657e-06,1.500000000000000000e+01,0.000000000000000000e+00,-2.262658754310582054e+00,5.999999999999999778e-01,5.999999999999999778e-01,3.855761169724107742e+09,1.000000000000000000e+00
5.375000000000000207e-06,1.500000000000000000e+01,0.000000000000000000e+00,1.863605830459573731e+00,5.999999999999999778e-01,5.999999999999999778e-01,3.855761169724107742e+09,1.000000000000000000e+00
5.416666666666666757e-06,1.500000000000000000e+01,0.000000000000000000e+00,-2.933148919498568263e-01,5.999999999999999778e-01,5.999999999999999778e-01,3.855761169724107742e+09,1.000000000000000000e+00
5.458333333333333307e-06,1.500000000000000000e+01,0.000000000000000000e+00,-2.450235614359287606e+00,5.999999999999999778e-01,5.999999999999999778e-01,3.855761169724107742e+09,1.000000000000000000e+00
5.499999999999999857e-06,1.500000000000000000e+01,0.000000000000000000e+00,1.676028970410868402e+00,5.999999999999999778e-01,5.999999999999999778e-01,3.855761169724107742e+09,1.000000000000000000e+00
5.541666666666666407e-06,1.500000000000000000e+01,0.000000000000000000e+00,-4.808917519985621558e-01,5.999999999999999778e-01,5.999999999999999778e-01,3.855761169724107742e+09,1.000000000000000000e+00
5.583333333333332957e-06,1.500000000000000000e+01,0.000000000000000000e+00,-2.637812474407992713e+00,5.999999999999999778e-01,5.999999999999999778e-01,3.855761169724107742e+09,1.000000000000000000e+00
5.625000000000000354e-06,1.500000000000000000e+01,0.000000000000000000e+00,1.488452110362163072e+00,5.999999999999999778e-01,5.999999999999999778e-01,3.855761169724107742e+09,1.000000000000000000e+00
5.666666666666666904e-06,1.500000000000000000e+01,0.000000000000000000e+00,-6.684686120472674853e-01,5.999999999999999778e-01,5.999999999999999778e-01,3.855761169724107742e+09,1.000000000000000000e+00
5.708333333333333454e-06,1.500000000000000000e+01,0.000000000000000000e+00,-2.825389334456698265e+00,5.999999999999999778e-01,5.999999999999999778e-01,3.855761169724107742e+09,1.000000000000000000e+00
5.750000000000000004e-06,1.500000000000000000e+01,0.000000000000000000e+00,1.300875250313457743e+00,5.999999999999999778e-01,5.999999999999999778e-01,3.855761169724107742e+09,1.000000000000000000e+00
5.791666666666666555e-06,7.000000000000000000e+00,0.000000000000000000e+00,-8.560454720959728148e-01,5.999999999999999778e-01,5.999999999999999778e-01,3.930707455651634216e+09,1.000000000000000000e+00
5.833333333333333105e-06,7.000000000000000000e+00,0.000000000000000000e+00,-2.241630342398382325e+00,5.999999999999999778e-01,5.999999999999999778e-01,3.930707455651634216e+09,1.000000000000000000e+00
5.874999999999999655e-06,7.000000000000000000e+00,0.000000000000000000e+00,2.655970094478794952e+00,5.999999999999999778e-01,5.999999999999999778e-01,3.930707455651634216e+09,1.000000000000000000e+00
5.916666666666667052e-06,7.000000000000000000e+00,0.000000000000000000e+00,1.270385224176385552e+00,5.999999999999999778e-01,5.999999999999999778e-01,3.930707455651634216e+09,1.000000000000000000e+00
5.958333333333333602e-06,7.000000000000000000e+00,0.000000000000000000e+00,-1.151996461260239302e-01,5.999999999999999778e-01,5.999999999999999778e-01,3.930707455651634216e+09,1.000000000000000000e+00
6.000000000000000152e-06,7.000000000000000000e+00,0.000000000000000000e+00,-1.500784516428433246e+00,5.999999999999999778e-01,5.999999999999999778e-01,3.930707455651634216e+09,1.000000000000000000e+00
6.041666666666666702e-06,7.000000000000000000e+00,0.000000000000000000e+00,-2.886369386730842646e+00,5.999999999999999778e-01,5.999999999999999778e-01,3.930707455651634216e+09,1.000000000000000000e+00
6.083333333333333252e-06,7.000000000000000000e+00,0.000000000000000000e+00,2.011231050146334187e+00,5.999999999999999778e-01,5.999999999999999778e-01,3.930707455651634216e+09,1.000000000000000000e+00
6.124999999999999802e-06,7.000000000000000000e+00,0.000000000000000000e+00,6.256461798439250099e-01,5.999999999999999778e-01,5.999999999999999778e-01,3.930707455651634216e+09,1.000000000000000000e+00
6.166666666666666352e-06,7.000000000000000000e+00,0.000000000000000000e+00,-7.599386904584843894e-01,5.999999999999999778e-01,5.999999999999999778e-01,3.930707455651634216e+09,1.000000000000000000e+00
6.208333333333333749e-06,7.000000000000000000e+00,0.000000000000000000e+00,-2.145523560760894011e+00,5.999999999999999778e-01,5.999999999999999778e-01,3.930707455651634216e+09,1.000000000000000000e+00
6.250000000000000300e-06,7.000000000000000000e+00,0.000000000000000000e+00,2.752076876116283266e+00,5.999999999999999778e-01,5.999999999999999778e-01,3.930707455651634216e+09,1.000000000000000000e+00
6.291666666666666850e-06,7.000000000000000000e+00,0.000000000000000000e+00,1.366492005813873867e+00,5.999999999999999778e-01,5.999999999999999778e-01,3.930707455651634216e+09,1.000000000000000000e+00
6.333333333333333400e-06,7.000000000000000000e+00,0.000000000000000000e+00,-1.909286448853557069e-02,5.999999999999999778e-01,5.999999999999999778e-01,3.930707455651634216e+09,1.000000000000000000e+00
6.374999999999999950e-06,7.000000000000000000e+00,0.000000000000000000e+00,-1.404677734790944932e+00,5.999999999999999778e-01,5.999999999999999778e-01,3.930707455651634216e+09,1.000000000000000000e+00
6.416666666666666500e-06,7.000000000000000000e+00,0.000000000000000000e+00,-2.790262605093354331e+00,5.999999999999999778e-01,5.999999999999999778e-01,3.930707455651634216e+09,1.000000000000000000e+00
6.458333333333333050e-06,7.000000000000000000e+00,0.000000000000000000e+00,2.107337831783822502e+00,5.999999999999999778e-01,5.999999999999999778e-01,3.930707455651634216e+09,1.000000000000000000e+00
6.499999999999999600e-06,7.000000000000000000e+00,0.000000000000000000e+00,7.217529614814133243e-01,5.999999999999999778e-01,5.999999999999999778e-01,3.930707455651634216e+09,1.000000000000000000e+00
6.541666666666666997e-06,7.000000000000000000e+00,0.000000000000000000e+00,-6.638319088209960750e-01,5.999999999999999778e-01,5.999999999999999778e-01,3.930707455651634216e+09,1.000000000000000000e+00
6.583333333333333547e-06,7.000000000000000000e+00,0.000000000000000000e+00,-2.049416779123405696e+00,5.999999999999999778e-01,5.999999999999999778e-01,3.930707455651634216e+09,1.000000000000000000e+00
6.625000000000000097e-06,7.000000000000000000e+00,0.000000000000000000e+00,2.848183657753771580e+00,5.999999999999999778e-01,5.999999999999999778e-01,3.930707455651634216e+09,1.000000000000000000e+00
6.666666666666666647e-06,7.000000000000000000e+00,0.000000000000000000e+00,1.462598787451362181e+00,5.999999999999999778e-01,5.999999999999999778e-01,3.930707455651634216e+09,1.000000000000000000e+00
6.708333333333333197e-06,7.000000000000000000e+00,0.000000000000000000e+00,7.701391714895279572e-02,5.999999999999999778e-01,5.999999999999999778e-01,3.930707455651634216e+09,1.000000000000000000e+00
6.749999999999999747e-06,7.000000000000000000e+00,0.000000000000000000e+00,-1.308570953153456617e+00,5.999999999999999778e-01,5.999999999999999778e-01,3.930707455651634216e+09,1.000000000000000000e+00
6.791666666666666298e-06,7.000000000000000000e+00,0.000000000000000000e+00,-2.694155823455866017e+00,5.999999999999999778e-01,5.999999999999999778e-01,3.930707455651634216e+09,1.000000000000000000e+00
6.833333333333333695e-06,7.000000000000000000e+00,0.000000000000000000e+00,2.203444613421311260e+00,5.999999999999999778e-01,5.999999999999999778e-01,3.930707455651634216e+09,1.000000000000000000e+00
6.875000000000000245e-06,7.000000000000000000e+00,0.000000000000000000e+00,8.178597431189017497e-01,5.999999999999999778e-01,5.999999999999999778e-01,3.930707455651634216e+09,1.000000000000000000e+00
6.916666666666666795e-06,7.000000000000000000e+00,0.000000000000000000e+00,-5.677251271835077606e-01,5.999999999999999778e-01,5.999999999999999778e-01,3.930707455651634216e+09,1.000000000000000000e+00
6.958333333333333345e-06,7.000000000000000000e+00,0.000000000000000000e+00,-1.953309997485917160e+00,5.999999999999999778e-01,5.999999999999999778e-01,3.930707455651634216e+09,1.000000000000000000e+00
6.999999999999999895e-06,7.000000000000000000e+00,0.000000000000000000e+00,2.944290439391259895e+00,5.999999999999999778e-01,5.999999999999999778e-01,3.930707455651634216e+09,1.000000000000000000e+00
7.041666666666666445e-06,7.000000000000000000e+00,0.000000000000000000e+00,1.558705569088850496e+00,5.999999999999999778e-01,5.999999999999999778e-01,3.930707455651634216e+09,1.000000000000000000e+00
7.083333333333332995e-06,7.000000000000000000e+00,0.000000000000000000e+00,1.731206987864411517e-01,5.999999999999999778e-01,5.999999999999999778e-01,3.930707455651634216e+09,1.000000000000000000e+00
7.125000000000000392e-06,7.000000000000000000e+00,0.000000000000000000e+00,-1.212464171515968303e+00,5.999999999999999778e-01,5.999999999999999778e-01,3.930707455651634216e+09,1.000000000000000000e+00
7.166666666666666942e-06,7.000000000000000000e+00,0.000000000000000000e+00,-2.598049041818377702e+00,5.999999999999999778e-01,5.999999999999999778e-01,3.930707455651634216e+09,1.000000000000000000e+00
7.208333333333333492e-06,7.000000000000000000e+00,0.000000000000000000e+00,2.299551395058799574e+00,5.999999999999999778e-01,5.999999999999999778e-01,3.930707455651634216e+09,1.000000000000000000e+00
7.250000000000000043e-06,3.000000000000000000e+00,0.000000000000000000e+00,9.139665247563899531e-01,5.999999999999999778e-01,5.999999999999999778e-01,3.969857485038919926e+09,1.000000000000000000e+00
7.291666666666666593e-06,3.000000000000000000e+00,0.000000000000000000e+00,-2.788535233995276030e+00,5.999999999999999778e-01,5.999999999999999778e-01,3.969857485038919926e+09,1.000000000000000000e+00
7.333333333333333143e-06,3.000000000000000000e+00,0.000000000000000000e+00,-2.078516855673560038e-01,5.999999999999999778e-01,5.999999999999999778e-01,3.969857485038919926e+09,1.000000000000000000e+00
7.374999999999999693e-06,3.000000000000000000e+00,0.000000000000000000e+00,2.372831862860564023e+00,5.999999999999999778e-01,5.999999999999999778e-01,3.969857485038919926e+09,1.000000000000000000e+00
7.416666666666667090e-06,3.000000000000000000e+00,0.000000000000000000e+00,-1.329669895891101961e+00,5.999999999999999778e-01,5.999999999999999778e-01,3.969857485038919926e+09,1.000000000000000000e+00
7.458333333333333640e-06,3.000000000000000000e+00,0.000000000000000000e+00,1.251013652536818288e+00,5.999999999999999778e-01,5.999999999999999778e-01,3.969857485038919926e+09,1.000000000000000000e+00
7.500000000000000190e-06,3.000000000000000000e+00,0.000000000000000000e+00,-2.451488106214847917e+00,5.999999999999999778e-01,5.999999999999999778e-01,3.969857485038919926e+09,1.000000000000000000e+00
7.541666666666666740e-06,3.000000000000000000e+00,0.000000000000000000e+00,1.291954422130721924e-01,5.999999999999999778e-01,5.999999999999999778e-01,3.969857485038919926e+09,1.000000000000000000e+00
7.583333333333333290e-06,3.000000000000000000e+00,0.000000000000000000e+00,2.709878990640992580e+00,5.999999999999999778e-01,5.999999999999999778e-01,3.969857485038919926e+09,1.000000000000000000e+00
7.624999999999999840e-06,3.000000000000000000e+00,0.000000000000000000e+00,-9.926227681106738476e-01,5.999999999999999778e-01,5.999999999999999778e-01,3.969857485038919926e+09,1.000000000000000000e+00
7.666666666666667237e-06,3.000000000000000000e+00,0.000000000000000000e+00,1.588060780317246401e+00,5.999999999999999778e-01,5.999999999999999778e-01,3.969857485038919926e+09,1.000000000000000000e+00
7.708333333333333787e-06,3.000000000000000000e+00,0.000000000000000000e+00,-2.114440978434419804e+00,5.999999999999999778e-01,5.999999999999999778e-01,3.969857485038919926e+09,1.000000000000000000e+00
7.750000000000000338e-06,3.000000000000000000e+00,0.000000000000000000e+00,4.662425699935003331e-01,5.999999999999999778e-01,5.999999999999999778e-01,3.969857485038919926e+09,1.000000000000000000e+00
7.791666666666666888e-06,3.000000000000000000e+00,0.000000000000000000e+00,3.046926118421420693e+00,5.999999999999999778e-01,5.999999999999999778e-01,3.969857485038919926e+09,1.000000000000000000e+00
7.833333333333333438e-06,3.000000000000000000e+00,0.000000000000000000e+00,-6.555756403302457347e-01,5.999999999999999778e-01,5.999999999999999778e-01,3.969857485038919926e+09,1.000000000000000000e+00
7.874999999999999988e-06,3.000000000000000000e+00,0.000000000000000000e+00,1.925107908097674514e+00,5.999999999999999778e-01,5.999999999999999778e-01,3.969857485038919926e+09,1.000000000000000000e+00
7.916666666666666538e-06,3.000000000000000000e+00,0.000000000000000000e+00,-1.777393850653991692e+00,5.999999999999999778e-01,5.999999999999999778e-01,3.969857485038919926e+09,1.000000000000000000e+00
7.958333333333333088e-06,3.000000000000000000e+00,0.000000000000000000e+00,8.032896977739285571e-01,5.999999999999999778e-01,5.999999999999999778e-01,3.969857485038919926e+09,1.000000000000000000e+00
7.999999999999999638e-06,3.000000000000000000e+00,0.000000000000000000e+00,-2.899212060977737870e+00,5.999999999999999778e-01,5.999999999999999778e-01,3.969857485038919926e+09,1.000000000000000000e+00
8.041666666666666188e-06,3.000000000000000000e+00,0.000000000000000000e+00,-3.185285125498175107e-01,5.999999999999999778e-01,5.999999999999999778e-01,3.969857485038919926e+09,1.000000000000000000e+00
8.083333333333332738e-06,3.000000000000000000e+00,0.000000000000000000e+00,2.262155035878102627e+00,5.999999999999999778e-01,5.999999999999999778e-01,3.969857485038919926e+09,1.000000000000000000e+00
8.124999999999999288e-06,3.000000000000000000e+00,0.000000000000000000e+00,-1.440346722873563579e+00,5.999999999999999778e-01,5.999999999999999778e-01,3.969857485038919926e+09,1.000000000000000000e+00
8.166666666666665838e-06,3.000000000000000000e+00,0.000000000000000000e+00,1.140336825554356670e+00,5.999999999999999778e-01,5.999999999999999778e-01,3.969857485038919926e+09,1.000000000000000000e+00
8.208333333333334082e-06,3.000000000000000000e+00,0.000000000000000000e+00,-2.562164933197309313e+00,5.999999999999999778e-01,5.999999999999999778e-01,3.969857485038919926e+09,1.000000000000000000e+00
8.250000000000000633e-06,3.000000000000000000e+00,0.000000000000000000e+00,1.851861523061067508e-02,5.999999999999999778e-01,5.999999999999999778e-01,3.969857485038919926e+09,1.000000000000000000e+00
8.291666666666667183e-06,3.000000000000000000e+00,0.000000000000000000e+00,2.599202163658530740e+00,5.999999999999999778e-01,5.999999999999999778e-01,3.969857485038919926e+09,1.000000000000000000e+00
8.333333333333333733e-06,3.000000000000000000e+00,0.000000000000000000e+00,-1.103299595093135244e+00,5.999999999999999778e-01,5.999999999999999778e-01,3.969857485038919926e+09,1.000000000000000000e+00
8.375000000000000283e-06,3.000000000000000000e+00,0.000000000000000000e+00,1.477383953334784783e+00,5.999999999999999778e-01,5.999999999999999778e-01,3.969857485038919926e+09,1.000000000000000000e+00
8.416666666666666833e-06,3.000000000000000000e+00,0.000000000000000000e+00,-2.225117805416881200e+00,5.999999999999999778e-01,5.999999999999999778e-01,3.969857485038919926e+09,1.000000000000000000e+00
8.458333333333333383e-06,3.000000000000000000e+00,0.000000000000000000e+00,3.555657430110388817e-01,5.999999999999999778e-01,5.999999999999999778e-01,3.969857485038919926e+09,1.000000000000000000e+00
8.499999999999999933e-06,3.000000000000000000e+00,0.000000000000000000e+00,2.936249291438959297e+00,5.999999999999999778e-01,5.999999999999999778e-01,3.969857485038919926e+09,1.000000000000000000e+00
8.541666666666666483e-06,3.000000000000000000e+00,0.000000000000000000e+00,-7.662524673127071306e-01,5.999999999999999778e-01,5.999999999999999778e-01,3.969857485038919926e+09,1.000000000000000000e+00
8.583333333333333033e-06,3.000000000000000000e+00,0.000000000000000000e+00,1.814431081115213118e+00,5.999999999999999778e-01,5.999999999999999778e-01,3.969857485038919926e+09,1.000000000000000000e+00
8.624999999999999583e-06,3.000000000000000000e+00,0.000000000000000000e+00,-1.888070677636453309e+00,5.999999999999999778e-01,5.999999999999999778e-01,3.969857485038919926e+09,1.000000000000000000e+00
8.666666666666666133e-06,3.000000000000000000e+00,0.000000000000000000e+00,6.926128707914670501e-01,5.999999999999999778e-01,5.999999999999999778e-01,3.969857485038919926e+09,1.000000000000000000e+00
8.708333333333332683e-06,5.000000000000000000e+00,0.000000000000000000e+00,-3.009888887960199266e+00,5.999999999999999778e-01,5.999999999999999778e-01,3.950136970986226082e+09,1.000000000000000000e+00
8.749999999999999233e-06,5.000000000000000000e+00,0.000000000000000000e+00,6.911614615673778994e-01,5.999999999999999778e-01,5.999999999999999778e-01,3.950136970986226082e+09,1.000000000000000000e+00
8.791666666666667478e-06,5.000000000000000000e+00,0.000000000000000000e+00,-1.890973496084631611e+00,5.999999999999999778e-01,5.999999999999999778e-01,3.950136970986226082e+09,1.000000000000000000e+00
8.833333333333334028e-06,5.000000000000000000e+00,0.000000000000000000e+00,1.810076853442945444e+00,5.999999999999999778e-01,5.999999999999999778e-01,3.950136970986226082e+09,1.000000000000000000e+00
8.875000000000000578e-06,5.000000000000000000e+00,0.000000000000000000e+00,-7.720581042090639556e-01,5.999999999999999778e-01,5.999999999999999778e-01,3.950136970986226082e+09,1.000000000000000000e+00
8.916666666666667128e-06,5.000000000000000000e+00,0.000000000000000000e+00,2.928992245318513099e+00,5.999999999999999778e-01,5.999999999999999778e-01,3.950136970986226082e+09,1.000000000000000000e+00
8.958333333333333678e-06,5.000000000000000000e+00,0.000000000000000000e+00,3.468572876665036997e-01,5.999999999999999778e-01,5.999999999999999778e-01,3.950136970986226082e+09,1.000000000000000000e+00
9.000000000000000228e-06,5.000000000000000000e+00,0.000000000000000000e+00,-2.235277669985505700e+00,5.999999999999999778e-01,5.999999999999999778e-01,3.950136970986226082e+09,1.000000000000000000e+00
9.041666666666666778e-06,5.000000000000000000e+00,0.000000000000000000e+00,1.465772679542071355e+00,5.999999999999999778e-01,5.999999999999999778e-01,3.950136970986226082e+09,1.000000000000000000e+00
9.083333333333333328e-06,5.000000000000000000e+00,0.000000000000000000e+00,-1.116362278109938044e+00,5.999999999999999778e-01,5.999999999999999778e-01,3.950136970986226082e+09,1.000000000000000000e+00
9.124999999999999878e-06,5.000000000000000000e+00,0.000000000000000000e+00,2.584688071417638788e+00,5.999999999999999778e-01,5.999999999999999778e-01,3.950136970986226082e+09,1.000000000000000000e+00
9.166666666666666428e-06,5.000000000000000000e+00,0.000000000000000000e+00,2.553113765629514732e-03,5.999999999999999778e-01,5.999999999999999778e-01,3.950136970986226082e+09,1.000000000000000000e+00
9.208333333333332978e-06,5.000000000000000000e+00,0.000000000000000000e+00,-2.579581843886380010e+00,5.999999999999999778e-01,5.999999999999999778e-01,3.950136970986226082e+09,1.000000000000000000e+00
9.249999999999999528e-06,5.000000000000000000e+00,0.000000000000000000e+00,1.121468505641197266e+00,5.999999999999999778e-01,5.999999999999999778e-01,3.950136970986226082e+09,1.000000000000000000e+00
9.291666666666666079e-06,5.000000000000000000e+00,0.000000000000000000e+00,-1.460666452010812355e+00,5.999999999999999778e-01,5.999999999999999778e-01,3.950136970986226082e+09,1.000000000000000000e+00
9.333333333333332629e-06,5.000000000000000000e+00,0.000000000000000000e+00,2.240383897516764922e+00,5.999999999999999778e-01,5.999999999999999778e-01,3.950136970986226082e+09,1.000000000000000000e+00
9.374999999999999179e-06,5.000000000000000000e+00,0.000000000000000000e+00,-3.417510601352446442e-01,5.999999999999999778e-01,5.999999999999999778e-01,3.950136970986226082e+09,1.000000000000000000e+00
9.416666666666667423e-06,5.000000000000000000e+00,0.000000000000000000e+00,-2.923886017787253877e+00,5.999999999999999778e-01,5.999999999999999778e-01,3.950136970986226082e+09,1.000000000000000000e+00
9.458333333333333973e-06,5.000000000000000000e+00,0.000000000000000000e+00,7.771643317403229556e-01,5.999999999999999778e-01,5.999999999999999778e-01,3.950136970986226082e+09,1.000000000000000000e+00
9.500000000000000523e-06,5.000000000000000000e+00,0.000000000000000000e+00,-1.804970625911686444e+00,5.999999999999999778e-01,5.999999999999999778e-01,3.950136970986226082e+09,1.000000000000000000e+00
9.541666666666667073e-06,5.000000000000000000e+00,0.000000000000000000e+00,1.896079723615890611e+00,5.999999999999999778e-01,5.999999999999999778e-01,3.950136970986226082e+09,1.000000000000000000e+00
9.583333333333333623e-06,5.000000000000000000e+00,0.000000000000000000e+00,-6.860552340361187884e-01,5.999999999999999778e-01,5.999999999999999778e-01,3.950136970986226082e+09,1.000000000000000000e+00
9.625000000000000173e-06,5.000000000000000000e+00,0.000000000000000000e+00,3.014995115491458044e+00,5.999999999999999778e-01,5.999999999999999778e-01,3.950136970986226082e+09,1.000000000000000000e+00
9.666666666666666723e-06,5.000000000000000000e+00,0.000000000000000000e+00,4.328601578394488669e-01,5.999999999999999778e-01,5.999999999999999778e-01,3.950136970986226082e+09,1.000000000000000000e+00
9.708333333333333273e-06,5.000000000000000000e+00,0.000000000000000000e+00,-2.149274799812560754e+00,5.999999999999999778e-01,5.999999999999999778e-01,3.950136970986226082e+09,1.000000000000000000e+00
9.749999999999999823e-06,5.000000000000000000e+00,0.000000000000000000e+00,1.551775549715016522e+00,5.999999999999999778e-01,5.999999999999999778e-01,3.950136970986226082e+09,1.000000000000000000e+00
9.791666666666666374e-06,5.000000000000000000e+00,0.000000000000000000e+00,-1.030359407936992877e+00,5.999999999999999778e-01,5.999999999999999778e-01,3.950136970986226082e+09,1.000000000000000000e+00
9.833333333333332924e-06,5.000000000000000000e+00,0.000000000000000000e+00,2.670690941590584178e+00,5.999999999999999778e-01,5.999999999999999778e-01,3.950136970986226082e+09,1.000000000000000000e+00
9.874999999999999474e-06,5.000000000000000000e+00,0.000000000000000000e+00,8.855598393857466721e-02,5.999999999999999778e-01,5.999999999999999778e-01,3.950136970986226082e+09,1.000000000000000000e+00
9.916666666666666024e-06,5.000000000000000000e+00,0.000000000000000000e+00,-2.493578973713434621e+00,5.999999999999999778e-01,5.999999999999999778e-01,3.950136970986226082e+09,1.000000000000000000e+00
9.958333333333332574e-06,5.000000000000000000e+00,0.000000000000000000e+00,1.207471375814142212e+00,5.999999999999999778e-01,5.999999999999999778e-01,3.950136970986226082e+09,1.000000000000000000e+00
1.000000000000000082e-05,5.000000000000000000e+00,0.000000000000000000e+00,-1.374663581837867188e+00,5.999999999999999778e-01,5.999999999999999778e-01,3.950136970986226082e+09,1.000000000000000000e+00
1.004166666666666737e-05,5.000000000000000000e+00,0.000000000000000000e+00,2.326386767689709867e+00,5.999999999999999778e-01,5.999999999999999778e-01,3.950136970986226082e+09,1.000000000000000000e+00
1.008333333333333392e-05,5.000000000000000000e+00,0.000000000000000000e+00,-2.557481899622994770e-01,5.999999999999999778e-01,5.999999999999999778e-01,3.950136970986226082e+09,1.000000000000000000e+00
1.012500000000000047e-05,5.000000000000000000e+00,0.000000000000000000e+00,-2.837883147614308932e+00,5.999999999999999778e-01,5.999999999999999778e-01,3.950136970986226082e+09,1.000000000000000000e+00
1.016666666666666702e-05,6.000000000000000000e+00,0.000000000000000000e+00,8.631672019132681228e-01,5.999999999999999778e-01,5.999999999999999778e-01,3.940386287150311470e+09,1.000000000000000000e+00
1.020833333333333357e-05,6.000000000000000000e+00,0.000000000000000000e+00,2.011494492575832460e+00,5.999999999999999778e-01,5.999999999999999778e-01,3.940386287150311470e+09,1.000000000000000000e+00
1.025000000000000012e-05,6.000000000000000000e+00,0.000000000000000000e+00,-3.123363523941189435e+00,5.999999999999999778e-01,5.999999999999999778e-01,3.940386287150311470e+09,1.000000000000000000e+00
1.029166666666666667e-05,6.000000000000000000e+00,0.000000000000000000e+00,-1.975036233278625319e+00,5.999999999999999778e-01,5.999999999999999778e-01,3.940386287150311470e+09,1.000000000000000000e+00
1.033333333333333322e-05,6.000000000000000000e+00,0.000000000000000000e+00,-8.267089426160610932e-01,5.999999999999999778e-01,5.999999999999999778e-01,3.940386287150311470e+09,1.000000000000000000e+00
1.037499999999999977e-05,6.000000000000000000e+00,0.000000000000000000e+00,3.216183480465032996e-01,5.999999999999999778e-01,5.999999999999999778e-01,3.940386287150311470e+09,1.000000000000000000e+00
1.041666666666666632e-05,6.000000000000000000e+00,0.000000000000000000e+00,1.469945638709067692e+00,5.999999999999999778e-01,5.999999999999999778e-01,3.940386287150311470e+09,1.000000000000000000e+00
1.045833333333333287e-05,6.000000000000000000e+00,0.000000000000000000e+00,2.618272929371632252e+00,5.999999999999999778e-01,5.999999999999999778e-01,3.940386287150311470e+09,1.000000000000000000e+00
1.049999999999999942e-05,6.000000000000000000e+00,0.000000000000000000e+00,-2.516585087145390087e+00,5.999999999999999778e-01,5.999999999999999778e-01,3.940386287150311470e+09,1.000000000000000000e+00
1.054166666666666597e-05,6.000000000000000000e+00,0.000000000000000000e+00,-1.368257796482825750e+00,5.999999999999999778e-01,5.999999999999999778e-01,3.940386287150311470e+09,1.000000000000000000e+00
1.058333333333333252e-05,6.000000000000000000e+00,0.000000000000000000e+00,-2.199305058202614405e-01,5.999999999999999778e-01,5.999999999999999778e-01,3.940386287150311470e+09,1.000000000000000000e+00
1.062500000000000076e-05,6.000000000000000000e+00,0.000000000000000000e+00,9.283967848423029245e-01,5.999999999999999778e-01,5.999999999999999778e-01,3.940386287150311470e+09,1.000000000000000000e+00
1.066666666666666731e-05,6.000000000000000000e+00,0.000000000000000000e+00,2.076724075504867262e+00,5.999999999999999778e-01,5.999999999999999778e-01,3.940386287150311470e+09,1.000000000000000000e+00
1.070833333333333386e-05,6.000000000000000000e+00,0.000000000000000000e+00,-3.058133941012155077e+00,5.999999999999999778e-01,5.999999999999999778e-01,3.940386287150311470e+09,1.000000000000000000e+00
1.075000000000000041e-05,6.000000000000000000e+00,0.000000000000000000e+00,-1.909806650349590518e+00,5.999999999999999778e-01,5.999999999999999778e-01,3.940386287150311470e+09,1.000000000000000000e+00
1.079166666666666696e-05,6.000000000000000000e+00,0.000000000000000000e+00,-7.614793596870261805e-01,5.999999999999999778e-01,5.999999999999999778e-01,3.940386287150311470e+09,1.000000000000000000e+00
1.083333333333333351e-05,6.000000000000000000e+00,0.000000000000000000e+00,3.868479309755381568e-01,5.999999999999999778e-01,5.999999999999999778e-01,3.940386287150311470e+09,1.000000000000000000e+00
1.087500000000000006e-05,6.000000000000000000e+00,0.000000000000000000e+00,1.535175221638102494e+00,5.999999999999999778e-01,5.999999999999999778e-01,3.940386287150311470e+09,1.000000000000000000e+00
1.091666666666666661e-05,6.000000000000000000e+00,0.000000000000000000e+00,2.683502512300666609e+00,5.999999999999999778e-01,5.999999999999999778e-01,3.940386287150311470e+09,1.000000000000000000e+00
1.095833333333333316e-05,6.000000000000000000e+00,0.000000000000000000e+00,-2.451355504216355286e+00,5.999999999999999778e-01,5.999999999999999778e-01,3.940386287150311470e+09,1.000000000000000000e+00
1.099999999999999971e-05,6.000000000000000000e+00,0.000000000000000000e+00,-1.303028213553790948e+00,5.999999999999999778e-01,5.999999999999999778e-01,3.940386287150311470e+09,1.000000000000000000e+00
1.104166666666666626e-05,6.000000000000000000e+00,0.000000000000000000e+00,-1.547009228912266665e-01,5.999999999999999778e-01,5.999999999999999778e-01,3.940386287150311470e+09,1.000000000000000000e+00
1.108333333333333281e-05,6.000000000000000000e+00,0.000000000000000000e+00,9.936263677713376152e-01,5.999999999999999778e-01,5.999999999999999778e-01,3.940386287150311470e+09,1.000000000000000000e+00
1.112499999999999936e-05,6.000000000000000000e+00,0.000000000000000000e+00,2.141953658433902064e+00,5.999999999999999778e-01,5.999999999999999778e-01,3.940386287150311470e+09,1.000000000000000000e+00
1.116666666666666591e-05,6.000000000000000000e+00,0.000000000000000000e+00,-2.992904358083120275e+00,5.999999999999999778e-01,5.999999999999999778e-01,3.940386287150311470e+09,1.000000000000000000e+00
1.120833333333333416e-05,6.000000000000000000e+00,0.000000000000000000e+00,-1.844577067420555716e+00,5.999999999999999778e-01,5.999999999999999778e-01,3.940386287150311470e+09,1.000000000000000000e+00
1.125000000000000071e-05,6.000000000000000000e+00,0.000000000000000000e+00,-6.962497767579914898e-01,5.999999999999999778e-01,5.999999999999999778e-01,3.940386287150311470e+09,1.000000000000000000e+00
1.129166666666666726e-05,6.000000000000000000e+00,0.000000000000000000e+00,4.520775139045729030e-01,5.999999999999999778e-01,5.999999999999999778e-01,3.940386287150311470e+09,1.000000000000000000e+00
1.133333333333333381e-05,6.000000000000000000e+00,0.000000000000000000e+00,1.600404804567137296e+00,5.999999999999999778e-01,5.999999999999999778e-01,3.940386287150311470e+09,1.000000000000000000e+00
1.137500000000000036e-05,6.000000000000000000e+00,0.000000000000000000e+00,2.748732095229701411e+00,5.999999999999999778e-01,5.999999999999999778e-01,3.940386287150311470e+09,1.000000000000000000e+00
1.141666666666666691e-05,6.000000000000000000e+00,0.000000000000000000e+00,-2.386125921287320484e+00,5.999999999999999778e-01,5.999999999999999778e-01,3.940386287150311470e+09,1.000000000000000000e+00
1.145833333333333346e-05,6.000000000000000000e+00,0.000000000000000000e+00,-1.237798630624756147e+00,5.999999999999999778e-01,5.999999999999999778e-01,3.940386287150311470e+09,1.000000000000000000e+00
1.150000000000000001e-05,6.000000000000000000e+00,0.000000000000000000e+00,-8.947133996219192031e-02,5.999999999999999778e-01,5.999999999999999778e-01,3.940386287150311470e+09,1.000000000000000000e+00
1.154166666666666656e-05,6.000000000000000000e+00,0.000000000000000000e+00,1.058855950700372306e+00,5.999999999999999778e-01,5.999999999999999778e-01,3.940386287150311470e+09,1.000000000000000000e+00
1.158333333333333311e-05,6.000000000000000000e+00,0.000000000000000000e+00,2.207183241362936865e+00,5.999999999999999778e-01,5.999999999999999778e-01,3.940386287150311470e+09,1.000000000000000000e+00
1.162499999999999966e-05,6.000000000000000000e+00,1.000000000000000000e+00,-2.927674775154085474e+00,3.750000000000000000e-01,3.750000000000000000e-01,3.935886287150311470e+09,1.000000000000000000e+00
1.166666666666666621e-05,6.000000000000000000e+00,1.000000000000000000e+00,-2.957444729587590082e+00,3.750000000000000000e-01,3.750000000000000000e-01,3.935886287150311470e+09,1.000000000000000000e+00
1.170833333333333276e-05,6.000000000000000000e+00,1.000000000000000000e+00,-2.987214684021094691e+00,3.750000000000000000e-01,3.750000000000000000e-01,3.935886287150311470e+09,1.000000000000000000e+00
1.174999999999999931e-05,6.000000000000000000e+00,2.000000000000000000e+00,-3.016984638454599299e+00,3.750000000000000000e-01,3.750000000000000000e-01,3.935886287150311470e+09,1.000000000000000000e+00
1.179166666666666586e-05,6.000000000000000000e+00,2.000000000000000000e+00,-3.025860912066858255e+00,3.777228296264483198e-01,3.752523173003429191e-01,3.935940743742840290e+09,1.000000000000000000e+00
1.183333333333333410e-05,6.000000000000000000e+00,2.000000000000000000e+00,-3.026572315639353583e+00,3.787492644810149800e-01,3.755869670945568006e-01,3.935961272439931870e+09,1.000000000000000000e+00
1.187500000000000065e-05,6.000000000000000000e+00,2.000000000000000000e+00,-3.023319109861771103e+00,3.793392576778792380e-01,3.759482462422455429e-01,3.935973072303869247e+09,1.000000000000000000e+00
1.191666666666666720e-05,6.000000000000000000e+00,2.000000000000000000e+00,-3.016860347790864871e+00,3.798608617356211692e-01,3.763253633222713446e-01,3.935983504385024071e+09,1.000000000000000000e+00
1.195833333333333375e-05,6.000000000000000000e+00,2.000000000000000000e+00,-3.006862335705958067e+00,3.804349975475123657e-01,3.767213573659070613e-01,3.935994987101261616e+09,1.000000000000000000e+00
1.200000000000000030e-05,6.000000000000000000e+00,2.000000000000000000e+00,-2.992523964769500999e+00,3.811179248629439353e-01,3.771447048718360451e-01,3.936008645647570133e+09,1.000000000000000000e+00
1.204166666666666685e-05,6.000000000000000000e+00,2.000000000000000000e+00,-2.972708040388536865e+00,3.819538570171471248e-01,3.776073989384342022e-01,3.936025364290654182e+09,1.000000000000000000e+00
1.208333333333333340e-05,6.000000000000000000e+00,2.000000000000000000e+00,-2.945922520379466114e+00,3.829913111717334617e-01,3.781249554574170890e-01,3.936046113373745918e+09,1.000000000000000000e+00
1.212499999999999995e-05,6.000000000000000000e+00,2.000000000000000000e+00,-2.910246940591972198e+00,3.842894743856946072e-01,3.787170787669448258e-01,3.936072076638025284e+09,1.000000000000000000e+00
1.216666666666666650e-05,6.000000000000000000e+00,2.000000000000000000e+00,-2.863230858231330167e+00,3.859217899815293173e-01,3.794086224109196048e-01,3.936104722949942112e+09,1.000000000000000000e+00
1.220833333333333305e-05,6.000000000000000000e+00,2.000000000000000000e+00,-2.801775762855325702e+00,3.879782920625313714e-01,3.802306884631130868e-01,3.936145852991561890e+09,1.000000000000000000e+00
1.224999999999999960e-05,6.000000000000000000e+00,2.000000000000000000e+00,-2.722016442494717303e+00,3.905659668540191753e-01,3.812216637626821836e-01,3.936197606487391949e+09,1.000000000000000000e+00
1.229166666666666615e-05,6.000000000000000000e+00,2.000000000000000000e+00,-2.619237753693963278e+00,3.938045002548090645e-01,3.824277631666405108e-01,3.936262377155407429e+09,1.000000000000000000e+00
1.233333333333333270e-05,6.000000000000000000e+00,2.000000000000000000e+00,-2.487904734826227759e+00,3.978119082670993345e-01,3.839021703003113739e-01,3.936342525315653324e+09,1.000000000000000000e+00
1.237499999999999925e-05,6.000000000000000000e+00,2.000000000000000000e+00,-2.321959099565359175e+00,4.026701937478390780e-01,3.857010174839778927e-01,3.936439691025268078e+09,1.000000000000000000e+00
1.241666666666666750e-05,6.000000000000000000e+00,2.000000000000000000e+00,-2.115644849562525742e+00,4.083565607177025436e-01,3.878732339346009361e-01,3.936553418364665508e+09,1.000000000000000000e+00
1.245833333333333405e-05,6.000000000000000000e+00,2.000000000000000000e+00,-1.865217118073272395e+00,4.146278829593811333e-01,3.904403772167724940e-01,3.936678844809499264e+09,1.000000000000000000e+00
1.250000000000000060e-05,6.000000000000000000e+00,2.000000000000000000e+00,-1.571757828367847942e+00,4.208746042203851401e-01,3.933643859307659474e-01,3.936803779234719276e+09,1.000000000000000000e+00
1.254166666666666715e-05,6.000000000000000000e+00,2.000000000000000000e+00,-1.244557916121633134e+00,4.260420873528402153e-01,3.965105439457265457e-01,3.936907128897368431e+09,1.000000000000000000e+00
1.258333333333333370e-05,6.000000000000000000e+00,2.000000000000000000e+00,-9.029402276286447870e-01,4.288240416682190803e-01,3.996316225254361587e-01,3.936962767983675957e+09,1.000000000000000000e+00
1.262500000000000025e-05,6.000000000000000000e+00,2.000000000000000000e+00,-5.733745864621625499e-01,4.282610276106114666e-01,4.024098514948042382e-01,3.936951507702523708e+09,1.000000000000000000e+00
1.266666666666666680e-05,6.000000000000000000e+00,2.000000000000000000e+00,-2.813186558782064806e-01,4.244145896293552989e-01,4.045598583461074704e-01,3.936874578942898750e+09,1.000000000000000000e+00
1.270833333333333335e-05,6.000000000000000000e+00,2.000000000000000000e+00,-4.273568607314084250e-02,4.184148394209883937e-01,4.059289277645512506e-01,3.936754583938731194e+09,1.000000000000000000e+00
1.274999999999999990e-05,6.000000000000000000e+00,2.000000000000000000e+00,1.386951374657626468e-01,4.117529641776765392e-01,4.065221830633745093e-01,3.936621346433865070e+09,1.000000000000000000e+00
1.279166666666666645e-05,6.000000000000000000e+00,2.000000000000000000e+00,2.683603461096907283e-01,4.055411930881158700e-01,4.064537144546406799e-01,3.936497111012073994e+09,1.000000000000000000e+00
1.283333333333333300e-05,6.000000000000000000e+00,2.000000000000000000e+00,3.556321334377541832e-01,4.002875999628328629e-01,4.058784030032105417e-01,3.936392039149568081e+09,1.000000000000000000e+00
1.287499999999999955e-05,6.000000000000000000e+00,2.000000000000000000e+00,4.101681267216888971e-01,3.960617472259386762e-01,4.049447385221689455e-01,3.936307522094830036e+09,1.000000000000000000e+00
1.291666666666666610e-05,6.000000000000000000e+00,2.000000000000000000e+00,4.402183203870634332e-01,3.927311247784773252e-01,4.037748327644141710e-01,3.936240909645881176e+09,1.000000000000000000e+00
1.295833333333333265e-05,6.000000000000000000e+00,2.000000000000000000e+00,4.522599390944349040e-01,3.901156331505821750e-01,4.024617001975817066e-01,3.936188599813323021e+09,1.000000000000000000e+00
1.299999999999999920e-05,6.000000000000000000e+00,2.000000000000000000e+00,4.512112286443850651e-01,3.880546722063549225e-01,4.010736820014857429e-01,3.936147380594438553e+09,1.000000000000000000e+00
1.304166666666666744e-05,6.000000000000000000e+00,2.000000000000000000e+00,4.407857952315651362e-01,3.864238758079242553e-01,3.996602796581129047e-01,3.936114764666470051e+09,1.000000000000000000e+00
1.308333333333333399e-05,6.000000000000000000e+00,2.000000000000000000e+00,4.238083987707766953e-01,3.851314220873970351e-01,3.982571528007857742e-01,3.936088915592059612e+09,1.000000000000000000e+00
1.312500000000000054e-05,6.000000000000000000e+00,2.000000000000000000e+00,4.024486754165961799e-01,3.841093397640792384e-01,3.968898110410786773e-01,3.936068473945592880e+09,1.000000000000000000e+00
1.316666666666666709e-05,6.000000000000000000e+00,2.000000000000000000e+00,3.783816516275662623e-01,3.833057307749634379e-01,3.955761898493029838e-01,3.936052401765810966e+09,1.000000000000000000e+00
1.320833333333333364e-05,6.000000000000000000e+00,2.000000000000000000e+00,3.528965352630591412e-01,3.826793415121517716e-01,3.943284402566513136e-01,3.936039873980554581e+09,1.000000000000000000e+00
1.325000000000000019e-05,6.000000000000000000e+00,2.000000000000000000e+00,3.269730670323013344e-01,3.821962478860941315e-01,3.931542145610457117e-01,3.936030212108033180e+09,1.000000000000000000e+00
1.329166666666666674e-05,6.000000000000000000e+00,2.000000000000000000e+00,3.013388512277713205e-01,3.818280042638532712e-01,3.920576416230121541e-01,3.936022847235588551e+09,1.000000000000000000e+00
1.333333333333333329e-05,6.000000000000000000e+00,2.000000000000000000e+00,2.765156701076164070e-01,3.815506523473307654e-01,3.910401078154411847e-01,3.936017300197257996e+09,1.000000000000000000e+00
1.337499999999999984e-05,6.000000000000000000e+00,2.000000000000000000e+00,2.528589185600110811e-01,3.813441571534428309e-01,3.901009057374492106e-01,3.936013170293380260e+09,1.000000000000000000e+00
1.341666666666666639e-05,6.000000000000000000e+00,2.000000000000000000e+00,2.305919481237622415e-01,3.811920074773058609e-01,3.892377805877251795e-01,3.936010127299857616e+09,1.000000000000000000e+00
1.345833333333333294e-05,6.000000000000000000e+00,2.000000000000000000e+00,2.098359123698144701e-01,3.810808482761209315e-01,3.884473877835120659e-01,3.936007904115833759e+09,1.000000000000000000e+00
1.349999999999999949e-05,6.000000000000000000e+00,2.000000000000000000e+00,1.906352509136893802e-01,3.810000970015966493e-01,3.877256690800323091e-01,3.936006289090343475e+09,1.000000000000000000e+00
1.354166666666666605e-05,6.000000000000000000e+00,2.000000000000000000e+00,1.729789004981255596e-01,3.809415424460318444e-01,3.870681534030261384e-01,3.936005117999232292e+09,1.000000000000000000e+00
1.358333333333333260e-05,6.000000000000000000e+00,2.000000000000000000e+00,1.568174429754406185e-01,3.808989442645502876e-01,3.864701896816244986e-01,3.936004266035602570e+09,1.000000000000000000e+00
1.362500000000000084e-05,6.000000000000000000e+00,2.000000000000000000e+00,1.420765508370066266e-01,3.808676546222232173e-01,3.859271203277369056e-01,3.936003640242755890e+09,1.000000000000000000e+00
1.366666666666666739e-05,6.000000000000000000e+00,2.000000000000000000e+00,1.286672027268621343e-01,3.808442786710448669e-01,3.854344048098367059e-01,3.936003172723732471e+09,1.000000000000000000e+00
1.370833333333333394e-05,6.000000000000000000e+00,2.000000000000000000e+00,1.164931932722509111e-01,3.808263832764104961e-01,3.849877027975386889e-01,3.936002814815839767e+09,1.000000000000000000e+00
1.375000000000000049e-05,6.000000000000000000e+00,2.000000000000000000e+00,1.054564586935128195e-01,3.808122566271537890e-01,3.845829257190577222e-01,3.936002532282854557e+09,1.000000000000000000e+00
1.379166666666666704e-05,6.000000000000000000e+00,2.000000000000000000e+00,9.546069752977634493e-02,3.808007163532731720e-01,3.842162645074738148e-01,3.936002301477376938e+09,1.000000000000000000e+00
1.383333333333333359e-05,6.000000000000000000e+00,2.000000000000000000e+00,8.641370181576055187e-02,3.807909607518882300e-01,3.838842000472512672e-01,3.936002106365349293e+09,1.000000000000000000e+00
1.387500000000000014e-05,6.000000000000000000e+00,2.000000000000000000e+00,7.822874184748505877e-02,3.807824563626177050e-01,3.835835015516543822e-01,3.936001936277564049e+09,1.000000000000000000e+00
1.391666666666666669e-05,6.000000000000000000e+00,2.000000000000000000e+00,7.082527741440279578e-02,3.807748549580112218e-01,3.833112169229710986e-01,3.936001784249471664e+09,1.000000000000000000e+00
1.395833333333333324e-05,6.000000000000000000e+00,2.000000000000000000e+00,6.412920535840092862e-02,3.807679335517191177e-01,3.830646581320332755e-01,3.936001645821345806e+09,1.000000000000000000e+00
1.399999999999999979e-05,6.000000000000000000e+00,2.000000000000000000e+00,5.807280017652081266e-02,3.807615519181547503e-01,3.828413838214205223e-01,3.936001518188674450e+09,1.000000000000000000e+00
1.404166666666666634e-05,6.000000000000000000e+00,2.000000000000000000e+00,5.259446168347201717e-02,3.807556231144342829e-01,3.826391806815319097e-01,3.936001399612600327e+09,1.000000000000000000e+00
1.408333333333333289e-05,6.000000000000000000e+00,2.000000000000000000e+00,4.763835034973160770e-02,3.807500934469464360e-01,3.824560446494849608e-01,3.936001289019250393e+09,1.000000000000000000e+00
1.412499999999999944e-05,6.000000000000000000e+00,2.000000000000000000e+00,4.315396590718299091e-02,3.807449291625069066e-01,3.822901626116810836e-01,3.936001185733561516e+09,1.000000000000000000e+00
1.416666666666666599e-05,6.000000000000000000e+00,2.000000000000000000e+00,3.909570627874634635e-02,3.807401078341524081e-01,3.821398950250877169e-01,3.936001089306994438e+09,1.000000000000000000e+00
1.420833333333333254e-05,6.000000000000000000e+00,2.000000000000000000e+00,3.542243062074410670e-02,3.807356129609806294e-01,3.820037596861366458e-01,3.936000999409531116e+09,1.000000000000000000e+00
1.425000000000000078e-05,6.000000000000000000e+00,2.000000000000000000e+00,3.209704100990782433e-02,3.807314307231591810e-01,3.818804167494680435e-01,3.936000915764774799e+09,1.000000000000000000e+00
1.429166666666666733e-05,6.000000000000000000e+00,2.000000000000000000e+00,2.908609085133937594e-02,3.807275481475683732e-01,3.817686550153052694e-01,3.936000838113262653e+09,1.000000000000000000e+00
1.433333333333333388e-05,6.000000000000000000e+00,2.000000000000000000e+00,2.635942387277898785e-02,3.807239521716201391e-01,3.816673794517381757e-01,3.936000766193743706e+09,1.000000000000000000e+00
1.437500000000000043e-05,6.000000000000000000e+00,2.000000000000000000e+00,2.388984480203069222e-02,3.807206292580383455e-01,3.815755998870935528e-01,3.936000699735472202e+09,1.000000000000000000e+00
1.441666666666666698e-05,6.000000000000000000e+00,2.000000000000000000e+00,2.165282110908881355e-02,3.807175653304454288e-01,3.814924207910341813e-01,3.936000638456920147e+09,1.000000000000000000e+00
1.445833333333333353e-05,6.000000000000000000e+00,2.000000000000000000e+00,1.962621418860797246e-02,3.807147458809232443e-01,3.814170320561408589e-01,3.936000582067929745e+09,1.000000000000000000e+00
1.450000000000000009e-05,6.000000000000000000e+00,2.000000000000000000e+00,1.779003786359387856e-02,3.807121561563373002e-01,3.813487006910095123e-01,3.936000530273438454e+09,1.000000000000000000e+00
1.454166666666666664e-05,6.000000000000000000e+00,2.000000000000000000e+00,1.612624183471487310e-02,3.807097813667890129e-01,3.812867633388749011e-01,3.936000482777647018e+09,1.000000000000000000e+00
1.458333333333333319e-05,6.000000000000000000e+00,2.000000000000000000e+00,1.461851770327191567e-02,3.807076068845713923e-01,3.812306195409344012e-01,3.936000439288002968e+09,1.000000000000000000e+00
1.462499999999999974e-05,6.000000000000000000e+00,2.000000000000000000e+00,1.325212529409034584e-02,3.807056184172539215e-01,3.811797256697314618e-01,3.936000399518656731e+09,1.000000000000000000e+00
1.466666666666666629e-05,6.000000000000000000e+00,2.000000000000000000e+00,1.201373710282203043e-02,3.807038021478811318e-01,3.811335894644721778e-01,3.936000363193269253e+09,1.000000000000000000e+00
1.470833333333333284e-05,6.000000000000000000e+00,2.000000000000000000e+00,1.089129895226213091e-02,3.807021448420500054e-01,3.810917651067037282e-01,3.936000330047152519e+09,1.000000000000000000e+00
1.474999999999999939e-05,6.000000000000000000e+00,2.000000000000000000e+00,9.873905067794820634e-03,3.807006339235387560e-01,3.810538487809073116e-01,3.936000299828782082e+09,1.000000000000000000e+00
1.479166666666666594e-05,6.000000000000000000e+00,2.000000000000000000e+00,8.951685991266255735e-03,3.806992575225969788e-01,3.810194746703198798e-01,3.936000272300763607e+09,1.000000000000000000e+00
1.483333333333333418e-05,6.000000000000000000e+00,2.000000000000000000e+00,8.115707932662896348e-03,3.806980045014053959e-01,3.809883113435552637e-01,3.936000247240339756e+09,1.000000000000000000e+00
1.487500000000000073e-05,6.000000000000000000e+00,2.000000000000000000e+00,7.357882320863406642e-03,3.806968644610133623e-01,3.809600584923180655e-01,3.936000224439531803e+09,1.000000000000000000e+00
1.491666666666666728e-05,6.000000000000000000e+00,2.000000000000000000e+00,6.670884438423652606e-03,3.806958277335960039e-01,3.809344439847311969e-01,3.936000203704983234e+09,1.000000000000000000e+00
1.495833333333333383e-05,6.000000000000000000e+00,2.000000000000000000e+00,6.048080167235436386e-03,3.806948853637659447e-01,3.809112212025976274e-01,3.936000184857586861e+09,1.000000000000000000e+00
1.500000000000000038e-05,6.000000000000000000e+00,2.000000000000000000e+00,5.483459993771955775e-03,3.806940290819914585e-01,3.808901666342894288e-01,3.936000167731951237e+09,1.000000000000000000e+00
1.504166666666666693e-05,6.000000000000000000e+00,2.000000000000000000e+00,4.971579495392486857e-03,3.806932512724076623e-01,3.808710776979254420e-01,3.936000152175759792e+09,1.000000000000000000e+00
1.508333333333333348e-05,6.000000000000000000e+00,2.000000000000000000e+00,4.507505663784083447e-03,3.806925449373022019e-01,3.808537707721775245e-01,3.936000138049057484e+09,1.000000000000000000e+00
1.512500000000000003e-05,6.000000000000000000e+00,2.000000000000000000e+00,4.086768417980036171e-03,3.806919036593019445e-01,3.808380794143472192e-01,3.936000125223497391e+09,1.000000000000000000e+00
1.516666666666666658e-05,6.000000000000000000e+00,2.000000000000000000e+00,3.705316832198857300e-03,3.806913215633243031e-01,3.808238527475232837e-01,3.936000113581577778e+09,1.000000000000000000e+00
1.520833333333333313e-05,6.000000000000000000e+00,2.000000000000000000e+00,3.359479567367795825e-03,3.806907932783303861e-01,3.808109540004085414e-01,3.936000103015878201e+09,1.000000000000000000e+00
1.524999999999999968e-05,6.000000000000000000e+00,2.000000000000000000e+00,3.045929084325305156e-03,3.806903139000296088e-01,3.807992591850994923e-01,3.936000093428311825e+09,1.000000000000000000e+00
1.529166666666666792e-05,6.000000000000000000e+00,2.000000000000000000e+00,2.761649305827429488e-03,3.806898789552198847e-01,3.807886558995998705e-01,3.936000084729415894e+09,1.000000000000000000e+00
1.533333333333333447e-05,6.000000000000000000e+00,2.000000000000000000e+00,2.503906318085480451e-03,3.806894843672368189e-01,3.807790422430844535e-01,3.936000076837656021e+09,1.000000000000000000e+00
1.537500000000000102e-05,6.000000000000000000e+00,2.000000000000000000e+00,2.270221889918300727e-03,3.806891264239503636e-01,3.807703258332207907e-01,3.936000069678790569e+09,1.000000000000000000e+00
1.541666666666666757e-05,6.000000000000000000e+00,2.000000000000000000e+00,2.058349480282029107e-03,3.806888017472004893e-01,3.807624229157985374e-01,3.936000063185255527e+09,1.000000000000000000e+00
1.545833333333333412e-05,6.000000000000000000e+00,2.000000000000000000e+00,1.866252521355616116e-03,3.806885072645054824e-01,3.807552575579342680e-01,3.936000057295601368e+09,1.000000000000000000e+00
1.550000000000000068e-05,6.000000000000000000e+00,2.000000000000000000e+00,1.692084749808398045e-03,3.806882401826989781e-01,3.807487609169353249e-01,3.936000051953965664e+09,1.000000000000000000e+00
1.554166666666666723e-05,6.000000000000000000e+00,2.000000000000000000e+00,1.534172386160914973e-03,3.806879979635209299e-01,3.807428705776776390e-01,3.936000047109581947e+09,1.000000000000000000e+00
1.558333333333333378e-05,6.000000000000000000e+00,2.000000000000000000e+00,1.390997991253950603e-03,3.806877783011970995e-01,3.807375299520470158e-01,3.936000042716335297e+09,1.000000000000000000e+00
1.562500000000000033e-05,6.000000000000000000e+00,2.000000000000000000e+00,1.261185847030699223e-03,3.806875791018374811e-01,3.807326877346028926e-01,3.936000038732348442e+09,1.000000000000000000e+00
1.566666666666666688e-05,6.000000000000000000e+00,2.000000000000000000e+00,1.143488708836937293e-03,3.806873984643773801e-01,3.807282974091652505e-01,3.936000035119598866e+09,1.000000000000000000e+00
1.570833333333333343e-05,6.000000000000000000e+00,2.000000000000000000e+00,1.036775789177024707e-03,3.806872346630695292e-01,3.807243168015366219e-01,3.936000031843573093e+09,1.000000000000000000e+00
1.574999999999999998e-05,6.000000000000000000e+00,2.000000000000000000e+00,9.400218728813137560e-04,3.806870861316871135e-01,3.807207076740518614e-01,3.936000028872945309e+09,1.000000000000000000e+00
1.579166666666666653e-05,6.000000000000000000e+00,2.000000000000000000e+00,8.522974581835819109e-04,3.806869514490662798e-01,3.807174353580320414e-01,3.936000026179292679e+09,1.000000000000000000e+00
1.583333333333333308e-05,6.000000000000000000e+00,2.000000000000000000e+00,7.727598163881133943e-04,3.806868293257664737e-01,3.807144684205752139e-01,3.936000023736826897e+09,1.000000000000000000e+00
1.587499999999999963e-05,6.000000000000000000e+00,2.000000000000000000e+00,7.006448846339275761e-04,3.806867185919414753e-01,3.807117783624740515e-01,3.936000021522150517e+09,1.000000000000000000e+00
1.591666666666666618e-05,6.000000000000000000e+00,2.000000000000000000e+00,6.352599153585992454e-04,3.806866181863762244e-01,3.807093393443536922e-01,3.936000019514039040e+09,1.000000000000000000e+00
1.595833333333333273e-05,6.000000000000000000e+00,2.000000000000000000e+00,5.759768242540098428e-04,3.806865271465757483e-01,3.807071279383971718e-01,3.936000017693243027e+09,1.000000000000000000e+00
1.599999999999999928e-05,6.000000000000000000e+00,2.000000000000000000e+00,5.222261512215276881e-04,3.806864445995355450e-01,3.807051229032446527e-01,3.936000016042302132e+09,1.000000000000000000e+00
1.604166666666666583e-05,6.000000000000000000e+00,2.000000000000000000e+00,4.734915870328926571e-04,3.806863697534516033e-01,3.807033049799106728e-01,3.936000014545380592e+09,1.000000000000000000e+00
1.608333333333333238e-05,6.000000000000000000e+00,2.000000000000000000e+00,4.293050056701553686e-04,3.806863018901947560e-01,3.807016567067547097e-01,3.936000013188115597e+09,1.000000000000000000e+00
1.612499999999999893e-05,6.000000000000000000e+00,2.000000000000000000e+00,3.892419750598287453e-04,3.806862403586011023e-01,3.807001622517381945e-01,3.936000011957483292e+09,1.000000000000000000e+00
1.616666666666666548e-05,6.000000000000000000e+00,2.000000000000000000e+00,3.529176752606667821e-04,3.806861845681207557e-01,3.806988072603275097e-01,3.936000010841673851e+09,1.000000000000000000e+00
1.620833333333333203e-05,6.000000000000000000e+00,2.000000000000000000e+00,3.199831950012389814e-04,3.806861339832007252e-01,3.806975787175967407e-01,3.936000009829975605e+09,1.000000000000000000e+00
1.624999999999999858e-05,6.000000000000000000e+00,2.000000000000000000e+00,2.901221920153852795e-04,3.806860881183085632e-01,3.806964648232145088e-01,3.936000008912677765e+09,1.000000000000000000e+00
1.629166666666666513e-05,6.000000000000000000e+00,2.000000000000000000e+00,2.630478444159757047e-04,3.806860465330758059e-01,3.806954548780808745e-01,3.936000008080973148e+09,1.000000000000000000e+00
1.633333333333333168e-05,6.000000000000000000e+00,2.000000000000000000e+00,2.385000949259642484e-04,3.806860088282024712e-01,3.806945391815546031e-01,3.936000007326875687e+09,1.000000000000000000e+00
1.637500000000000161e-05,6.000000000000000000e+00,2.000000000000000000e+00,2.162431570439161705e-04,3.806859746416880741e-01,3.806937089382788630e-01,3.936000006643145084e+09,1.000000000000000000e+00
1.641666666666666816e-05,6.000000000000000000e+00,2.000000000000000000e+00,1.960632504022009643e-04,3.806859436452921797e-01,3.806929561736960843e-01,3.936000006023217201e+09,1.000000000000000000e+00
1.645833333333333471e-05,6.000000000000000000e+00,2.000000000000000000e+00,1.777665453089661597e-04,3.806859155413518936e-01,3.806922736574441801e-01,3.936000005461138725e+09,1.000000000000000000e+00
1.650000000000000127e-05,6.000000000000000000e+00,2.000000000000000000e+00,1.611772982839988517e-04,3.806858900599521811e-01,3.806916548339042694e-01,3.936000004951510429e+09,1.000000000000000000e+00
1.654166666666666782e-05,6.000000000000000000e+00,2.000000000000000000e+00,1.461361676745377182e-04,3.806858669564017750e-01,3.806910937592364874e-01,3.936000004489439487e+09,1.000000000000000000e+00
1.658333333333333437e-05,6.000000000000000000e+00,2.000000000000000000e+00,1.324986838851850181e-04,3.806858460088313745e-01,3.806905850442865447e-01,3.936000004070487976e+09,1.000000000000000000e+00
1.662500000000000092e-05,6.000000000000000000e+00,2.000000000000000000e+00,1.201338560320231900e-04,3.806858270160252689e-01,3.806901238028173040e-01,3.936000003690631866e+09,1.000000000000000000e+00
1.666666666666666747e-05,6.000000000000000000e+00,2.000000000000000000e+00,1.089229204779052943e-04,3.806858097955959641e-01,3.806897056045807637e-01,3.936000003346223354e+09,1.000000000000000000e+00
1.670833333333333402e-05,6.000000000000000000e+00,2.000000000000000000e+00,9.875819305014142994e-05,3.806857941821298885e-01,3.806893264327606552e-01,3.936000003033954144e+09,1.000000000000000000e+00
1.675000000000000057e-05,6.000000000000000000e+00,2.000000000000000000e+00,8.954204131148569006e-05,3.806857800257106295e-01,3.806889826453960790e-01,3.936000002750825882e+09,1.000000000000000000e+00
1.679166666666666712e-05,6.000000000000000000e+00,2.000000000000000000e+00,8.118594778059328202e-05,3.806857671903809415e-01,3.806886709403971558e-01,3.936000002494119167e+09,1.000000000000000000e+00
1.683333333333333367e-05,6.000000000000000000e+00,2.000000000000000000e+00,7.360964591205397848e-05,3.806857555527758397e-01,3.806883883238188493e-01,3.936000002261366844e+09,1.000000000000000000e+00
1.687500000000000022e-05,6.000000000000000000e+00,2.000000000000000000e+00,6.674036885376831744e-05,3.806857450012102184e-01,3.806881320811202896e-01,3.936000002050335884e+09,1.000000000000000000e+00
1.691666666666666677e-05,6.000000000000000000e+00,2.000000000000000000e+00,6.051213276512267973e-05,3.806857354342904620e-01,3.806878997510790841e-01,3.936000001858997345e+09,1.000000000000000000e+00
1.695833333333333332e-05,6.000000000000000000e+00,2.000000000000000000e+00,5.486511836059204276e-05,3.806857267601987393e-01,3.806876891021611642e-01,3.936000001685515404e+09,1.000000000000000000e+00
1.699999999999999987e-05,6.000000000000000000e+00,2.000000000000000000e+00,4.974508519515207942e-05,3.806857188955821147e-01,3.806874981110770495e-01,3.936000001528223038e+09,1.000000000000000000e+00
1.704166666666666642e-05,6.000000000000000000e+00,2.000000000000000000e+00,4.510285689027792070e-05,3.806857117649012356e-01,3.806873249433512241e-01,3.936000001385609627e+09,1.000000000000000000e+00
1.708333333333333297e-05,6.000000000000000000e+00,2.000000000000000000e+00,4.089384273973106380e-05,3.806857052996282520e-01,3.806871679356985116e-01,3.936000001256304264e+09,1.000000000000000000e+00
1.712499999999999952e-05,6.000000000000000000e+00,2.000000000000000000e+00,3.707761388502827141e-05,3.806856994376902059e-01,3.806870255800545166e-01,3.936000001139065266e+09,1.000000000000000000e+00
1.716666666666666607e-05,6.000000000000000000e+00,2.000000000000000000e+00,3.361751768968812164e-05,3.806856941228175528e-01,3.806868965090911550e-01,3.936000001032767773e+09,1.000000000000000000e+00
1.720833333333333262e-05,6.000000000000000000e+00,2.000000000000000000e+00,3.048031939831840779e-05,3.806856893039242129e-01,3.806867794830767204e-01,3.936000000936389923e+09,1.000000000000000000e+00
1.724999999999999917e-05,6.000000000000000000e+00,2.000000000000000000e+00,2.763588563245999262e-05,3.806856849347186600e-01,3.806866733779710188e-01,3.936000000849005699e+09,1.000000000000000000e+00
1.729166666666666572e-05,6.000000000000000000e+00,2.000000000000000000e+00,2.505689335228222396e-05,3.806856809732420688e-01,3.806865771746302807e-01,3.936000000769776344e+09,1.000000000000000000e+00
1.733333333333333227e-05,6.000000000000000000e+00,2.000000000000000000e+00,2.271857337907700434e-05,3.806856773814941697e-01,3.806864899490223220e-01,3.936000000697941303e+09,1.000000000000000000e+00
1.737499999999999882e-05,6.000000000000000000e+00,2.000000000000000000e+00,2.059846665067876324e-05,3.806856741249514120e-01,3.806864108633438160e-01,3.936000000632810593e+09,1.000000000000000000e+00
1.741666666666666537e-05,6.000000000000000000e+00,2.000000000000000000e+00,1.867621139970420494e-05,3.806856711723132225e-01,3.806863391579735634e-01,3.936000000573757648e+09,1.000000000000000000e+00
1.745833333333333192e-05,6.000000000000000000e+00,2.000000000000000000e+00,1.693334124572853193e-05,3.806856684951683834e-01,3.806862741441737752e-01,3.936000000520215034e+09,1.000000000000000000e+00
1.749999999999999847e-05,6.000000000000000000e+00,2.000000000000000000e+00,1.535311602927091505e-05,3.806856660678465953e-01,3.806862151974835795e-01,3.936000000471668243e+09,1.000000000000000000e+00
1.754166666666666502e-05,6.000000000000000000e+00,2.000000000000000000e+00,1.392035810274815922e-05,3.806856638670462201e-01,3.806861617517185992e-01,3.936000000427652359e+09,1.000000000000000000e+00
1.758333333333333496e-05,6.000000000000000000e+00,2.000000000000000000e+00,1.262130499233304327e-05,3.806856618716233376e-01,3.806861132935304148e-01,3.936000000387743950e+09,1.000000000000000000e+00
1.762500000000000151e-05,6.000000000000000000e+00,2.000000000000000000e+00,1.144348024970664277e-05,3.806856600624272113e-01,3.806860693574778964e-01,3.936000000351560116e+09,1.000000000000000000e+00
1.766666666666666806e-05,6.000000000000000000e+00,2.000000000000000000e+00,1.037557157976831114e-05,3.806856584220653650e-01,3.806860295215537260e-01,3.936000000318752766e+09,1.000000000000000000e+00
1.770833333333333461e-05,6.000000000000000000e+00,2.000000000000000000e+00,9.407321701271448188e-06,3.806856569347596420e-01,3.806859934031302517e-01,3.936000000289006710e+09,1.000000000000000000e+00
1.775000000000000116e-05,6.000000000000000000e+00,2.000000000000000000e+00,8.529428302406322115e-06,3.806856555862139779e-01,3.806859606552858155e-01,3.936000000262035847e+09,1.000000000000000000e+00
1.779166666666666771e-05,6.000000000000000000e+00,2.000000000000000000e+00,7.733458548298094326e-06,3.806856543635185885e-01,3.806859309634773592e-01,3.936000000237581730e+09,1.000000000000000000e+00
1.783333333333333426e-05,6.000000000000000000e+00,2.000000000000000000e+00,7.011769045473064284e-06,3.806856532549609540e-01,3.806859040425183971e-01,3.936000000215410709e+09,1.000000000000000000e+00
1.787500000000000081e-05,6.000000000000000000e+00,2.000000000000000000e+00,6.357427625314320426e-06,3.806856522498662798e-01,3.806858796338334905e-01,3.936000000195308685e+09,1.000000000000000000e+00
1.791666666666666736e-05,6.000000000000000000e+00,2.000000000000000000e+00,5.764149679432611817e-06,3.806856513385776242e-01,3.806858575029773428e-01,3.936000000177083015e+09,1.000000000000000000e+00
1.795833333333333391e-05,6.000000000000000000e+00,2.000000000000000000e+00,5.226238133016030292e-06,3.806856505123334955e-01,3.806858374373821574e-01,3.936000000160558224e+09,1.000000000000000000e+00
1.800000000000000046e-05,6.000000000000000000e+00,2.000000000000000000e+00,4.738523418179701071e-06,3.806856497631642133e-01,3.806858192443141609e-01,3.936000000145574570e+09,1.000000000000000000e+00
1.804166666666666701e-05,6.000000000000000000e+00,2.000000000000000000e+00,4.296321637209492724e-06,3.806856490839226614e-01,3.806858027490298557e-01,3.936000000131989956e+09,1.000000000000000000e+00
1.808333333333333356e-05,6.000000000000000000e+00,2.000000000000000000e+00,3.895387268837530070e-06,3.806856484680911090e-01,3.806857877930936995e-01,3.936000000119673252e+09,1.000000000000000000e+00
1.812500000000000011e-05,6.000000000000000000e+00,2.000000000000000000e+00,3.531869512496503990e-06,3.806856479097179835e-01,3.806857742328518257e-01,3.936000000108505726e+09,1.000000000000000000e+00
1.816666666666666666e-05,6.000000000000000000e+00,2.000000000000000000e+00,3.202275908531608980e-06,3.806856474034208127e-01,3.806857619380545898e-01,3.936000000098380089e+09,1.000000000000000000e+00
1.820833333333333321e-05,6.000000000000000000e+00,2.000000000000000000e+00,2.903437777401867735e-06,3.806856469443459234e-01,3.806857507906079574e-01,3.936000000089198589e+09,1.000000000000000000e+00
1.824999999999999976e-05,6.000000000000000000e+00,2.000000000000000000e+00,2.632486572817887591e-06,3.806856465281502899e-01,3.806857406834445734e-01,3.936000000080874443e+09,1.000000000000000000e+00
1.829166666666666631e-05,6.000000000000000000e+00,2.000000000000000000e+00,2.386821139932598399e-06,3.806856461508253409e-01,3.806857315194879243e-01,3.936000000073328018e+09,1.000000000000000000e+00
1.833333333333333286e-05,6.000000000000000000e+00,2.000000000000000000e+00,2.164080430500197636e-06,3.806856458087151118e-01,3.806857232107177524e-01,3.936000000066485882e+09,1.000000000000000000e+00
1.837499999999999941e-05,6.000000000000000000e+00,2.000000000000000000e+00,1.962128950960922467e-06,3.806856454985524940e-01,3.806857156773295059e-01,3.936000000060282707e+09,1.000000000000000000e+00
1.841666666666666596e-05,6.000000000000000000e+00,2.000000000000000000e+00,1.779022201642382582e-06,3.806856452172800998e-01,3.806857088469589034e-01,3.936000000054656982e+09,1.000000000000000000e+00
1.845833333333333251e-05,6.000000000000000000e+00,2.000000000000000000e+00,1.613004857770155596e-06,3.806856449622662009e-01,3.806857026540008127e-01,3.936000000049556732e+09,1.000000000000000000e+00
1.849999999999999906e-05,6.000000000000000000e+00,2.000000000000000000e+00,1.462478027658525335e-06,3.806856447310144609e-01,3.806856970389684847e-01,3.936000000044931889e+09,1.000000000000000000e+00
1.854166666666666561e-05,6.000000000000000000e+00,2.000000000000000000e+00,1.325999252710479724e-06,3.806856445213770979e-01,3.806856919479330026e-01,3.936000000040739059e+09,1.000000000000000000e+00
1.858333333333333216e-05,6.000000000000000000e+00,2.000000000000000000e+00,1.202257041566062411e-06,3.806856443312981453e-01,3.806856873319943713e-01,3.936000000036937237e+09,1.000000000000000000e+00
1.862499999999999871e-05,6.000000000000000000e+00,2.000000000000000000e+00,1.090063594144757318e-06,3.806856441589482887e-01,3.806856831468156122e-01,3.936000000033490658e+09,1.000000000000000000e+00
1.866666666666666526e-05,6.000000000000000000e+00,2.000000000000000000e+00,9.883384307408590518e-07,3.806856440026538668e-01,3.806856793521954385e-01,3.936000000030364513e+09,1.000000000000000000e+00
1.870833333333333181e-05,6.000000000000000000e+00,2.000000000000000000e+00,8.961065730340661875e-07,3.806856438609677040e-01,3.806856759116892253e-01,3.936000000027530670e+09,1.000000000000000000e+00
1.874999999999999836e-05,6.000000000000000000e+00,2.000000000000000000e+00,8.124803541954489818e-07,3.806856437325056852e-01,3.806856727922512951e-01,3.936000000024961472e+09,1.000000000000000000e+00
1.879166666666666830e-05,6.000000000000000000e+00,2.000000000000000000e+00,7.366594188874470464e-07,3.806856436160642732e-01,3.806856699639226127e-01,3.936000000022632599e+09,1.000000000000000000e+00
1.883333333333333485e-05,6.000000000000000000e+00,2.000000000000000000e+00,6.679143523592385984e-07,3.806856435104756797e-01,3.806856673995354101e-01,3.936000000020521164e+09,1.000000000000000000e+00
1.887500000000000140e-05,6.000000000000000000e+00,2.000000000000000000e+00,6.055848614573362804e-07,3.806856434147307677e-01,3.806856650744575021e-01,3.936000000018606186e+09,1.000000000000000000e+00
1.891666666666666795e-05,6.000000000000000000e+00,2.000000000000000000e+00,5.490724986679736114e-07,3.806856433279111052e-01,3.806856629663555314e-01,3.936000000016869545e+09,1.000000000000000000e+00
1.895833333333333450e-05,6.000000000000000000e+00,2.000000000000000000e+00,4.978333861594903804e-07,3.806856432491776410e-01,3.806856610549798625e-01,3.936000000015295029e+09,1.000000000000000000e+00
1.900000000000000105e-05,6.000000000000000000e+00,2.000000000000000000e+00,4.513763967929292060e-07,3.806856431777948524e-01,3.806856593219724028e-01,3.936000000013867378e+09,1.000000000000000000e+00
1.904166666666666760e-05,6.000000000000000000e+00,2.000000000000000000e+00,4.092540591750178076e-07,3.806856431130632989e-01,3.806856577506869677e-01,3.936000000012572765e+09,1.000000000000000000e+00
1.908333333333333415e-05,6.000000000000000000e+00,2.000000000000000000e+00,3.710625576581690050e-07,3.806856430543827940e-01,3.806856563260329063e-01,3.936000000011399269e+09,1.000000000000000000e+00
1.912500000000000070e-05,6.000000000000000000e+00,2.000000000000000000e+00,3.364344563828665353e-07,3.806856430011821280e-01,3.806856550343269419e-01,3.936000000010334969e+09,1.000000000000000000e+00
1.916666666666666725e-05,6.000000000000000000e+00,2.000000000000000000e+00,3.050368802882614537e-07,3.806856429529611452e-01,3.806856538631638864e-01,3.936000000009370804e+09,1.000000000000000000e+00
1.920833333333333380e-05,6.000000000000000000e+00,2.000000000000000000e+00,2.765715151121723457e-07,3.806856429092678740e-01,3.806856528012971808e-01,3.936000000008496761e+09,1.000000000000000000e+00
1.925000000000000035e-05,6.000000000000000000e+00,2.000000000000000000e+00,2.507600554758566953e-07,3.806856428696169803e-01,3.806856518385238752e-01,3.936000000007703781e+09,1.000000000000000000e+00
1.929166666666666690e-05,6.000000000000000000e+00,2.000000000000000000e+00,2.273605757886427711e-07,3.806856428337069831e-01,3.806856509656001419e-01,3.936000000006985664e+09,1.000000000000000000e+00
1.933333333333333345e-05,6.000000000000000000e+00,2.000000000000000000e+00,2.061420643962803553e-07,3.806856428010948479e-01,3.806856501741362475e-01,3.936000000006333351e+09,1.000000000000000000e+00
1.937500000000000000e-05,6.000000000000000000e+00,2.000000000000000000e+00,1.869044324643793772e-07,3.806856427715628599e-01,3.806856494565334925e-01,3.936000000005742550e+09,1.000000000000000000e+00
1.941666666666666655e-05,6.000000000000000000e+00,2.000000000000000000e+00,1.694621430737781330e-07,3.806856427447854463e-01,3.806856488058991683e-01,3.936000000005207062e+09,1.000000000000000000e+00
1.945833333333333310e-05,6.000000000000000000e+00,2.000000000000000000e+00,1.536460302099469374e-07,3.806856427205055349e-01,3.806856482159832744e-01,3.936000000004721642e+09,1.000000000000000000e+00
1.949999999999999965e-05,6.000000000000000000e+00,2.000000000000000000e+00,1.393069367417949508e-07,3.806856426985254505e-01,3.806856476811227852e-01,3.936000000004281998e+09,1.000000000000000000e+00
1.954166666666666620e-05,6.000000000000000000e+00,2.000000000000000000e+00,1.263066194746527146e-07,3.806856426785891756e-01,3.806856471961789223e-01,3.936000000003883362e+09,1.000000000000000000e+00
1.958333333333333275e-05,6.000000000000000000e+00,2.000000000000000000e+00,1.145213871290791105e-07,3.806856426604984245e-01,3.806856467564917468e-01,3.936000000003521442e+09,1.000000000000000000e+00
1.962499999999999930e-05,6.000000000000000000e+00,2.000000000000000000e+00,1.038348243832472037e-07,3.806856426440494712e-01,3.806856463578332517e-01,3.936000000003192425e+09,1.000000000000000000e+00
1.966666666666666585e-05,6.000000000000000000e+00,2.000000000000000000e+00,9.414688681996197209e-08,3.806856426291403972e-01,3.806856459963752215e-01,3.936000000002894402e+09,1.000000000000000000e+00
1.970833333333333240e-05,6.000000000000000000e+00,2.000000000000000000e+00,8.536116800083548531e-08,3.806856426155934003e-01,3.806856456686437684e-01,3.936000000002623558e+09,1.000000000000000000e+00
1.974999999999999895e-05,6.000000000000000000e+00,2.000000000000000000e+00,7.739581340270817980e-08,3.806856426033370377e-01,3.806856453714941857e-01,3.936000000002377987e+09,1.000000000000000000e+00
1.979166666666666550e-05,6.000000000000000000e+00,2.000000000000000000e+00,7.017260648122758373e-08,3.806856425922229836e-01,3.806856451020728116e-01,3.936000000002155781e+09,1.000000000000000000e+00
1.983333333333333205e-05,6.000000000000000000e+00,2.000000000000000000e+00,6.362424462846250042e-08,3.806856425821703027e-01,3.806856448577943253e-01,3.936000000001955032e+09,1.000000000000000000e+00
1.987499999999999860e-05,6.000000000000000000e+00,2.000000000000000000e+00,5.768706321528882488e-08,3.806856425730484883e-01,3.806856446363119373e-01,3.936000000001772404e+09,1.000000000000000000e+00
1.991666666666666515e-05,6.000000000000000000e+00,2.000000000000000000e+00,5.230285458079308310e-08,3.806856425647732189e-01,3.806856444354977942e-01,3.936000000001606941e+09,1.000000000000000000e+00
1.995833333333333170e-05,6.000000000000000000e+00,2.000000000000000000e+00,4.742068702167601093e-08,3.806856425572918701e-01,3.806856442534252150e-01,3.936000000001457214e+09,1.000000000000000000e+00
2.000000000000000164e-05,6.000000000000000000e+00,2.000000000000000000e+00,4.299508580284894213e-08,3.806856425505271146e-01,3.806856440883467640e-01,3.936000000001321793e+09,1.000000000000000000e+00
2.004166666666666819e-05,6.000000000000000000e+00,2.000000000000000000e+00,3.898239517862678274e-08,3.806856425443816416e-01,3.806856439386752666e-01,3.936000000001199245e+09,1.000000000000000000e+00
2.008333333333333474e-05,6.000000000000000000e+00,2.000000000000000000e+00,3.534441637153506979e-08,3.806856425388081000e-01,3.806856438029726508e-01,3.936000000001087666e+09,1.000000000000000000e+00
2.012500000000000129e-05,6.000000000000000000e+00,2.000000000000000000e+00,3.204658858290643200e-08,3.806856425337494798e-01,3.806856436799346266e-01,3.936000000000986576e+09,1.000000000000000000e+00
2.016666666666666784e-05,6.000000000000000000e+00,2.000000000000000000e+00,2.905435101407349479e-08,3.806856425291471613e-01,3.806856435683777518e-01,3.936000000000894547e+09,1.000000000000000000e+00
2.020833333333333439e-05,6.000000000000000000e+00,2.000000000000000000e+00,2.634405680279017195e-08,3.806856425250149112e-01,3.806856434672344358e-01,3.936000000000811577e+09,1.000000000000000000e+00
2.025000000000000094e-05,6.000000000000000000e+00,2.000000000000000000e+00,2.388478312919617399e-08,3.806856425212268302e-01,3.806856433755288482e-01,3.936000000000736237e+09,1.000000000000000000e+00
2.029166666666666749e-05,6.000000000000000000e+00,2.000000000000000000e+00,2.165652110985249650e-08,3.806856425178171688e-01,3.806856432923825251e-01,3.936000000000668049e+09,1.000000000000000000e+00
2.033333333333333404e-05,6.000000000000000000e+00,2.000000000000000000e+00,1.963744287191659912e-08,3.806856425147030487e-01,3.806856432169946070e-01,3.936000000000605583e+09,1.000000000000000000e+00
2.037500000000000059e-05,6.000000000000000000e+00,2.000000000000000000e+00,1.780390155314237249e-08,3.806856425118430032e-01,3.806856431486376757e-01,3.936000000000548363e+09,1.000000000000000000e+00
2.041666666666666714e-05,6.000000000000000000e+00,2.000000000000000000e+00,1.614316422770500883e-08,3.806856425092961516e-01,3.806856430866600860e-01,3.936000000000497341e+09,1.000000000000000000e+00
2.045833333333333369e-05,6.000000000000000000e+00,2.000000000000000000e+00,1.463704100156903802e-08,3.806856425069681249e-01,3.806856430304650374e-01,3.936000000000450611e+09,1.000000000000000000e+00
2.050000000000000024e-05,6.000000000000000000e+00,2.000000000000000000e+00,1.327097995950609980e-08,3.806856425048570913e-01,3.806856429795129060e-01,3.936000000000408649e+09,1.000000000000000000e+00
2.054166666666666679e-05,6.000000000000000000e+00,2.000000000000000000e+00,1.203406716509491740e-08,3.806856425029530588e-01,3.806856429333154157e-01,3.936000000000370502e+09,1.000000000000000000e+00
2.058333333333333334e-05,6.000000000000000000e+00,2.000000000000000000e+00,1.090993171370357810e-08,3.806856425011939660e-01,3.806856428914258128e-01,3.936000000000335217e+09,1.000000000000000000e+00
2.062499999999999989e-05,6.000000000000000000e+00,2.000000000000000000e+00,9.891297647717898471e-09,3.806856424996423183e-01,3.806856428534464154e-01,3.936000000000304222e+09,1.000000000000000000e+00
2.066666666666666644e-05,6.000000000000000000e+00,2.000000000000000000e+00,8.967251030716603381e-09,3.806856424982399401e-01,3.806856428190127928e-01,3.936000000000276089e+09,1.000000000000000000e+00
2.070833333333333299e-05,6.000000000000000000e+00,2.000000000000000000e+00,8.130515905085509402e-09,3.806856424969814467e-01,3.806856427877950422e-01,3.936000000000251293e+09,1.000000000000000000e+00
2.074999999999999954e-05,6.000000000000000000e+00,2.000000000000000000e+00,7.371997323806888079e-09,3.806856424958234286e-01,3.806856427594914050e-01,3.936000000000227928e+09,1.000000000000000000e+00
2.079166666666666609e-05,6.000000000000000000e+00,2.000000000000000000e+00,6.684419329266554331e-09,3.806856424947644424e-01,3.806856427338289328e-01,3.936000000000206947e+09,1.000000000000000000e+00
2.083333333333333264e-05,6.000000000000000000e+00,2.000000000000000000e+00,6.060505963850325560e-09,3.806856424937972161e-01,3.806856427105603791e-01,3.936000000000187397e+09,1.000000000000000000e+00
2.087499999999999919e-05,6.000000000000000000e+00,2.000000000000000000e+00,5.494800259347564196e-09,3.806856424929279115e-01,3.806856426894631995e-01,3.936000000000170231e+09,1.000000000000000000e+00
2.091666666666666574e-05,6.000000000000000000e+00,2.000000000000000000e+00,4.981845247547632670e-09,3.806856424921430948e-01,3.806856426703350005e-01,3.936000000000154495e+09,1.000000000000000000e+00
2.095833333333333229e-05,6.000000000000000000e+00,2.000000000000000000e+00,4.516183960239893412e-09,3.806856424914338843e-01,3.806856426529924287e-01,3.936000000000140190e+09,1.000000000000000000e+00
2.099999999999999884e-05,6.000000000000000000e+00,2.000000000000000000e+00,4.095997408020800566e-09,3.806856424908045544e-01,3.806856426372698943e-01,3.936000000000127792e+09,1.000000000000000000e+00
2.104166666666666539e-05,6.000000000000000000e+00,2.000000000000000000e+00,3.714009633276170706e-09,3.806856424901962077e-01,3.806856426230127433e-01,3.936000000000115395e+09,1.000000000000000000e+00
2.108333333333333194e-05,6.000000000000000000e+00,2.000000000000000000e+00,3.368401646602457976e-09,3.806856424896509772e-01,3.806856426100847512e-01,3.936000000000104427e+09,1.000000000000000000e+00
2.112499999999999849e-05,6.000000000000000000e+00,2.000000000000000000e+00,3.055535469192570662e-09,3.806856424891421620e-01,3.806856425983606851e-01,3.936000000000094414e+09,1.000000000000000000e+00
2.116666666666666504e-05,6.000000000000000000e+00,2.000000000000000000e+00,2.771773122239417052e-09,3.806856424886629342e-01,3.806856425877268579e-01,3.936000000000084877e+09,1.000000000000000000e+00
2.120833333333333498e-05,6.000000000000000000e+00,2.000000000000000000e+00,2.513476626935905432e-09,3.806856424882211209e-01,3.806856425780809627e-01,3.936000000000075817e+09,1.000000000000000000e+00
2.125000000000000153e-05,6.000000000000000000e+00,2.000000000000000000e+00,2.278826993878489947e-09,3.806856424878372058e-01,3.806856425693329049e-01,3.936000000000068188e+09,1.000000000000000000e+00
2.129166666666666808e-05,6.000000000000000000e+00,2.000000000000000000e+00,2.064186244260078883e-09,3.806856424875042499e-01,3.806856425614004724e-01,3.936000000000061512e+09,1.000000000000000000e+00
2.133333333333333463e-05,6.000000000000000000e+00,2.000000000000000000e+00,1.871373367484218096e-09,3.806856424872492317e-01,3.806856425542121114e-01,3.936000000000056267e+09,1.000000000000000000e+00
2.137500000000000118e-05,6.000000000000000000e+00,2.000000000000000000e+00,1.694931395340270018e-09,3.806856424869993205e-01,3.806856425476964345e-01,3.936000000000051498e+09,1.000000000000000000e+00
2.141666666666666773e-05,6.000000000000000000e+00,2.000000000000000000e+00,1.536679317231780505e-09,3.806856424868020339e-01,3.806856425417931566e-01,3.936000000000047684e+09,1.000000000000000000e+00
2.145833333333333428e-05,6.000000000000000000e+00,2.000000000000000000e+00,1.392979154351657843e-09,3.806856424865995292e-01,3.806856425364426588e-01,3.936000000000043392e+09,1.000000000000000000e+00
2.150000000000000083e-05,6.000000000000000000e+00,2.000000000000000000e+00,1.262011917296356177e-09,3.806856424864125676e-01,3.806856425315927606e-01,3.936000000000039577e+09,1.000000000000000000e+00
2.154166666666666738e-05,6.000000000000000000e+00,2.000000000000000000e+00,1.143777606065875506e-09,3.806856424862573585e-01,3.806856425271978317e-01,3.936000000000036716e+09,1.000000000000000000e+00
2.158333333333333393e-05,6.000000000000000000e+00,2.000000000000000000e+00,1.036457231256669974e-09,3.806856424861125299e-01,3.806856425232150176e-01,3.936000000000033855e+09,1.000000000000000000e+00
2.162500000000000048e-05,6.000000000000000000e+00,2.000000000000000000e+00,9.400507928687395806e-10,3.806856424859833554e-01,3.806856425196056826e-01,3.936000000000030994e+09,1.000000000000000000e+00
2.166666666666666703e-05,6.000000000000000000e+00,2.000000000000000000e+00,8.527393014985383664e-10,3.806856424858484633e-01,3.806856425163333002e-01,3.936000000000028610e+09,1.000000000000000000e+00
2.170833333333333358e-05,6.000000000000000000e+00,2.000000000000000000e+00,7.745227571460665379e-10,3.806856424857172350e-01,3.806856425133654520e-01,3.936000000000025749e+09,1.000000000000000000e+00
2.175000000000000013e-05,6.000000000000000000e+00,2.000000000000000000e+00,6.999441916006864224e-10,3.806856424855734611e-01,3.806856425106714403e-01,3.936000000000022888e+09,1.000000000000000000e+00
2.179166666666666668e-05,6.000000000000000000e+00,2.000000000000000000e+00,6.344605730730355893e-10,3.806856424855116217e-01,3.806856425082323359e-01,3.936000000000021935e+09,1.000000000000000000e+00
2.183333333333333323e-05,6.000000000000000000e+00,2.000000000000000000e+00,5.744339227560223256e-10,3.806856424854377918e-01,3.806856425060225479e-01,3.936000000000020027e+09,1.000000000000000000e+00
2.187499999999999978e-05,6.000000000000000000e+00,2.000000000000000000e+00,5.216832300531924878e-10,3.806856424853792831e-01,3.806856425040213709e-01,3.936000000000019073e+09,1.000000000000000000e+00
2.191666666666666633e-05,6.000000000000000000e+00,2.000000000000000000e+00,4.743895055610002194e-10,3.806856424852942400e-01,3.806856425022059898e-01,3.936000000000017166e+09,1.000000000000000000e+00
2.195833333333333288e-05,6.000000000000000000e+00,2.000000000000000000e+00,4.307337598758997157e-10,3.806856424851924325e-01,3.806856425005568645e-01,3.936000000000015259e+09,1.000000000000000000e+00
2.199999999999999943e-05,6.000000000000000000e+00,2.000000000000000000e+00,3.907159929978908732e-10,3.806856424851053911e-01,3.806856424990591181e-01,3.936000000000013351e+09,1.000000000000000000e+00
2.204166666666666598e-05,6.000000000000000000e+00,2.000000000000000000e+00,3.543362049269737437e-10,3.806856424850366682e-01,3.806856424976998721e-01,3.936000000000012398e+09,1.000000000000000000e+00
2.208333333333333253e-05,6.000000000000000000e+00,2.000000000000000000e+00,3.197754062596024707e-10,3.806856424849797138e-01,3.806856424964668029e-01,3.936000000000010967e+09,1.000000000000000000e+00
2.212499999999999908e-05,6.000000000000000000e+00,2.000000000000000000e+00,2.888525863993229106e-10,3.806856424849641707e-01,3.806856424953516393e-01,3.936000000000010967e+09,1.000000000000000000e+00
2.216666666666666563e-05,6.000000000000000000e+00,2.000000000000000000e+00,2.615677453461350634e-10,3.806856424849569542e-01,3.806856424943437789e-01,3.936000000000010490e+09,1.000000000000000000e+00
2.220833333333333218e-05,6.000000000000000000e+00,2.000000000000000000e+00,2.379208831000389292e-10,3.806856424849385245e-01,3.806856424934320082e-01,3.936000000000010014e+09,1.000000000000000000e+00
2.224999999999999873e-05,6.000000000000000000e+00,2.000000000000000000e+00,2.160930102574886515e-10,3.806856424848945597e-01,3.806856424926043925e-01,3.936000000000009537e+09,1.000000000000000000e+00
2.229166666666666528e-05,6.000000000000000000e+00,2.000000000000000000e+00,1.960841268184842303e-10,3.806856424848520382e-01,3.806856424918529935e-01,3.936000000000008583e+09,1.000000000000000000e+00
2.233333333333333183e-05,6.000000000000000000e+00,2.000000000000000000e+00,1.778942327830256655e-10,3.806856424848164000e-01,3.806856424911708725e-01,3.936000000000007629e+09,1.000000000000000000e+00
2.237499999999999838e-05,6.000000000000000000e+00,2.000000000000000000e+00,1.633423175546588137e-10,3.806856424847858689e-01,3.806856424905519232e-01,3.936000000000007153e+09,1.000000000000000000e+00
2.241666666666666832e-05,6.000000000000000000e+00,2.000000000000000000e+00,1.487904023262919619e-10,3.806856424847161469e-01,3.806856424899863756e-01,3.936000000000005722e+09,1.000000000000000000e+00
2.245833333333333487e-05,6.000000000000000000e+00,2.000000000000000000e+00,1.342384870979251101e-10,3.806856424846634668e-01,3.806856424894705659e-01,3.936000000000004768e+09,1.000000000000000000e+00
2.250000000000000142e-05,6.000000000000000000e+00,2.000000000000000000e+00,1.233245506766499713e-10,3.806856424846477571e-01,3.806856424890030510e-01,3.936000000000004292e+09,1.000000000000000000e+00
2.254166666666666797e-05,6.000000000000000000e+00,2.000000000000000000e+00,1.124106142553748324e-10,3.806856424845962428e-01,3.806856424885760037e-01,3.936000000000003338e+09,1.000000000000000000e+00
2.258333333333333452e-05,6.000000000000000000e+00,2.000000000000000000e+00,1.014966778340996936e-10,3.806856424845552755e-01,3.806856424881863710e-01,3.936000000000002384e+09,1.000000000000000000e+00
2.262500000000000107e-05,6.000000000000000000e+00,2.000000000000000000e+00,9.240173081637041118e-11,3.806856424845412312e-01,3.806856424878330425e-01,3.936000000000002384e+09,1.000000000000000000e+00
2.266666666666666762e-05,6.000000000000000000e+00,2.000000000000000000e+00,8.148779439509527233e-11,3.806856424845200260e-01,3.806856424875119105e-01,3.936000000000001907e+09,1.000000000000000000e+00
2.270833333333333417e-05,6.000000000000000000e+00,2.000000000000000000e+00,7.239284737736598995e-11,3.806856424845553866e-01,3.806856424872251399e-01,3.936000000000002384e+09,1.000000000000000000e+00
2.275000000000000072e-05,6.000000000000000000e+00,2.000000000000000000e+00,6.511688976318256405e-11,3.806856424845940223e-01,3.806856424869697886e-01,3.936000000000003338e+09,1.000000000000000000e+00
2.279166666666666727e-05,6.000000000000000000e+00,2.000000000000000000e+00,5.784093214899913168e-11,3.806856424846131182e-01,3.806856424867412492e-01,3.936000000000003815e+09,1.000000000000000000e+00
2.283333333333333382e-05,6.000000000000000000e+00,2.000000000000000000e+00,5.238396393836156225e-11,3.806856424846409293e-01,3.806856424865374677e-01,3.936000000000004292e+09,1.000000000000000000e+00
2.287500000000000037e-05,6.000000000000000000e+00,2.000000000000000000e+00,4.692699572772399283e-11,3.806856424846474241e-01,3.806856424863541699e-01,3.936000000000004292e+09,1.000000000000000000e+00
2.291666666666666692e-05,6.000000000000000000e+00,2.000000000000000000e+00,4.510800632417813635e-11,3.806856424846579712e-01,3.806856424861896349e-01,3.936000000000004768e+09,1.000000000000000000e+00
2.295833333333333347e-05,6.000000000000000000e+00,2.000000000000000000e+00,4.328901692063227987e-11,3.806856424846017939e-01,3.806856424860359800e-01,3.936000000000003338e+09,1.000000000000000000e+00
2.300000000000000002e-05,6.000000000000000000e+00,2.000000000000000000e+00,3.783204870999471045e-11,3.806856424845261322e-01,3.806856424858899302e-01,3.936000000000001907e+09,1.000000000000000000e+00
2.304166666666666657e-05,6.000000000000000000e+00,2.000000000000000000e+00,3.419406990290299749e-11,3.806856424845271869e-01,3.806856424857578136e-01,3.936000000000001907e+09,1.000000000000000000e+00
2.308333333333333312e-05,6.000000000000000000e+00,2.000000000000000000e+00,3.055609109581128454e-11,3.806856424845269649e-01,3.806856424856385201e-01,3.936000000000001907e+09,1.000000000000000000e+00
2.312499999999999967e-05,6.000000000000000000e+00,2.000000000000000000e+00,2.691811228871957159e-11,3.806856424845339593e-01,3.806856424855313836e-01,3.936000000000002384e+09,1.000000000000000000e+00
2.316666666666666622e-05,6.000000000000000000e+00,2.000000000000000000e+00,2.509912288517371512e-11,3.806856424845511677e-01,3.806856424854362375e-01,3.936000000000002384e+09,1.000000000000000000e+00
2.320833333333333277e-05,6.000000000000000000e+00,2.000000000000000000e+00,2.328013348162785864e-11,3.806856424845398434e-01,3.806856424853493626e-01,3.936000000000002384e+09,1.000000000000000000e+00
2.324999999999999932e-05,6.000000000000000000e+00,2.000000000000000000e+00,2.146114407808200216e-11,3.806856424845224129e-01,3.806856424852692600e-01,3.936000000000001907e+09,1.000000000000000000e+00
2.329166666666666587e-05,6.000000000000000000e+00,2.000000000000000000e+00,1.964215467453614569e-11,3.806856424845067588e-01,3.806856424851954301e-01,3.936000000000001431e+09,1.000000000000000000e+00
2.333333333333333242e-05,6.000000000000000000e+00,2.000000000000000000e+00,1.782316527099028921e-11,3.806856424844955455e-01,3.806856424851276510e-01,3.936000000000001431e+09,1.000000000000000000e+00
2.337499999999999897e-05,6.000000000000000000e+00,2.000000000000000000e+00,1.418518646389857626e-11,3.806856424844897169e-01,3.806856424850658116e-01,3.936000000000001431e+09,1.000000000000000000e+00
2.341666666666666552e-05,6.000000000000000000e+00,2.000000000000000000e+00,1.236619706035271978e-11,3.806856424845295184e-01,3.806856424850136866e-01,3.936000000000001907e+09,1.000000000000000000e+00
2.345833333333333207e-05,6.000000000000000000e+00,2.000000000000000000e+00,1.054720765680686331e-11,3.806856424845532771e-01,3.806856424849689446e-01,3.936000000000002384e+09,1.000000000000000000e+00
2.349999999999999862e-05,6.000000000000000000e+00,2.000000000000000000e+00,8.728218253261006833e-12,3.806856424845751485e-01,3.806856424849306419e-01,3.936000000000002861e+09,1.000000000000000000e+00
2.354166666666666517e-05,6.000000000000000000e+00,2.000000000000000000e+00,6.909228849715151165e-12,3.806856424846002396e-01,3.806856424848985565e-01,3.936000000000003338e+09,1.000000000000000000e+00
2.358333333333333172e-05,6.000000000000000000e+00,2.000000000000000000e+00,5.090239446169294689e-12,3.806856424846304376e-01,3.806856424848724108e-01,3.936000000000004292e+09,1.000000000000000000e+00
2.362500000000000166e-05,6.000000000000000000e+00,2.000000000000000000e+00,5.090239446169294689e-12,3.806856424846661313e-01,3.806856424848522602e-01,3.936000000000004768e+09,1.000000000000000000e+00
2.366666666666666821e-05,6.000000000000000000e+00,2.000000000000000000e+00,6.909228849715151165e-12,3.806856424846678522e-01,3.806856424848343856e-01,3.936000000000004768e+09,1.000000000000000000e+00
2.370833333333333476e-05,6.000000000000000000e+00,2.000000000000000000e+00,6.909228849715151165e-12,3.806856424846178366e-01,3.806856424848135689e-01,3.936000000000003815e+09,1.000000000000000000e+00
2.375000000000000131e-05,6.000000000000000000e+00,2.000000000000000000e+00,5.090239446169294689e-12,3.806856424845855846e-01,3.806856424847916420e-01,3.936000000000003338e+09,1.000000000000000000e+00
2.379166666666666786e-05,6.000000000000000000e+00,2.000000000000000000e+00,5.090239446169294689e-12,3.806856424845994624e-01,3.806856424847728793e-01,3.936000000000003338e+09,1.000000000000000000e+00
2.383333333333333441e-05,6.000000000000000000e+00,2.000000000000000000e+00,5.090239446169294689e-12,3.806856424845934672e-01,3.806856424847555598e-01,3.936000000000003338e+09,1.000000000000000000e+00
2.387500000000000096e-05,6.000000000000000000e+00,2.000000000000000000e+00,5.090239446169294689e-12,3.806856424845805886e-01,3.806856424847385734e-01,3.936000000000002861e+09,1.000000000000000000e+00
2.391666666666666751e-05,6.000000000000000000e+00,2.000000000000000000e+00,5.090239446169294689e-12,3.806856424845652120e-01,3.806856424847218645e-01,3.936000000000002861e+09,1.000000000000000000e+00
2.395833333333333406e-05,6.000000000000000000e+00,2.000000000000000000e+00,5.090239446169294689e-12,3.806856424845490028e-01,3.806856424847051557e-01,3.936000000000002384e+09,1.000000000000000000e+00
2.400000000000000061e-05,6.000000000000000000e+00,2.000000000000000000e+00,5.090239446169294689e-12,3.806856424845325160e-01,3.806856424846885023e-01,3.936000000000001907e+09,1.000000000000000000e+00
2.404166666666666716e-05,6.000000000000000000e+00,2.000000000000000000e+00,5.090239446169294689e-12,3.806856424845158626e-01,3.806856424846718490e-01,3.936000000000001907e+09,1.000000000000000000e+00
2.408333333333333371e-05,6.000000000000000000e+00,2.000000000000000000e+00,5.090239446169294689e-12,3.806856424844992093e-01,3.806856424846551401e-01,3.936000000000001431e+09,1.000000000000000000e+00
2.412500000000000026e-05,6.000000000000000000e+00,2.000000000000000000e+00,5.090239446169294689e-12,3.806856424844825559e-01,3.806856424846384868e-01,3.936000000000000954e+09,1.000000000000000000e+00
2.416666666666666681e-05,6.000000000000000000e+00,2.000000000000000000e+00,5.090239446169294689e-12,3.806856424844659026e-01,3.806856424846217779e-01,3.936000000000000954e+09,1.000000000000000000e+00
2.420833333333333336e-05,6.000000000000000000e+00,2.000000000000000000e+00,5.090239446169294689e-12,3.806856424844492492e-01,3.806856424846051246e-01,3.936000000000000477e+09,1.000000000000000000e+00
2.424999999999999991e-05,6.000000000000000000e+00,2.000000000000000000e+00,5.090239446169294689e-12,3.806856424844325959e-01,3.806856424845884712e-01,3.936000000000000000e+09,1.000000000000000000e+00
2.429166666666666646e-05,6.000000000000000000e+00,2.000000000000000000e+00,5.090239446169294689e-12,3.806856424844159426e-01,3.806856424845718179e-01,3.936000000000000000e+09,1.000000000000000000e+00
2.433333333333333301e-05,6.000000000000000000e+00,2.000000000000000000e+00,5.090239446169294689e-12,3.806856424843992892e-01,3.806856424845551645e-01,3.935999999999999523e+09,1.000000000000000000e+00
2.437499999999999956e-05,6.000000000000000000e+00,2.000000000000000000e+00,5.090239446169294689e-12,3.806856424843826359e-01,3.806856424845385112e-01,3.935999999999999046e+09,1.000000000000000000e+00
2.441666666666666611e-05,6.000000000000000000e+00,2.000000000000000000e+00,5.090239446169294689e-12,3.806856424843659270e-01,3.806856424845218578e-01,3.935999999999998569e+09,1.000000000000000000e+00
2.445833333333333266e-05,6.000000000000000000e+00,2.000000000000000000e+00,5.090239446169294689e-12,3.806856424843492737e-01,3.806856424845051490e-01,3.935999999999998569e+09,1.000000000000000000e+00
2.449999999999999921e-05,6.000000000000000000e+00,2.000000000000000000e+00,5.090239446169294689e-12,3.806856424843325648e-01,3.806856424844884956e-01,3.935999999999998093e+09,1.000000000000000000e+00
2.454166666666666576e-05,6.000000000000000000e+00,2.000000000000000000e+00,5.090239446169294689e-12,3.806856424843159115e-01,3.806856424844717868e-01,3.935999999999997616e+09,1.000000000000000000e+00
2.458333333333333231e-05,6.000000000000000000e+00,2.000000000000000000e+00,5.090239446169294689e-12,3.806856424842992581e-01,3.806856424844551334e-01,3.935999999999997616e+09,1.000000000000000000e+00
2.462499999999999886e-05,6.000000000000000000e+00,2.000000000000000000e+00,5.090239446169294689e-12,3.806856424842826048e-01,3.806856424844384801e-01,3.935999999999997139e+09,1.000000000000000000e+00
2.466666666666666541e-05,6.000000000000000000e+00,2.000000000000000000e+00,5.090239446169294689e-12,3.806856424842659514e-01,3.806856424844218267e-01,3.935999999999996662e+09,1.000000000000000000e+00
2.470833333333333196e-05,6.000000000000000000e+00,2.000000000000000000e+00,5.090239446169294689e-12,3.806856424842492981e-01,3.806856424844051734e-01,3.935999999999996662e+09,1.000000000000000000e+00
2.474999999999999851e-05,6.000000000000000000e+00,2.000000000000000000e+00,5.090239446169294689e-12,3.806856424842325892e-01,3.806856424843885200e-01,3.935999999999996185e+09,1.000000000000000000e+00
2.479166666666666506e-05,6.000000000000000000e+00,2.000000000000000000e+00,5.090239446169294689e-12,3.806856424842159359e-01,3.806856424843718112e-01,3.935999999999995708e+09,1.000000000000000000e+00
2.483333333333333500e-05,6.000000000000000000e+00,2.000000000000000000e+00,5.090239446169294689e-12,3.806856424841992825e-01,3.806856424843551578e-01,3.935999999999995232e+09,1.000000000000000000e+00
2.487500000000000155e-05,6.000000000000000000e+00,2.000000000000000000e+00,5.090239446169294689e-12,3.806856424841825737e-01,3.806856424843385045e-01,3.935999999999995232e+09,1.000000000000000000e+00
2.491666666666666810e-05,6.000000000000000000e+00,2.000000000000000000e+00,5.090239446169294689e-12,3.806856424841659203e-01,3.806856424843217956e-01,3.935999999999994755e+09,1.000000000000000000e+00
2.495833333333333465e-05,6.000000000000000000e+00,2.000000000000000000e+00,5.090239446169294689e-12,3.806856424841492670e-01,3.806856424843051423e-01,3.935999999999994278e+09,1.000000000000000000e+00
2.500000000000000120e-05,6.000000000000000000e+00,2.000000000000000000e+00,5.090239446169294689e-12,3.806856424841326136e-01,3.806856424842884890e-01,3.935999999999994278e+09,1.000000000000000000e+00
2.504166666666666775e-05,6.000000000000000000e+00,2.000000000000000000e+00,5.090239446169294689e-12,3.806856424841159603e-01,3.806856424842718356e-01,3.935999999999993801e+09,1.000000000000000000e+00
2.508333333333333430e-05,6.000000000000000000e+00,2.000000000000000000e+00,5.090239446169294689e-12,3.806856424840993069e-01,3.806856424842551823e-01,3.935999999999993324e+09,1.000000000000000000e+00
2.512500000000000085e-05,6.000000000000000000e+00,2.000000000000000000e+00,3.271250042623437809e-12,3.806856424840825981e-01,3.806856424842385289e-01,3.935999999999993324e+09,1.000000000000000000e+00
2.516666666666666740e-05,6.000000000000000000e+00,2.000000000000000000e+00,1.452260639077581535e-12,3.806856424841058018e-01,3.806856424842255393e-01,3.935999999999993801e+09,1.000000000000000000e+00
2.520833333333333395e-05,6.000000000000000000e+00,2.000000000000000000e+00,-3.667287644682749407e-13,3.806856424841468245e-01,3.806856424842177122e-01,3.935999999999994278e+09,1.000000000000000000e+00
2.525000000000000050e-05,6.000000000000000000e+00,2.000000000000000000e+00,-3.667287644682749407e-13,3.806856424841980058e-01,3.806856424842156028e-01,3.935999999999995232e+09,1.000000000000000000e+00
2.529166666666666705e-05,6.000000000000000000e+00,2.000000000000000000e+00,-3.667287644682749407e-13,3.806856424842166575e-01,3.806856424842156583e-01,3.935999999999995708e+09,1.000000000000000000e+00
2.533333333333333360e-05,6.000000000000000000e+00,2.000000000000000000e+00,-3.667287644682749407e-13,3.806856424842240960e-01,3.806856424842164355e-01,3.935999999999996185e+09,1.000000000000000000e+00
2.537500000000000015e-05,6.000000000000000000e+00,2.000000000000000000e+00,-3.667287644682749407e-13,3.806856424842274267e-01,3.806856424842174902e-01,3.935999999999996185e+09,1.000000000000000000e+00
2.541666666666666670e-05,6.000000000000000000e+00,2.000000000000000000e+00,-3.667287644682749407e-13,3.806856424842294251e-01,3.806856424842186559e-01,3.935999999999996185e+09,1.000000000000000000e+00
2.545833333333333325e-05,6.000000000000000000e+00,2.000000000000000000e+00,-3.667287644682749407e-13,3.806856424842308684e-01,3.806856424842198772e-01,3.935999999999996185e+09,1.000000000000000000e+00
2.549999999999999980e-05,6.000000000000000000e+00,2.000000000000000000e+00,-3.667287644682749407e-13,3.806856424842322006e-01,3.806856424842210984e-01,3.935999999999996185e+09,1.000000000000000000e+00
2.554166666666666635e-05,6.000000000000000000e+00,2.000000000000000000e+00,-3.667287644682749407e-13,3.806856424842335329e-01,3.806856424842223197e-01,3.935999999999996185e+09,1.000000000000000000e+00
2.558333333333333290e-05,6.000000000000000000e+00,2.000000000000000000e+00,-3.667287644682749407e-13,3.806856424842347542e-01,3.806856424842235409e-01,3.935999999999996185e+09,1.000000000000000000e+00
2.562499999999999945e-05,6.000000000000000000e+00,2.000000000000000000e+00,-3.667287644682749407e-13,3.806856424842359754e-01,3.806856424842247621e-01,3.935999999999996185e+09,1.000000000000000000e+00
2.566666666666666600e-05,6.000000000000000000e+00,2.000000000000000000e+00,-3.667287644682749407e-13,3.806856424842371966e-01,3.806856424842260389e-01,3.935999999999996185e+09,1.000000000000000000e+00
2.570833333333333255e-05,6.000000000000000000e+00,2.000000000000000000e+00,-3.667287644682749407e-13,3.806856424842384179e-01,3.806856424842272602e-01,3.935999999999996185e+09,1.000000000000000000e+00
2.574999999999999910e-05,6.000000000000000000e+00,2.000000000000000000e+00,-3.667287644682749407e-13,3.806856424842396391e-01,3.806856424842284814e-01,3.935999999999996185e+09,1.000000000000000000e+00
2.579166666666666565e-05,6.000000000000000000e+00,2.000000000000000000e+00,-3.667287644682749407e-13,3.806856424842408604e-01,3.806856424842297582e-01,3.935999999999996185e+09,1.000000000000000000e+00
2.583333333333333220e-05,6.000000000000000000e+00,2.000000000000000000e+00,-3.667287644682749407e-13,3.806856424842420816e-01,3.806856424842309794e-01,3.935999999999996185e+09,1.000000000000000000e+00
2.587499999999999875e-05,6.000000000000000000e+00,2.000000000000000000e+00,-3.667287644682749407e-13,3.806856424842433029e-01,3.806856424842322006e-01,3.935999999999996185e+09,1.000000000000000000e+00
2.591666666666666530e-05,6.000000000000000000e+00,2.000000000000000000e+00,-3.667287644682749407e-13,3.806856424842445241e-01,3.806856424842334219e-01,3.935999999999996185e+09,1.000000000000000000e+00
2.595833333333333185e-05,6.000000000000000000e+00,2.000000000000000000e+00,-3.667287644682749407e-13,3.806856424842458009e-01,3.806856424842346431e-01,3.935999999999996185e+09,1.000000000000000000e+00
2.599999999999999840e-05,6.000000000000000000e+00,2.000000000000000000e+00,-3.667287644682749407e-13,3.806856424842470221e-01,3.806856424842358644e-01,3.935999999999996185e+09,1.000000000000000000e+00
2.604166666666666834e-05,6.000000000000000000e+00,2.000000000000000000e+00,-3.667287644682749407e-13,3.806856424842482434e-01,3.806856424842370856e-01,3.935999999999996662e+09,1.000000000000000000e+00
2.608333333333333489e-05,6.000000000000000000e+00,2.000000000000000000e+00,-3.667287644682749407e-13,3.806856424842495201e-01,3.806856424842383069e-01,3.935999999999996662e+09,1.000000000000000000e+00
2.612500000000000144e-05,6.000000000000000000e+00,2.000000000000000000e+00,-3.667287644682749407e-13,3.806856424842507414e-01,3.806856424842395281e-01,3.935999999999996662e+09,1.000000000000000000e+00
2.616666666666666799e-05,6.000000000000000000e+00,2.000000000000000000e+00,-3.667287644682749407e-13,3.806856424842519626e-01,3.806856424842407494e-01,3.935999999999996662e+09,1.000000000000000000e+00
2.620833333333333454e-05,6.000000000000000000e+00,2.000000000000000000e+00,-3.667287644682749407e-13,3.806856424842531839e-01,3.806856424842420261e-01,3.935999999999996662e+09,1.000000000000000000e+00
2.625000000000000109e-05,6.000000000000000000e+00,2.000000000000000000e+00,-3.667287644682749407e-13,3.806856424842544051e-01,3.806856424842432474e-01,3.935999999999996662e+09,1.000000000000000000e+00
2.629166666666666764e-05,6.000000000000000000e+00,2.000000000000000000e+00,-3.667287644682749407e-13,3.806856424842556263e-01,3.806856424842444686e-01,3.935999999999996662e+09,1.000000000000000000e+00
2.633333333333333419e-05,6.000000000000000000e+00,2.000000000000000000e+00,-3.667287644682749407e-13,3.806856424842568476e-01,3.806856424842457454e-01,3.935999999999996662e+09,1.000000000000000000e+00
2.637500000000000074e-05,6.000000000000000000e+00,2.000000000000000000e+00,-3.667287644682749407e-13,3.806856424842580688e-01,3.806856424842469666e-01,3.935999999999996662e+09,1.000000000000000000e+00
2.641666666666666729e-05,6.000000000000000000e+00,2.000000000000000000e+00,-3.667287644682749407e-13,3.806856424842592901e-01,3.806856424842481879e-01,3.935999999999996662e+09,1.000000000000000000e+00
2.645833333333333384e-05,6.000000000000000000e+00,2.000000000000000000e+00,-3.667287644682749407e-13,3.806856424842605113e-01,3.806856424842494091e-01,3.935999999999996662e+09,1.000000000000000000e+00
2.650000000000000039e-05,6.000000000000000000e+00,2.000000000000000000e+00,-3.667287644682749407e-13,3.806856424842617881e-01,3.806856424842506303e-01,3.935999999999996662e+09,1.000000000000000000e+00
2.654166666666666694e-05,6.000000000000000000e+00,2.000000000000000000e+00,-3.667287644682749407e-13,3.806856424842630093e-01,3.806856424842518516e-01,3.935999999999996662e+09,1.000000000000000000e+00
2.658333333333333349e-05,6.000000000000000000e+00,2.000000000000000000e+00,-3.667287644682749407e-13,3.806856424842642306e-01,3.806856424842530728e-01,3.935999999999996662e+09,1.000000000000000000e+00
2.662500000000000004e-05,6.000000000000000000e+00,2.000000000000000000e+00,-3.667287644682749407e-13,3.806856424842655073e-01,3.806856424842542941e-01,3.935999999999996662e+09,1.000000000000000000e+00
2.666666666666666659e-05,6.000000000000000000e+00,2.000000000000000000e+00,-3.667287644682749407e-13,3.806856424842667286e-01,3.806856424842555153e-01,3.935999999999996662e+09,1.000000000000000000e+00
2.670833333333333314e-05,6.000000000000000000e+00,2.000000000000000000e+00,-3.667287644682749407e-13,3.806856424842679498e-01,3.806856424842567366e-01,3.935999999999996662e+09,1.000000000000000000e+00
2.674999999999999969e-05,6.000000000000000000e+00,2.000000000000000000e+00,-3.667287644682749407e-13,3.806856424842691711e-01,3.806856424842580133e-01,3.935999999999996662e+09,1.000000000000000000e+00
2.679166666666666624e-05,6.000000000000000000e+00,2.000000000000000000e+00,-3.667287644682749407e-13,3.806856424842703923e-01,3.806856424842592346e-01,3.935999999999996662e+09,1.000000000000000000e+00
2.683333333333333279e-05,6.000000000000000000e+00,2.000000000000000000e+00,-3.667287644682749407e-13,3.806856424842716136e-01,3.806856424842604558e-01,3.935999999999997139e+09,1.000000000000000000e+00
2.687499999999999934e-05,6.000000000000000000e+00,2.000000000000000000e+00,-3.667287644682749407e-13,3.806856424842728348e-01,3.806856424842617326e-01,3.935999999999997139e+09,1.000000000000000000e+00
2.691666666666666589e-05,6.000000000000000000e+00,2.000000000000000000e+00,-3.667287644682749407e-13,3.806856424842740561e-01,3.806856424842629538e-01,3.935999999999997139e+09,1.000000000000000000e+00
2.695833333333333244e-05,6.000000000000000000e+00,2.000000000000000000e+00,-3.667287644682749407e-13,3.806856424842752773e-01,3.806856424842641751e-01,3.935999999999997139e+09,1.000000000000000000e+00
2.699999999999999899e-05,6.000000000000000000e+00,2.000000000000000000e+00,-3.667287644682749407e-13,3.806856424842764985e-01,3.806856424842653963e-01,3.935999999999997139e+09,1.000000000000000000e+00
2.704166666666666554e-05,6.000000000000000000e+00,2.000000000000000000e+00,-3.667287644682749407e-13,3.806856424842777753e-01,3.806856424842666176e-01,3.935999999999997139e+09,1.000000000000000000e+00
2.708333333333333209e-05,6.000000000000000000e+00,2.000000000000000000e+00,-3.667287644682749407e-13,3.806856424842789965e-01,3.806856424842678388e-01,3.935999999999997139e+09,1.000000000000000000e+00
2.712499999999999864e-05,6.000000000000000000e+00,2.000000000000000000e+00,-3.667287644682749407e-13,3.806856424842802178e-01,3.806856424842690600e-01,3.935999999999997139e+09,1.000000000000000000e+00
2.716666666666666519e-05,6.000000000000000000e+00,2.000000000000000000e+00,-3.667287644682749407e-13,3.806856424842814945e-01,3.806856424842702813e-01,3.935999999999997139e+09,1.000000000000000000e+00
2.720833333333333174e-05,6.000000000000000000e+00,2.000000000000000000e+00,-3.667287644682749407e-13,3.806856424842827158e-01,3.806856424842715025e-01,3.935999999999997139e+09,1.000000000000000000e+00
2.725000000000000168e-05,6.000000000000000000e+00,2.000000000000000000e+00,-3.667287644682749407e-13,3.806856424842839370e-01,3.806856424842727238e-01,3.935999999999997139e+09,1.000000000000000000e+00
2.729166666666666823e-05,6.000000000000000000e+00,2.000000000000000000e+00,-3.667287644682749407e-13,3.806856424842851583e-01,3.806856424842740005e-01,3.935999999999997139e+09,1.000000000000000000e+00
2.733333333333333478e-05,6.000000000000000000e+00,2.000000000000000000e+00,-3.667287644682749407e-13,3.806856424842863795e-01,3.806856424842752218e-01,3.935999999999997139e+09,1.000000000000000000e+00
2.737500000000000133e-05,6.000000000000000000e+00,2.000000000000000000e+00,-3.667287644682749407e-13,3.806856424842876008e-01,3.806856424842764430e-01,3.935999999999997139e+09,1.000000000000000000e+00
2.741666666666666788e-05,6.000000000000000000e+00,2.000000000000000000e+00,-3.667287644682749407e-13,3.806856424842888220e-01,3.806856424842777198e-01,3.935999999999997139e+09,1.000000000000000000e+00
2.745833333333333443e-05,6.000000000000000000e+00,2.000000000000000000e+00,-3.667287644682749407e-13,3.806856424842900433e-01,3.806856424842789410e-01,3.935999999999997139e+09,1.000000000000000000e+00
2.750000000000000098e-05,6.000000000000000000e+00,2.000000000000000000e+00,-3.667287644682749407e-13,3.806856424842912645e-01,3.806856424842801623e-01,3.935999999999997139e+09,1.000000000000000000e+00
2.754166666666666753e-05,6.000000000000000000e+00,2.000000000000000000e+00,-3.667287644682749407e-13,3.806856424842924858e-01,3.806856424842813835e-01,3.935999999999997139e+09,1.000000000000000000e+00
2.758333333333333408e-05,6.000000000000000000e+00,2.000000000000000000e+00,-3.667287644682749407e-13,3.806856424842937625e-01,3.806856424842826048e-01,3.935999999999997139e+09,1.000000000000000000e+00
2.762500000000000063e-05,6.000000000000000000e+00,2.000000000000000000e+00,-3.667287644682749407e-13,3.806856424842949838e-01,3.806856424842838260e-01,3.935999999999997139e+09,1.000000000000000000e+00
2.766666666666666718e-05,6.000000000000000000e+00,2.000000000000000000e+00,-3.667287644682749407e-13,3.806856424842962050e-01,3.806856424842850473e-01,3.935999999999997616e+09,1.000000000000000000e+00
2.770833333333333373e-05,6.000000000000000000e+00,2.000000000000000000e+00,-3.667287644682749407e-13,3.806856424842974818e-01,3.806856424842862685e-01,3.935999999999997616e+09,1.000000000000000000e+00
2.775000000000000028e-05,6.000000000000000000e+00,2.000000000000000000e+00,-3.667287644682749407e-13,3.806856424842987030e-01,3.806856424842874898e-01,3.935999999999997616e+09,1.000000000000000000e+00
2.779166666666666683e-05,6.000000000000000000e+00,2.000000000000000000e+00,-3.667287644682749407e-13,3.806856424842999242e-01,3.806856424842887110e-01,3.935999999999997616e+09,1.000000000000000000e+00
2.783333333333333338e-05,6.000000000000000000e+00,2.000000000000000000e+00,-3.667287644682749407e-13,3.806856424843011455e-01,3.806856424842899878e-01,3.935999999999997616e+09,1.000000000000000000e+00
2.787499999999999993e-05,6.000000000000000000e+00,2.000000000000000000e+00,-3.667287644682749407e-13,3.806856424843023667e-01,3.806856424842912090e-01,3.935999999999997616e+09,1.000000000000000000e+00
2.791666666666666648e-05,6.000000000000000000e+00,2.000000000000000000e+00,-3.667287644682749407e-13,3.806856424843035880e-01,3.806856424842924302e-01,3.935999999999997616e+09,1.000000000000000000e+00
2.795833333333333303e-05,6.000000000000000000e+00,2.000000000000000000e+00,-3.667287644682749407e-13,3.806856424843048092e-01,3.806856424842937070e-01,3.935999999999997616e+09,1.000000000000000000e+00
2.799999999999999958e-05,6.000000000000000000e+00,2.000000000000000000e+00,-3.667287644682749407e-13,3.806856424843060305e-01,3.806856424842949282e-01,3.935999999999997616e+09,1.000000000000000000e+00
2.804166666666666613e-05,6.000000000000000000e+00,2.000000000000000000e+00,-3.667287644682749407e-13,3.806856424843072517e-01,3.806856424842961495e-01,3.935999999999997616e+09,1.000000000000000000e+00
2.808333333333333268e-05,6.000000000000000000e+00,2.000000000000000000e+00,-3.667287644682749407e-13,3.806856424843084730e-01,3.806856424842973707e-01,3.935999999999997616e+09,1.000000000000000000e+00
2.812499999999999923e-05,6.000000000000000000e+00,2.000000000000000000e+00,-3.667287644682749407e-13,3.806856424843097497e-01,3.806856424842985920e-01,3.935999999999997616e+09,1.000000000000000000e+00
2.816666666666666578e-05,6.000000000000000000e+00,2.000000000000000000e+00,-3.667287644682749407e-13,3.806856424843109710e-01,3.806856424842998132e-01,3.935999999999997616e+09,1.000000000000000000e+00
2.820833333333333233e-05,6.000000000000000000e+00,2.000000000000000000e+00,-3.667287644682749407e-13,3.806856424843121922e-01,3.806856424843010345e-01,3.935999999999997616e+09,1.000000000000000000e+00
2.824999999999999888e-05,6.000000000000000000e+00,2.000000000000000000e+00,-3.667287644682749407e-13,3.806856424843134690e-01,3.806856424843022557e-01,3.935999999999997616e+09,1.000000000000000000e+00
2.829166666666666543e-05,6.000000000000000000e+00,2.000000000000000000e+00,-3.667287644682749407e-13,3.806856424843146902e-01,3.806856424843034770e-01,3.935999999999997616e+09,1.000000000000000000e+00
2.833333333333333198e-05,6.000000000000000000e+00,2.000000000000000000e+00,-3.667287644682749407e-13,3.806856424843159115e-01,3.806856424843046982e-01,3.935999999999997616e+09,1.000000000000000000e+00
2.837499999999999853e-05,6.000000000000000000e+00,2.000000000000000000e+00,-3.667287644682749407e-13,3.806856424843171327e-01,3.806856424843059750e-01,3.935999999999997616e+09,1.000000000000000000e+00
2.841666666666666508e-05,6.000000000000000000e+00,2.000000000000000000e+00,-3.667287644682749407e-13,3.806856424843183540e-01,3.806856424843071962e-01,3.935999999999997616e+09,1.000000000000000000e+00
2.845833333333333502e-05,6.000000000000000000e+00,2.000000000000000000e+00,-3.667287644682749407e-13,3.806856424843195752e-01,3.806856424843084175e-01,3.935999999999998093e+09,1.000000000000000000e+00
2.850000000000000157e-05,6.000000000000000000e+00,2.000000000000000000e+00,-3.667287644682749407e-13,3.806856424843207964e-01,3.806856424843096942e-01,3.935999999999998093e+09,1.000000000000000000e+00
2.854166666666666812e-05,6.000000000000000000e+00,2.000000000000000000e+00,-3.667287644682749407e-13,3.806856424843220177e-01,3.806856424843109155e-01,3.935999999999998093e+09,1.000000000000000000e+00
2.858333333333333467e-05,6.000000000000000000e+00,2.000000000000000000e+00,-3.667287644682749407e-13,3.806856424843232389e-01,3.806856424843121367e-01,3.935999999999998093e+09,1.000000000000000000e+00
2.862500000000000122e-05,6.000000000000000000e+00,2.000000000000000000e+00,-3.667287644682749407e-13,3.806856424843244602e-01,3.806856424843133579e-01,3.935999999999998093e+09,1.000000000000000000e+00
2.866666666666666777e-05,6.000000000000000000e+00,2.000000000000000000e+00,-3.667287644682749407e-13,3.806856424843257369e-01,3.806856424843145792e-01,3.935999999999998093e+09,1.000000000000000000e+00
2.870833333333333432e-05,6.000000000000000000e+00,2.000000000000000000e+00,-3.667287644682749407e-13,3.806856424843269582e-01,3.806856424843158004e-01,3.935999999999998093e+09,1.000000000000000000e+00
2.875000000000000087e-05,6.000000000000000000e+00,2.000000000000000000e+00,-3.667287644682749407e-13,3.806856424843281794e-01,3.806856424843170217e-01,3.935999999999998093e+09,1.000000000000000000e+00
2.879166666666666742e-05,6.000000000000000000e+00,2.000000000000000000e+00,-3.667287644682749407e-13,3.806856424843294562e-01,3.806856424843182429e-01,3.935999999999998093e+09,1.000000000000000000e+00
2.883333333333333397e-05,6.000000000000000000e+00,2.000000000000000000e+00,-3.667287644682749407e-13,3.806856424843306774e-01,3.806856424843194642e-01,3.935999999999998093e+09,1.000000000000000000e+00
2.887500000000000052e-05,6.000000000000000000e+00,2.000000000000000000e+00,-3.667287644682749407e-13,3.806856424843318987e-01,3.806856424843206854e-01,3.935999999999998093e+09,1.000000000000000000e+00
2.891666666666666707e-05,6.000000000000000000e+00,2.000000000000000000e+00,-3.667287644682749407e-13,3.806856424843331199e-01,3.806856424843219622e-01,3.935999999999998093e+09,1.000000000000000000e+00
2.895833333333333362e-05,6.000000000000000000e+00,2.000000000000000000e+00,-3.667287644682749407e-13,3.806856424843343412e-01,3.806856424843231834e-01,3.935999999999998093e+09,1.000000000000000000e+00
2.900000000000000017e-05,6.000000000000000000e+00,2.000000000000000000e+00,-3.667287644682749407e-13,3.806856424843355624e-01,3.806856424843244047e-01,3.935999999999998093e+09,1.000000000000000000e+00
2.904166666666666672e-05,6.000000000000000000e+00,2.000000000000000000e+00,-3.667287644682749407e-13,3.806856424843367837e-01,3.806856424843256814e-01,3.935999999999998093e+09,1.000000000000000000e+00
2.908333333333333327e-05,6.000000000000000000e+00,2.000000000000000000e+00,-3.667287644682749407e-13,3.806856424843380049e-01,3.806856424843269027e-01,3.935999999999998093e+09,1.000000000000000000e+00
2.912499999999999982e-05,6.000000000000000000e+00,2.000000000000000000e+00,-3.667287644682749407e-13,3.806856424843392261e-01,3.806856424843281239e-01,3.935999999999998093e+09,1.000000000000000000e+00
2.916666666666666637e-05,6.000000000000000000e+00,2.000000000000000000e+00,-3.667287644682749407e-13,3.806856424843404474e-01,3.806856424843293452e-01,3.935999999999998093e+09,1.000000000000000000e+00
2.920833333333333292e-05,6.000000000000000000e+00,2.000000000000000000e+00,-3.667287644682749407e-13,3.806856424843417241e-01,3.806856424843305664e-01,3.935999999999998093e+09,1.000000000000000000e+00
2.924999999999999947e-05,6.000000000000000000e+00,2.000000000000000000e+00,-3.667287644682749407e-13,3.806856424843429454e-01,3.806856424843317876e-01,3.935999999999998093e+09,1.000000000000000000e+00
2.929166666666666602e-05,6.000000000000000000e+00,2.000000000000000000e+00,-3.667287644682749407e-13,3.806856424843441666e-01,3.806856424843330089e-01,3.935999999999998569e+09,1.000000000000000000e+00
2.933333333333333257e-05,6.000000000000000000e+00,2.000000000000000000e+00,-3.667287644682749407e-13,3.806856424843454434e-01,3.806856424843342301e-01,3.935999999999998569e+09,1.000000000000000000e+00
2.937499999999999912e-05,6.000000000000000000e+00,2.000000000000000000e+00,-3.667287644682749407e-13,3.806856424843466646e-01,3.806856424843354514e-01,3.935999999999998569e+09,1.000000000000000000e+00
2.941666666666666567e-05,6.000000000000000000e+00,2.000000000000000000e+00,-3.667287644682749407e-13,3.806856424843478859e-01,3.806856424843366726e-01,3.935999999999998569e+09,1.000000000000000000e+00
2.945833333333333222e-05,6.000000000000000000e+00,2.000000000000000000e+00,-3.667287644682749407e-13,3.806856424843491071e-01,3.806856424843379494e-01,3.935999999999998569e+09,1.000000000000000000e+00
2.949999999999999877e-05,6.000000000000000000e+00,2.000000000000000000e+00,-3.667287644682749407e-13,3.806856424843503284e-01,3.806856424843391706e-01,3.935999999999998569e+09,1.000000000000000000e+00
2.954166666666666532e-05,6.000000000000000000e+00,2.000000000000000000e+00,-3.667287644682749407e-13,3.806856424843515496e-01,3.806856424843403919e-01,3.935999999999998569e+09,1.000000000000000000e+00
2.958333333333333187e-05,6.000000000000000000e+00,2.000000000000000000e+00,-3.667287644682749407e-13,3.806856424843527709e-01,3.806856424843416686e-01,3.935999999999998569e+09,1.000000000000000000e+00
2.962499999999999842e-05,6.000000000000000000e+00,2.000000000000000000e+00,-3.667287644682749407e-13,3.806856424843539921e-01,3.806856424843428899e-01,3.935999999999998569e+09,1.000000000000000000e+00
2.966666666666666836e-05,6.000000000000000000e+00,2.000000000000000000e+00,-3.667287644682749407e-13,3.806856424843552134e-01,3.806856424843441111e-01,3.935999999999998569e+09,1.000000000000000000e+00
2.970833333333333491e-05,6.000000000000000000e+00,2.000000000000000000e+00,-3.667287644682749407e-13,3.806856424843564346e-01,3.806856424843453324e-01,3.935999999999998569e+09,1.000000000000000000e+00
2.975000000000000146e-05,6.000000000000000000e+00,2.000000000000000000e+00,-3.667287644682749407e-13,3.806856424843577114e-01,3.806856424843465536e-01,3.935999999999998569e+09,1.000000000000000000e+00
2.979166666666666801e-05,6.000000000000000000e+00,2.000000000000000000e+00,-3.667287644682749407e-13,3.806856424843589326e-01,3.806856424843477749e-01,3.935999999999998569e+09,1.000000000000000000e+00
2.983333333333333456e-05,6.000000000000000000e+00,2.000000000000000000e+00,-3.667287644682749407e-13,3.806856424843601538e-01,3.806856424843489961e-01,3.935999999999998569e+09,1.000000000000000000e+00
2.987500000000000111e-05,6.000000000000000000e+00,2.000000000000000000e+00,-3.667287644682749407e-13,3.806856424843614306e-01,3.806856424843502174e-01,3.935999999999998569e+09,1.000000000000000000e+00
2.991666666666666766e-05,6.000000000000000000e+00,2.000000000000000000e+00,-3.667287644682749407e-13,3.806856424843626518e-01,3.806856424843514386e-01,3.935999999999998569e+09,1.000000000000000000e+00
2.995833333333333421e-05,6.000000000000000000e+00,2.000000000000000000e+00,-3.667287644682749407e-13,3.806856424843638731e-01,3.806856424843526598e-01,3.935999999999998569e+09,1.000000000000000000e+00
3.000000000000000076e-05,6.000000000000000000e+00,2.000000000000000000e+00,-3.667287644682749407e-13,3.806856424843650943e-01,3.806856424843539366e-01,3.935999999999998569e+09,1.000000000000000000e+00
3.004166666666666731e-05,6.000000000000000000e+00,2.000000000000000000e+00,-3.667287644682749407e-13,3.806856424843663156e-01,3.806856424843551578e-01,3.935999999999998569e+09,1.000000000000000000e+00
3.008333333333333386e-05,6.000000000000000000e+00,2.000000000000000000e+00,-3.667287644682749407e-13,3.806856424843675368e-01,3.806856424843563791e-01,3.935999999999999046e+09,1.000000000000000000e+00
3.012500000000000041e-05,6.000000000000000000e+00,2.000000000000000000e+00,-3.667287644682749407e-13,3.806856424843687581e-01,3.806856424843576558e-01,3.935999999999999046e+09,1.000000000000000000e+00
3.016666666666666696e-05,6.000000000000000000e+00,2.000000000000000000e+00,-3.667287644682749407e-13,3.806856424843699793e-01,3.806856424843588771e-01,3.935999999999999046e+09,1.000000000000000000e+00
3.020833333333333351e-05,6.000000000000000000e+00,2.000000000000000000e+00,-3.667287644682749407e-13,3.806856424843712006e-01,3.806856424843600983e-01,3.935999999999999046e+09,1.000000000000000000e+00
3.025000000000000006e-05,6.000000000000000000e+00,2.000000000000000000e+00,-3.667287644682749407e-13,3.806856424843724218e-01,3.806856424843613196e-01,3.935999999999999046e+09,1.000000000000000000e+00
3.029166666666666661e-05,6.000000000000000000e+00,2.000000000000000000e+00,-3.667287644682749407e-13,3.806856424843736986e-01,3.806856424843625408e-01,3.935999999999999046e+09,1.000000000000000000e+00
3.033333333333333316e-05,6.000000000000000000e+00,2.000000000000000000e+00,-3.667287644682749407e-13,3.806856424843749198e-01,3.806856424843637621e-01,3.935999999999999046e+09,1.000000000000000000e+00
3.037499999999999971e-05,6.000000000000000000e+00,2.000000000000000000e+00,-3.667287644682749407e-13,3.806856424843761411e-01,3.806856424843649833e-01,3.935999999999999046e+09,1.000000000000000000e+00
3.041666666666666626e-05,6.000000000000000000e+00,2.000000000000000000e+00,-3.667287644682749407e-13,3.806856424843774178e-01,3.806856424843662046e-01,3.935999999999999046e+09,1.000000000000000000e+00
3.045833333333333281e-05,6.000000000000000000e+00,2.000000000000000000e+00,-3.667287644682749407e-13,3.806856424843786391e-01,3.806856424843674258e-01,3.935999999999999046e+09,1.000000000000000000e+00
3.049999999999999936e-05,6.000000000000000000e+00,2.000000000000000000e+00,-3.667287644682749407e-13,3.806856424843798603e-01,3.806856424843686471e-01,3.935999999999999046e+09,1.000000000000000000e+00
3.054166666666666591e-05,6.000000000000000000e+00,2.000000000000000000e+00,-3.667287644682749407e-13,3.806856424843810816e-01,3.806856424843699238e-01,3.935999999999999046e+09,1.000000000000000000e+00
3.058333333333333585e-05,6.000000000000000000e+00,2.000000000000000000e+00,-3.667287644682749407e-13,3.806856424843823028e-01,3.806856424843711451e-01,3.935999999999999046e+09,1.000000000000000000e+00
3.062499999999999901e-05,6.000000000000000000e+00,2.000000000000000000e+00,-3.667287644682749407e-13,3.806856424843835240e-01,3.806856424843723663e-01,3.935999999999999046e+09,1.000000000000000000e+00
3.066666666666666895e-05,6.000000000000000000e+00,2.000000000000000000e+00,-3.667287644682749407e-13,3.806856424843847453e-01,3.806856424843736431e-01,3.935999999999999046e+09,1.000000000000000000e+00
3.070833333333333211e-05,6.000000000000000000e+00,2.000000000000000000e+00,-3.667287644682749407e-13,3.806856424843859665e-01,3.806856424843748643e-01,3.935999999999999046e+09,1.000000000000000000e+00
3.075000000000000205e-05,6.000000000000000000e+00,2.000000000000000000e+00,-3.667287644682749407e-13,3.806856424843871878e-01,3.806856424843760855e-01,3.935999999999999046e+09,1.000000000000000000e+00
3.079166666666666521e-05,6.000000000000000000e+00,2.000000000000000000e+00,-3.667287644682749407e-13,3.806856424843884090e-01,3.806856424843773068e-01,3.935999999999999046e+09,1.000000000000000000e+00
3.083333333333333515e-05,6.000000000000000000e+00,2.000000000000000000e+00,-3.667287644682749407e-13,3.806856424843896858e-01,3.806856424843785280e-01,3.935999999999999046e+09,1.000000000000000000e+00
3.087499999999999831e-05,6.000000000000000000e+00,2.000000000000000000e+00,-3.667287644682749407e-13,3.806856424843909070e-01,3.806856424843797493e-01,3.935999999999999523e+09,1.000000000000000000e+00
3.091666666666666825e-05,6.000000000000000000e+00,2.000000000000000000e+00,-3.667287644682749407e-13,3.806856424843921283e-01,3.806856424843809705e-01,3.935999999999999523e+09,1.000000000000000000e+00
3.095833333333333141e-05,6.000000000000000000e+00,2.000000000000000000e+00,-3.667287644682749407e-13,3.806856424843934050e-01,3.806856424843821918e-01,3.935999999999999523e+09,1.000000000000000000e+00
3.100000000000000135e-05,6.000000000000000000e+00,2.000000000000000000e+00,-3.667287644682749407e-13,3.806856424843946263e-01,3.806856424843834130e-01,3.935999999999999523e+09,1.000000000000000000e+00
3.104166666666666451e-05,6.000000000000000000e+00,2.000000000000000000e+00,-3.667287644682749407e-13,3.806856424843958475e-01,3.806856424843846343e-01,3.935999999999999523e+09,1.000000000000000000e+00
3.108333333333333445e-05,6.000000000000000000e+00,2.000000000000000000e+00,-3.667287644682749407e-13,3.806856424843970688e-01,3.806856424843859110e-01,3.935999999999999523e+09,1.000000000000000000e+00
3.112499999999999761e-05,6.000000000000000000e+00,2.000000000000000000e+00,-3.667287644682749407e-13,3.806856424843982900e-01,3.806856424843871323e-01,3.935999999999999523e+09,1.000000000000000000e+00
3.116666666666666755e-05,6.000000000000000000e+00,2.000000000000000000e+00,-3.667287644682749407e-13,3.806856424843995113e-01,3.806856424843883535e-01,3.935999999999999523e+09,1.000000000000000000e+00
3.120833333333333071e-05,6.000000000000000000e+00,2.000000000000000000e+00,-3.667287644682749407e-13,3.806856424844007325e-01,3.806856424843896303e-01,3.935999999999999523e+09,1.000000000000000000e+00
3.125000000000000065e-05,6.000000000000000000e+00,2.000000000000000000e+00,-3.667287644682749407e-13,3.806856424844019537e-01,3.806856424843908515e-01,3.935999999999999523e+09,1.000000000000000000e+00
3.129166666666666381e-05,6.000000000000000000e+00,2.000000000000000000e+00,-3.667287644682749407e-13,3.806856424844031750e-01,3.806856424843920728e-01,3.935999999999999523e+09,1.000000000000000000e+00
3.133333333333333375e-05,6.000000000000000000e+00,2.000000000000000000e+00,-3.667287644682749407e-13,3.806856424844043962e-01,3.806856424843932940e-01,3.935999999999999523e+09,1.000000000000000000e+00
3.137499999999999691e-05,6.000000000000000000e+00,2.000000000000000000e+00,-3.667287644682749407e-13,3.806856424844056730e-01,3.806856424843945153e-01,3.935999999999999523e+09,1.000000000000000000e+00
3.141666666666666685e-05,6.000000000000000000e+00,2.000000000000000000e+00,-3.667287644682749407e-13,3.806856424844068942e-01,3.806856424843957365e-01,3.935999999999999523e+09,1.000000000000000000e+00
3.145833333333333001e-05,6.000000000000000000e+00,2.000000000000000000e+00,-3.667287644682749407e-13,3.806856424844081155e-01,3.806856424843969577e-01,3.935999999999999523e+09,1.000000000000000000e+00
3.149999999999999995e-05,6.000000000000000000e+00,2.000000000000000000e+00,-3.667287644682749407e-13,3.806856424844093922e-01,3.806856424843981790e-01,3.935999999999999523e+09,1.000000000000000000e+00
3.154166666666666989e-05,6.000000000000000000e+00,2.000000000000000000e+00,-3.667287644682749407e-13,3.806856424844106135e-01,3.806856424843994002e-01,3.935999999999999523e+09,1.000000000000000000e+00
3.158333333333333305e-05,6.000000000000000000e+00,2.000000000000000000e+00,-3.667287644682749407e-13,3.806856424844118347e-01,3.806856424844006215e-01,3.935999999999999523e+09,1.000000000000000000e+00
3.162500000000000299e-05,6.000000000000000000e+00,2.000000000000000000e+00,-3.667287644682749407e-13,3.806856424844130560e-01,3.806856424844018982e-01,3.935999999999999523e+09,1.000000000000000000e+00
3.166666666666666615e-05,6.000000000000000000e+00,2.000000000000000000e+00,-3.667287644682749407e-13,3.806856424844142772e-01,3.806856424844031195e-01,3.935999999999999523e+09,1.000000000000000000e+00
3.170833333333333609e-05,6.000000000000000000e+00,2.000000000000000000e+00,-3.667287644682749407e-13,3.806856424844154985e-01,3.806856424844043407e-01,3.936000000000000000e+09,1.000000000000000000e+00
3.174999999999999925e-05,6.000000000000000000e+00,2.000000000000000000e+00,-3.667287644682749407e-13,3.806856424844167197e-01,3.806856424844056175e-01,3.936000000000000000e+09,1.000000000000000000e+00
3.179166666666666919e-05,6.000000000000000000e+00,2.000000000000000000e+00,-3.667287644682749407e-13,3.806856424844179410e-01,3.806856424844068387e-01,3.936000000000000000e+09,1.000000000000000000e+00
3.183333333333333235e-05,6.000000000000000000e+00,2.000000000000000000e+00,-3.667287644682749407e-13,3.806856424844191622e-01,3.806856424844080600e-01,3.936000000000000000e+09,1.000000000000000000e+00
3.187500000000000229e-05,6.000000000000000000e+00,2.000000000000000000e+00,-3.667287644682749407e-13,3.806856424844203834e-01,3.806856424844092812e-01,3.936000000000000000e+09,1.000000000000000000e+00
3.191666666666666545e-05,6.000000000000000000e+00,2.000000000000000000e+00,-3.667287644682749407e-13,3.806856424844216602e-01,3.806856424844105025e-01,3.936000000000000000e+09,1.000000000000000000e+00
3.195833333333333539e-05,6.000000000000000000e+00,2.000000000000000000e+00,-3.667287644682749407e-13,3.806856424844228814e-01,3.806856424844117237e-01,3.936000000000000000e+09,1.000000000000000000e+00
3.199999999999999855e-05,6.000000000000000000e+00,2.000000000000000000e+00,-3.667287644682749407e-13,3.806856424844241027e-01,3.806856424844129450e-01,3.936000000000000000e+09,1.000000000000000000e+00
3.204166666666666849e-05,6.000000000000000000e+00,2.000000000000000000e+00,-3.667287644682749407e-13,3.806856424844253795e-01,3.806856424844141662e-01,3.936000000000000000e+09,1.000000000000000000e+00
3.208333333333333165e-05,6.000000000000000000e+00,2.000000000000000000e+00,-3.667287644682749407e-13,3.806856424844266007e-01,3.806856424844153874e-01,3.936000000000000000e+09,1.000000000000000000e+00
3.212500000000000159e-05,6.000000000000000000e+00,2.000000000000000000e+00,-3.667287644682749407e-13,3.806856424844278219e-01,3.806856424844166087e-01,3.936000000000000000e+09,1.000000000000000000e+00
3.216666666666666475e-05,6.000000000000000000e+00,2.000000000000000000e+00,-3.667287644682749407e-13,3.806856424844290432e-01,3.806856424844178854e-01,3.936000000000000000e+09,1.000000000000000000e+00
3.220833333333333469e-05,6.000000000000000000e+00,2.000000000000000000e+00,-3.667287644682749407e-13,3.806856424844302644e-01,3.806856424844191067e-01,3.936000000000000000e+09,1.000000000000000000e+00
3.224999999999999785e-05,6.000000000000000000e+00,2.000000000000000000e+00,-3.667287644682749407e-13,3.806856424844314857e-01,3.806856424844203279e-01,3.936000000000000000e+09,1.000000000000000000e+00
3.229166666666666779e-05,6.000000000000000000e+00,2.000000000000000000e+00,-3.667287644682749407e-13,3.806856424844327069e-01,3.806856424844216047e-01,3.936000000000000000e+09,1.000000000000000000e+00
3.233333333333333095e-05,6.000000000000000000e+00,2.000000000000000000e+00,-3.667287644682749407e-13,3.806856424844339282e-01,3.806856424844228259e-01,3.936000000000000000e+09,1.000000000000000000e+00
3.237500000000000089e-05,6.000000000000000000e+00,2.000000000000000000e+00,-3.667287644682749407e-13,3.806856424844351494e-01,3.806856424844240472e-01,3.936000000000000000e+09,1.000000000000000000e+00
3.241666666666666405e-05,6.000000000000000000e+00,2.000000000000000000e+00,-3.667287644682749407e-13,3.806856424844363707e-01,3.806856424844252684e-01,3.936000000000000000e+09,1.000000000000000000e+00
3.245833333333333399e-05,6.000000000000000000e+00,2.000000000000000000e+00,-3.667287644682749407e-13,3.806856424844376474e-01,3.806856424844264897e-01,3.936000000000000000e+09,1.000000000000000000e+00
3.249999999999999715e-05,6.000000000000000000e+00,2.000000000000000000e+00,-3.667287644682749407e-13,3.806856424844388687e-01,3.806856424844277109e-01,3.936000000000000477e+09,1.000000000000000000e+00
3.254166666666666709e-05,6.000000000000000000e+00,2.000000000000000000e+00,-3.667287644682749407e-13,3.806856424844400899e-01,3.806856424844289322e-01,3.936000000000000477e+09,1.000000000000000000e+00
3.258333333333333025e-05,6.000000000000000000e+00,2.000000000000000000e+00,-3.667287644682749407e-13,3.806856424844413667e-01,3.806856424844301534e-01,3.936000000000000477e+09,1.000000000000000000e+00
3.262500000000000019e-05,6.000000000000000000e+00,2.000000000000000000e+00,-3.667287644682749407e-13,3.806856424844425879e-01,3.806856424844313747e-01,3.936000000000000477e+09,1.000000000000000000e+00
3.266666666666666335e-05,6.000000000000000000e+00,2.000000000000000000e+00,-3.667287644682749407e-13,3.806856424844438092e-01,3.806856424844325959e-01,3.936000000000000477e+09,1.000000000000000000e+00
3.270833333333333329e-05,6.000000000000000000e+00,2.000000000000000000e+00,-3.667287644682749407e-13,3.806856424844450304e-01,3.806856424844338727e-01,3.936000000000000477e+09,1.000000000000000000e+00
3.275000000000000323e-05,6.000000000000000000e+00,2.000000000000000000e+00,-3.667287644682749407e-13,3.806856424844462516e-01,3.806856424844350939e-01,3.936000000000000477e+09,1.000000000000000000e+00
3.279166666666666639e-05,6.000000000000000000e+00,2.000000000000000000e+00,-3.667287644682749407e-13,3.806856424844474729e-01,3.806856424844363151e-01,3.936000000000000477e+09,1.000000000000000000e+00
3.283333333333333633e-05,6.000000000000000000e+00,2.000000000000000000e+00,-3.667287644682749407e-13,3.806856424844486941e-01,3.806856424844375919e-01,3.936000000000000477e+09,1.000000000000000000e+00
3.287499999999999949e-05,6.000000000000000000e+00,2.000000000000000000e+00,-3.667287644682749407e-13,3.806856424844499154e-01,3.806856424844388131e-01,3.936000000000000477e+09,1.000000000000000000e+00
3.291666666666666943e-05,6.000000000000000000e+00,2.000000000000000000e+00,-3.667287644682749407e-13,3.806856424844511366e-01,3.806856424844400344e-01,3.936000000000000477e+09,1.000000000000000000e+00
3.295833333333333259e-05,6.000000000000000000e+00,2.000000000000000000e+00,-3.667287644682749407e-13,3.806856424844523579e-01,3.806856424844412556e-01,3.936000000000000477e+09,1.000000000000000000e+00
3.300000000000000253e-05,6.000000000000000000e+00,2.000000000000000000e+00,-3.667287644682749407e-13,3.806856424844536346e-01,3.806856424844424769e-01,3.936000000000000477e+09,1.000000000000000000e+00
3.304166666666666569e-05,6.000000000000000000e+00,2.000000000000000000e+00,-3.667287644682749407e-13,3.806856424844548559e-01,3.806856424844436981e-01,3.936000000000000477e+09,1.000000000000000000e+00
3.308333333333333563e-05,6.000000000000000000e+00,2.000000000000000000e+00,-3.667287644682749407e-13,3.806856424844560771e-01,3.806856424844449194e-01,3.936000000000000477e+09,1.000000000000000000e+00
3.312499999999999879e-05,6.000000000000000000e+00,2.000000000000000000e+00,-3.667287644682749407e-13,3.806856424844573539e-01,3.806856424844461406e-01,3.936000000000000477e+09,1.000000000000000000e+00
3.316666666666666873e-05,6.000000000000000000e+00,2.000000000000000000e+00,-3.667287644682749407e-13,3.806856424844585751e-01,3.806856424844473619e-01,3.936000000000000477e+09,1.000000000000000000e+00
3.320833333333333189e-05,6.000000000000000000e+00,2.000000000000000000e+00,-3.667287644682749407e-13,3.806856424844597964e-01,3.806856424844485831e-01,3.936000000000000477e+09,1.000000000000000000e+00
3.325000000000000183e-05,6.000000000000000000e+00,2.000000000000000000e+00,-3.667287644682749407e-13,3.806856424844610176e-01,3.806856424844498599e-01,3.936000000000000477e+09,1.000000000000000000e+00
3.329166666666666499e-05,6.000000000000000000e+00,2.000000000000000000e+00,-3.667287644682749407e-13,3.806856424844622389e-01,3.806856424844510811e-01,3.936000000000000954e+09,1.000000000000000000e+00
3.333333333333333493e-05,6.000000000000000000e+00,2.000000000000000000e+00,-3.667287644682749407e-13,3.806856424844634601e-01,3.806856424844523024e-01,3.936000000000000954e+09,1.000000000000000000e+00
3.337499999999999809e-05,6.000000000000000000e+00,2.000000000000000000e+00,-3.667287644682749407e-13,3.806856424844646813e-01,3.806856424844535791e-01,3.936000000000000954e+09,1.000000000000000000e+00
3.341666666666666803e-05,6.000000000000000000e+00,2.000000000000000000e+00,-3.667287644682749407e-13,3.806856424844659026e-01,3.806856424844548004e-01,3.936000000000000954e+09,1.000000000000000000e+00
3.345833333333333119e-05,6.000000000000000000e+00,2.000000000000000000e+00,-3.667287644682749407e-13,3.806856424844671238e-01,3.806856424844560216e-01,3.936000000000000954e+09,1.000000000000000000e+00
3.350000000000000113e-05,6.000000000000000000e+00,2.000000000000000000e+00,-3.667287644682749407e-13,3.806856424844683451e-01,3.806856424844572429e-01,3.936000000000000954e+09,1.000000000000000000e+00
3.354166666666666429e-05,6.000000000000000000e+00,2.000000000000000000e+00,-3.667287644682749407e-13,3.806856424844696218e-01,3.806856424844584641e-01,3.936000000000000954e+09,1.000000000000000000e+00
3.358333333333333423e-05,6.000000000000000000e+00,2.000000000000000000e+00,-3.667287644682749407e-13,3.806856424844708431e-01,3.806856424844596853e-01,3.936000000000000954e+09,1.000000000000000000e+00
3.362499999999999739e-05,6.000000000000000000e+00,2.000000000000000000e+00,-3.667287644682749407e-13,3.806856424844720643e-01,3.806856424844609066e-01,3.936000000000000954e+09,1.000000000000000000e+00
3.366666666666666733e-05,6.000000000000000000e+00,2.000000000000000000e+00,-3.667287644682749407e-13,3.806856424844733411e-01,3.806856424844621278e-01,3.936000000000000954e+09,1.000000000000000000e+00
3.370833333333333049e-05,6.000000000000000000e+00,2.000000000000000000e+00,-3.667287644682749407e-13,3.806856424844745623e-01,3.806856424844633491e-01,3.936000000000000954e+09,1.000000000000000000e+00
3.375000000000000043e-05,6.000000000000000000e+00,2.000000000000000000e+00,-3.667287644682749407e-13,3.806856424844757836e-01,3.806856424844645703e-01,3.936000000000000954e+09,1.000000000000000000e+00
3.379166666666666359e-05,6.000000000000000000e+00,2.000000000000000000e+00,-3.667287644682749407e-13,3.806856424844770048e-01,3.806856424844658471e-01,3.936000000000000954e+09,1.000000000000000000e+00
3.383333333333333353e-05,6.000000000000000000e+00,2.000000000000000000e+00,-3.667287644682749407e-13,3.806856424844782261e-01,3.806856424844670683e-01,3.936000000000000954e+09,1.000000000000000000e+00
3.387499999999999669e-05,6.000000000000000000e+00,2.000000000000000000e+00,-3.667287644682749407e-13,3.806856424844794473e-01,3.806856424844682896e-01,3.936000000000000954e+09,1.000000000000000000e+00
3.391666666666666663e-05,6.000000000000000000e+00,2.000000000000000000e+00,-3.667287644682749407e-13,3.806856424844806686e-01,3.806856424844695663e-01,3.936000000000000954e+09,1.000000000000000000e+00
3.395833333333333657e-05,6.000000000000000000e+00,2.000000000000000000e+00,-3.667287644682749407e-13,3.806856424844818898e-01,3.806856424844707876e-01,3.936000000000000954e+09,1.000000000000000000e+00
3.399999999999999973e-05,6.000000000000000000e+00,2.000000000000000000e+00,-3.667287644682749407e-13,3.806856424844831110e-01,3.806856424844720088e-01,3.936000000000000954e+09,1.000000000000000000e+00
3.404166666666666967e-05,6.000000000000000000e+00,2.000000000000000000e+00,-3.667287644682749407e-13,3.806856424844843323e-01,3.806856424844732301e-01,3.936000000000000954e+09,1.000000000000000000e+00
3.408333333333333283e-05,6.000000000000000000e+00,2.000000000000000000e+00,-3.667287644682749407e-13,3.806856424844856090e-01,3.806856424844744513e-01,3.936000000000000954e+09,1.000000000000000000e+00
3.412500000000000277e-05,6.000000000000000000e+00,2.000000000000000000e+00,-3.667287644682749407e-13,3.806856424844868303e-01,3.806856424844756726e-01,3.936000000000001431e+09,1.000000000000000000e+00
3.416666666666666593e-05,6.000000000000000000e+00,2.000000000000000000e+00,-3.667287644682749407e-13,3.806856424844880515e-01,3.806856424844768938e-01,3.936000000000001431e+09,1.000000000000000000e+00
3.420833333333333587e-05,6.000000000000000000e+00,2.000000000000000000e+00,-3.667287644682749407e-13,3.806856424844893283e-01,3.806856424844781150e-01,3.936000000000001431e+09,1.000000000000000000e+00
3.424999999999999903e-05,6.000000000000000000e+00,2.000000000000000000e+00,-3.667287644682749407e-13,3.806856424844905495e-01,3.806856424844793363e-01,3.936000000000001431e+09,1.000000000000000000e+00
3.429166666666666897e-05,6.000000000000000000e+00,2.000000000000000000e+00,-3.667287644682749407e-13,3.806856424844917708e-01,3.806856424844806130e-01,3.936000000000001431e+09,1.000000000000000000e+00
3.433333333333333213e-05,6.000000000000000000e+00,2.000000000000000000e+00,-3.667287644682749407e-13,3.806856424844929920e-01,3.806856424844818343e-01,3.936000000000001431e+09,1.000000000000000000e+00
3.437500000000000207e-05,6.000000000000000000e+00,2.000000000000000000e+00,-3.667287644682749407e-13,3.806856424844942133e-01,3.806856424844830555e-01,3.936000000000001431e+09,1.000000000000000000e+00
3.441666666666666523e-05,6.000000000000000000e+00,2.000000000000000000e+00,-3.667287644682749407e-13,3.806856424844954345e-01,3.806856424844842768e-01,3.936000000000001431e+09,1.000000000000000000e+00
3.445833333333333517e-05,6.000000000000000000e+00,2.000000000000000000e+00,-3.667287644682749407e-13,3.806856424844966558e-01,3.806856424844855535e-01,3.936000000000001431e+09,1.000000000000000000e+00
3.449999999999999833e-05,6.000000000000000000e+00,2.000000000000000000e+00,-3.667287644682749407e-13,3.806856424844978770e-01,3.806856424844867748e-01,3.936000000000001431e+09,1.000000000000000000e+00
3.454166666666666827e-05,6.000000000000000000e+00,2.000000000000000000e+00,-3.667287644682749407e-13,3.806856424844990983e-01,3.806856424844879960e-01,3.936000000000001431e+09,1.000000000000000000e+00
3.458333333333333143e-05,6.000000000000000000e+00,2.000000000000000000e+00,-3.667287644682749407e-13,3.806856424845003750e-01,3.806856424844892173e-01,3.936000000000001431e+09,1.000000000000000000e+00
3.462500000000000137e-05,6.000000000000000000e+00,2.000000000000000000e+00,-3.667287644682749407e-13,3.806856424845015963e-01,3.806856424844904385e-01,3.936000000000001431e+09,1.000000000000000000e+00
3.466666666666666453e-05,6.000000000000000000e+00,2.000000000000000000e+00,-3.667287644682749407e-13,3.806856424845028175e-01,3.806856424844916598e-01,3.936000000000001431e+09,1.000000000000000000e+00
3.470833333333333447e-05,6.000000000000000000e+00,2.000000000000000000e+00,-3.667287644682749407e-13,3.806856424845040388e-01,3.806856424844928810e-01,3.936000000000001431e+09,1.000000000000000000e+00
3.474999999999999763e-05,6.000000000000000000e+00,2.000000000000000000e+00,-3.667287644682749407e-13,3.806856424845053155e-01,3.806856424844941023e-01,3.936000000000001431e+09,1.000000000000000000e+00
3.479166666666666757e-05,6.000000000000000000e+00,2.000000000000000000e+00,-3.667287644682749407e-13,3.806856424845065368e-01,3.806856424844953235e-01,3.936000000000001431e+09,1.000000000000000000e+00
3.483333333333333073e-05,6.000000000000000000e+00,2.000000000000000000e+00,-3.667287644682749407e-13,3.806856424845077580e-01,3.806856424844966003e-01,3.936000000000001431e+09,1.000000000000000000e+00
3.487500000000000067e-05,6.000000000000000000e+00,2.000000000000000000e+00,-3.667287644682749407e-13,3.806856424845089792e-01,3.806856424844978215e-01,3.936000000000001431e+09,1.000000000000000000e+00
3.491666666666666383e-05,6.000000000000000000e+00,2.000000000000000000e+00,-3.667287644682749407e-13,3.806856424845102005e-01,3.806856424844990427e-01,3.936000000000001907e+09,1.000000000000000000e+00
3.495833333333333377e-05,6.000000000000000000e+00,2.000000000000000000e+00,-3.667287644682749407e-13,3.806856424845114217e-01,3.806856424845002640e-01,3.936000000000001907e+09,1.000000000000000000e+00
3.499999999999999693e-05,6.000000000000000000e+00,2.000000000000000000e+00,-3.667287644682749407e-13,3.806856424845126430e-01,3.806856424845015407e-01,3.936000000000001907e+09,1.000000000000000000e+00
3.504166666666666687e-05,6.000000000000000000e+00,2.000000000000000000e+00,-3.667287644682749407e-13,3.806856424845138642e-01,3.806856424845027620e-01,3.936000000000001907e+09,1.000000000000000000e+00
3.508333333333333003e-05,6.000000000000000000e+00,2.000000000000000000e+00,-3.667287644682749407e-13,3.806856424845150855e-01,3.806856424845039832e-01,3.936000000000001907e+09,1.000000000000000000e+00
3.512499999999999997e-05,6.000000000000000000e+00,2.000000000000000000e+00,-3.667287644682749407e-13,3.806856424845163622e-01,3.806856424845052045e-01,3.936000000000001907e+09,1.000000000000000000e+00
3.516666666666666991e-05,6.000000000000000000e+00,2.000000000000000000e+00,-3.667287644682749407e-13,3.806856424845175835e-01,3.806856424845064257e-01,3.936000000000001907e+09,1.000000000000000000e+00
3.520833333333333307e-05,6.000000000000000000e+00,2.000000000000000000e+00,-3.667287644682749407e-13,3.806856424845188047e-01,3.806856424845076470e-01,3.936000000000001907e+09,1.000000000000000000e+00
3.525000000000000301e-05,6.000000000000000000e+00,2.000000000000000000e+00,-3.667287644682749407e-13,3.806856424845200260e-01,3.806856424845088682e-01,3.936000000000001907e+09,1.000000000000000000e+00
3.529166666666666617e-05,6.000000000000000000e+00,2.000000000000000000e+00,-3.667287644682749407e-13,3.806856424845213027e-01,3.806856424845100895e-01,3.936000000000001907e+09,1.000000000000000000e+00
3.533333333333333611e-05,6.000000000000000000e+00,2.000000000000000000e+00,-3.667287644682749407e-13,3.806856424845225240e-01,3.806856424845113107e-01,3.936000000000001907e+09,1.000000000000000000e+00
3.537499999999999927e-05,6.000000000000000000e+00,2.000000000000000000e+00,-3.667287644682749407e-13,3.806856424845237452e-01,3.806856424845125875e-01,3.936000000000001907e+09,1.000000000000000000e+00
3.541666666666666921e-05,6.000000000000000000e+00,2.000000000000000000e+00,-3.667287644682749407e-13,3.806856424845249665e-01,3.806856424845138087e-01,3.936000000000001907e+09,1.000000000000000000e+00
3.545833333333333237e-05,6.000000000000000000e+00,2.000000000000000000e+00,-3.667287644682749407e-13,3.806856424845261877e-01,3.806856424845150300e-01,3.936000000000001907e+09,1.000000000000000000e+00
3.550000000000000231e-05,6.000000000000000000e+00,2.000000000000000000e+00,-3.667287644682749407e-13,3.806856424845274089e-01,3.806856424845162512e-01,3.936000000000001907e+09,1.000000000000000000e+00
3.554166666666666547e-05,6.000000000000000000e+00,2.000000000000000000e+00,-3.667287644682749407e-13,3.806856424845286302e-01,3.806856424845175280e-01,3.936000000000001907e+09,1.000000000000000000e+00
3.558333333333333541e-05,6.000000000000000000e+00,2.000000000000000000e+00,-3.667287644682749407e-13,3.806856424845298514e-01,3.806856424845187492e-01,3.936000000000001907e+09,1.000000000000000000e+00
3.562499999999999857e-05,6.000000000000000000e+00,2.000000000000000000e+00,-3.667287644682749407e-13,3.806856424845310727e-01,3.806856424845199705e-01,3.936000000000001907e+09,1.000000000000000000e+00
3.566666666666666851e-05,6.000000000000000000e+00,2.000000000000000000e+00,-3.667287644682749407e-13,3.806856424845323494e-01,3.806856424845211917e-01,3.936000000000001907e+09,1.000000000000000000e+00
3.570833333333333167e-05,6.000000000000000000e+00,2.000000000000000000e+00,-3.667287644682749407e-13,3.806856424845335707e-01,3.806856424845224129e-01,3.936000000000001907e+09,1.000000000000000000e+00
3.575000000000000161e-05,6.000000000000000000e+00,2.000000000000000000e+00,-3.667287644682749407e-13,3.806856424845347919e-01,3.806856424845236342e-01,3.936000000000002384e+09,1.000000000000000000e+00
3.579166666666666477e-05,6.000000000000000000e+00,2.000000000000000000e+00,-3.667287644682749407e-13,3.806856424845360132e-01,3.806856424845248554e-01,3.936000000000002384e+09,1.000000000000000000e+00
3.583333333333333471e-05,6.000000000000000000e+00,2.000000000000000000e+00,-3.667287644682749407e-13,3.806856424845372899e-01,3.806856424845260767e-01,3.936000000000002384e+09,1.000000000000000000e+00
3.587499999999999787e-05,6.000000000000000000e+00,2.000000000000000000e+00,-3.667287644682749407e-13,3.806856424845385112e-01,3.806856424845272979e-01,3.936000000000002384e+09,1.000000000000000000e+00
3.591666666666666781e-05,6.000000000000000000e+00,2.000000000000000000e+00,-3.667287644682749407e-13,3.806856424845397324e-01,3.806856424845285747e-01,3.936000000000002384e+09,1.000000000000000000e+00
3.595833333333333097e-05,6.000000000000000000e+00,2.000000000000000000e+00,-3.667287644682749407e-13,3.806856424845409537e-01,3.806856424845297959e-01,3.936000000000002384e+09,1.000000000000000000e+00
3.600000000000000091e-05,6.000000000000000000e+00,2.000000000000000000e+00,-3.667287644682749407e-13,3.806856424845421749e-01,3.806856424845310172e-01,3.936000000000002384e+09,1.000000000000000000e+00
3.604166666666666407e-05,6.000000000000000000e+00,2.000000000000000000e+00,-3.667287644682749407e-13,3.806856424845433962e-01,3.806856424845322384e-01,3.936000000000002384e+09,1.000000000000000000e+00
3.608333333333333401e-05,6.000000000000000000e+00,2.000000000000000000e+00,-3.667287644682749407e-13,3.806856424845446174e-01,3.806856424845335152e-01,3.936000000000002384e+09,1.000000000000000000e+00
3.612499999999999717e-05,6.000000000000000000e+00,2.000000000000000000e+00,-3.667287644682749407e-13,3.806856424845458386e-01,3.806856424845347364e-01,3.936000000000002384e+09,1.000000000000000000e+00
3.616666666666666711e-05,6.000000000000000000e+00,2.000000000000000000e+00,-3.667287644682749407e-13,3.806856424845470599e-01,3.806856424845359577e-01,3.936000000000002384e+09,1.000000000000000000e+00
3.620833333333333027e-05,6.000000000000000000e+00,2.000000000000000000e+00,-3.667287644682749407e-13,3.806856424845483367e-01,3.806856424845371789e-01,3.936000000000002384e+09,1.000000000000000000e+00
3.625000000000000021e-05,6.000000000000000000e+00,2.000000000000000000e+00,-3.667287644682749407e-13,3.806856424845495579e-01,3.806856424845384002e-01,3.936000000000002384e+09,1.000000000000000000e+00
3.629166666666666337e-05,6.000000000000000000e+00,2.000000000000000000e+00,-3.667287644682749407e-13,3.806856424845507791e-01,3.806856424845396214e-01,3.936000000000002384e+09,1.000000000000000000e+00
3.633333333333333331e-05,6.000000000000000000e+00,2.000000000000000000e+00,-3.667287644682749407e-13,3.806856424845520004e-01,3.806856424845408426e-01,3.936000000000002384e+09,1.000000000000000000e+00
3.637500000000000325e-05,6.000000000000000000e+00,2.000000000000000000e+00,-3.667287644682749407e-13,3.806856424845532771e-01,3.806856424845420639e-01,3.936000000000002384e+09,1.000000000000000000e+00
3.641666666666666641e-05,6.000000000000000000e+00,2.000000000000000000e+00,-3.667287644682749407e-13,3.806856424845544984e-01,3.806856424845432851e-01,3.936000000000002384e+09,1.000000000000000000e+00
3.645833333333333635e-05,6.000000000000000000e+00,2.000000000000000000e+00,-3.667287644682749407e-13,3.806856424845557196e-01,3.806856424845445619e-01,3.936000000000002384e+09,1.000000000000000000e+00
3.649999999999999951e-05,6.000000000000000000e+00,2.000000000000000000e+00,-3.667287644682749407e-13,3.806856424845569409e-01,3.806856424845457831e-01,3.936000000000002384e+09,1.000000000000000000e+00
3.654166666666666945e-05,6.000000000000000000e+00,2.000000000000000000e+00,-3.667287644682749407e-13,3.806856424845581621e-01,3.806856424845470044e-01,3.936000000000002861e+09,1.000000000000000000e+00
3.658333333333333261e-05,6.000000000000000000e+00,2.000000000000000000e+00,-3.667287644682749407e-13,3.806856424845593834e-01,3.806856424845482256e-01,3.936000000000002861e+09,1.000000000000000000e+00
3.662500000000000255e-05,6.000000000000000000e+00,2.000000000000000000e+00,-3.667287644682749407e-13,3.806856424845606046e-01,3.806856424845495024e-01,3.936000000000002861e+09,1.000000000000000000e+00
3.666666666666666571e-05,6.000000000000000000e+00,2.000000000000000000e+00,-3.667287644682749407e-13,3.806856424845618259e-01,3.806856424845507236e-01,3.936000000000002861e+09,1.000000000000000000e+00
3.670833333333333565e-05,6.000000000000000000e+00,2.000000000000000000e+00,-3.667287644682749407e-13,3.806856424845630471e-01,3.806856424845519449e-01,3.936000000000002861e+09,1.000000000000000000e+00
3.674999999999999881e-05,6.000000000000000000e+00,2.000000000000000000e+00,-3.667287644682749407e-13,3.806856424845643239e-01,3.806856424845531661e-01,3.936000000000002861e+09,1.000000000000000000e+00
3.679166666666666875e-05,6.000000000000000000e+00,2.000000000000000000e+00,-3.667287644682749407e-13,3.806856424845655451e-01,3.806856424845543874e-01,3.936000000000002861e+09,1.000000000000000000e+00
3.683333333333333191e-05,6.000000000000000000e+00,2.000000000000000000e+00,-3.667287644682749407e-13,3.806856424845667664e-01,3.806856424845556086e-01,3.936000000000002861e+09,1.000000000000000000e+00
3.687500000000000185e-05,6.000000000000000000e+00,2.000000000000000000e+00,-3.667287644682749407e-13,3.806856424845679876e-01,3.806856424845568299e-01,3.936000000000002861e+09,1.000000000000000000e+00
3.691666666666666501e-05,6.000000000000000000e+00,2.000000000000000000e+00,-3.667287644682749407e-13,3.806856424845692644e-01,3.806856424845580511e-01,3.936000000000002861e+09,1.000000000000000000e+00
3.695833333333333495e-05,6.000000000000000000e+00,2.000000000000000000e+00,-3.667287644682749407e-13,3.806856424845704856e-01,3.806856424845592723e-01,3.936000000000002861e+09,1.000000000000000000e+00
3.699999999999999811e-05,6.000000000000000000e+00,2.000000000000000000e+00,-3.667287644682749407e-13,3.806856424845717068e-01,3.806856424845605491e-01,3.936000000000002861e+09,1.000000000000000000e+00
3.704166666666666805e-05,6.000000000000000000e+00,2.000000000000000000e+00,-3.667287644682749407e-13,3.806856424845729281e-01,3.806856424845617703e-01,3.936000000000002861e+09,1.000000000000000000e+00
3.708333333333333121e-05,6.000000000000000000e+00,2.000000000000000000e+00,-3.667287644682749407e-13,3.806856424845741493e-01,3.806856424845629916e-01,3.936000000000002861e+09,1.000000000000000000e+00
3.712500000000000115e-05,6.000000000000000000e+00,2.000000000000000000e+00,-3.667287644682749407e-13,3.806856424845753706e-01,3.806856424845642684e-01,3.936000000000002861e+09,1.000000000000000000e+00
3.716666666666666431e-05,6.000000000000000000e+00,2.000000000000000000e+00,-3.667287644682749407e-13,3.806856424845765918e-01,3.806856424845654896e-01,3.936000000000002861e+09,1.000000000000000000e+00
3.720833333333333425e-05,6.000000000000000000e+00,2.000000000000000000e+00,-3.667287644682749407e-13,3.806856424845778131e-01,3.806856424845667108e-01,3.936000000000002861e+09,1.000000000000000000e+00
3.724999999999999741e-05,6.000000000000000000e+00,2.000000000000000000e+00,-3.667287644682749407e-13,3.806856424845790343e-01,3.806856424845679321e-01,3.936000000000002861e+09,1.000000000000000000e+00
3.729166666666666735e-05,6.000000000000000000e+00,2.000000000000000000e+00,-3.667287644682749407e-13,3.806856424845803111e-01,3.806856424845691533e-01,3.936000000000002861e+09,1.000000000000000000e+00
3.733333333333333051e-05,6.000000000000000000e+00,2.000000000000000000e+00,-3.667287644682749407e-13,3.806856424845815323e-01,3.806856424845703746e-01,3.936000000000003338e+09,1.000000000000000000e+00
3.737500000000000045e-05,6.000000000000000000e+00,2.000000000000000000e+00,-3.667287644682749407e-13,3.806856424845827536e-01,3.806856424845715958e-01,3.936000000000003338e+09,1.000000000000000000e+00
3.741666666666666361e-05,6.000000000000000000e+00,2.000000000000000000e+00,-3.667287644682749407e-13,3.806856424845840303e-01,3.806856424845728171e-01,3.936000000000003338e+09,1.000000000000000000e+00
3.745833333333333355e-05,6.000000000000000000e+00,2.000000000000000000e+00,-3.667287644682749407e-13,3.806856424845852516e-01,3.806856424845740383e-01,3.936000000000003338e+09,1.000000000000000000e+00
3.749999999999999671e-05,6.000000000000000000e+00,2.000000000000000000e+00,-3.667287644682749407e-13,3.806856424845864728e-01,3.806856424845752596e-01,3.936000000000003338e+09,1.000000000000000000e+00
3.754166666666666665e-05,6.000000000000000000e+00,2.000000000000000000e+00,-3.667287644682749407e-13,3.806856424845876941e-01,3.806856424845765363e-01,3.936000000000003338e+09,1.000000000000000000e+00
3.758333333333333659e-05,6.000000000000000000e+00,2.000000000000000000e+00,-3.667287644682749407e-13,3.806856424845889153e-01,3.806856424845777576e-01,3.936000000000003338e+09,1.000000000000000000e+00
3.762499999999999975e-05,6.000000000000000000e+00,2.000000000000000000e+00,-3.667287644682749407e-13,3.806856424845901365e-01,3.806856424845789788e-01,3.936000000000003338e+09,1.000000000000000000e+00
3.766666666666666969e-05,6.000000000000000000e+00,2.000000000000000000e+00,-3.667287644682749407e-13,3.806856424845913578e-01,3.806856424845802556e-01,3.936000000000003338e+09,1.000000000000000000e+00
3.770833333333333285e-05,6.000000000000000000e+00,2.000000000000000000e+00,-3.667287644682749407e-13,3.806856424845925790e-01,3.806856424845814768e-01,3.936000000000003338e+09,1.000000000000000000e+00
3.775000000000000279e-05,6.000000000000000000e+00,2.000000000000000000e+00,-3.667287644682749407e-13,3.806856424845938003e-01,3.806856424845826981e-01,3.936000000000003338e+09,1.000000000000000000e+00
3.779166666666666595e-05,6.000000000000000000e+00,2.000000000000000000e+00,-3.667287644682749407e-13,3.806856424845950215e-01,3.806856424845839193e-01,3.936000000000003338e+09,1.000000000000000000e+00
3.783333333333333589e-05,6.000000000000000000e+00,2.000000000000000000e+00,-3.667287644682749407e-13,3.806856424845962983e-01,3.806856424845851405e-01,3.936000000000003338e+09,1.000000000000000000e+00
3.787499999999999905e-05,6.000000000000000000e+00,2.000000000000000000e+00,-3.667287644682749407e-13,3.806856424845975195e-01,3.806856424845863618e-01,3.936000000000003338e+09,1.000000000000000000e+00
3.791666666666666899e-05,6.000000000000000000e+00,2.000000000000000000e+00,-3.667287644682749407e-13,3.806856424845987408e-01,3.806856424845875830e-01,3.936000000000003338e+09,1.000000000000000000e+00
3.795833333333333215e-05,6.000000000000000000e+00,2.000000000000000000e+00,-3.667287644682749407e-13,3.806856424846000175e-01,3.806856424845888043e-01,3.936000000000003338e+09,1.000000000000000000e+00
3.800000000000000209e-05,6.000000000000000000e+00,2.000000000000000000e+00,-3.667287644682749407e-13,3.806856424846012388e-01,3.806856424845900255e-01,3.936000000000003338e+09,1.000000000000000000e+00
3.804166666666666525e-05,6.000000000000000000e+00,2.000000000000000000e+00,-3.667287644682749407e-13,3.806856424846024600e-01,3.806856424845912468e-01,3.936000000000003338e+09,1.000000000000000000e+00
3.808333333333333519e-05,6.000000000000000000e+00,2.000000000000000000e+00,-3.667287644682749407e-13,3.806856424846036813e-01,3.806856424845925235e-01,3.936000000000003338e+09,1.000000000000000000e+00
3.812499999999999835e-05,6.000000000000000000e+00,2.000000000000000000e+00,-3.667287644682749407e-13,3.806856424846049025e-01,3.806856424845937448e-01,3.936000000000003338e+09,1.000000000000000000e+00
3.816666666666666829e-05,6.000000000000000000e+00,2.000000000000000000e+00,-3.667287644682749407e-13,3.806856424846061238e-01,3.806856424845949660e-01,3.936000000000003815e+09,1.000000000000000000e+00
3.820833333333333145e-05,6.000000000000000000e+00,2.000000000000000000e+00,-3.667287644682749407e-13,3.806856424846073450e-01,3.806856424845962428e-01,3.936000000000003815e+09,1.000000000000000000e+00
3.825000000000000139e-05,6.000000000000000000e+00,2.000000000000000000e+00,-3.667287644682749407e-13,3.806856424846085662e-01,3.806856424845974640e-01,3.936000000000003815e+09,1.000000000000000000e+00
3.829166666666666455e-05,6.000000000000000000e+00,2.000000000000000000e+00,-3.667287644682749407e-13,3.806856424846097875e-01,3.806856424845986853e-01,3.936000000000003815e+09,1.000000000000000000e+00
3.833333333333333449e-05,6.000000000000000000e+00,2.000000000000000000e+00,-3.667287644682749407e-13,3.806856424846110087e-01,3.806856424845999065e-01,3.936000000000003815e+09,1.000000000000000000e+00
3.837499999999999765e-05,6.000000000000000000e+00,2.000000000000000000e+00,-3.667287644682749407e-13,3.806856424846122855e-01,3.806856424846011278e-01,3.936000000000003815e+09,1.000000000000000000e+00
3.841666666666666759e-05,6.000000000000000000e+00,2.000000000000000000e+00,-3.667287644682749407e-13,3.806856424846135067e-01,3.806856424846023490e-01,3.936000000000003815e+09,1.000000000000000000e+00
3.845833333333333075e-05,6.000000000000000000e+00,2.000000000000000000e+00,-3.667287644682749407e-13,3.806856424846147280e-01,3.806856424846035702e-01,3.936000000000003815e+09,1.000000000000000000e+00
3.850000000000000069e-05,6.000000000000000000e+00,2.000000000000000000e+00,-3.667287644682749407e-13,3.806856424846160047e-01,3.806856424846047915e-01,3.936000000000003815e+09,1.000000000000000000e+00
3.854166666666666385e-05,6.000000000000000000e+00,2.000000000000000000e+00,-3.667287644682749407e-13,3.806856424846172260e-01,3.806856424846060127e-01,3.936000000000003815e+09,1.000000000000000000e+00
3.858333333333333379e-05,6.000000000000000000e+00,2.000000000000000000e+00,-3.667287644682749407e-13,3.806856424846184472e-01,3.806856424846072340e-01,3.936000000000003815e+09,1.000000000000000000e+00
3.862499999999999696e-05,6.000000000000000000e+00,2.000000000000000000e+00,-3.667287644682749407e-13,3.806856424846196685e-01,3.806856424846085107e-01,3.936000000000003815e+09,1.000000000000000000e+00
3.866666666666666689e-05,6.000000000000000000e+00,2.000000000000000000e+00,-3.667287644682749407e-13,3.806856424846208897e-01,3.806856424846097320e-01,3.936000000000003815e+09,1.000000000000000000e+00
3.870833333333333006e-05,6.000000000000000000e+00,2.000000000000000000e+00,-3.667287644682749407e-13,3.806856424846221110e-01,3.806856424846109532e-01,3.936000000000003815e+09,1.000000000000000000e+00
3.874999999999999999e-05,6.000000000000000000e+00,2.000000000000000000e+00,-3.667287644682749407e-13,3.806856424846233322e-01,3.806856424846122300e-01,3.936000000000003815e+09,1.000000000000000000e+00
3.879166666666666993e-05,6.000000000000000000e+00,2.000000000000000000e+00,-3.667287644682749407e-13,3.806856424846245535e-01,3.806856424846134512e-01,3.936000000000003815e+09,1.000000000000000000e+00
3.883333333333333309e-05,6.000000000000000000e+00,2.000000000000000000e+00,-3.667287644682749407e-13,3.806856424846257747e-01,3.806856424846146725e-01,3.936000000000003815e+09,1.000000000000000000e+00
3.887500000000000303e-05,6.000000000000000000e+00,2.000000000000000000e+00,-3.667287644682749407e-13,3.806856424846269960e-01,3.806856424846158937e-01,3.936000000000003815e+09,1.000000000000000000e+00
3.891666666666666619e-05,6.000000000000000000e+00,2.000000000000000000e+00,-3.667287644682749407e-13,3.806856424846282727e-01,3.806856424846171150e-01,3.936000000000003815e+09,1.000000000000000000e+00
3.895833333333333613e-05,6.000000000000000000e+00,2.000000000000000000e+00,-3.667287644682749407e-13,3.806856424846294940e-01,3.806856424846183362e-01,3.936000000000004292e+09,1.000000000000000000e+00
3.899999999999999929e-05,6.000000000000000000e+00,2.000000000000000000e+00,-3.667287644682749407e-13,3.806856424846307152e-01,3.806856424846195575e-01,3.936000000000004292e+09,1.000000000000000000e+00
3.904166666666666923e-05,6.000000000000000000e+00,2.000000000000000000e+00,-3.667287644682749407e-13,3.806856424846319920e-01,3.806856424846207787e-01,3.936000000000004292e+09,1.000000000000000000e+00
3.908333333333333239e-05,6.000000000000000000e+00,2.000000000000000000e+00,-3.667287644682749407e-13,3.806856424846332132e-01,3.806856424846219999e-01,3.936000000000004292e+09,1.000000000000000000e+00
3.912500000000000233e-05,6.000000000000000000e+00,2.000000000000000000e+00,-3.667287644682749407e-13,3.806856424846344344e-01,3.806856424846232212e-01,3.936000000000004292e+09,1.000000000000000000e+00
3.916666666666666549e-05,6.000000000000000000e+00,2.000000000000000000e+00,-3.667287644682749407e-13,3.806856424846356557e-01,3.806856424846244979e-01,3.936000000000004292e+09,1.000000000000000000e+00
3.920833333333333543e-05,6.000000000000000000e+00,2.000000000000000000e+00,-3.667287644682749407e-13,3.806856424846368769e-01,3.806856424846257192e-01,3.936000000000004292e+09,1.000000000000000000e+00
3.924999999999999859e-05,6.000000000000000000e+00,2.000000000000000000e+00,-3.667287644682749407e-13,3.806856424846380982e-01,3.806856424846269404e-01,3.936000000000004292e+09,1.000000000000000000e+00
3.929166666666666853e-05,6.000000000000000000e+00,2.000000000000000000e+00,-3.667287644682749407e-13,3.806856424846393194e-01,3.806856424846282172e-01,3.936000000000004292e+09,1.000000000000000000e+00
3.933333333333333169e-05,6.000000000000000000e+00,2.000000000000000000e+00,-3.667287644682749407e-13,3.806856424846405407e-01,3.806856424846294384e-01,3.936000000000004292e+09,1.000000000000000000e+00
3.937500000000000163e-05,6.000000000000000000e+00,2.000000000000000000e+00,-3.667287644682749407e-13,3.806856424846417619e-01,3.806856424846306597e-01,3.936000000000004292e+09,1.000000000000000000e+00
3.941666666666666479e-05,6.000000000000000000e+00,2.000000000000000000e+00,-3.667287644682749407e-13,3.806856424846429832e-01,3.806856424846318809e-01,3.936000000000004292e+09,1.000000000000000000e+00
3.945833333333333473e-05,6.000000000000000000e+00,2.000000000000000000e+00,-3.667287644682749407e-13,3.806856424846442599e-01,3.806856424846331022e-01,3.936000000000004292e+09,1.000000000000000000e+00
3.949999999999999789e-05,6.000000000000000000e+00,2.000000000000000000e+00,-3.667287644682749407e-13,3.806856424846454812e-01,3.806856424846343234e-01,3.936000000000004292e+09,1.000000000000000000e+00
3.954166666666666783e-05,6.000000000000000000e+00,2.000000000000000000e+00,-3.667287644682749407e-13,3.806856424846467024e-01,3.806856424846355447e-01,3.936000000000004292e+09,1.000000000000000000e+00
3.958333333333333100e-05,6.000000000000000000e+00,2.000000000000000000e+00,1.452260639077581535e-12,3.806856424846479792e-01,3.806856424846367659e-01,3.936000000000004292e+09,1.000000000000000000e+00
3.962500000000000093e-05,6.000000000000000000e+00,2.000000000000000000e+00,3.271250042623437809e-12,3.806856424846093434e-01,3.806856424846343234e-01,3.936000000000003815e+09,1.000000000000000000e+00
3.966666666666666410e-05,6.000000000000000000e+00,2.000000000000000000e+00,3.271250042623437809e-12,3.806856424845528331e-01,3.806856424846266074e-01,3.936000000000002384e+09,1.000000000000000000e+00
3.970833333333333403e-05,6.000000000000000000e+00,2.000000000000000000e+00,3.271250042623437809e-12,3.806856424845260767e-01,3.806856424846170039e-01,3.936000000000001907e+09,1.000000000000000000e+00
3.974999999999999720e-05,6.000000000000000000e+00,2.000000000000000000e+00,3.271250042623437809e-12,3.806856424845097564e-01,3.806856424846066234e-01,3.936000000000001431e+09,1.000000000000000000e+00
3.979166666666666713e-05,6.000000000000000000e+00,2.000000000000000000e+00,3.271250042623437809e-12,3.806856424844969888e-01,3.806856424845960207e-01,3.936000000000001431e+09,1.000000000000000000e+00
3.983333333333333030e-05,6.000000000000000000e+00,2.000000000000000000e+00,3.271250042623437809e-12,3.806856424844856090e-01,3.806856424845853626e-01,3.936000000000000954e+09,1.000000000000000000e+00
3.987500000000000023e-05,6.000000000000000000e+00,2.000000000000000000e+00,3.271250042623437809e-12,3.806856424844746178e-01,3.806856424845746489e-01,3.936000000000000954e+09,1.000000000000000000e+00
3.991666666666666340e-05,6.000000000000000000e+00,2.000000000000000000e+00,3.271250042623437809e-12,3.806856424844638487e-01,3.806856424845639353e-01,3.936000000000000954e+09,1.000000000000000000e+00
3.995833333333333333e-05,6.000000000000000000e+00,2.000000000000000000e+00,3.271250042623437809e-12,3.806856424844530795e-01,3.806856424845531661e-01,3.936000000000000477e+09,1.000000000000000000e+00
