time_s,code,state,phase_error_rad,vctrl_v,vc1_v,fvco_hz,searches
0.000000000000000000e+00,1.270000000000000000e+02,0.000000000000000000e+00,6.999999999999999556e-01,5.999999999999999778e-01,5.999999999999999778e-01,3.118438937665384293e+09,1.000000000000000000e+00
4.166666666666666919e-08,1.270000000000000000e+02,0.000000000000000000e+00,2.913148364812973012e-01,5.999999999999999778e-01,5.999999999999999778e-01,3.118438937665384293e+09,1.000000000000000000e+00
8.333333333333333839e-08,1.270000000000000000e+02,0.000000000000000000e+00,-1.173703270374082119e-01,5.999999999999999778e-01,5.999999999999999778e-01,3.118438937665384293e+09,1.000000000000000000e+00
1.249999999999999943e-07,1.270000000000000000e+02,0.000000000000000000e+00,-5.260554905561066752e-01,5.999999999999999778e-01,5.999999999999999778e-01,3.118438937665384293e+09,1.000000000000000000e+00
1.666666666666666768e-07,1.270000000000000000e+02,0.000000000000000000e+00,-9.347406540748049997e-01,5.999999999999999778e-01,5.999999999999999778e-01,3.118438937665384293e+09,1.000000000000000000e+00
2.083333333333333327e-07,1.270000000000000000e+02,0.000000000000000000e+00,-1.343425817593503435e+00,5.999999999999999778e-01,5.999999999999999778e-01,3.118438937665384293e+09,1.000000000000000000e+00
2.499999999999999887e-07,1.270000000000000000e+02,0.000000000000000000e+00,-1.752110981112201982e+00,5.999999999999999778e-01,5.999999999999999778e-01,3.118438937665384293e+09,1.000000000000000000e+00
2.916666666666666446e-07,1.270000000000000000e+02,0.000000000000000000e+00,-2.160796144630900084e+00,5.999999999999999778e-01,5.999999999999999778e-01,3.118438937665384293e+09,1.000000000000000000e+00
3.333333333333333535e-07,1.270000000000000000e+02,0.000000000000000000e+00,-2.569481308149598853e+00,5.999999999999999778e-01,5.999999999999999778e-01,3.118438937665384293e+09,1.000000000000000000e+00
3.750000000000000095e-07,1.270000000000000000e+02,0.000000000000000000e+00,-2.978166471668297177e+00,5.999999999999999778e-01,5.999999999999999778e-01,3.118438937665384293e+09,1.000000000000000000e+00
4.166666666666666655e-07,1.270000000000000000e+02,0.000000000000000000e+00,2.896333671992590730e+00,5.999999999999999778e-01,5.999999999999999778e-01,3.118438937665384293e+09,1.000000000000000000e+00
4.583333333333333214e-07,1.270000000000000000e+02,0.000000000000000000e+00,2.487648508473892406e+00,5.999999999999999778e-01,5.999999999999999778e-01,3.118438937665384293e+09,1.000000000000000000e+00
4.999999999999999774e-07,1.270000000000000000e+02,0.000000000000000000e+00,2.078963344955194081e+00,5.999999999999999778e-01,5.999999999999999778e-01,3.118438937665384293e+09,1.000000000000000000e+00
5.416666666666666333e-07,1.270000000000000000e+02,0.000000000000000000e+00,1.670278181436495757e+00,5.999999999999999778e-01,5.999999999999999778e-01,3.118438937665384293e+09,1.000000000000000000e+00
5.833333333333332893e-07,1.270000000000000000e+02,0.000000000000000000e+00,1.261593017917797210e+00,5.999999999999999778e-01,5.999999999999999778e-01,3.118438937665384293e+09,1.000000000000000000e+00
6.250000000000000511e-07,1.270000000000000000e+02,0.000000000000000000e+00,8.529078543990988859e-01,5.999999999999999778e-01,5.999999999999999778e-01,3.118438937665384293e+09,1.000000000000000000e+00
6.666666666666667071e-07,1.270000000000000000e+02,0.000000000000000000e+00,4.442226908804004504e-01,5.999999999999999778e-01,5.999999999999999778e-01,3.118438937665384293e+09,1.000000000000000000e+00
7.083333333333333630e-07,1.270000000000000000e+02,0.000000000000000000e+00,3.553752736170203569e-02,5.999999999999999778e-01,5.999999999999999778e-01,3.118438937665384293e+09,1.000000000000000000e+00
7.500000000000000190e-07,1.270000000000000000e+02,0.000000000000000000e+00,-3.731476361569964206e-01,5.999999999999999778e-01,5.999999999999999778e-01,3.118438937665384293e+09,1.000000000000000000e+00
7.916666666666666750e-07,1.270000000000000000e+02,0.000000000000000000e+00,-7.818327996756947451e-01,5.999999999999999778e-01,5.999999999999999778e-01,3.118438937665384293e+09,1.000000000000000000e+00
8.333333333333333309e-07,1.270000000000000000e+02,0.000000000000000000e+00,-1.190517963194393181e+00,5.999999999999999778e-01,5.999999999999999778e-01,3.118438937665384293e+09,1.000000000000000000e+00
8.749999999999999869e-07,1.270000000000000000e+02,0.000000000000000000e+00,-1.599203126713148571e+00,5.999999999999999778e-01,5.999999999999999778e-01,3.118438937665384293e+09,1.000000000000000000e+00
9.166666666666666428e-07,1.270000000000000000e+02,0.000000000000000000e+00,-2.007888290231846895e+00,5.999999999999999778e-01,5.999999999999999778e-01,3.118438937665384293e+09,1.000000000000000000e+00
9.583333333333334047e-07,1.270000000000000000e+02,0.000000000000000000e+00,-2.416573453750545220e+00,5.999999999999999778e-01,5.999999999999999778e-01,3.118438937665384293e+09,1.000000000000000000e+00
9.999999999999999547e-07,1.270000000000000000e+02,0.000000000000000000e+00,-2.825258617269243544e+00,5.999999999999999778e-01,5.999999999999999778e-01,3.118438937665384293e+09,1.000000000000000000e+00
1.041666666666666717e-06,1.270000000000000000e+02,0.000000000000000000e+00,3.049241526391644364e+00,5.999999999999999778e-01,5.999999999999999778e-01,3.118438937665384293e+09,1.000000000000000000e+00
1.083333333333333267e-06,1.270000000000000000e+02,0.000000000000000000e+00,2.640556362872946039e+00,5.999999999999999778e-01,5.999999999999999778e-01,3.118438937665384293e+09,1.000000000000000000e+00
1.125000000000000029e-06,1.270000000000000000e+02,0.000000000000000000e+00,2.231871199354247715e+00,5.999999999999999778e-01,5.999999999999999778e-01,3.118438937665384293e+09,1.000000000000000000e+00
1.166666666666666579e-06,1.270000000000000000e+02,0.000000000000000000e+00,1.823186035835549168e+00,5.999999999999999778e-01,5.999999999999999778e-01,3.118438937665384293e+09,1.000000000000000000e+00
1.208333333333333340e-06,1.270000000000000000e+02,0.000000000000000000e+00,1.414500872316850622e+00,5.999999999999999778e-01,5.999999999999999778e-01,3.118438937665384293e+09,1.000000000000000000e+00
1.250000000000000102e-06,1.270000000000000000e+02,0.000000000000000000e+00,1.005815708798152297e+00,5.999999999999999778e-01,5.999999999999999778e-01,3.118438937665384293e+09,1.000000000000000000e+00
1.291666666666666652e-06,1.270000000000000000e+02,0.000000000000000000e+00,5.971305452794538615e-01,5.999999999999999778e-01,5.999999999999999778e-01,3.118438937665384293e+09,1.000000000000000000e+00
1.333333333333333414e-06,1.270000000000000000e+02,0.000000000000000000e+00,1.884453817607554260e-01,5.999999999999999778e-01,5.999999999999999778e-01,3.118438937665384293e+09,1.000000000000000000e+00
1.374999999999999964e-06,1.270000000000000000e+02,0.000000000000000000e+00,-2.202397817579429817e-01,5.999999999999999778e-01,5.999999999999999778e-01,3.118438937665384293e+09,1.000000000000000000e+00
1.416666666666666726e-06,1.910000000000000000e+02,0.000000000000000000e+00,-6.289249452766413340e-01,5.999999999999999778e-01,5.999999999999999778e-01,2.849525609174380302e+09,1.000000000000000000e+00
1.458333333333333276e-06,1.910000000000000000e+02,0.000000000000000000e+00,-2.323916499796278679e+00,5.999999999999999778e-01,5.999999999999999778e-01,2.849525609174380302e+09,1.000000000000000000e+00
1.500000000000000038e-06,1.910000000000000000e+02,0.000000000000000000e+00,2.264277252863670320e+00,5.999999999999999778e-01,5.999999999999999778e-01,2.849525609174380302e+09,1.000000000000000000e+00
1.541666666666666588e-06,1.910000000000000000e+02,0.000000000000000000e+00,5.692856983440331975e-01,5.999999999999999778e-01,5.999999999999999778e-01,2.849525609174380302e+09,1.000000000000000000e+00
1.583333333333333350e-06,1.910000000000000000e+02,0.000000000000000000e+00,-1.125705856175604147e+00,5.999999999999999778e-01,5.999999999999999778e-01,2.849525609174380302e+09,1.000000000000000000e+00
1.624999999999999900e-06,1.910000000000000000e+02,0.000000000000000000e+00,-2.820697410695241381e+00,5.999999999999999778e-01,5.999999999999999778e-01,2.849525609174380302e+09,1.000000000000000000e+00
1.666666666666666662e-06,1.910000000000000000e+02,0.000000000000000000e+00,1.767496341964707840e+00,5.999999999999999778e-01,5.999999999999999778e-01,2.849525609174380302e+09,1.000000000000000000e+00
1.708333333333333424e-06,1.910000000000000000e+02,0.000000000000000000e+00,7.250478744507048157e-02,5.999999999999999778e-01,5.999999999999999778e-01,2.849525609174380302e+09,1.000000000000000000e+00
1.749999999999999974e-06,1.910000000000000000e+02,0.000000000000000000e+00,-1.622486767074566849e+00,5.999999999999999778e-01,5.999999999999999778e-01,2.849525609174380302e+09,1.000000000000000000e+00
1.791666666666666736e-06,1.910000000000000000e+02,0.000000000000000000e+00,2.965706985585382149e+00,5.999999999999999778e-01,5.999999999999999778e-01,2.849525609174380302e+09,1.000000000000000000e+00
1.833333333333333286e-06,1.910000000000000000e+02,0.000000000000000000e+00,1.270715431065745138e+00,5.999999999999999778e-01,5.999999999999999778e-01,2.849525609174380302e+09,1.000000000000000000e+00
1.875000000000000048e-06,1.910000000000000000e+02,0.000000000000000000e+00,-4.242761234538922066e-01,5.999999999999999778e-01,5.999999999999999778e-01,2.849525609174380302e+09,1.000000000000000000e+00
1.916666666666666809e-06,1.910000000000000000e+02,0.000000000000000000e+00,-2.119267677973529551e+00,5.999999999999999778e-01,5.999999999999999778e-01,2.849525609174380302e+09,1.000000000000000000e+00
1.958333333333333359e-06,1.910000000000000000e+02,0.000000000000000000e+00,2.468926074686391470e+00,5.999999999999999778e-01,5.999999999999999778e-01,2.849525609174380302e+09,1.000000000000000000e+00
1.999999999999999909e-06,1.910000000000000000e+02,0.000000000000000000e+00,7.739345201667254814e-01,5.999999999999999778e-01,5.999999999999999778e-01,2.849525609174380302e+09,1.000000000000000000e+00
2.041666666666666460e-06,1.910000000000000000e+02,0.000000000000000000e+00,-9.210570343529401738e-01,5.999999999999999778e-01,5.999999999999999778e-01,2.849525609174380302e+09,1.000000000000000000e+00
2.083333333333333433e-06,1.910000000000000000e+02,0.000000000000000000e+00,-2.616048588872605940e+00,5.999999999999999778e-01,5.999999999999999778e-01,2.849525609174380302e+09,1.000000000000000000e+00
2.124999999999999983e-06,1.910000000000000000e+02,0.000000000000000000e+00,1.972145163787314859e+00,5.999999999999999778e-01,5.999999999999999778e-01,2.849525609174380302e+09,1.000000000000000000e+00
2.166666666666666533e-06,1.910000000000000000e+02,0.000000000000000000e+00,2.771536092676490926e-01,5.999999999999999778e-01,5.999999999999999778e-01,2.849525609174380302e+09,1.000000000000000000e+00
2.208333333333333507e-06,1.910000000000000000e+02,0.000000000000000000e+00,-1.417837945252016674e+00,5.999999999999999778e-01,5.999999999999999778e-01,2.849525609174380302e+09,1.000000000000000000e+00
2.250000000000000057e-06,1.910000000000000000e+02,0.000000000000000000e+00,-3.112829499771682329e+00,5.999999999999999778e-01,5.999999999999999778e-01,2.849525609174380302e+09,1.000000000000000000e+00
2.291666666666666607e-06,1.910000000000000000e+02,0.000000000000000000e+00,1.475364252888238470e+00,5.999999999999999778e-01,5.999999999999999778e-01,2.849525609174380302e+09,1.000000000000000000e+00
2.333333333333333157e-06,1.910000000000000000e+02,0.000000000000000000e+00,-2.196273016314272686e-01,5.999999999999999778e-01,5.999999999999999778e-01,2.849525609174380302e+09,1.000000000000000000e+00
2.375000000000000131e-06,1.910000000000000000e+02,0.000000000000000000e+00,-1.914618856151093063e+00,5.999999999999999778e-01,5.999999999999999778e-01,2.849525609174380302e+09,1.000000000000000000e+00
2.416666666666666681e-06,1.910000000000000000e+02,0.000000000000000000e+00,2.673574896508827958e+00,5.999999999999999778e-01,5.999999999999999778e-01,2.849525609174380302e+09,1.000000000000000000e+00
2.458333333333333231e-06,1.910000000000000000e+02,0.000000000000000000e+00,9.785833419891905027e-01,5.999999999999999778e-01,5.999999999999999778e-01,2.849525609174380302e+09,1.000000000000000000e+00
2.500000000000000205e-06,1.910000000000000000e+02,0.000000000000000000e+00,-7.164082125304468418e-01,5.999999999999999778e-01,5.999999999999999778e-01,2.849525609174380302e+09,1.000000000000000000e+00
2.541666666666666755e-06,1.910000000000000000e+02,0.000000000000000000e+00,-2.411399767050084186e+00,5.999999999999999778e-01,5.999999999999999778e-01,2.849525609174380302e+09,1.000000000000000000e+00
2.583333333333333305e-06,1.910000000000000000e+02,0.000000000000000000e+00,2.176793985609865256e+00,5.999999999999999778e-01,5.999999999999999778e-01,2.849525609174380302e+09,1.000000000000000000e+00
2.624999999999999855e-06,1.910000000000000000e+02,0.000000000000000000e+00,4.818024310902277452e-01,5.999999999999999778e-01,5.999999999999999778e-01,2.849525609174380302e+09,1.000000000000000000e+00
2.666666666666666828e-06,1.910000000000000000e+02,0.000000000000000000e+00,-1.213189123429409433e+00,5.999999999999999778e-01,5.999999999999999778e-01,2.849525609174380302e+09,1.000000000000000000e+00
2.708333333333333378e-06,1.910000000000000000e+02,0.000000000000000000e+00,-2.908180677949046888e+00,5.999999999999999778e-01,5.999999999999999778e-01,2.849525609174380302e+09,1.000000000000000000e+00
2.749999999999999928e-06,1.910000000000000000e+02,0.000000000000000000e+00,1.680013074710902332e+00,5.999999999999999778e-01,5.999999999999999778e-01,2.849525609174380302e+09,1.000000000000000000e+00
2.791666666666666479e-06,1.910000000000000000e+02,0.000000000000000000e+00,-1.497847980873491698e-02,5.999999999999999778e-01,5.999999999999999778e-01,2.849525609174380302e+09,1.000000000000000000e+00
2.833333333333333452e-06,1.910000000000000000e+02,0.000000000000000000e+00,-1.709970034328372135e+00,5.999999999999999778e-01,5.999999999999999778e-01,2.849525609174380302e+09,1.000000000000000000e+00
2.875000000000000002e-06,1.590000000000000000e+02,0.000000000000000000e+00,2.878223718331577086e+00,5.999999999999999778e-01,5.999999999999999778e-01,2.974905200310254574e+09,1.000000000000000000e+00
2.916666666666666552e-06,1.590000000000000000e+02,0.000000000000000000e+00,2.591605829793516946e+00,5.999999999999999778e-01,5.999999999999999778e-01,2.974905200310254574e+09,1.000000000000000000e+00
2.958333333333333526e-06,1.590000000000000000e+02,0.000000000000000000e+00,2.304987941255456807e+00,5.999999999999999778e-01,5.999999999999999778e-01,2.974905200310254574e+09,1.000000000000000000e+00
3.000000000000000076e-06,1.590000000000000000e+02,0.000000000000000000e+00,2.018370052717396668e+00,5.999999999999999778e-01,5.999999999999999778e-01,2.974905200310254574e+09,1.000000000000000000e+00
3.041666666666666626e-06,1.590000000000000000e+02,0.000000000000000000e+00,1.731752164179336528e+00,5.999999999999999778e-01,5.999999999999999778e-01,2.974905200310254574e+09,1.000000000000000000e+00
3.083333333333333176e-06,1.590000000000000000e+02,0.000000000000000000e+00,1.445134275641276611e+00,5.999999999999999778e-01,5.999999999999999778e-01,2.974905200310254574e+09,1.000000000000000000e+00
3.125000000000000150e-06,1.590000000000000000e+02,0.000000000000000000e+00,1.158516387103216472e+00,5.999999999999999778e-01,5.999999999999999778e-01,2.974905200310254574e+09,1.000000000000000000e+00
3.166666666666666700e-06,1.590000000000000000e+02,0.000000000000000000e+00,8.718984985651563324e-01,5.999999999999999778e-01,5.999999999999999778e-01,2.974905200310254574e+09,1.000000000000000000e+00
3.208333333333333250e-06,1.590000000000000000e+02,0.000000000000000000e+00,5.852806100270963041e-01,5.999999999999999778e-01,5.999999999999999778e-01,2.974905200310254574e+09,1.000000000000000000e+00
3.249999999999999800e-06,1.590000000000000000e+02,0.000000000000000000e+00,2.986627214890361648e-01,5.999999999999999778e-01,5.999999999999999778e-01,2.974905200310254574e+09,1.000000000000000000e+00
3.291666666666666774e-06,1.590000000000000000e+02,0.000000000000000000e+00,1.204483295097603240e-02,5.999999999999999778e-01,5.999999999999999778e-01,2.974905200310254574e+09,1.000000000000000000e+00
3.333333333333333324e-06,1.590000000000000000e+02,0.000000000000000000e+00,-2.745730555870840583e-01,5.999999999999999778e-01,5.999999999999999778e-01,2.974905200310254574e+09,1.000000000000000000e+00
3.374999999999999874e-06,1.590000000000000000e+02,0.000000000000000000e+00,-5.611909441251442532e-01,5.999999999999999778e-01,5.999999999999999778e-01,2.974905200310254574e+09,1.000000000000000000e+00
3.416666666666666847e-06,1.590000000000000000e+02,0.000000000000000000e+00,-8.478088326632042815e-01,5.999999999999999778e-01,5.999999999999999778e-01,2.974905200310254574e+09,1.000000000000000000e+00
3.458333333333333397e-06,1.590000000000000000e+02,0.000000000000000000e+00,-1.134426721201264421e+00,5.999999999999999778e-01,5.999999999999999778e-01,2.974905200310254574e+09,1.000000000000000000e+00
3.499999999999999947e-06,1.590000000000000000e+02,0.000000000000000000e+00,-1.421044609739324338e+00,5.999999999999999778e-01,5.999999999999999778e-01,2.974905200310254574e+09,1.000000000000000000e+00
3.541666666666666498e-06,1.590000000000000000e+02,0.000000000000000000e+00,-1.707662498277384477e+00,5.999999999999999778e-01,5.999999999999999778e-01,2.974905200310254574e+09,1.000000000000000000e+00
3.583333333333333471e-06,1.590000000000000000e+02,0.000000000000000000e+00,-1.994280386815444617e+00,5.999999999999999778e-01,5.999999999999999778e-01,2.974905200310254574e+09,1.000000000000000000e+00
3.625000000000000021e-06,1.590000000000000000e+02,0.000000000000000000e+00,-2.280898275353504534e+00,5.999999999999999778e-01,5.999999999999999778e-01,2.974905200310254574e+09,1.000000000000000000e+00
3.666666666666666571e-06,1.590000000000000000e+02,0.000000000000000000e+00,-2.567516163891564673e+00,5.999999999999999778e-01,5.999999999999999778e-01,2.974905200310254574e+09,1.000000000000000000e+00
3.708333333333333545e-06,1.590000000000000000e+02,0.000000000000000000e+00,-2.854134052429624813e+00,5.999999999999999778e-01,5.999999999999999778e-01,2.974905200310254574e+09,1.000000000000000000e+00
3.750000000000000095e-06,1.590000000000000000e+02,0.000000000000000000e+00,-3.140751940967571265e+00,5.999999999999999778e-01,5.999999999999999778e-01,2.974905200310254574e+09,1.000000000000000000e+00
3.791666666666666645e-06,1.590000000000000000e+02,0.000000000000000000e+00,2.855815477673955272e+00,5.999999999999999778e-01,5.999999999999999778e-01,2.974905200310254574e+09,1.000000000000000000e+00
3.833333333333333619e-06,1.590000000000000000e+02,0.000000000000000000e+00,2.569197589135895132e+00,5.999999999999999778e-01,5.999999999999999778e-01,2.974905200310254574e+09,1.000000000000000000e+00
3.875000000000000169e-06,1.590000000000000000e+02,0.000000000000000000e+00,2.282579700597834993e+00,5.999999999999999778e-01,5.999999999999999778e-01,2.974905200310254574e+09,1.000000000000000000e+00
3.916666666666666719e-06,1.590000000000000000e+02,0.000000000000000000e+00,1.995961812059774854e+00,5.999999999999999778e-01,5.999999999999999778e-01,2.974905200310254574e+09,1.000000000000000000e+00
3.958333333333333269e-06,1.590000000000000000e+02,0.000000000000000000e+00,1.709343923521714714e+00,5.999999999999999778e-01,5.999999999999999778e-01,2.974905200310254574e+09,1.000000000000000000e+00
3.999999999999999819e-06,1.590000000000000000e+02,0.000000000000000000e+00,1.422726034983654575e+00,5.999999999999999778e-01,5.999999999999999778e-01,2.974905200310254574e+09,1.000000000000000000e+00
4.041666666666666369e-06,1.590000000000000000e+02,0.000000000000000000e+00,1.136108146445594436e+00,5.999999999999999778e-01,5.999999999999999778e-01,2.974905200310254574e+09,1.000000000000000000e+00
4.083333333333332919e-06,1.590000000000000000e+02,0.000000000000000000e+00,8.494902579075344073e-01,5.999999999999999778e-01,5.999999999999999778e-01,2.974905200310254574e+09,1.000000000000000000e+00
4.125000000000000316e-06,1.590000000000000000e+02,0.000000000000000000e+00,5.628723693694742680e-01,5.999999999999999778e-01,5.999999999999999778e-01,2.974905200310254574e+09,1.000000000000000000e+00
4.166666666666666866e-06,1.590000000000000000e+02,0.000000000000000000e+00,2.762544808314142397e-01,5.999999999999999778e-01,5.999999999999999778e-01,2.974905200310254574e+09,1.000000000000000000e+00
4.208333333333333416e-06,1.590000000000000000e+02,0.000000000000000000e+00,-1.036340770664586144e-02,5.999999999999999778e-01,5.999999999999999778e-01,2.974905200310254574e+09,1.000000000000000000e+00
4.249999999999999966e-06,1.590000000000000000e+02,0.000000000000000000e+00,-2.969812962447059834e-01,5.999999999999999778e-01,5.999999999999999778e-01,2.974905200310254574e+09,1.000000000000000000e+00
4.291666666666666517e-06,1.590000000000000000e+02,0.000000000000000000e+00,-5.835991847827660672e-01,5.999999999999999778e-01,5.999999999999999778e-01,2.974905200310254574e+09,1.000000000000000000e+00
4.333333333333333067e-06,1.430000000000000000e+02,0.000000000000000000e+00,-8.702170733208260955e-01,5.999999999999999778e-01,5.999999999999999778e-01,3.044137097902595043e+09,1.000000000000000000e+00
4.374999999999999617e-06,1.430000000000000000e+02,0.000000000000000000e+00,-1.881522477549398831e+00,5.999999999999999778e-01,5.999999999999999778e-01,3.044137097902595043e+09,1.000000000000000000e+00
4.416666666666667014e-06,1.430000000000000000e+02,0.000000000000000000e+00,-2.892827881777971566e+00,5.999999999999999778e-01,5.999999999999999778e-01,3.044137097902595043e+09,1.000000000000000000e+00
4.458333333333333564e-06,1.430000000000000000e+02,0.000000000000000000e+00,2.379052021173042153e+00,5.999999999999999778e-01,5.999999999999999778e-01,3.044137097902595043e+09,1.000000000000000000e+00
4.500000000000000114e-06,1.430000000000000000e+02,0.000000000000000000e+00,1.367746616944469418e+00,5.999999999999999778e-01,5.999999999999999778e-01,3.044137097902595043e+09,1.000000000000000000e+00
4.541666666666666664e-06,1.430000000000000000e+02,0.000000000000000000e+00,3.564412127158965160e-01,5.999999999999999778e-01,5.999999999999999778e-01,3.044137097902595043e+09,1.000000000000000000e+00
4.583333333333333214e-06,1.430000000000000000e+02,0.000000000000000000e+00,-6.548641915126762747e-01,5.999999999999999778e-01,5.999999999999999778e-01,3.044137097902595043e+09,1.000000000000000000e+00
4.624999999999999764e-06,1.430000000000000000e+02,0.000000000000000000e+00,-1.666169595741249010e+00,5.999999999999999778e-01,5.999999999999999778e-01,3.044137097902595043e+09,1.000000000000000000e+00
4.666666666666666314e-06,1.430000000000000000e+02,0.000000000000000000e+00,-2.677474999969821745e+00,5.999999999999999778e-01,5.999999999999999778e-01,3.044137097902595043e+09,1.000000000000000000e+00
4.708333333333333711e-06,1.430000000000000000e+02,0.000000000000000000e+00,2.594404902981191974e+00,5.999999999999999778e-01,5.999999999999999778e-01,3.044137097902595043e+09,1.000000000000000000e+00
4.750000000000000262e-06,1.430000000000000000e+02,0.000000000000000000e+00,1.583099498752619239e+00,5.999999999999999778e-01,5.999999999999999778e-01,3.044137097902595043e+09,1.000000000000000000e+00
4.791666666666666812e-06,1.430000000000000000e+02,0.000000000000000000e+00,5.717940945240465034e-01,5.999999999999999778e-01,5.999999999999999778e-01,3.044137097902595043e+09,1.000000000000000000e+00
4.833333333333333362e-06,1.430000000000000000e+02,0.000000000000000000e+00,-4.395113097045262873e-01,5.999999999999999778e-01,5.999999999999999778e-01,3.044137097902595043e+09,1.000000000000000000e+00
4.874999999999999912e-06,1.430000000000000000e+02,0.000000000000000000e+00,-1.450816713933098967e+00,5.999999999999999778e-01,5.999999999999999778e-01,3.044137097902595043e+09,1.000000000000000000e+00
4.916666666666666462e-06,1.430000000000000000e+02,0.000000000000000000e+00,-2.462122118161671924e+00,5.999999999999999778e-01,5.999999999999999778e-01,3.044137097902595043e+09,1.000000000000000000e+00
4.958333333333333012e-06,1.430000000000000000e+02,0.000000000000000000e+00,2.809757784789341795e+00,5.999999999999999778e-01,5.999999999999999778e-01,3.044137097902595043e+09,1.000000000000000000e+00
5.000000000000000409e-06,1.430000000000000000e+02,0.000000000000000000e+00,1.798452380560769059e+00,5.999999999999999778e-01,5.999999999999999778e-01,3.044137097902595043e+09,1.000000000000000000e+00
5.041666666666666959e-06,1.430000000000000000e+02,0.000000000000000000e+00,7.871469763321964352e-01,5.999999999999999778e-01,5.999999999999999778e-01,3.044137097902595043e+09,1.000000000000000000e+00
5.083333333333333509e-06,1.430000000000000000e+02,0.000000000000000000e+00,-2.241584278963763555e-01,5.999999999999999778e-01,5.999999999999999778e-01,3.044137097902595043e+09,1.000000000000000000e+00
5.125000000000000059e-06,1.430000000000000000e+02,0.000000000000000000e+00,-1.235463832124949146e+00,5.999999999999999778e-01,5.999999999999999778e-01,3.044137097902595043e+09,1.000000000000000000e+00
5.166666666666666609e-06,1.430000000000000000e+02,0.000000000000000000e+00,-2.246769236353521659e+00,5.999999999999999778e-01,5.999999999999999778e-01,3.044137097902595043e+09,1.000000000000000000e+00
5.208333333333333159e-06,1.430000000000000000e+02,0.000000000000000000e+00,3.025110666597492060e+00,5.999999999999999778e-01,5.999999999999999778e-01,3.044137097902595043e+09,1.000000000000000000e+00
5.249999999999999709e-06,1.430000000000000000e+02,0.000000000000000000e+00,2.013805262368919102e+00,5.999999999999999778e-01,5.999999999999999778e-01,3.044137097902595043e+09,1.000000000000000000e+00
5.291666666666666260e-06,1.430000000000000000e+02,0.000000000000000000e+00,1.002499858140346367e+00,5.999999999999999778e-01,5.999999999999999778e-01,3.044137097902595043e+09,1.000000000000000000e+00
5.333333333333333657e-06,1.430000000000000000e+02,0.000000000000000000e+00,-8.805546088226430534e-03,5.999999999999999778e-01,5.999999999999999778e-01,3.044137097902595043e+09,1.000000000000000000e+00
5.375000000000000207e-06,1.430000000000000000e+02,0.000000000000000000e+00,-1.020110950316799103e+00,5.999999999999999778e-01,5.999999999999999778e-01,3.044137097902595043e+09,1.000000000000000000e+00
5.416666666666666757e-06,1.430000000000000000e+02,0.000000000000000000e+00,-2.031416354545371838e+00,5.999999999999999778e-01,5.999999999999999778e-01,3.044137097902595043e+09,1.000000000000000000e+00
5.458333333333333307e-06,1.430000000000000000e+02,0.000000000000000000e+00,-3.042721758773944796e+00,5.999999999999999778e-01,5.999999999999999778e-01,3.044137097902595043e+09,1.000000000000000000e+00
5.499999999999999857e-06,1.430000000000000000e+02,0.000000000000000000e+00,2.229158144177068923e+00,5.999999999999999778e-01,5.999999999999999778e-01,3.044137097902595043e+09,1.000000000000000000e+00
5.541666666666666407e-06,1.430000000000000000e+02,0.000000000000000000e+00,1.217852739948496188e+00,5.999999999999999778e-01,5.999999999999999778e-01,3.044137097902595043e+09,1.000000000000000000e+00
5.583333333333332957e-06,1.430000000000000000e+02,0.000000000000000000e+00,2.065473357199234805e-01,5.999999999999999778e-01,5.999999999999999778e-01,3.044137097902595043e+09,1.000000000000000000e+00
5.625000000000000354e-06,1.430000000000000000e+02,0.000000000000000000e+00,-8.047580685086492824e-01,5.999999999999999778e-01,5.999999999999999778e-01,3.044137097902595043e+09,1.000000000000000000e+00
5.666666666666666904e-06,1.430000000000000000e+02,0.000000000000000000e+00,-1.816063472737222018e+00,5.999999999999999778e-01,5.999999999999999778e-01,3.044137097902595043e+09,1.000000000000000000e+00
5.708333333333333454e-06,1.430000000000000000e+02,0.000000000000000000e+00,-2.827368876965794975e+00,5.999999999999999778e-01,5.999999999999999778e-01,3.044137097902595043e+09,1.000000000000000000e+00
5.750000000000000004e-06,1.430000000000000000e+02,0.000000000000000000e+00,2.444511025985218744e+00,5.999999999999999778e-01,5.999999999999999778e-01,3.044137097902595043e+09,1.000000000000000000e+00
5.791666666666666555e-06,1.510000000000000000e+02,0.000000000000000000e+00,1.433205621756532544e+00,5.999999999999999778e-01,5.999999999999999778e-01,3.008923958696846008e+09,1.000000000000000000e+00
5.833333333333333105e-06,1.510000000000000000e+02,0.000000000000000000e+00,-2.513692761843809187e+00,5.999999999999999778e-01,5.999999999999999778e-01,3.008923958696846008e+09,1.000000000000000000e+00
5.874999999999999655e-06,1.510000000000000000e+02,0.000000000000000000e+00,-1.774058382646781507e-01,5.999999999999999778e-01,5.999999999999999778e-01,3.008923958696846008e+09,1.000000000000000000e+00
5.916666666666667052e-06,1.510000000000000000e+02,0.000000000000000000e+00,2.158881085314452886e+00,5.999999999999999778e-01,5.999999999999999778e-01,3.008923958696846008e+09,1.000000000000000000e+00
5.958333333333333602e-06,1.510000000000000000e+02,0.000000000000000000e+00,-1.788017298286002532e+00,5.999999999999999778e-01,5.999999999999999778e-01,3.008923958696846008e+09,1.000000000000000000e+00
6.000000000000000152e-06,1.510000000000000000e+02,0.000000000000000000e+00,5.482696252931286152e-01,5.999999999999999778e-01,5.999999999999999778e-01,3.008923958696846008e+09,1.000000000000000000e+00
6.041666666666666702e-06,1.510000000000000000e+02,0.000000000000000000e+00,2.884556548872259540e+00,5.999999999999999778e-01,5.999999999999999778e-01,3.008923958696846008e+09,1.000000000000000000e+00
6.083333333333333252e-06,1.510000000000000000e+02,0.000000000000000000e+00,-1.062341834728195877e+00,5.999999999999999778e-01,5.999999999999999778e-01,3.008923958696846008e+09,1.000000000000000000e+00
6.124999999999999802e-06,1.510000000000000000e+02,0.000000000000000000e+00,1.273945088850935159e+00,5.999999999999999778e-01,5.999999999999999778e-01,3.008923958696846008e+09,1.000000000000000000e+00
6.166666666666666352e-06,1.510000000000000000e+02,0.000000000000000000e+00,-2.672953294749520037e+00,5.999999999999999778e-01,5.999999999999999778e-01,3.008923958696846008e+09,1.000000000000000000e+00
6.208333333333333749e-06,1.510000000000000000e+02,0.000000000000000000e+00,-3.366663711703891670e-01,5.999999999999999778e-01,5.999999999999999778e-01,3.008923958696846008e+09,1.000000000000000000e+00
6.250000000000000300e-06,1.510000000000000000e+02,0.000000000000000000e+00,1.999620552408741814e+00,5.999999999999999778e-01,5.999999999999999778e-01,3.008923958696846008e+09,1.000000000000000000e+00
6.291666666666666850e-06,1.510000000000000000e+02,0.000000000000000000e+00,-1.947277831191713604e+00,5.999999999999999778e-01,5.999999999999999778e-01,3.008923958696846008e+09,1.000000000000000000e+00
6.333333333333333400e-06,1.510000000000000000e+02,0.000000000000000000e+00,3.890090923874175433e-01,5.999999999999999778e-01,5.999999999999999778e-01,3.008923958696846008e+09,1.000000000000000000e+00
6.374999999999999950e-06,1.510000000000000000e+02,0.000000000000000000e+00,2.725296015966548691e+00,5.999999999999999778e-01,5.999999999999999778e-01,3.008923958696846008e+09,1.000000000000000000e+00
6.416666666666666500e-06,1.510000000000000000e+02,0.000000000000000000e+00,-1.221602367633906727e+00,5.999999999999999778e-01,5.999999999999999778e-01,3.008923958696846008e+09,1.000000000000000000e+00
6.458333333333333050e-06,1.510000000000000000e+02,0.000000000000000000e+00,1.114684555945224309e+00,5.999999999999999778e-01,5.999999999999999778e-01,3.008923958696846008e+09,1.000000000000000000e+00
6.499999999999999600e-06,1.510000000000000000e+02,0.000000000000000000e+00,-2.832213827655231331e+00,5.999999999999999778e-01,5.999999999999999778e-01,3.008923958696846008e+09,1.000000000000000000e+00
6.541666666666666997e-06,1.510000000000000000e+02,0.000000000000000000e+00,-4.959269040761000724e-01,5.999999999999999778e-01,5.999999999999999778e-01,3.008923958696846008e+09,1.000000000000000000e+00
6.583333333333333547e-06,1.510000000000000000e+02,0.000000000000000000e+00,1.840360019503030964e+00,5.999999999999999778e-01,5.999999999999999778e-01,3.008923958696846008e+09,1.000000000000000000e+00
6.625000000000000097e-06,1.510000000000000000e+02,0.000000000000000000e+00,-2.106538364097424676e+00,5.999999999999999778e-01,5.999999999999999778e-01,3.008923958696846008e+09,1.000000000000000000e+00
6.666666666666666647e-06,1.510000000000000000e+02,0.000000000000000000e+00,2.297485594817065824e-01,5.999999999999999778e-01,5.999999999999999778e-01,3.008923958696846008e+09,1.000000000000000000e+00
6.708333333333333197e-06,1.510000000000000000e+02,0.000000000000000000e+00,2.566035483060837841e+00,5.999999999999999778e-01,5.999999999999999778e-01,3.008923958696846008e+09,1.000000000000000000e+00
6.749999999999999747e-06,1.510000000000000000e+02,0.000000000000000000e+00,-1.380862900539617799e+00,5.999999999999999778e-01,5.999999999999999778e-01,3.008923958696846008e+09,1.000000000000000000e+00
6.791666666666666298e-06,1.510000000000000000e+02,0.000000000000000000e+00,9.554240230395133482e-01,5.999999999999999778e-01,5.999999999999999778e-01,3.008923958696846008e+09,1.000000000000000000e+00
6.833333333333333695e-06,1.510000000000000000e+02,0.000000000000000000e+00,-2.991474360560942181e+00,5.999999999999999778e-01,5.999999999999999778e-01,3.008923958696846008e+09,1.000000000000000000e+00
6.875000000000000245e-06,1.510000000000000000e+02,0.000000000000000000e+00,-6.551874369818110333e-01,5.999999999999999778e-01,5.999999999999999778e-01,3.008923958696846008e+09,1.000000000000000000e+00
6.916666666666666795e-06,1.510000000000000000e+02,0.000000000000000000e+00,1.681099486597320114e+00,5.999999999999999778e-01,5.999999999999999778e-01,3.008923958696846008e+09,1.000000000000000000e+00
6.958333333333333345e-06,1.510000000000000000e+02,0.000000000000000000e+00,-2.265798897003135526e+00,5.999999999999999778e-01,5.999999999999999778e-01,3.008923958696846008e+09,1.000000000000000000e+00
6.999999999999999895e-06,1.510000000000000000e+02,0.000000000000000000e+00,7.048802657599564925e-02,5.999999999999999778e-01,5.999999999999999778e-01,3.008923958696846008e+09,1.000000000000000000e+00
7.041666666666666445e-06,1.510000000000000000e+02,0.000000000000000000e+00,2.406774950155126547e+00,5.999999999999999778e-01,5.999999999999999778e-01,3.008923958696846008e+09,1.000000000000000000e+00
7.083333333333332995e-06,1.510000000000000000e+02,0.000000000000000000e+00,-1.540123433445328649e+00,5.999999999999999778e-01,5.999999999999999778e-01,3.008923958696846008e+09,1.000000000000000000e+00
7.125000000000000392e-06,1.510000000000000000e+02,0.000000000000000000e+00,7.961634901338023873e-01,5.999999999999999778e-01,5.999999999999999778e-01,3.008923958696846008e+09,1.000000000000000000e+00
7.166666666666666942e-06,1.510000000000000000e+02,0.000000000000000000e+00,3.132450413712933202e+00,5.999999999999999778e-01,5.999999999999999778e-01,3.008923958696846008e+09,1.000000000000000000e+00
7.208333333333333492e-06,1.510000000000000000e+02,0.000000000000000000e+00,-8.144479698875219942e-01,5.999999999999999778e-01,5.999999999999999778e-01,3.008923958696846008e+09,1.000000000000000000e+00
7.250000000000000043e-06,1.470000000000000000e+02,0.000000000000000000e+00,1.521838953691609042e+00,5.999999999999999778e-01,5.999999999999999778e-01,3.026376894375921726e+09,1.000000000000000000e+00
7.291666666666666593e-06,1.470000000000000000e+02,0.000000000000000000e+00,2.144108446171126836e+00,5.999999999999999778e-01,5.999999999999999778e-01,3.026376894375921726e+09,1.000000000000000000e+00
7.333333333333333143e-06,1.470000000000000000e+02,0.000000000000000000e+00,2.766377938650644630e+00,5.999999999999999778e-01,5.999999999999999778e-01,3.026376894375921726e+09,1.000000000000000000e+00
7.374999999999999693e-06,1.470000000000000000e+02,0.000000000000000000e+00,-2.894537876049424252e+00,5.999999999999999778e-01,5.999999999999999778e-01,3.026376894375921726e+09,1.000000000000000000e+00
7.416666666666667090e-06,1.470000000000000000e+02,0.000000000000000000e+00,-2.272268383569906458e+00,5.999999999999999778e-01,5.999999999999999778e-01,3.026376894375921726e+09,1.000000000000000000e+00
7.458333333333333640e-06,1.470000000000000000e+02,0.000000000000000000e+00,-1.649998891090388442e+00,5.999999999999999778e-01,5.999999999999999778e-01,3.026376894375921726e+09,1.000000000000000000e+00
7.500000000000000190e-06,1.470000000000000000e+02,0.000000000000000000e+00,-1.027729398610870648e+00,5.999999999999999778e-01,5.999999999999999778e-01,3.026376894375921726e+09,1.000000000000000000e+00
7.541666666666666740e-06,1.470000000000000000e+02,0.000000000000000000e+00,-4.054599061313528541e-01,5.999999999999999778e-01,5.999999999999999778e-01,3.026376894375921726e+09,1.000000000000000000e+00
7.583333333333333290e-06,1.470000000000000000e+02,0.000000000000000000e+00,2.168095863481649122e-01,5.999999999999999778e-01,5.999999999999999778e-01,3.026376894375921726e+09,1.000000000000000000e+00
7.624999999999999840e-06,1.470000000000000000e+02,0.000000000000000000e+00,8.390790788276827339e-01,5.999999999999999778e-01,5.999999999999999778e-01,3.026376894375921726e+09,1.000000000000000000e+00
7.666666666666667237e-06,1.470000000000000000e+02,0.000000000000000000e+00,1.461348571307200528e+00,5.999999999999999778e-01,5.999999999999999778e-01,3.026376894375921726e+09,1.000000000000000000e+00
7.708333333333333787e-06,1.470000000000000000e+02,0.000000000000000000e+00,2.083618063786718100e+00,5.999999999999999778e-01,5.999999999999999778e-01,3.026376894375921726e+09,1.000000000000000000e+00
7.750000000000000338e-06,1.470000000000000000e+02,0.000000000000000000e+00,2.705887556266235894e+00,5.999999999999999778e-01,5.999999999999999778e-01,3.026376894375921726e+09,1.000000000000000000e+00
7.791666666666666888e-06,1.470000000000000000e+02,0.000000000000000000e+00,-2.955028258433832544e+00,5.999999999999999778e-01,5.999999999999999778e-01,3.026376894375921726e+09,1.000000000000000000e+00
7.833333333333333438e-06,1.470000000000000000e+02,0.000000000000000000e+00,-2.332758765954314750e+00,5.999999999999999778e-01,5.999999999999999778e-01,3.026376894375921726e+09,1.000000000000000000e+00
7.874999999999999988e-06,1.470000000000000000e+02,0.000000000000000000e+00,-1.710489273474796956e+00,5.999999999999999778e-01,5.999999999999999778e-01,3.026376894375921726e+09,1.000000000000000000e+00
7.916666666666666538e-06,1.470000000000000000e+02,0.000000000000000000e+00,-1.088219780995279162e+00,5.999999999999999778e-01,5.999999999999999778e-01,3.026376894375921726e+09,1.000000000000000000e+00
7.958333333333333088e-06,1.470000000000000000e+02,0.000000000000000000e+00,-4.659502885157613683e-01,5.999999999999999778e-01,5.999999999999999778e-01,3.026376894375921726e+09,1.000000000000000000e+00
7.999999999999999638e-06,1.470000000000000000e+02,0.000000000000000000e+00,1.563192039637563979e-01,5.999999999999999778e-01,5.999999999999999778e-01,3.026376894375921726e+09,1.000000000000000000e+00
8.041666666666666188e-06,1.470000000000000000e+02,0.000000000000000000e+00,7.785886964432742197e-01,5.999999999999999778e-01,5.999999999999999778e-01,3.026376894375921726e+09,1.000000000000000000e+00
8.083333333333332738e-06,1.470000000000000000e+02,0.000000000000000000e+00,1.400858188922792014e+00,5.999999999999999778e-01,5.999999999999999778e-01,3.026376894375921726e+09,1.000000000000000000e+00
8.124999999999999288e-06,1.470000000000000000e+02,0.000000000000000000e+00,2.023127681402309808e+00,5.999999999999999778e-01,5.999999999999999778e-01,3.026376894375921726e+09,1.000000000000000000e+00
8.166666666666665838e-06,1.470000000000000000e+02,0.000000000000000000e+00,2.645397173881827602e+00,5.999999999999999778e-01,5.999999999999999778e-01,3.026376894375921726e+09,1.000000000000000000e+00
8.208333333333334082e-06,1.470000000000000000e+02,0.000000000000000000e+00,-3.015518640818241280e+00,5.999999999999999778e-01,5.999999999999999778e-01,3.026376894375921726e+09,1.000000000000000000e+00
8.250000000000000633e-06,1.470000000000000000e+02,0.000000000000000000e+00,-2.393249148338723487e+00,5.999999999999999778e-01,5.999999999999999778e-01,3.026376894375921726e+09,1.000000000000000000e+00
8.291666666666667183e-06,1.470000000000000000e+02,0.000000000000000000e+00,-1.770979655859205470e+00,5.999999999999999778e-01,5.999999999999999778e-01,3.026376894375921726e+09,1.000000000000000000e+00
8.333333333333333733e-06,1.470000000000000000e+02,0.000000000000000000e+00,-1.148710163379687677e+00,5.999999999999999778e-01,5.999999999999999778e-01,3.026376894375921726e+09,1.000000000000000000e+00
8.375000000000000283e-06,1.470000000000000000e+02,0.000000000000000000e+00,-5.264406709001698825e-01,5.999999999999999778e-01,5.999999999999999778e-01,3.026376894375921726e+09,1.000000000000000000e+00
8.416666666666666833e-06,1.470000000000000000e+02,0.000000000000000000e+00,9.582882157934785594e-02,5.999999999999999778e-01,5.999999999999999778e-01,3.026376894375921726e+09,1.000000000000000000e+00
8.458333333333333383e-06,1.470000000000000000e+02,0.000000000000000000e+00,7.180983140588657054e-01,5.999999999999999778e-01,5.999999999999999778e-01,3.026376894375921726e+09,1.000000000000000000e+00
8.499999999999999933e-06,1.470000000000000000e+02,0.000000000000000000e+00,1.340367806538383499e+00,5.999999999999999778e-01,5.999999999999999778e-01,3.026376894375921726e+09,1.000000000000000000e+00
8.541666666666666483e-06,1.470000000000000000e+02,0.000000000000000000e+00,1.962637299017901293e+00,5.999999999999999778e-01,5.999999999999999778e-01,3.026376894375921726e+09,1.000000000000000000e+00
8.583333333333333033e-06,1.470000000000000000e+02,0.000000000000000000e+00,2.584906791497418865e+00,5.999999999999999778e-01,5.999999999999999778e-01,3.026376894375921726e+09,1.000000000000000000e+00
8.624999999999999583e-06,1.470000000000000000e+02,0.000000000000000000e+00,-3.076009023202649573e+00,5.999999999999999778e-01,5.999999999999999778e-01,3.026376894375921726e+09,1.000000000000000000e+00
8.666666666666666133e-06,1.470000000000000000e+02,0.000000000000000000e+00,-2.453739530723131779e+00,5.999999999999999778e-01,5.999999999999999778e-01,3.026376894375921726e+09,1.000000000000000000e+00
8.708333333333332683e-06,1.490000000000000000e+02,0.000000000000000000e+00,-1.831470038243613985e+00,5.999999999999999778e-01,5.999999999999999778e-01,3.017612573807249069e+09,1.000000000000000000e+00
8.749999999999999233e-06,1.490000000000000000e+02,0.000000000000000000e+00,2.779491002061435623e+00,5.999999999999999778e-01,5.999999999999999778e-01,3.017612573807249069e+09,1.000000000000000000e+00
8.791666666666667478e-06,1.490000000000000000e+02,0.000000000000000000e+00,1.107266735186899220e+00,5.999999999999999778e-01,5.999999999999999778e-01,3.017612573807249069e+09,1.000000000000000000e+00
8.833333333333334028e-06,1.490000000000000000e+02,0.000000000000000000e+00,-5.649575316876375153e-01,5.999999999999999778e-01,5.999999999999999778e-01,3.017612573807249069e+09,1.000000000000000000e+00
8.875000000000000578e-06,1.490000000000000000e+02,0.000000000000000000e+00,-2.237181798562174251e+00,5.999999999999999778e-01,5.999999999999999778e-01,3.017612573807249069e+09,1.000000000000000000e+00
8.916666666666667128e-06,1.490000000000000000e+02,0.000000000000000000e+00,2.373779241742875801e+00,5.999999999999999778e-01,5.999999999999999778e-01,3.017612573807249069e+09,1.000000000000000000e+00
8.958333333333333678e-06,1.490000000000000000e+02,0.000000000000000000e+00,7.015549748683391762e-01,5.999999999999999778e-01,5.999999999999999778e-01,3.017612573807249069e+09,1.000000000000000000e+00
9.000000000000000228e-06,1.490000000000000000e+02,0.000000000000000000e+00,-9.706692920061975594e-01,5.999999999999999778e-01,5.999999999999999778e-01,3.017612573807249069e+09,1.000000000000000000e+00
9.041666666666666778e-06,1.490000000000000000e+02,0.000000000000000000e+00,-2.642893558880734073e+00,5.999999999999999778e-01,5.999999999999999778e-01,3.017612573807249069e+09,1.000000000000000000e+00
9.083333333333333328e-06,1.490000000000000000e+02,0.000000000000000000e+00,1.968067481424315757e+00,5.999999999999999778e-01,5.999999999999999778e-01,3.017612573807249069e+09,1.000000000000000000e+00
9.124999999999999878e-06,1.490000000000000000e+02,0.000000000000000000e+00,2.958432145497791321e-01,5.999999999999999778e-01,5.999999999999999778e-01,3.017612573807249069e+09,1.000000000000000000e+00
9.166666666666666428e-06,1.490000000000000000e+02,0.000000000000000000e+00,-1.376381052324757492e+00,5.999999999999999778e-01,5.999999999999999778e-01,3.017612573807249069e+09,1.000000000000000000e+00
9.208333333333332978e-06,1.490000000000000000e+02,0.000000000000000000e+00,-3.048605319199294339e+00,5.999999999999999778e-01,5.999999999999999778e-01,3.017612573807249069e+09,1.000000000000000000e+00
9.249999999999999528e-06,1.490000000000000000e+02,0.000000000000000000e+00,1.562355721105755713e+00,5.999999999999999778e-01,5.999999999999999778e-01,3.017612573807249069e+09,1.000000000000000000e+00
9.291666666666666079e-06,1.490000000000000000e+02,0.000000000000000000e+00,-1.098685457687808842e-01,5.999999999999999778e-01,5.999999999999999778e-01,3.017612573807249069e+09,1.000000000000000000e+00
9.333333333333332629e-06,1.490000000000000000e+02,0.000000000000000000e+00,-1.782092812643317536e+00,5.999999999999999778e-01,5.999999999999999778e-01,3.017612573807249069e+09,1.000000000000000000e+00
9.374999999999999179e-06,1.490000000000000000e+02,0.000000000000000000e+00,2.828868227661732515e+00,5.999999999999999778e-01,5.999999999999999778e-01,3.017612573807249069e+09,1.000000000000000000e+00
9.416666666666667423e-06,1.490000000000000000e+02,0.000000000000000000e+00,1.156643960787195669e+00,5.999999999999999778e-01,5.999999999999999778e-01,3.017612573807249069e+09,1.000000000000000000e+00
9.458333333333333973e-06,1.490000000000000000e+02,0.000000000000000000e+00,-5.155803060873409560e-01,5.999999999999999778e-01,5.999999999999999778e-01,3.017612573807249069e+09,1.000000000000000000e+00
9.500000000000000523e-06,1.490000000000000000e+02,0.000000000000000000e+00,-2.187804572961877358e+00,5.999999999999999778e-01,5.999999999999999778e-01,3.017612573807249069e+09,1.000000000000000000e+00
9.541666666666667073e-06,1.490000000000000000e+02,0.000000000000000000e+00,2.423156467343172249e+00,5.999999999999999778e-01,5.999999999999999778e-01,3.017612573807249069e+09,1.000000000000000000e+00
9.583333333333333623e-06,1.490000000000000000e+02,0.000000000000000000e+00,7.509322004686356244e-01,5.999999999999999778e-01,5.999999999999999778e-01,3.017612573807249069e+09,1.000000000000000000e+00
9.625000000000000173e-06,1.490000000000000000e+02,0.000000000000000000e+00,-9.212920664059008891e-01,5.999999999999999778e-01,5.999999999999999778e-01,3.017612573807249069e+09,1.000000000000000000e+00
9.666666666666666723e-06,1.490000000000000000e+02,0.000000000000000000e+00,-2.593516333280437625e+00,5.999999999999999778e-01,5.999999999999999778e-01,3.017612573807249069e+09,1.000000000000000000e+00
9.708333333333333273e-06,1.490000000000000000e+02,0.000000000000000000e+00,2.017444707024612427e+00,5.999999999999999778e-01,5.999999999999999778e-01,3.017612573807249069e+09,1.000000000000000000e+00
9.749999999999999823e-06,1.490000000000000000e+02,0.000000000000000000e+00,3.452204401500756359e-01,5.999999999999999778e-01,5.999999999999999778e-01,3.017612573807249069e+09,1.000000000000000000e+00
9.791666666666666374e-06,1.490000000000000000e+02,0.000000000000000000e+00,-1.327003826724461044e+00,5.999999999999999778e-01,5.999999999999999778e-01,3.017612573807249069e+09,1.000000000000000000e+00
9.833333333333332924e-06,1.490000000000000000e+02,0.000000000000000000e+00,-2.999228093598997447e+00,5.999999999999999778e-01,5.999999999999999778e-01,3.017612573807249069e+09,1.000000000000000000e+00
9.874999999999999474e-06,1.490000000000000000e+02,0.000000000000000000e+00,1.611732946706052161e+00,5.999999999999999778e-01,5.999999999999999778e-01,3.017612573807249069e+09,1.000000000000000000e+00
9.916666666666666024e-06,1.490000000000000000e+02,0.000000000000000000e+00,-6.049132016848435267e-02,5.999999999999999778e-01,5.999999999999999778e-01,3.017612573807249069e+09,1.000000000000000000e+00
9.958333333333332574e-06,1.490000000000000000e+02,0.000000000000000000e+00,-1.732715587043021088e+00,5.999999999999999778e-01,5.999999999999999778e-01,3.017612573807249069e+09,1.000000000000000000e+00
1.000000000000000082e-05,1.490000000000000000e+02,0.000000000000000000e+00,2.878245453262028963e+00,5.999999999999999778e-01,5.999999999999999778e-01,3.017612573807249069e+09,1.000000000000000000e+00
1.004166666666666737e-05,1.490000000000000000e+02,0.000000000000000000e+00,1.206021186387492339e+00,5.999999999999999778e-01,5.999999999999999778e-01,3.017612573807249069e+09,1.000000000000000000e+00
1.008333333333333392e-05,1.490000000000000000e+02,0.000000000000000000e+00,-4.662030804870443967e-01,5.999999999999999778e-01,5.999999999999999778e-01,3.017612573807249069e+09,1.000000000000000000e+00
1.012500000000000047e-05,1.490000000000000000e+02,0.000000000000000000e+00,-2.138427347361580910e+00,5.999999999999999778e-01,5.999999999999999778e-01,3.017612573807249069e+09,1.000000000000000000e+00
1.016666666666666702e-05,1.480000000000000000e+02,0.000000000000000000e+00,2.472533692943468697e+00,5.999999999999999778e-01,5.999999999999999778e-01,3.021985202321897030e+09,1.000000000000000000e+00
1.020833333333333357e-05,1.480000000000000000e+02,0.000000000000000000e+00,1.945060894277074182e+00,5.999999999999999778e-01,5.999999999999999778e-01,3.021985202321897030e+09,1.000000000000000000e+00
1.025000000000000012e-05,1.480000000000000000e+02,0.000000000000000000e+00,1.417588095610679444e+00,5.999999999999999778e-01,5.999999999999999778e-01,3.021985202321897030e+09,1.000000000000000000e+00
1.029166666666666667e-05,1.480000000000000000e+02,0.000000000000000000e+00,8.901152969442847063e-01,5.999999999999999778e-01,5.999999999999999778e-01,3.021985202321897030e+09,1.000000000000000000e+00
1.033333333333333322e-05,1.480000000000000000e+02,0.000000000000000000e+00,3.626424982778899131e-01,5.999999999999999778e-01,5.999999999999999778e-01,3.021985202321897030e+09,1.000000000000000000e+00
1.037499999999999977e-05,1.480000000000000000e+02,0.000000000000000000e+00,-1.648303003885048246e-01,5.999999999999999778e-01,5.999999999999999778e-01,3.021985202321897030e+09,1.000000000000000000e+00
1.041666666666666632e-05,1.480000000000000000e+02,0.000000000000000000e+00,-6.923030990548996177e-01,5.999999999999999778e-01,5.999999999999999778e-01,3.021985202321897030e+09,1.000000000000000000e+00
1.045833333333333287e-05,1.480000000000000000e+02,0.000000000000000000e+00,-1.219775897721294244e+00,5.999999999999999778e-01,5.999999999999999778e-01,3.021985202321897030e+09,1.000000000000000000e+00
1.049999999999999942e-05,1.480000000000000000e+02,0.000000000000000000e+00,-1.747248696387688982e+00,5.999999999999999778e-01,5.999999999999999778e-01,3.021985202321897030e+09,1.000000000000000000e+00
1.054166666666666597e-05,1.480000000000000000e+02,0.000000000000000000e+00,-2.274721495054083942e+00,5.999999999999999778e-01,5.999999999999999778e-01,3.021985202321897030e+09,1.000000000000000000e+00
1.058333333333333252e-05,1.480000000000000000e+02,0.000000000000000000e+00,-2.802194293720478679e+00,5.999999999999999778e-01,5.999999999999999778e-01,3.021985202321897030e+09,1.000000000000000000e+00
1.062500000000000076e-05,1.480000000000000000e+02,0.000000000000000000e+00,2.953518214792713259e+00,5.999999999999999778e-01,5.999999999999999778e-01,3.021985202321897030e+09,1.000000000000000000e+00
1.066666666666666731e-05,1.480000000000000000e+02,0.000000000000000000e+00,2.426045416126318521e+00,5.999999999999999778e-01,5.999999999999999778e-01,3.021985202321897030e+09,1.000000000000000000e+00
1.070833333333333386e-05,1.480000000000000000e+02,0.000000000000000000e+00,1.898572617459923784e+00,5.999999999999999778e-01,5.999999999999999778e-01,3.021985202321897030e+09,1.000000000000000000e+00
1.075000000000000041e-05,1.480000000000000000e+02,0.000000000000000000e+00,1.371099818793529046e+00,5.999999999999999778e-01,5.999999999999999778e-01,3.021985202321897030e+09,1.000000000000000000e+00
1.079166666666666696e-05,1.480000000000000000e+02,0.000000000000000000e+00,8.436270201271343083e-01,5.999999999999999778e-01,5.999999999999999778e-01,3.021985202321897030e+09,1.000000000000000000e+00
1.083333333333333351e-05,1.480000000000000000e+02,0.000000000000000000e+00,3.161542214607395151e-01,5.999999999999999778e-01,5.999999999999999778e-01,3.021985202321897030e+09,1.000000000000000000e+00
1.087500000000000006e-05,1.480000000000000000e+02,0.000000000000000000e+00,-2.113185772056552225e-01,5.999999999999999778e-01,5.999999999999999778e-01,3.021985202321897030e+09,1.000000000000000000e+00
1.091666666666666661e-05,1.480000000000000000e+02,0.000000000000000000e+00,-7.387913758720499047e-01,5.999999999999999778e-01,5.999999999999999778e-01,3.021985202321897030e+09,1.000000000000000000e+00
1.095833333333333316e-05,1.480000000000000000e+02,0.000000000000000000e+00,-1.266264174538444642e+00,5.999999999999999778e-01,5.999999999999999778e-01,3.021985202321897030e+09,1.000000000000000000e+00
1.099999999999999971e-05,1.480000000000000000e+02,0.000000000000000000e+00,-1.793736973204839380e+00,5.999999999999999778e-01,5.999999999999999778e-01,3.021985202321897030e+09,1.000000000000000000e+00
1.104166666666666626e-05,1.480000000000000000e+02,0.000000000000000000e+00,-2.321209771871234118e+00,5.999999999999999778e-01,5.999999999999999778e-01,3.021985202321897030e+09,1.000000000000000000e+00
1.108333333333333281e-05,1.480000000000000000e+02,0.000000000000000000e+00,-2.848682570537628855e+00,5.999999999999999778e-01,5.999999999999999778e-01,3.021985202321897030e+09,1.000000000000000000e+00
1.112499999999999936e-05,1.480000000000000000e+02,0.000000000000000000e+00,2.907029937975562639e+00,5.999999999999999778e-01,5.999999999999999778e-01,3.021985202321897030e+09,1.000000000000000000e+00
1.116666666666666591e-05,1.480000000000000000e+02,0.000000000000000000e+00,2.379557139309167901e+00,5.999999999999999778e-01,5.999999999999999778e-01,3.021985202321897030e+09,1.000000000000000000e+00
1.120833333333333416e-05,1.480000000000000000e+02,0.000000000000000000e+00,1.852084340642773386e+00,5.999999999999999778e-01,5.999999999999999778e-01,3.021985202321897030e+09,1.000000000000000000e+00
1.125000000000000071e-05,1.480000000000000000e+02,0.000000000000000000e+00,1.324611541976378648e+00,5.999999999999999778e-01,5.999999999999999778e-01,3.021985202321897030e+09,1.000000000000000000e+00
1.129166666666666726e-05,1.480000000000000000e+02,0.000000000000000000e+00,7.971387433099839104e-01,5.999999999999999778e-01,5.999999999999999778e-01,3.021985202321897030e+09,1.000000000000000000e+00
1.133333333333333381e-05,1.480000000000000000e+02,0.000000000000000000e+00,2.696659446435891172e-01,5.999999999999999778e-01,5.999999999999999778e-01,3.021985202321897030e+09,1.000000000000000000e+00
1.137500000000000036e-05,1.480000000000000000e+02,0.000000000000000000e+00,-2.578068540228055650e-01,5.999999999999999778e-01,5.999999999999999778e-01,3.021985202321897030e+09,1.000000000000000000e+00
1.141666666666666691e-05,1.480000000000000000e+02,0.000000000000000000e+00,-7.852796526892003026e-01,5.999999999999999778e-01,5.999999999999999778e-01,3.021985202321897030e+09,1.000000000000000000e+00
1.145833333333333346e-05,1.480000000000000000e+02,0.000000000000000000e+00,-1.312752451355595040e+00,5.999999999999999778e-01,5.999999999999999778e-01,3.021985202321897030e+09,1.000000000000000000e+00
1.150000000000000001e-05,1.480000000000000000e+02,0.000000000000000000e+00,-1.840225250021989778e+00,5.999999999999999778e-01,5.999999999999999778e-01,3.021985202321897030e+09,1.000000000000000000e+00
1.154166666666666656e-05,1.480000000000000000e+02,0.000000000000000000e+00,-2.367698048688384738e+00,5.999999999999999778e-01,5.999999999999999778e-01,3.021985202321897030e+09,1.000000000000000000e+00
1.158333333333333311e-05,1.480000000000000000e+02,0.000000000000000000e+00,-2.895170847354779475e+00,5.999999999999999778e-01,5.999999999999999778e-01,3.021985202321897030e+09,1.000000000000000000e+00
1.162499999999999966e-05,1.470000000000000000e+02,1.000000000000000000e+00,2.860541661158412463e+00,4.874999999999999889e-01,4.874999999999999889e-01,3.024126894375921726e+09,1.000000000000000000e+00
1.166666666666666621e-05,1.470000000000000000e+02,1.000000000000000000e+00,2.893762531089895784e+00,4.874999999999999889e-01,4.874999999999999889e-01,3.024126894375921726e+09,1.000000000000000000e+00
1.170833333333333276e-05,1.470000000000000000e+02,1.000000000000000000e+00,2.926983401021379105e+00,4.874999999999999889e-01,4.874999999999999889e-01,3.024126894375921726e+09,1.000000000000000000e+00
1.174999999999999931e-05,1.470000000000000000e+02,2.000000000000000000e+00,2.960204270952862426e+00,4.874999999999999889e-01,4.874999999999999889e-01,3.024126894375921726e+09,1.000000000000000000e+00
1.179166666666666586e-05,1.470000000000000000e+02,2.000000000000000000e+00,2.963098884903819563e+00,4.835479329158269834e-01,4.871337725696215371e-01,3.024047853034238338e+09,1.000000000000000000e+00
1.183333333333333410e-05,1.470000000000000000e+02,2.000000000000000000e+00,2.952471085262094785e+00,4.818402854849613837e-01,4.866278581291760830e-01,3.024013700085620880e+09,1.000000000000000000e+00
1.187500000000000065e-05,1.470000000000000000e+02,2.000000000000000000e+00,2.933388174198488851e+00,4.806349991608763750e-01,4.860519800214238018e-01,3.023989594359139442e+09,1.000000000000000000e+00
1.191666666666666720e-05,1.470000000000000000e+02,2.000000000000000000e+00,2.906024102565060385e+00,4.794028799311335076e-01,4.854125900078846145e-01,3.023964951974544525e+09,1.000000000000000000e+00
1.195833333333333375e-05,1.470000000000000000e+02,2.000000000000000000e+00,2.868827550926970726e+00,4.779466723189721433e-01,4.846949652304068379e-01,3.023935827822301388e+09,1.000000000000000000e+00
1.200000000000000030e-05,1.470000000000000000e+02,2.000000000000000000e+00,2.819332769861693233e+00,4.761512322420953236e-01,4.838742941042415979e-01,3.023899919020763397e+09,1.000000000000000000e+00
1.204166666666666685e-05,1.470000000000000000e+02,2.000000000000000000e+00,2.754301955999016283e+00,4.739123707397189245e-01,4.829180218812731962e-01,3.023855141790716171e+09,1.000000000000000000e+00
1.208333333333333340e-05,1.470000000000000000e+02,2.000000000000000000e+00,2.669692320892726567e+00,4.711182564886259305e-01,4.817859401960447596e-01,3.023799259505694389e+09,1.000000000000000000e+00
1.212499999999999995e-05,1.470000000000000000e+02,2.000000000000000000e+00,2.560626964395259275e+00,4.676508306875633014e-01,4.804303192705301484e-01,3.023729910989673138e+09,1.000000000000000000e+00
1.216666666666666650e-05,1.470000000000000000e+02,2.000000000000000000e+00,2.421502556565291453e+00,4.634036165785655470e-01,4.787976837302708177e-01,3.023644966707492828e+09,1.000000000000000000e+00
1.220833333333333305e-05,1.470000000000000000e+02,2.000000000000000000e+00,2.246422563499526515e+00,4.583239437017215812e-01,4.768344054440956659e-01,3.023543373249956131e+09,1.000000000000000000e+00
1.224999999999999960e-05,1.470000000000000000e+02,2.000000000000000000e+00,2.030242918968814703e+00,4.524927915114146382e-01,4.744993341117227370e-01,3.023426750206150055e+09,1.000000000000000000e+00
1.229166666666666615e-05,1.470000000000000000e+02,2.000000000000000000e+00,1.770557904775932112e+00,4.462481245324153578e-01,4.717869748519651907e-01,3.023301856866569996e+09,1.000000000000000000e+00
1.233333333333333270e-05,1.470000000000000000e+02,2.000000000000000000e+00,1.470677512274595866e+00,4.403166893889849387e-01,4.687611608818275100e-01,3.023183228163701534e+09,1.000000000000000000e+00
1.237499999999999925e-05,1.470000000000000000e+02,2.000000000000000000e+00,1.142661392095623452e+00,4.358274088654389700e-01,4.655872679285500970e-01,3.023093442553230286e+09,1.000000000000000000e+00
1.241666666666666750e-05,1.470000000000000000e+02,2.000000000000000000e+00,8.079256790680111600e-01,4.340062131112640831e-01,4.625330835183524281e-01,3.023057018638146877e+09,1.000000000000000000e+00
1.245833333333333405e-05,1.470000000000000000e+02,2.000000000000000000e+00,4.927706808599388033e-01,4.355289973028987349e-01,4.599083233064004683e-01,3.023087474321979523e+09,1.000000000000000000e+00
1.250000000000000060e-05,1.470000000000000000e+02,2.000000000000000000e+00,2.198405398513378906e-01,4.400002262501807593e-01,4.579589199514859654e-01,3.023176898900925159e+09,1.000000000000000000e+00
1.254166666666666715e-05,1.470000000000000000e+02,2.000000000000000000e+00,1.206830624686626528e-03,4.461507952749445005e-01,4.567876601414947446e-01,3.023299910281420708e+09,1.000000000000000000e+00
1.258333333333333370e-05,1.470000000000000000e+02,2.000000000000000000e+00,-1.624288567658376259e-01,4.525970234203431919e-01,4.563536989659078280e-01,3.023428834844328403e+09,1.000000000000000000e+00
1.262500000000000025e-05,1.470000000000000000e+02,2.000000000000000000e+00,-2.777629322382844101e-01,4.584258420550220148e-01,4.565296048795502992e-01,3.023545411217021942e+09,1.000000000000000000e+00
1.266666666666666680e-05,1.470000000000000000e+02,2.000000000000000000e+00,-3.542161133520048133e-01,4.632791889908676186e-01,4.571632044766210656e-01,3.023642478155739307e+09,1.000000000000000000e+00
1.270833333333333335e-05,1.470000000000000000e+02,2.000000000000000000e+00,-4.009187881082660887e-01,4.671563737509619174e-01,4.581154787205218293e-01,3.023720021850941181e+09,1.000000000000000000e+00
1.274999999999999990e-05,1.470000000000000000e+02,2.000000000000000000e+00,-4.254814492018348382e-01,4.702047136067921129e-01,4.592745359417630402e-01,3.023780988648057461e+09,1.000000000000000000e+00
1.279166666666666645e-05,1.470000000000000000e+02,2.000000000000000000e+00,-4.338271530260962017e-01,4.725962153465413373e-01,4.605559044374359368e-01,3.023828818682852745e+09,1.000000000000000000e+00
1.283333333333333300e-05,1.470000000000000000e+02,2.000000000000000000e+00,-4.304472123718832144e-01,4.744784045329586419e-01,4.618977112152139464e-01,3.023866462466580868e+09,1.000000000000000000e+00
1.287499999999999955e-05,1.470000000000000000e+02,2.000000000000000000e+00,-4.187365686192614511e-01,4.759645240521813703e-01,4.632552090018274282e-01,3.023896184856965542e+09,1.000000000000000000e+00
1.291666666666666610e-05,1.470000000000000000e+02,2.000000000000000000e+00,-4.012785127992182233e-01,4.771386026613255726e-01,4.645962615409791052e-01,3.023919666429148197e+09,1.000000000000000000e+00
1.295833333333333265e-05,1.470000000000000000e+02,2.000000000000000000e+00,-3.800529834128618667e-01,4.780635234735319261e-01,4.658980360481015381e-01,3.023938164845392227e+09,1.000000000000000000e+00
1.299999999999999920e-05,1.470000000000000000e+02,2.000000000000000000e+00,-3.565806209197952548e-01,4.787878031904233556e-01,4.671446791764235495e-01,3.023952650439730167e+09,1.000000000000000000e+00
1.304166666666666744e-05,1.470000000000000000e+02,2.000000000000000000e+00,-3.320223350478052615e-01,4.793502174853178643e-01,4.683256760147054276e-01,3.023963898725627899e+09,1.000000000000000000e+00
1.308333333333333399e-05,1.470000000000000000e+02,2.000000000000000000e+00,-3.072509711447772851e-01,4.797826170749289187e-01,4.694346489892863294e-01,3.023972546717420101e+09,1.000000000000000000e+00
1.312500000000000054e-05,1.470000000000000000e+02,2.000000000000000000e+00,-2.829062519605494153e-01,4.801115342401808261e-01,4.704684341720014040e-01,3.023979125060725212e+09,1.000000000000000000e+00
1.316666666666666709e-05,1.470000000000000000e+02,2.000000000000000000e+00,-2.594395278582859454e-01,4.803590969668934951e-01,4.714263387483026979e-01,3.023984076315259457e+09,1.000000000000000000e+00
1.320833333333333364e-05,1.470000000000000000e+02,2.000000000000000000e+00,-2.371516887334572388e-01,4.805436052733542684e-01,4.723095278067287461e-01,3.023987766481389046e+09,1.000000000000000000e+00
1.325000000000000019e-05,1.470000000000000000e+02,2.000000000000000000e+00,-2.162257338578918997e-01,4.806799758961634028e-01,4.731205142632327609e-01,3.023990493893845081e+09,1.000000000000000000e+00
1.329166666666666674e-05,1.470000000000000000e+02,2.000000000000000000e+00,-1.967545906230960817e-01,4.807801539134231028e-01,4.738627382922529496e-01,3.023992497454190254e+09,1.000000000000000000e+00
1.333333333333333329e-05,1.470000000000000000e+02,2.000000000000000000e+00,-1.787644527475103218e-01,4.808535233814121845e-01,4.745402273530058279e-01,3.023993964843550205e+09,1.000000000000000000e+00
1.337499999999999984e-05,1.470000000000000000e+02,2.000000000000000000e+00,-1.622338888957082226e-01,4.809073147585373742e-01,4.751573286948043151e-01,3.023995040671092510e+09,1.000000000000000000e+00
1.341666666666666639e-05,1.470000000000000000e+02,2.000000000000000000e+00,-1.471090660380931503e-01,4.809469940874331328e-01,4.757185056098679476e-01,3.023995834257670403e+09,1.000000000000000000e+00
1.345833333333333294e-05,1.470000000000000000e+02,2.000000000000000000e+00,-1.333155328867641209e-01,4.809766182991799255e-01,4.762281880352544627e-01,3.023996426741905212e+09,1.000000000000000000e+00
1.349999999999999949e-05,1.470000000000000000e+02,2.000000000000000000e+00,-1.207670709890416028e-01,4.809991458398079622e-01,4.766906679489198440e-01,3.023996877292717934e+09,1.000000000000000000e+00
1.354166666666666605e-05,1.470000000000000000e+02,2.000000000000000000e+00,-1.093721343128444268e-01,4.810166979155313660e-01,4.771100304491412980e-01,3.023997228334232330e+09,1.000000000000000000e+00
1.358333333333333260e-05,1.470000000000000000e+02,2.000000000000000000e+00,-9.903837038646168267e-02,4.810307708724311793e-01,4.774901123175036011e-01,3.023997509793370247e+09,1.000000000000000000e+00
1.362500000000000084e-05,1.470000000000000000e+02,2.000000000000000000e+00,-8.967566148057894149e-02,4.810424038023707882e-01,4.778344810420621092e-01,3.023997742451969147e+09,1.000000000000000000e+00
1.366666666666666739e-05,1.470000000000000000e+02,2.000000000000000000e+00,-8.119805686114967003e-02,4.810523074051915593e-01,4.781464285345988774e-01,3.023997940524025440e+09,1.000000000000000000e+00
1.370833333333333394e-05,1.470000000000000000e+02,2.000000000000000000e+00,-7.352489753648194792e-02,4.810609607847822211e-01,4.784289749796113433e-01,3.023998113591617584e+09,1.000000000000000000e+00
1.375000000000000049e-05,1.470000000000000000e+02,2.000000000000000000e+00,-6.658137010131293110e-02,4.810686826406877503e-01,4.786848793224504073e-01,3.023998268028735638e+09,1.000000000000000000e+00
1.379166666666666704e-05,1.470000000000000000e+02,2.000000000000000000e+00,-6.029866994586052797e-02,4.810756826137144726e-01,4.789166538039943410e-01,3.023998408028195858e+09,1.000000000000000000e+00
1.383333333333333359e-05,1.470000000000000000e+02,2.000000000000000000e+00,-5.461390751420447387e-02,4.810820976334779786e-01,4.791265806745602651e-01,3.023998536328591347e+09,1.000000000000000000e+00
1.387500000000000014e-05,1.470000000000000000e+02,2.000000000000000000e+00,-4.946985428514460992e-02,4.810880171795485216e-01,4.793167297840829066e-01,3.023998654719512463e+09,1.000000000000000000e+00
1.391666666666666669e-05,1.470000000000000000e+02,2.000000000000000000e+00,-4.481459662101849872e-02,4.810935005094231220e-01,4.794889761716323306e-01,3.023998764386110306e+09,1.000000000000000000e+00
1.395833333333333324e-05,1.470000000000000000e+02,2.000000000000000000e+00,-4.060114427434280415e-02,4.810985881723153224e-01,4.796450170903595045e-01,3.023998866139368057e+09,1.000000000000000000e+00
1.399999999999999979e-05,1.470000000000000000e+02,2.000000000000000000e+00,-3.678702469314965029e-02,4.811033095305196072e-01,4.797863881281307363e-01,3.023998960566532135e+09,1.000000000000000000e+00
1.404166666666666634e-05,1.470000000000000000e+02,2.000000000000000000e+00,-3.333388307432950254e-02,4.811076875411169351e-01,4.799144782405282417e-01,3.023999048126744270e+09,1.000000000000000000e+00
1.408333333333333289e-05,1.470000000000000000e+02,2.000000000000000000e+00,-3.020710026830864328e-02,4.811117416932503277e-01,4.800305436190000496e-01,3.023999129209786892e+09,1.000000000000000000e+00
1.412499999999999944e-05,1.470000000000000000e+02,2.000000000000000000e+00,-2.737543527600872287e-02,4.811154897297549304e-01,4.801357203865372347e-01,3.023999204170516968e+09,1.000000000000000000e+00
1.416666666666666599e-05,1.470000000000000000e+02,2.000000000000000000e+00,-2.481069548880521225e-02,4.811189485875621008e-01,4.802310361569491759e-01,3.023999273347672939e+09,1.000000000000000000e+00
1.420833333333333254e-05,1.470000000000000000e+02,2.000000000000000000e+00,-2.248743550458209839e-02,4.811221348517017993e-01,4.803174205194941648e-01,3.023999337072955608e+09,1.000000000000000000e+00
1.425000000000000078e-05,1.470000000000000000e+02,2.000000000000000000e+00,-2.038268391029385285e-02,4.811250649192879147e-01,4.803957145240977944e-01,3.023999395674307346e+09,1.000000000000000000e+00
1.429166666666666733e-05,1.470000000000000000e+02,2.000000000000000000e+00,-1.847569657948122668e-02,4.811277550014345650e-01,4.804666792477962356e-01,3.023999449475950241e+09,1.000000000000000000e+00
1.433333333333333388e-05,1.470000000000000000e+02,2.000000000000000000e+00,-1.674773458844436638e-02,4.811302210442663374e-01,4.805310035232938648e-01,3.023999498796807289e+09,1.000000000000000000e+00
1.437500000000000043e-05,1.470000000000000000e+02,2.000000000000000000e+00,-1.518186467401472402e-02,4.811324786186850777e-01,4.805893109076310177e-01,3.023999543948295593e+09,1.000000000000000000e+00
1.441666666666666698e-05,1.470000000000000000e+02,2.000000000000000000e+00,-1.376278012812770513e-02,4.811345428078430686e-01,4.806421659642917676e-01,3.023999585232078552e+09,1.000000000000000000e+00
1.445833333333333353e-05,1.470000000000000000e+02,2.000000000000000000e+00,-1.247664010807137021e-02,4.811364281077463168e-01,4.806900799265262370e-01,3.023999622938076496e+09,1.000000000000000000e+00
1.450000000000000009e-05,1.470000000000000000e+02,2.000000000000000000e+00,-1.131092546520529214e-02,4.811381483481157462e-01,4.807335158038146261e-01,3.023999657342884064e+09,1.000000000000000000e+00
1.454166666666666664e-05,1.470000000000000000e+02,2.000000000000000000e+00,-1.025430935478732937e-02,4.811397166354692834e-01,4.807728929876122215e-01,3.023999688708631039e+09,1.000000000000000000e+00
1.458333333333333319e-05,1.470000000000000000e+02,2.000000000000000000e+00,-9.296541050753948099e-03,4.811411453175507003e-01,4.808085914069951672e-01,3.023999717282272816e+09,1.000000000000000000e+00
1.462499999999999974e-05,1.470000000000000000e+02,2.000000000000000000e+00,-8.428341549143516034e-03,4.811424459667079101e-01,4.808409552796958364e-01,3.023999743295255661e+09,1.000000000000000000e+00
1.466666666666666629e-05,1.470000000000000000e+02,2.000000000000000000e+00,-7.641309699602861528e-03,4.811436293791752639e-01,4.808702964993123996e-01,3.023999766963505268e+09,1.000000000000000000e+00
1.470833333333333284e-05,1.470000000000000000e+02,2.000000000000000000e+00,-6.927837738795352210e-03,4.811447055871845846e-01,4.808968976952240348e-01,3.023999788487665653e+09,1.000000000000000000e+00
1.474999999999999939e-05,1.470000000000000000e+02,2.000000000000000000e+00,-6.281035228904221016e-03,4.811456838809435865e-01,4.809210149979164517e-01,3.023999808053540707e+09,1.000000000000000000e+00
1.479166666666666594e-05,1.470000000000000000e+02,2.000000000000000000e+00,-5.694660515155992343e-03,4.811465728378882534e-01,4.809428805389943662e-01,3.023999825832679272e+09,1.000000000000000000e+00
1.483333333333333418e-05,1.470000000000000000e+02,2.000000000000000000e+00,-5.163058917242669722e-03,4.811473803569742969e-01,4.809627047121049492e-01,3.023999841983061314e+09,1.000000000000000000e+00
1.487500000000000073e-05,1.470000000000000000e+02,2.000000000000000000e+00,-4.681106960016113462e-03,4.811481136961681671e-01,4.809806782182701745e-01,3.023999856649845123e+09,1.000000000000000000e+00
1.491666666666666728e-05,1.470000000000000000e+02,2.000000000000000000e+00,-4.244162020678123384e-03,4.811487795117058708e-01,4.809969739167094804e-01,3.023999869966156006e+09,1.000000000000000000e+00
1.495833333333333383e-05,1.470000000000000000e+02,2.000000000000000000e+00,-3.848016846314640006e-03,4.811493838978980753e-01,4.810117485000698911e-01,3.023999882053879738e+09,1.000000000000000000e+00
1.500000000000000038e-05,1.470000000000000000e+02,2.000000000000000000e+00,-3.488858449055333346e-03,4.811499324266630406e-01,4.810251440110648868e-01,3.023999893024455070e+09,1.000000000000000000e+00
1.504166666666666693e-05,1.470000000000000000e+02,2.000000000000000000e+00,-3.163230941618967642e-03,4.811504301861057042e-01,4.810372892158102376e-01,3.023999902979643822e+09,1.000000000000000000e+00
1.508333333333333348e-05,1.470000000000000000e+02,2.000000000000000000e+00,-2.868001924435593843e-03,4.811508818176603031e-01,4.810483008476124089e-01,3.023999912012274742e+09,1.000000000000000000e+00
1.512500000000000003e-05,1.470000000000000000e+02,2.000000000000000000e+00,-2.600332073735335450e-03,4.811512915515098743e-01,4.810582847336049572e-01,3.023999920206952095e+09,1.000000000000000000e+00
1.516666666666666658e-05,1.470000000000000000e+02,2.000000000000000000e+00,-2.357647617510228756e-03,4.811516632400669180e-01,4.810673368154049778e-01,3.023999927640723228e+09,1.000000000000000000e+00
1.520833333333333313e-05,1.470000000000000000e+02,2.000000000000000000e+00,-2.137615420361616871e-03,4.811520003893938191e-01,4.810755440738645472e-01,3.023999934383709431e+09,1.000000000000000000e+00
1.524999999999999968e-05,1.470000000000000000e+02,2.000000000000000000e+00,-1.938120422801948824e-03,4.811523061885570884e-01,4.810829853670164358e-01,3.023999940499692917e+09,1.000000000000000000e+00
1.529166666666666792e-05,1.470000000000000000e+02,2.000000000000000000e+00,-1.757245209911052460e-03,4.811525835368880011e-01,4.810897321894278544e-01,3.023999946046659470e+09,1.000000000000000000e+00
1.533333333333333447e-05,1.470000000000000000e+02,2.000000000000000000e+00,-1.593251506529559571e-03,4.811528350692174660e-01,4.810958493603846309e-01,3.023999951077306271e+09,1.000000000000000000e+00
1.537500000000000102e-05,1.470000000000000000e+02,2.000000000000000000e+00,-1.444563410951450657e-03,4.811530631791930412e-01,4.811013956476202225e-01,3.023999955639505386e+09,1.000000000000000000e+00
1.541666666666666757e-05,1.470000000000000000e+02,2.000000000000000000e+00,-1.309752205680415806e-03,4.811532700406924157e-01,4.811064243326548806e-01,3.023999959776735783e+09,1.000000000000000000e+00
1.545833333333333412e-05,1.470000000000000000e+02,2.000000000000000000e+00,-1.187522594273905359e-03,4.811534576274975605e-01,4.811109837232355746e-01,3.023999963528471470e+09,1.000000000000000000e+00
1.550000000000000068e-05,1.470000000000000000e+02,2.000000000000000000e+00,-1.076700228532790878e-03,4.811536277313314680e-01,4.811151176178480871e-01,3.023999966930548191e+09,1.000000000000000000e+00
1.554166666666666723e-05,1.470000000000000000e+02,2.000000000000000000e+00,-9.762204055285839946e-04,4.811537819783495706e-01,4.811188657267964075e-01,3.023999970015488625e+09,1.000000000000000000e+00
1.558333333333333378e-05,1.470000000000000000e+02,2.000000000000000000e+00,-8.851178219182478067e-04,4.811539218442205668e-01,4.811222640539241091e-01,3.023999972812806129e+09,1.000000000000000000e+00
1.562500000000000033e-05,1.470000000000000000e+02,2.000000000000000000e+00,-8.025172880032917754e-04,4.811540486678644313e-01,4.811253452426631494e-01,3.023999975349278927e+09,1.000000000000000000e+00
1.566666666666666688e-05,1.470000000000000000e+02,2.000000000000000000e+00,-7.276253121752963285e-04,4.811541636639792285e-01,4.811281388897508116e-01,3.023999977649201393e+09,1.000000000000000000e+00
1.570833333333333343e-05,1.470000000000000000e+02,2.000000000000000000e+00,-6.597224700279914191e-04,4.811542679344865681e-01,4.811306718296431972e-01,3.023999979734611511e+09,1.000000000000000000e+00
1.574999999999999998e-05,1.470000000000000000e+02,2.000000000000000000e+00,-5.981564881047963514e-04,4.811543624789101359e-01,4.811329683923648570e-01,3.023999981625499725e+09,1.000000000000000000e+00
1.579166666666666653e-05,1.470000000000000000e+02,2.000000000000000000e+00,-5.423359738423462993e-04,4.811544482038276893e-01,4.811350506372777391e-01,3.023999983339998245e+09,1.000000000000000000e+00
1.583333333333333308e-05,1.470000000000000000e+02,2.000000000000000000e+00,-4.917247321381003865e-04,4.811545259314616296e-01,4.811369385650218211e-01,3.023999984894550800e+09,1.000000000000000000e+00
1.587499999999999963e-05,1.470000000000000000e+02,2.000000000000000000e+00,-4.458366116986147397e-04,4.811545964075015780e-01,4.811386503096678480e-01,3.023999986304071903e+09,1.000000000000000000e+00
1.591666666666666618e-05,1.470000000000000000e+02,2.000000000000000000e+00,-4.042308345568747761e-04,4.811546603081903739e-01,4.811402023129304206e-01,3.023999987582085609e+09,1.000000000000000000e+00
1.595833333333333273e-05,1.470000000000000000e+02,2.000000000000000000e+00,-3.665077591912271025e-04,4.811547182467900141e-01,4.811416094821188705e-01,3.023999988740857601e+09,1.000000000000000000e+00
1.599999999999999928e-05,1.470000000000000000e+02,2.000000000000000000e+00,-3.323050417756169528e-04,4.811547707794082140e-01,4.811428853333420963e-01,3.023999989791510105e+09,1.000000000000000000e+00
1.604166666666666583e-05,1.470000000000000000e+02,2.000000000000000000e+00,-3.012941546338700183e-04,4.811548184103234260e-01,4.811440421213464269e-01,3.023999990744128227e+09,1.000000000000000000e+00
1.608333333333333238e-05,1.470000000000000000e+02,2.000000000000000000e+00,-2.731772300657032949e-04,4.811548615968048725e-01,4.811450909572347889e-01,3.023999991607857704e+09,1.000000000000000000e+00
1.612499999999999893e-05,1.470000000000000000e+02,2.000000000000000000e+00,-2.476841986216461711e-04,4.811549007534888234e-01,4.811460419151986079e-01,3.023999992390991688e+09,1.000000000000000000e+00
1.616666666666666548e-05,1.470000000000000000e+02,2.000000000000000000e+00,-2.245701949967772427e-04,4.811549362563452004e-01,4.811469041292868454e-01,3.023999993101048470e+09,1.000000000000000000e+00
1.620833333333333203e-05,1.470000000000000000e+02,2.000000000000000000e+00,-2.036132049405571499e-04,4.811549684462852472e-01,4.811476858811452040e-01,3.023999993744847298e+09,1.000000000000000000e+00
1.624999999999999858e-05,1.470000000000000000e+02,2.000000000000000000e+00,-1.846119336286212976e-04,4.811549976324130951e-01,4.811483946795637179e-01,3.023999994328569889e+09,1.000000000000000000e+00
1.629166666666666513e-05,1.470000000000000000e+02,2.000000000000000000e+00,-1.673838718496702105e-04,4.811550240950052126e-01,4.811490373326033354e-01,3.023999994857821941e+09,1.000000000000000000e+00
1.633333333333333168e-05,1.470000000000000000e+02,2.000000000000000000e+00,-1.517635415901898404e-04,4.811550480882011427e-01,4.811496200129899425e-01,3.023999995337685585e+09,1.000000000000000000e+00
1.637500000000000161e-05,1.470000000000000000e+02,2.000000000000000000e+00,-1.376009082840758103e-04,4.811550698424150174e-01,4.811501483174039917e-01,3.023999995772769928e+09,1.000000000000000000e+00
1.641666666666666816e-05,1.470000000000000000e+02,2.000000000000000000e+00,-1.247599385814103490e-04,4.811550895665737682e-01,4.811506273202392769e-01,3.023999996167253017e+09,1.000000000000000000e+00
1.645833333333333471e-05,1.470000000000000000e+02,2.000000000000000000e+00,-1.131172938593229239e-04,4.811551074501098646e-01,4.811510616223430015e-01,3.023999996524923801e+09,1.000000000000000000e+00
1.650000000000000127e-05,1.470000000000000000e+02,2.000000000000000000e+00,-1.025611456051413162e-04,4.811551236647789165e-01,4.811514553952079831e-01,3.023999996849217415e+09,1.000000000000000000e+00
1.654166666666666782e-05,1.470000000000000000e+02,2.000000000000000000e+00,-9.299010153052247657e-05,4.811551383663096315e-01,4.811518124210403813e-01,3.023999997143248081e+09,1.000000000000000000e+00
1.658333333333333437e-05,1.470000000000000000e+02,2.000000000000000000e+00,-8.431223127525326350e-05,4.811551516959053920e-01,4.811521361290889143e-01,3.023999997409839630e+09,1.000000000000000000e+00
1.662500000000000092e-05,1.470000000000000000e+02,2.000000000000000000e+00,-7.644418328789495459e-05,4.811551637815939531e-01,4.811524296285830671e-01,3.023999997651553631e+09,1.000000000000000000e+00
1.666666666666666747e-05,1.470000000000000000e+02,2.000000000000000000e+00,-6.931038447044582168e-05,4.811551747394524625e-01,4.811526957385974246e-01,3.023999997870710850e+09,1.000000000000000000e+00
1.670833333333333402e-05,1.470000000000000000e+02,2.000000000000000000e+00,-6.284231440156898057e-05,4.811551846747250671e-01,4.811529370151286789e-01,3.023999998069416046e+09,1.000000000000000000e+00
1.675000000000000057e-05,1.470000000000000000e+02,2.000000000000000000e+00,-5.697784731717572609e-05,4.811551936828377674e-01,4.811531557756468791e-01,3.023999998249578476e+09,1.000000000000000000e+00
1.679166666666666712e-05,1.470000000000000000e+02,2.000000000000000000e+00,-5.166065457240645370e-05,4.811552018503189587e-01,4.811533541213552922e-01,3.023999998412928104e+09,1.000000000000000000e+00
1.683333333333333367e-05,1.470000000000000000e+02,2.000000000000000000e+00,-4.683966394703045549e-05,4.811552092556151683e-01,4.811535339573720371e-01,3.023999998561034203e+09,1.000000000000000000e+00
1.687500000000000022e-05,1.470000000000000000e+02,2.000000000000000000e+00,-4.246857010992269771e-05,4.811552159698451181e-01,4.811536970110279476e-01,3.023999998695318699e+09,1.000000000000000000e+00
1.691666666666666677e-05,1.470000000000000000e+02,2.000000000000000000e+00,-3.850538851191256723e-05,4.811552220575053829e-01,4.811538448484592445e-01,3.023999998817071915e+09,1.000000000000000000e+00
1.695833333333333332e-05,1.470000000000000000e+02,2.000000000000000000e+00,-3.491205225225738523e-05,4.811552275770696885e-01,4.811539788896501690e-01,3.023999998927463055e+09,1.000000000000000000e+00
1.699999999999999987e-05,1.470000000000000000e+02,2.000000000000000000e+00,-3.165404737126690143e-05,4.811552325815457443e-01,4.811541004220704631e-01,3.023999999027552605e+09,1.000000000000000000e+00
1.704166666666666642e-05,1.470000000000000000e+02,2.000000000000000000e+00,-2.870008065736354263e-05,4.811552371190018773e-01,4.811542106130429763e-01,3.023999999118301868e+09,1.000000000000000000e+00
1.708333333333333297e-05,1.470000000000000000e+02,2.000000000000000000e+00,-2.602177905908345645e-05,4.811552412330212247e-01,4.811543105209556415e-01,3.023999999200582027e+09,1.000000000000000000e+00
1.712499999999999952e-05,1.470000000000000000e+02,2.000000000000000000e+00,-2.359341751878699222e-05,4.811552449631170125e-01,4.811544011054269543e-01,3.023999999275184155e+09,1.000000000000000000e+00
1.716666666666666607e-05,1.470000000000000000e+02,2.000000000000000000e+00,-2.139167136272615688e-05,4.811552483451186357e-01,4.811544832365237112e-01,3.023999999342823982e+09,1.000000000000000000e+00
1.720833333333333262e-05,1.470000000000000000e+02,2.000000000000000000e+00,-1.939539302009532628e-05,4.811552514115068901e-01,4.811545577031173804e-01,3.023999999404151917e+09,1.000000000000000000e+00
1.724999999999999917e-05,1.470000000000000000e+02,2.000000000000000000e+00,-1.758540829621804813e-05,4.811552541917390458e-01,4.811546252204621510e-01,3.023999999459756374e+09,1.000000000000000000e+00
1.729166666666666572e-05,1.470000000000000000e+02,2.000000000000000000e+00,-1.594433219986993289e-05,4.811552567125238489e-01,4.811546864370648269e-01,3.023999999510172367e+09,1.000000000000000000e+00
1.733333333333333227e-05,1.470000000000000000e+02,2.000000000000000000e+00,-1.445640159625352591e-05,4.811552589980749861e-01,4.811547419409135662e-01,3.023999999555883408e+09,1.000000000000000000e+00
1.737499999999999882e-05,1.470000000000000000e+02,2.000000000000000000e+00,-1.310732536774619713e-05,4.811552610703341282e-01,4.811547922651241427e-01,3.023999999597328186e+09,1.000000000000000000e+00
1.741666666666666537e-05,1.470000000000000000e+02,2.000000000000000000e+00,-1.188414526121075962e-05,4.811552629492119593e-01,4.811548378930623482e-01,3.023999999634905815e+09,1.000000000000000000e+00
1.745833333333333192e-05,1.470000000000000000e+02,2.000000000000000000e+00,-1.077511287883706326e-05,4.811552646527506027e-01,4.811548792629858351e-01,3.023999999668976784e+09,1.000000000000000000e+00
1.749999999999999847e-05,1.470000000000000000e+02,2.000000000000000000e+00,-9.769575536556912102e-06,4.811552661973167444e-01,4.811549167722541931e-01,3.023999999699868202e+09,1.000000000000000000e+00
1.754166666666666502e-05,1.470000000000000000e+02,2.000000000000000000e+00,-8.857875310132184513e-06,4.811552675977392446e-01,4.811549507811446191e-01,3.023999999727876663e+09,1.000000000000000000e+00
1.758333333333333496e-05,1.470000000000000000e+02,2.000000000000000000e+00,-8.031255357200535293e-06,4.811552688674727296e-01,4.811549816163135374e-01,3.023999999753271103e+09,1.000000000000000000e+00
1.762500000000000151e-05,1.470000000000000000e+02,2.000000000000000000e+00,-7.281775789015482543e-06,4.811552700187157194e-01,4.811550095739337563e-01,3.023999999776296139e+09,1.000000000000000000e+00
1.766666666666666806e-05,1.470000000000000000e+02,2.000000000000000000e+00,-6.602237727638822327e-06,4.811552710625232598e-01,4.811550349225391932e-01,3.023999999797172070e+09,1.000000000000000000e+00
1.770833333333333461e-05,1.470000000000000000e+02,2.000000000000000000e+00,-5.986114639090628726e-06,4.811552720089178337e-01,4.811550579056035337e-01,3.023999999816100121e+09,1.000000000000000000e+00
1.775000000000000116e-05,1.470000000000000000e+02,2.000000000000000000e+00,-5.427488441346467835e-06,4.811552728669978851e-01,4.811550787438801380e-01,3.023999999833261490e+09,1.000000000000000000e+00
1.779166666666666771e-05,1.470000000000000000e+02,2.000000000000000000e+00,-4.920993343039553975e-06,4.811552736450043222e-01,4.811550976375217337e-01,3.023999999848821640e+09,1.000000000000000000e+00
1.783333333333333426e-05,1.470000000000000000e+02,2.000000000000000000e+00,-4.461764684383779196e-06,4.811552743504061147e-01,4.811551147680022122e-01,3.023999999862929821e+09,1.000000000000000000e+00
1.787500000000000081e-05,1.470000000000000000e+02,2.000000000000000000e+00,-4.045391188701869351e-06,4.811552749899823955e-01,4.811551302998606228e-01,3.023999999875721455e+09,1.000000000000000000e+00
1.791666666666666736e-05,1.470000000000000000e+02,2.000000000000000000e+00,-3.667873807790129300e-06,4.811552755698698114e-01,4.811551443822806307e-01,3.023999999887319088e+09,1.000000000000000000e+00
1.795833333333333391e-05,1.470000000000000000e+02,2.000000000000000000e+00,-3.325586613646264974e-06,4.811552760956404606e-01,4.811551571505241487e-01,3.023999999897834301e+09,1.000000000000000000e+00
1.800000000000000046e-05,1.470000000000000000e+02,2.000000000000000000e+00,-3.015241555549692217e-06,4.811552765723483560e-01,4.811551687272307976e-01,3.023999999907368660e+09,1.000000000000000000e+00
1.804166666666666701e-05,1.470000000000000000e+02,2.000000000000000000e+00,-2.733858219362701144e-06,4.811552770045656735e-01,4.811551792235949088e-01,3.023999999916013241e+09,1.000000000000000000e+00
1.808333333333333356e-05,1.470000000000000000e+02,2.000000000000000000e+00,-2.478733586831622612e-06,4.811552773964513086e-01,4.811551887404346695e-01,3.023999999923850536e+09,1.000000000000000000e+00
1.812500000000000011e-05,1.470000000000000000e+02,2.000000000000000000e+00,-2.247417251856204909e-06,4.811552777517652535e-01,4.811551973691595707e-01,3.023999999930956841e+09,1.000000000000000000e+00
1.816666666666666666e-05,1.470000000000000000e+02,2.000000000000000000e+00,-2.037687546253692214e-06,4.811552780739203339e-01,4.811552051926487050e-01,3.023999999937400341e+09,1.000000000000000000e+00
1.820833333333333321e-05,1.470000000000000000e+02,2.000000000000000000e+00,-1.847529711885981836e-06,4.811552783660138499e-01,4.811552122860471847e-01,3.023999999943242073e+09,1.000000000000000000e+00
1.824999999999999976e-05,1.470000000000000000e+02,2.000000000000000000e+00,-1.675117483391914160e-06,4.811552786308459506e-01,4.811552187174870099e-01,3.023999999948538780e+09,1.000000000000000000e+00
1.829166666666666631e-05,1.470000000000000000e+02,2.000000000000000000e+00,-1.518794898293236125e-06,4.811552788709627104e-01,4.811552245487422663e-01,3.023999999953341007e+09,1.000000000000000000e+00
1.833333333333333286e-05,1.470000000000000000e+02,2.000000000000000000e+00,-1.377060608210995436e-06,4.811552790886727271e-01,4.811552298358225954e-01,3.023999999957695007e+09,1.000000000000000000e+00
1.837499999999999941e-05,1.470000000000000000e+02,2.000000000000000000e+00,-1.248552872202963211e-06,4.811552792860709360e-01,4.811552346295110416e-01,3.023999999961643219e+09,1.000000000000000000e+00
1.841666666666666596e-05,1.470000000000000000e+02,2.000000000000000000e+00,-1.132037733332508818e-06,4.811552794650469922e-01,4.811552389758509962e-01,3.023999999965222836e+09,1.000000000000000000e+00
1.845833333333333251e-05,1.470000000000000000e+02,2.000000000000000000e+00,-1.026395603621749782e-06,4.811552796273252941e-01,4.811552429165896205e-01,3.023999999968468189e+09,1.000000000000000000e+00
1.849999999999999906e-05,1.470000000000000000e+02,2.000000000000000000e+00,-9.306119417308584012e-07,4.811552797744569343e-01,4.811552464895773595e-01,3.023999999971410751e+09,1.000000000000000000e+00
1.854166666666666561e-05,1.470000000000000000e+02,2.000000000000000000e+00,-8.437667937689913593e-07,4.811552799078551712e-01,4.811552497291326502e-01,3.023999999974078655e+09,1.000000000000000000e+00
1.858333333333333216e-05,1.470000000000000000e+02,2.000000000000000000e+00,-7.650259257209475436e-07,4.811552800288023679e-01,4.811552526663712137e-01,3.023999999976497650e+09,1.000000000000000000e+00
1.862499999999999871e-05,1.470000000000000000e+02,2.000000000000000000e+00,-6.936335474895533331e-07,4.811552801384585965e-01,4.811552553295050383e-01,3.023999999978691101e+09,1.000000000000000000e+00
1.866666666666666526e-05,1.470000000000000000e+02,2.000000000000000000e+00,-6.289034453223213710e-07,4.811552802378877280e-01,4.811552577441142731e-01,3.023999999980679512e+09,1.000000000000000000e+00
1.870833333333333181e-05,1.470000000000000000e+02,2.000000000000000000e+00,-5.702139795905898609e-07,4.811552803280385038e-01,4.811552599333913660e-01,3.023999999982482433e+09,1.000000000000000000e+00
1.874999999999999836e-05,1.470000000000000000e+02,2.000000000000000000e+00,-5.170012635792593756e-07,4.811552804097766201e-01,4.811552619183644408e-01,3.023999999984117031e+09,1.000000000000000000e+00
1.879166666666666830e-05,1.470000000000000000e+02,2.000000000000000000e+00,-4.687546160132845217e-07,4.811552804838832298e-01,4.811552637180989134e-01,3.023999999985599518e+09,1.000000000000000000e+00
1.883333333333333485e-05,1.470000000000000000e+02,2.000000000000000000e+00,-4.250101945947610528e-07,4.811552805510779240e-01,4.811552653498815113e-01,3.023999999986943245e+09,1.000000000000000000e+00
1.887500000000000140e-05,1.470000000000000000e+02,2.000000000000000000e+00,-3.853478127714699820e-07,4.811552806119997472e-01,4.811552668293855306e-01,3.023999999988161564e+09,1.000000000000000000e+00
1.891666666666666795e-05,1.470000000000000000e+02,2.000000000000000000e+00,-3.493870743843947292e-07,4.811552806672308447e-01,4.811552681708211043e-01,3.023999999989266396e+09,1.000000000000000000e+00
1.895833333333333450e-05,1.470000000000000000e+02,2.000000000000000000e+00,-3.167823714468615816e-07,4.811552807173126167e-01,4.811552693870732589e-01,3.023999999990267754e+09,1.000000000000000000e+00
1.900000000000000105e-05,1.470000000000000000e+02,2.000000000000000000e+00,-2.872201556604343751e-07,4.811552807627262895e-01,4.811552704898247601e-01,3.023999999991176128e+09,1.000000000000000000e+00
1.904166666666666760e-05,1.470000000000000000e+02,2.000000000000000000e+00,-2.604166646781597973e-07,4.811552808039000206e-01,4.811552714896673022e-01,3.023999999991999626e+09,1.000000000000000000e+00
1.908333333333333415e-05,1.470000000000000000e+02,2.000000000000000000e+00,-2.361147388731117115e-07,4.811552808412301041e-01,4.811552723962043143e-01,3.023999999992746353e+09,1.000000000000000000e+00
1.912500000000000070e-05,1.470000000000000000e+02,2.000000000000000000e+00,-2.140804107332589791e-07,4.811552808750816368e-01,4.811552732181434422e-01,3.023999999993423462e+09,1.000000000000000000e+00
1.916666666666666725e-05,1.470000000000000000e+02,2.000000000000000000e+00,-1.941022227404393942e-07,4.811552809057705882e-01,4.811552739633790932e-01,3.023999999994037151e+09,1.000000000000000000e+00
1.920833333333333380e-05,1.470000000000000000e+02,2.000000000000000000e+00,-1.759884988862543122e-07,4.811552809335919445e-01,4.811552746390689306e-01,3.023999999994593620e+09,1.000000000000000000e+00
1.925000000000000035e-05,1.470000000000000000e+02,2.000000000000000000e+00,-1.595650709353142437e-07,4.811552809588174329e-01,4.811552752517029852e-01,3.023999999995098114e+09,1.000000000000000000e+00
1.929166666666666690e-05,1.470000000000000000e+02,2.000000000000000000e+00,-1.446745963042123929e-07,4.811552809816871945e-01,4.811552758071655500e-01,3.023999999995555401e+09,1.000000000000000000e+00
1.933333333333333345e-05,1.470000000000000000e+02,2.000000000000000000e+00,-1.311736022037441597e-07,4.811552810024287141e-01,4.811552763107923569e-01,3.023999999995970249e+09,1.000000000000000000e+00
1.937500000000000000e-05,1.470000000000000000e+02,2.000000000000000000e+00,-1.189322582652314321e-07,4.811552810212348374e-01,4.811552767674208697e-01,3.023999999996346474e+09,1.000000000000000000e+00
1.941666666666666655e-05,1.470000000000000000e+02,2.000000000000000000e+00,-1.078334670458209456e-07,4.811552810382804246e-01,4.811552771814364138e-01,3.023999999996687412e+09,1.000000000000000000e+00
1.945833333333333310e-05,1.470000000000000000e+02,2.000000000000000000e+00,-9.777059029172983754e-08,4.811552810537370606e-01,4.811552775568158080e-01,3.023999999996996403e+09,1.000000000000000000e+00
1.949999999999999965e-05,1.470000000000000000e+02,2.000000000000000000e+00,-8.864676681721925146e-08,4.811552810677556247e-01,4.811552778971649458e-01,3.023999999997276783e+09,1.000000000000000000e+00
1.954166666666666620e-05,1.470000000000000000e+02,2.000000000000000000e+00,-8.037423038356813944e-08,4.811552810804675118e-01,4.811552782057531008e-01,3.023999999997530937e+09,1.000000000000000000e+00
1.958333333333333275e-05,1.470000000000000000e+02,2.000000000000000000e+00,-7.287385495172225673e-08,4.811552810919906831e-01,4.811552784855439024e-01,3.023999999997761726e+09,1.000000000000000000e+00
1.962499999999999930e-05,1.470000000000000000e+02,2.000000000000000000e+00,-6.607310831921518583e-08,4.811552811024413234e-01,4.811552787392249231e-01,3.023999999997970581e+09,1.000000000000000000e+00
1.966666666666666585e-05,1.470000000000000000e+02,2.000000000000000000e+00,-5.990696161487017561e-08,4.811552811119113038e-01,4.811552789692322696e-01,3.023999999998159885e+09,1.000000000000000000e+00
1.970833333333333240e-05,1.470000000000000000e+02,2.000000000000000000e+00,-5.431629768307197911e-08,4.811552811204942715e-01,4.811552791777747862e-01,3.023999999998331547e+09,1.000000000000000000e+00
1.974999999999999895e-05,1.470000000000000000e+02,2.000000000000000000e+00,-4.924745633641600681e-08,4.811552811282759912e-01,4.811552793668557038e-01,3.023999999998487473e+09,1.000000000000000000e+00
1.979166666666666550e-05,1.470000000000000000e+02,2.000000000000000000e+00,-4.465177960835740042e-08,4.811552811353333459e-01,4.811552795382912362e-01,3.023999999998628616e+09,1.000000000000000000e+00
1.983333333333333205e-05,1.470000000000000000e+02,2.000000000000000000e+00,-4.048470225850928647e-08,4.811552811417356690e-01,4.811552796937285104e-01,3.023999999998756409e+09,1.000000000000000000e+00
1.987499999999999860e-05,1.470000000000000000e+02,2.000000000000000000e+00,-3.670666126734454257e-08,4.811552811475361402e-01,4.811552798346601101e-01,3.023999999998872280e+09,1.000000000000000000e+00
1.991666666666666515e-05,1.470000000000000000e+02,2.000000000000000000e+00,-3.328127684679225159e-08,4.811552811527969875e-01,4.811552799624398413e-01,3.023999999998977661e+09,1.000000000000000000e+00
1.995833333333333170e-05,1.470000000000000000e+02,2.000000000000000000e+00,-3.017557981391315151e-08,4.811552811575694477e-01,4.811552800782952222e-01,3.023999999999073029e+09,1.000000000000000000e+00
2.000000000000000164e-05,1.470000000000000000e+02,2.000000000000000000e+00,-2.735978421722416238e-08,4.811552811618982628e-01,4.811552801833393067e-01,3.023999999999159813e+09,1.000000000000000000e+00
2.004166666666666819e-05,1.470000000000000000e+02,2.000000000000000000e+00,-2.480637784199666635e-08,4.811552811658256767e-01,4.811552802785811211e-01,3.023999999999238014e+09,1.000000000000000000e+00
2.008333333333333474e-05,1.470000000000000000e+02,2.000000000000000000e+00,-2.249148645230911744e-08,4.811552811693795562e-01,4.811552803649348231e-01,3.023999999999309540e+09,1.000000000000000000e+00
2.012500000000000129e-05,1.470000000000000000e+02,2.000000000000000000e+00,-2.039260005429264561e-08,4.811552811726039214e-01,4.811552804432299713e-01,3.023999999999373913e+09,1.000000000000000000e+00
2.016666666666666784e-05,1.470000000000000000e+02,2.000000000000000000e+00,-1.848948239083279327e-08,4.811552811755278602e-01,4.811552805142186306e-01,3.023999999999432087e+09,1.000000000000000000e+00
2.020833333333333439e-05,1.470000000000000000e+02,2.000000000000000000e+00,-1.676417094156954510e-08,4.811552811781768524e-01,4.811552805785825337e-01,3.023999999999485493e+09,1.000000000000000000e+00
2.025000000000000094e-05,1.470000000000000000e+02,2.000000000000000000e+00,-1.519938530716922206e-08,4.811552811805823726e-01,4.811552806369401303e-01,3.023999999999533176e+09,1.000000000000000000e+00
2.029166666666666749e-05,1.470000000000000000e+02,2.000000000000000000e+00,-1.378102831975434213e-08,4.811552811827544684e-01,4.811552806898512502e-01,3.023999999999577045e+09,1.000000000000000000e+00
2.033333333333333404e-05,1.470000000000000000e+02,2.000000000000000000e+00,-1.249500281144742160e-08,4.811552811847287225e-01,4.811552807378244867e-01,3.023999999999616146e+09,1.000000000000000000e+00
2.037500000000000059e-05,1.470000000000000000e+02,2.000000000000000000e+00,-1.132903060377452760e-08,4.811552811865199564e-01,4.811552807813208599e-01,3.023999999999651909e+09,1.000000000000000000e+00
2.041666666666666714e-05,1.470000000000000000e+02,2.000000000000000000e+00,-1.027197038663894176e-08,4.811552811881454339e-01,4.811552808207583132e-01,3.023999999999684811e+09,1.000000000000000000e+00
2.045833333333333369e-05,1.470000000000000000e+02,2.000000000000000000e+00,-9.313362970970275392e-09,4.811552811896220305e-01,4.811552808565158212e-01,3.023999999999714375e+09,1.000000000000000000e+00
2.050000000000000024e-05,1.470000000000000000e+02,2.000000000000000000e+00,-8.444113409750799229e-09,4.811552811909580729e-01,4.811552808889364985e-01,3.023999999999741077e+09,1.000000000000000000e+00
2.054166666666666679e-05,1.470000000000000000e+02,2.000000000000000000e+00,-7.656036250664556911e-09,4.811552811921661066e-01,4.811552809183314849e-01,3.023999999999764919e+09,1.000000000000000000e+00
2.058333333333333334e-05,1.470000000000000000e+02,2.000000000000000000e+00,-6.941400788746479375e-09,4.811552811932612306e-01,4.811552809449830548e-01,3.023999999999786854e+09,1.000000000000000000e+00
2.062499999999999989e-05,1.470000000000000000e+02,2.000000000000000000e+00,-6.293613187408711238e-09,4.811552811942517160e-01,4.811552809691471144e-01,3.023999999999806881e+09,1.000000000000000000e+00
2.066666666666666644e-05,1.470000000000000000e+02,2.000000000000000000e+00,-5.706306983738842828e-09,4.811552811951519959e-01,4.811552809910559780e-01,3.023999999999825001e+09,1.000000000000000000e+00
2.070833333333333299e-05,1.470000000000000000e+02,2.000000000000000000e+00,-5.173797835850793345e-09,4.811552811959696196e-01,4.811552810109201994e-01,3.023999999999841213e+09,1.000000000000000000e+00
2.074999999999999954e-05,1.470000000000000000e+02,2.000000000000000000e+00,-4.691083522884811682e-09,4.811552811967113041e-01,4.811552810289307369e-01,3.023999999999855995e+09,1.000000000000000000e+00
2.079166666666666609e-05,1.470000000000000000e+02,2.000000000000000000e+00,-4.253389197656589968e-09,4.811552811973860977e-01,4.811552810452607298e-01,3.023999999999869347e+09,1.000000000000000000e+00
2.083333333333333264e-05,1.470000000000000000e+02,2.000000000000000000e+00,-3.856394760332706792e-09,4.811552811979983302e-01,4.811552810600671082e-01,3.023999999999881744e+09,1.000000000000000000e+00
2.087499999999999919e-05,1.470000000000000000e+02,2.000000000000000000e+00,-3.496689605781513260e-09,4.811552811985505551e-01,4.811552810734915919e-01,3.023999999999892712e+09,1.000000000000000000e+00
2.091666666666666574e-05,1.470000000000000000e+02,2.000000000000000000e+00,-3.170635755195918487e-09,4.811552811990554290e-01,4.811552810856637441e-01,3.023999999999902725e+09,1.000000000000000000e+00
2.095833333333333229e-05,1.470000000000000000e+02,2.000000000000000000e+00,-2.874822603444273578e-09,4.811552811995168377e-01,4.811552810967005822e-01,3.023999999999912262e+09,1.000000000000000000e+00
2.099999999999999884e-05,1.470000000000000000e+02,2.000000000000000000e+00,-2.606294292745816515e-09,4.811552811999328938e-01,4.811552811067078550e-01,3.023999999999920368e+09,1.000000000000000000e+00
2.104166666666666539e-05,1.470000000000000000e+02,2.000000000000000000e+00,-2.363004460021558212e-09,4.811552812003024870e-01,4.811552811157808751e-01,3.023999999999927998e+09,1.000000000000000000e+00
2.108333333333333194e-05,1.470000000000000000e+02,2.000000000000000000e+00,-2.142451994841623114e-09,4.811552812006382740e-01,4.811552811240069616e-01,3.023999999999934673e+09,1.000000000000000000e+00
2.112499999999999849e-05,1.470000000000000000e+02,2.000000000000000000e+00,-1.942590534127022134e-09,4.811552812009435853e-01,4.811552811314651623e-01,3.023999999999940395e+09,1.000000000000000000e+00
2.116666666666666504e-05,1.470000000000000000e+02,2.000000000000000000e+00,-1.761373714798766182e-09,4.811552812012229730e-01,4.811552811382274752e-01,3.023999999999946117e+09,1.000000000000000000e+00
2.120833333333333498e-05,1.470000000000000000e+02,2.000000000000000000e+00,-1.596982547453309403e-09,4.811552812014772695e-01,4.811552811443588484e-01,3.023999999999951363e+09,1.000000000000000000e+00
2.125000000000000153e-05,1.470000000000000000e+02,2.000000000000000000e+00,-1.447825416362549172e-09,4.811552812017063641e-01,4.811552811499181237e-01,3.023999999999955654e+09,1.000000000000000000e+00
2.129166666666666808e-05,1.470000000000000000e+02,2.000000000000000000e+00,-1.312765453149269329e-09,4.811552812019112002e-01,4.811552811549583142e-01,3.023999999999959946e+09,1.000000000000000000e+00
2.133333333333333463e-05,1.470000000000000000e+02,2.000000000000000000e+00,-1.190211042085367249e-09,4.811552812020996051e-01,4.811552811595281587e-01,3.023999999999963760e+09,1.000000000000000000e+00
2.137500000000000118e-05,1.470000000000000000e+02,2.000000000000000000e+00,-1.079025314793626772e-09,4.811552812022692471e-01,4.811552811636714555e-01,3.023999999999967098e+09,1.000000000000000000e+00
2.141666666666666773e-05,1.470000000000000000e+02,2.000000000000000000e+00,-9.780714028968317376e-10,4.811552812024211256e-01,4.811552811674278951e-01,3.023999999999969959e+09,1.000000000000000000e+00
2.145833333333333428e-05,1.470000000000000000e+02,2.000000000000000000e+00,-8.868945590440957851e-10,4.811552812025546855e-01,4.811552811708330601e-01,3.023999999999972820e+09,1.000000000000000000e+00
2.150000000000000083e-05,1.470000000000000000e+02,2.000000000000000000e+00,-8.041305411827593155e-10,4.811552812026815840e-01,4.811552811739204794e-01,3.023999999999975204e+09,1.000000000000000000e+00
2.154166666666666738e-05,1.470000000000000000e+02,2.000000000000000000e+00,-7.288698546110495038e-10,4.811552812027968251e-01,4.811552811767197402e-01,3.023999999999977589e+09,1.000000000000000000e+00
2.158333333333333393e-05,1.470000000000000000e+02,2.000000000000000000e+00,-6.608851256535231180e-10,4.811552812028965231e-01,4.811552811792573214e-01,3.023999999999979496e+09,1.000000000000000000e+00
2.162500000000000048e-05,1.470000000000000000e+02,2.000000000000000000e+00,-5.990394859329639978e-10,4.811552812029903370e-01,4.811552811815579811e-01,3.023999999999981403e+09,1.000000000000000000e+00
2.166666666666666703e-05,1.470000000000000000e+02,2.000000000000000000e+00,-5.433329354493721432e-10,4.811552812030721049e-01,4.811552811836435906e-01,3.023999999999983311e+09,1.000000000000000000e+00
2.170833333333333358e-05,1.470000000000000000e+02,2.000000000000000000e+00,-4.926286058255313940e-10,4.811552812031528181e-01,4.811552811855348000e-01,3.023999999999984741e+09,1.000000000000000000e+00
2.175000000000000013e-05,1.470000000000000000e+02,2.000000000000000000e+00,-4.466991233859984663e-10,4.811552812032244275e-01,4.811552811872495949e-01,3.023999999999986172e+09,1.000000000000000000e+00
2.179166666666666668e-05,1.470000000000000000e+02,2.000000000000000000e+00,-4.050897407798869994e-10,4.811552812032897641e-01,4.811552811888045178e-01,3.023999999999987602e+09,1.000000000000000000e+00
2.183333333333333323e-05,1.470000000000000000e+02,2.000000000000000000e+00,-3.671183369808672454e-10,4.811552812033499382e-01,4.811552811902145566e-01,3.023999999999988556e+09,1.000000000000000000e+00
2.187499999999999978e-05,1.470000000000000000e+02,2.000000000000000000e+00,-3.330122856643824365e-10,4.811552812033996207e-01,4.811552811914927563e-01,3.023999999999989510e+09,1.000000000000000000e+00
2.191666666666666633e-05,1.470000000000000000e+02,2.000000000000000000e+00,-3.020894658041028764e-10,4.811552812034496918e-01,4.811552811926518292e-01,3.023999999999990940e+09,1.000000000000000000e+00
2.195833333333333288e-05,1.470000000000000000e+02,2.000000000000000000e+00,-2.741225037245853331e-10,4.811552812034971538e-01,4.811552811937031549e-01,3.023999999999991894e+09,1.000000000000000000e+00
2.199999999999999943e-05,1.470000000000000000e+02,2.000000000000000000e+00,-2.484292783995001104e-10,4.811552812035427840e-01,4.811552811946570030e-01,3.023999999999992371e+09,1.000000000000000000e+00
2.204166666666666598e-05,1.470000000000000000e+02,2.000000000000000000e+00,-2.252371635042904403e-10,4.811552812035782001e-01,4.811552811955218112e-01,3.023999999999993324e+09,1.000000000000000000e+00
2.208333333333333253e-05,1.470000000000000000e+02,2.000000000000000000e+00,-2.040914116880698588e-10,4.811552812036102855e-01,4.811552811963059062e-01,3.023999999999993801e+09,1.000000000000000000e+00
2.212499999999999908e-05,1.470000000000000000e+02,2.000000000000000000e+00,-1.852193966262815979e-10,4.811552812036366533e-01,4.811552811970165600e-01,3.023999999999994278e+09,1.000000000000000000e+00
2.216666666666666563e-05,1.470000000000000000e+02,2.000000000000000000e+00,-1.679389972925959613e-10,4.811552812036660187e-01,4.811552811976611554e-01,3.023999999999995232e+09,1.000000000000000000e+00
2.220833333333333218e-05,1.470000000000000000e+02,2.000000000000000000e+00,-1.522502136870129492e-10,4.811552812036911653e-01,4.811552811982456879e-01,3.023999999999995708e+09,1.000000000000000000e+00
2.224999999999999873e-05,1.470000000000000000e+02,2.000000000000000000e+00,-1.379256721340893295e-10,4.811552812037129812e-01,4.811552811987757083e-01,3.023999999999996185e+09,1.000000000000000000e+00
2.229166666666666528e-05,1.470000000000000000e+02,2.000000000000000000e+00,-1.249653726338251021e-10,4.811552812037302451e-01,4.811552811992559908e-01,3.023999999999996185e+09,1.000000000000000000e+00
2.233333333333333183e-05,1.470000000000000000e+02,2.000000000000000000e+00,-1.133693151862202800e-10,4.811552812037453442e-01,4.811552811996911982e-01,3.023999999999996662e+09,1.000000000000000000e+00
2.237499999999999838e-05,1.470000000000000000e+02,2.000000000000000000e+00,-1.029101261158316052e-10,4.811552812037620530e-01,4.811552812000858270e-01,3.023999999999997139e+09,1.000000000000000000e+00
2.241666666666666832e-05,1.470000000000000000e+02,2.000000000000000000e+00,-9.313305807177262669e-11,4.811552812037795390e-01,4.811552812004439295e-01,3.023999999999997139e+09,1.000000000000000000e+00
2.245833333333333487e-05,1.470000000000000000e+02,2.000000000000000000e+00,-8.449285840492980843e-11,4.811552812037901417e-01,4.811552812007683366e-01,3.023999999999997616e+09,1.000000000000000000e+00
2.250000000000000142e-05,1.470000000000000000e+02,2.000000000000000000e+00,-7.676215343985991841e-11,4.811552812038023541e-01,4.811552812010624347e-01,3.023999999999997616e+09,1.000000000000000000e+00
2.254166666666666797e-05,1.470000000000000000e+02,2.000000000000000000e+00,-6.948619582567649251e-11,4.811552812038167870e-01,4.811552812013294433e-01,3.023999999999998093e+09,1.000000000000000000e+00
2.258333333333333452e-05,1.470000000000000000e+02,2.000000000000000000e+00,-6.289235923782276278e-11,4.811552812038255023e-01,4.811552812015714164e-01,3.023999999999998093e+09,1.000000000000000000e+00
2.262500000000000107e-05,1.470000000000000000e+02,2.000000000000000000e+00,-5.698064367629872277e-11,4.811552812038316640e-01,4.811552812017905745e-01,3.023999999999998569e+09,1.000000000000000000e+00
2.266666666666666762e-05,1.470000000000000000e+02,2.000000000000000000e+00,-5.175104914110438540e-11,4.811552812038379923e-01,4.811552812019890268e-01,3.023999999999998569e+09,1.000000000000000000e+00
2.270833333333333417e-05,1.470000000000000000e+02,2.000000000000000000e+00,-4.697620195679651215e-11,4.811552812038466520e-01,4.811552812021691050e-01,3.023999999999998569e+09,1.000000000000000000e+00
2.275000000000000072e-05,1.470000000000000000e+02,2.000000000000000000e+00,-4.242872844793187097e-11,4.811552812038549787e-01,4.811552812023325854e-01,3.023999999999999046e+09,1.000000000000000000e+00
2.279166666666666727e-05,1.470000000000000000e+02,2.000000000000000000e+00,-3.856337596539692595e-11,4.811552812038580873e-01,4.811552812024804671e-01,3.023999999999999046e+09,1.000000000000000000e+00
2.283333333333333382e-05,1.470000000000000000e+02,2.000000000000000000e+00,-3.492539715830521300e-11,4.811552812038646376e-01,4.811552812026146375e-01,3.023999999999999046e+09,1.000000000000000000e+00
2.287500000000000037e-05,1.470000000000000000e+02,2.000000000000000000e+00,-3.174216570209996417e-11,4.811552812038691340e-01,4.811552812027362624e-01,3.023999999999999046e+09,1.000000000000000000e+00
2.291666666666666692e-05,1.470000000000000000e+02,2.000000000000000000e+00,-2.901368159678117946e-11,4.811552812038751847e-01,4.811552812028466741e-01,3.023999999999999046e+09,1.000000000000000000e+00
2.295833333333333347e-05,1.470000000000000000e+02,2.000000000000000000e+00,-2.651257116690562680e-11,4.811552812038849547e-01,4.811552812029473158e-01,3.023999999999999523e+09,1.000000000000000000e+00
2.300000000000000002e-05,1.470000000000000000e+02,2.000000000000000000e+00,-2.378408706158684209e-11,4.811552812038952243e-01,4.811552812030391868e-01,3.023999999999999523e+09,1.000000000000000000e+00
2.304166666666666657e-05,1.470000000000000000e+02,2.000000000000000000e+00,-2.128297663171128943e-11,4.811552812038953353e-01,4.811552812031221760e-01,3.023999999999999523e+09,1.000000000000000000e+00
2.308333333333333312e-05,1.470000000000000000e+02,2.000000000000000000e+00,-1.923661355272220090e-11,4.811552812038911164e-01,4.811552812031967274e-01,3.023999999999999523e+09,1.000000000000000000e+00
2.312499999999999967e-05,1.470000000000000000e+02,2.000000000000000000e+00,-1.741762414917634442e-11,4.811552812038900062e-01,4.811552812032640070e-01,3.023999999999999523e+09,1.000000000000000000e+00
2.316666666666666622e-05,1.470000000000000000e+02,2.000000000000000000e+00,-1.559863474563048795e-11,4.811552812038906168e-01,4.811552812033247362e-01,3.023999999999999523e+09,1.000000000000000000e+00
2.320833333333333277e-05,1.470000000000000000e+02,2.000000000000000000e+00,-1.400701901752786515e-11,4.811552812038880078e-01,4.811552812033793591e-01,3.023999999999999523e+09,1.000000000000000000e+00
2.324999999999999932e-05,1.470000000000000000e+02,2.000000000000000000e+00,-1.264277696486847279e-11,4.811552812038853433e-01,4.811552812034284310e-01,3.023999999999999523e+09,1.000000000000000000e+00
2.329166666666666587e-05,1.470000000000000000e+02,2.000000000000000000e+00,-1.150590858765231249e-11,4.811552812038842886e-01,4.811552812034726179e-01,3.023999999999999523e+09,1.000000000000000000e+00
2.333333333333333242e-05,1.470000000000000000e+02,2.000000000000000000e+00,-1.036904021043615219e-11,4.811552812038858429e-01,4.811552812035126969e-01,3.023999999999999523e+09,1.000000000000000000e+00
2.337499999999999897e-05,1.470000000000000000e+02,2.000000000000000000e+00,-9.232171833219991897e-12,4.811552812038859539e-01,4.811552812035488902e-01,3.023999999999999523e+09,1.000000000000000000e+00
2.341666666666666552e-05,1.470000000000000000e+02,2.000000000000000000e+00,-8.322677131447063659e-12,4.811552812038831228e-01,4.811552812035813087e-01,3.023999999999999523e+09,1.000000000000000000e+00
2.345833333333333207e-05,1.470000000000000000e+02,2.000000000000000000e+00,-7.867929780560599540e-12,4.811552812038817906e-01,4.811552812036104521e-01,3.023999999999999523e+09,1.000000000000000000e+00
2.349999999999999862e-05,1.470000000000000000e+02,2.000000000000000000e+00,-7.413182429674135421e-12,4.811552812038890625e-01,4.811552812036374305e-01,3.023999999999999523e+09,1.000000000000000000e+00
2.354166666666666517e-05,1.470000000000000000e+02,2.000000000000000000e+00,-6.731061403344438435e-12,4.811552812038983329e-01,4.811552812036626880e-01,3.023999999999999523e+09,1.000000000000000000e+00
2.358333333333333172e-05,1.470000000000000000e+02,2.000000000000000000e+00,-6.048940377014742256e-12,4.811552812039024407e-01,4.811552812036859472e-01,3.024000000000000000e+09,1.000000000000000000e+00
2.362500000000000166e-05,1.470000000000000000e+02,2.000000000000000000e+00,-5.594193026128278137e-12,4.811552812039032179e-01,4.811552812037069859e-01,3.024000000000000000e+09,1.000000000000000000e+00
2.366666666666666821e-05,1.470000000000000000e+02,2.000000000000000000e+00,-5.139445675241814018e-12,4.811552812039063820e-01,4.811552812037263038e-01,3.024000000000000000e+09,1.000000000000000000e+00
2.370833333333333476e-05,1.470000000000000000e+02,2.000000000000000000e+00,-4.684698324355349899e-12,4.811552812039093796e-01,4.811552812037440674e-01,3.024000000000000000e+09,1.000000000000000000e+00
2.375000000000000131e-05,1.470000000000000000e+02,2.000000000000000000e+00,-4.229950973468885780e-12,4.811552812039114335e-01,4.811552812037602767e-01,3.024000000000000000e+09,1.000000000000000000e+00
2.379166666666666786e-05,1.470000000000000000e+02,2.000000000000000000e+00,-3.775203622582421662e-12,4.811552812039120997e-01,4.811552812037750426e-01,3.024000000000000000e+09,1.000000000000000000e+00
2.383333333333333441e-05,1.470000000000000000e+02,2.000000000000000000e+00,-3.320456271695957543e-12,4.811552812039113780e-01,4.811552812037882543e-01,3.024000000000000000e+09,1.000000000000000000e+00
2.387500000000000096e-05,1.470000000000000000e+02,2.000000000000000000e+00,-3.093082596252725483e-12,4.811552812039091576e-01,4.811552812037999671e-01,3.024000000000000000e+09,1.000000000000000000e+00
2.391666666666666751e-05,1.470000000000000000e+02,2.000000000000000000e+00,-2.865708920809493424e-12,4.811552812039104898e-01,4.811552812038106808e-01,3.024000000000000000e+09,1.000000000000000000e+00
2.395833333333333406e-05,1.470000000000000000e+02,2.000000000000000000e+00,-2.638335245366261364e-12,4.811552812039125437e-01,4.811552812038205618e-01,3.024000000000000000e+09,1.000000000000000000e+00
2.400000000000000061e-05,1.470000000000000000e+02,2.000000000000000000e+00,-2.410961569923029305e-12,4.811552812039143756e-01,4.811552812038296656e-01,3.024000000000000000e+09,1.000000000000000000e+00
2.404166666666666716e-05,1.470000000000000000e+02,2.000000000000000000e+00,-2.183587894479797245e-12,4.811552812039155969e-01,4.811552812038379923e-01,3.024000000000000000e+09,1.000000000000000000e+00
2.408333333333333371e-05,1.470000000000000000e+02,2.000000000000000000e+00,-1.956214219036565186e-12,4.811552812039162075e-01,4.811552812038455418e-01,3.024000000000000000e+09,1.000000000000000000e+00
2.412500000000000026e-05,1.470000000000000000e+02,2.000000000000000000e+00,-1.956214219036565186e-12,4.811552812039160409e-01,4.811552812038523697e-01,3.024000000000000000e+09,1.000000000000000000e+00
2.416666666666666681e-05,1.470000000000000000e+02,2.000000000000000000e+00,-1.956214219036565186e-12,4.811552812039201488e-01,4.811552812038589200e-01,3.024000000000000000e+09,1.000000000000000000e+00
2.420833333333333336e-05,1.470000000000000000e+02,2.000000000000000000e+00,-1.956214219036565186e-12,4.811552812039257554e-01,4.811552812038654148e-01,3.024000000000000477e+09,1.000000000000000000e+00
2.424999999999999991e-05,1.470000000000000000e+02,2.000000000000000000e+00,-1.728840543593333126e-12,4.811552812039318616e-01,4.811552812038717986e-01,3.024000000000000477e+09,1.000000000000000000e+00
2.429166666666666646e-05,1.470000000000000000e+02,2.000000000000000000e+00,-1.501466868150101067e-12,4.811552812039331939e-01,4.811552812038777382e-01,3.024000000000000477e+09,1.000000000000000000e+00
2.433333333333333301e-05,1.470000000000000000e+02,2.000000000000000000e+00,-1.274093192706869007e-12,4.811552812039323612e-01,4.811552812038830673e-01,3.024000000000000477e+09,1.000000000000000000e+00
2.437499999999999956e-05,1.470000000000000000e+02,2.000000000000000000e+00,-1.046719517263636948e-12,4.811552812039302518e-01,4.811552812038876192e-01,3.024000000000000477e+09,1.000000000000000000e+00
2.441666666666666611e-05,1.470000000000000000e+02,2.000000000000000000e+00,-8.193458418204048883e-13,4.811552812039272542e-01,4.811552812038915050e-01,3.024000000000000477e+09,1.000000000000000000e+00
2.445833333333333266e-05,1.470000000000000000e+02,2.000000000000000000e+00,-5.919721663771728288e-13,4.811552812039234794e-01,4.811552812038946136e-01,3.024000000000000000e+09,1.000000000000000000e+00
2.449999999999999921e-05,1.470000000000000000e+02,2.000000000000000000e+00,-5.919721663771728288e-13,4.811552812039188720e-01,4.811552812038970006e-01,3.024000000000000000e+09,1.000000000000000000e+00
2.454166666666666576e-05,1.470000000000000000e+02,2.000000000000000000e+00,-5.919721663771728288e-13,4.811552812039185389e-01,4.811552812038991100e-01,3.024000000000000000e+09,1.000000000000000000e+00
2.458333333333333231e-05,1.470000000000000000e+02,2.000000000000000000e+00,-5.919721663771728288e-13,4.811552812039197047e-01,4.811552812039011084e-01,3.024000000000000000e+09,1.000000000000000000e+00
2.462499999999999886e-05,1.470000000000000000e+02,2.000000000000000000e+00,-5.919721663771728288e-13,4.811552812039213700e-01,4.811552812039030513e-01,3.024000000000000000e+09,1.000000000000000000e+00
2.466666666666666541e-05,1.470000000000000000e+02,2.000000000000000000e+00,-5.919721663771728288e-13,4.811552812039232019e-01,4.811552812039049942e-01,3.024000000000000000e+09,1.000000000000000000e+00
2.470833333333333196e-05,1.470000000000000000e+02,2.000000000000000000e+00,-5.919721663771728288e-13,4.811552812039251448e-01,4.811552812039069371e-01,3.024000000000000000e+09,1.000000000000000000e+00
2.474999999999999851e-05,1.470000000000000000e+02,2.000000000000000000e+00,-5.919721663771728288e-13,4.811552812039270322e-01,4.811552812039089355e-01,3.024000000000000477e+09,1.000000000000000000e+00
2.479166666666666506e-05,1.470000000000000000e+02,2.000000000000000000e+00,-5.919721663771728288e-13,4.811552812039289750e-01,4.811552812039108784e-01,3.024000000000000477e+09,1.000000000000000000e+00
2.483333333333333500e-05,1.470000000000000000e+02,2.000000000000000000e+00,-5.919721663771728288e-13,4.811552812039309179e-01,4.811552812039128213e-01,3.024000000000000477e+09,1.000000000000000000e+00
2.487500000000000155e-05,1.470000000000000000e+02,2.000000000000000000e+00,-5.919721663771728288e-13,4.811552812039329163e-01,4.811552812039147642e-01,3.024000000000000477e+09,1.000000000000000000e+00
2.491666666666666810e-05,1.470000000000000000e+02,2.000000000000000000e+00,-5.919721663771728288e-13,4.811552812039348592e-01,4.811552812039167071e-01,3.024000000000000477e+09,1.000000000000000000e+00
2.495833333333333465e-05,1.470000000000000000e+02,2.000000000000000000e+00,-5.919721663771728288e-13,4.811552812039368021e-01,4.811552812039186500e-01,3.024000000000000477e+09,1.000000000000000000e+00
2.500000000000000120e-05,1.470000000000000000e+02,2.000000000000000000e+00,-5.919721663771728288e-13,4.811552812039387450e-01,4.811552812039205929e-01,3.024000000000000477e+09,1.000000000000000000e+00
2.504166666666666775e-05,1.470000000000000000e+02,2.000000000000000000e+00,-5.919721663771728288e-13,4.811552812039406879e-01,4.811552812039225913e-01,3.024000000000000477e+09,1.000000000000000000e+00
2.508333333333333430e-05,1.470000000000000000e+02,2.000000000000000000e+00,-5.919721663771728288e-13,4.811552812039426308e-01,4.811552812039245342e-01,3.024000000000000477e+09,1.000000000000000000e+00
2.512500000000000085e-05,1.470000000000000000e+02,2.000000000000000000e+00,-5.919721663771728288e-13,4.811552812039445737e-01,4.811552812039264770e-01,3.024000000000000477e+09,1.000000000000000000e+00
2.516666666666666740e-05,1.470000000000000000e+02,2.000000000000000000e+00,-5.919721663771728288e-13,4.811552812039465721e-01,4.811552812039284199e-01,3.024000000000000477e+09,1.000000000000000000e+00
2.520833333333333395e-05,1.470000000000000000e+02,2.000000000000000000e+00,-5.919721663771728288e-13,4.811552812039485150e-01,4.811552812039303628e-01,3.024000000000000477e+09,1.000000000000000000e+00
2.525000000000000050e-05,1.470000000000000000e+02,2.000000000000000000e+00,-5.919721663771728288e-13,4.811552812039504579e-01,4.811552812039323057e-01,3.024000000000000954e+09,1.000000000000000000e+00
2.529166666666666705e-05,1.470000000000000000e+02,2.000000000000000000e+00,-5.919721663771728288e-13,4.811552812039524007e-01,4.811552812039342486e-01,3.024000000000000954e+09,1.000000000000000000e+00
2.533333333333333360e-05,1.470000000000000000e+02,2.000000000000000000e+00,-3.645984909339408198e-13,4.811552812039543436e-01,4.811552812039362470e-01,3.024000000000000954e+09,1.000000000000000000e+00
2.537500000000000015e-05,1.470000000000000000e+02,2.000000000000000000e+00,-1.372248154907087351e-13,4.811552812039513460e-01,4.811552812039376903e-01,3.024000000000000954e+09,1.000000000000000000e+00
2.541666666666666670e-05,1.470000000000000000e+02,2.000000000000000000e+00,-1.372248154907087351e-13,4.811552812039460170e-01,4.811552812039385230e-01,3.024000000000000477e+09,1.000000000000000000e+00
2.545833333333333325e-05,1.470000000000000000e+02,2.000000000000000000e+00,-1.372248154907087351e-13,4.811552812039444627e-01,4.811552812039391336e-01,3.024000000000000477e+09,1.000000000000000000e+00
2.549999999999999980e-05,1.470000000000000000e+02,2.000000000000000000e+00,-1.372248154907087351e-13,4.811552812039442406e-01,4.811552812039396332e-01,3.024000000000000477e+09,1.000000000000000000e+00
2.554166666666666635e-05,1.470000000000000000e+02,2.000000000000000000e+00,-1.372248154907087351e-13,4.811552812039444627e-01,4.811552812039400773e-01,3.024000000000000477e+09,1.000000000000000000e+00
2.558333333333333290e-05,1.470000000000000000e+02,2.000000000000000000e+00,-1.372248154907087351e-13,4.811552812039447957e-01,4.811552812039405214e-01,3.024000000000000477e+09,1.000000000000000000e+00
2.562499999999999945e-05,1.470000000000000000e+02,2.000000000000000000e+00,-1.372248154907087351e-13,4.811552812039452398e-01,4.811552812039409655e-01,3.024000000000000477e+09,1.000000000000000000e+00
2.566666666666666600e-05,1.470000000000000000e+02,2.000000000000000000e+00,-1.372248154907087351e-13,4.811552812039456284e-01,4.811552812039414095e-01,3.024000000000000477e+09,1.000000000000000000e+00
2.570833333333333255e-05,1.470000000000000000e+02,2.000000000000000000e+00,-1.372248154907087351e-13,4.811552812039460725e-01,4.811552812039418536e-01,3.024000000000000477e+09,1.000000000000000000e+00
2.574999999999999910e-05,1.470000000000000000e+02,2.000000000000000000e+00,-1.372248154907087351e-13,4.811552812039465166e-01,4.811552812039422977e-01,3.024000000000000477e+09,1.000000000000000000e+00
2.579166666666666565e-05,1.470000000000000000e+02,2.000000000000000000e+00,-1.372248154907087351e-13,4.811552812039469607e-01,4.811552812039427418e-01,3.024000000000000477e+09,1.000000000000000000e+00
2.583333333333333220e-05,1.470000000000000000e+02,2.000000000000000000e+00,-1.372248154907087351e-13,4.811552812039474047e-01,4.811552812039431859e-01,3.024000000000000477e+09,1.000000000000000000e+00
2.587499999999999875e-05,1.470000000000000000e+02,2.000000000000000000e+00,-1.372248154907087351e-13,4.811552812039478488e-01,4.811552812039436300e-01,3.024000000000000477e+09,1.000000000000000000e+00
2.591666666666666530e-05,1.470000000000000000e+02,2.000000000000000000e+00,-1.372248154907087351e-13,4.811552812039482929e-01,4.811552812039440741e-01,3.024000000000000477e+09,1.000000000000000000e+00
2.595833333333333185e-05,1.470000000000000000e+02,2.000000000000000000e+00,-1.372248154907087351e-13,4.811552812039487370e-01,4.811552812039445182e-01,3.024000000000000477e+09,1.000000000000000000e+00
2.599999999999999840e-05,1.470000000000000000e+02,2.000000000000000000e+00,-1.372248154907087351e-13,4.811552812039491811e-01,4.811552812039449623e-01,3.024000000000000477e+09,1.000000000000000000e+00
2.604166666666666834e-05,1.470000000000000000e+02,2.000000000000000000e+00,-1.372248154907087351e-13,4.811552812039496252e-01,4.811552812039454063e-01,3.024000000000000954e+09,1.000000000000000000e+00
2.608333333333333489e-05,1.470000000000000000e+02,2.000000000000000000e+00,-1.372248154907087351e-13,4.811552812039500693e-01,4.811552812039458504e-01,3.024000000000000954e+09,1.000000000000000000e+00
2.612500000000000144e-05,1.470000000000000000e+02,2.000000000000000000e+00,-1.372248154907087351e-13,4.811552812039505689e-01,4.811552812039462945e-01,3.024000000000000954e+09,1.000000000000000000e+00
2.616666666666666799e-05,1.470000000000000000e+02,2.000000000000000000e+00,-1.372248154907087351e-13,4.811552812039510130e-01,4.811552812039467941e-01,3.024000000000000954e+09,1.000000000000000000e+00
2.620833333333333454e-05,1.470000000000000000e+02,2.000000000000000000e+00,-1.372248154907087351e-13,4.811552812039514571e-01,4.811552812039472382e-01,3.024000000000000954e+09,1.000000000000000000e+00
2.625000000000000109e-05,1.470000000000000000e+02,2.000000000000000000e+00,-1.372248154907087351e-13,4.811552812039519011e-01,4.811552812039476823e-01,3.024000000000000954e+09,1.000000000000000000e+00
2.629166666666666764e-05,1.470000000000000000e+02,2.000000000000000000e+00,9.014885995252331174e-14,4.811552812039523452e-01,4.811552812039481264e-01,3.024000000000000954e+09,1.000000000000000000e+00
2.633333333333333419e-05,1.470000000000000000e+02,2.000000000000000000e+00,3.175225353957553586e-13,4.811552812039477933e-01,4.811552812039480709e-01,3.024000000000000477e+09,1.000000000000000000e+00
2.637500000000000074e-05,1.470000000000000000e+02,2.000000000000000000e+00,3.175225353957553586e-13,4.811552812039410210e-01,4.811552812039474603e-01,3.024000000000000477e+09,1.000000000000000000e+00
2.641666666666666729e-05,1.470000000000000000e+02,2.000000000000000000e+00,3.175225353957553586e-13,4.811552812039379678e-01,4.811552812039465721e-01,3.024000000000000477e+09,1.000000000000000000e+00
2.645833333333333384e-05,1.470000000000000000e+02,2.000000000000000000e+00,3.175225353957553586e-13,4.811552812039362470e-01,4.811552812039455729e-01,3.024000000000000477e+09,1.000000000000000000e+00
2.650000000000000039e-05,1.470000000000000000e+02,2.000000000000000000e+00,3.175225353957553586e-13,4.811552812039349702e-01,4.811552812039445737e-01,3.024000000000000477e+09,1.000000000000000000e+00
2.654166666666666694e-05,1.470000000000000000e+02,2.000000000000000000e+00,3.175225353957553586e-13,4.811552812039338600e-01,4.811552812039435190e-01,3.024000000000000477e+09,1.000000000000000000e+00
2.658333333333333349e-05,1.470000000000000000e+02,2.000000000000000000e+00,3.175225353957553586e-13,4.811552812039328053e-01,4.811552812039425198e-01,3.024000000000000477e+09,1.000000000000000000e+00
2.662500000000000004e-05,1.470000000000000000e+02,2.000000000000000000e+00,3.175225353957553586e-13,4.811552812039317506e-01,4.811552812039415206e-01,3.024000000000000477e+09,1.000000000000000000e+00
2.666666666666666659e-05,1.470000000000000000e+02,2.000000000000000000e+00,3.175225353957553586e-13,4.811552812039306959e-01,4.811552812039404659e-01,3.024000000000000477e+09,1.000000000000000000e+00
2.670833333333333314e-05,1.470000000000000000e+02,2.000000000000000000e+00,3.175225353957553586e-13,4.811552812039296967e-01,4.811552812039394666e-01,3.024000000000000477e+09,1.000000000000000000e+00
2.674999999999999969e-05,1.470000000000000000e+02,2.000000000000000000e+00,3.175225353957553586e-13,4.811552812039286975e-01,4.811552812039384119e-01,3.024000000000000477e+09,1.000000000000000000e+00
2.679166666666666624e-05,1.470000000000000000e+02,2.000000000000000000e+00,3.175225353957553586e-13,4.811552812039276428e-01,4.811552812039373572e-01,3.024000000000000477e+09,1.000000000000000000e+00
2.683333333333333279e-05,1.470000000000000000e+02,2.000000000000000000e+00,3.175225353957553586e-13,4.811552812039265881e-01,4.811552812039363580e-01,3.024000000000000477e+09,1.000000000000000000e+00
2.687499999999999934e-05,1.470000000000000000e+02,2.000000000000000000e+00,3.175225353957553586e-13,4.811552812039255889e-01,4.811552812039353588e-01,3.024000000000000000e+09,1.000000000000000000e+00
2.691666666666666589e-05,1.470000000000000000e+02,2.000000000000000000e+00,3.175225353957553586e-13,4.811552812039245897e-01,4.811552812039343041e-01,3.024000000000000000e+09,1.000000000000000000e+00
2.695833333333333244e-05,1.470000000000000000e+02,2.000000000000000000e+00,3.175225353957553586e-13,4.811552812039235349e-01,4.811552812039332494e-01,3.024000000000000000e+09,1.000000000000000000e+00
2.699999999999999899e-05,1.470000000000000000e+02,2.000000000000000000e+00,3.175225353957553586e-13,4.811552812039224802e-01,4.811552812039322502e-01,3.024000000000000000e+09,1.000000000000000000e+00
2.704166666666666554e-05,1.470000000000000000e+02,2.000000000000000000e+00,3.175225353957553586e-13,4.811552812039214810e-01,4.811552812039312510e-01,3.024000000000000000e+09,1.000000000000000000e+00
2.708333333333333209e-05,1.470000000000000000e+02,2.000000000000000000e+00,3.175225353957553586e-13,4.811552812039204263e-01,4.811552812039301963e-01,3.024000000000000000e+09,1.000000000000000000e+00
2.712499999999999864e-05,1.470000000000000000e+02,2.000000000000000000e+00,3.175225353957553586e-13,4.811552812039194271e-01,4.811552812039291416e-01,3.024000000000000000e+09,1.000000000000000000e+00
2.716666666666666519e-05,1.470000000000000000e+02,2.000000000000000000e+00,3.175225353957553586e-13,4.811552812039183724e-01,4.811552812039281424e-01,3.024000000000000000e+09,1.000000000000000000e+00
2.720833333333333174e-05,1.470000000000000000e+02,2.000000000000000000e+00,3.175225353957553586e-13,4.811552812039173732e-01,4.811552812039270877e-01,3.024000000000000000e+09,1.000000000000000000e+00
2.725000000000000168e-05,1.470000000000000000e+02,2.000000000000000000e+00,3.175225353957553586e-13,4.811552812039163185e-01,4.811552812039260330e-01,3.024000000000000000e+09,1.000000000000000000e+00
2.729166666666666823e-05,1.470000000000000000e+02,2.000000000000000000e+00,3.175225353957553586e-13,4.811552812039152638e-01,4.811552812039250338e-01,3.024000000000000000e+09,1.000000000000000000e+00
2.733333333333333478e-05,1.470000000000000000e+02,2.000000000000000000e+00,3.175225353957553586e-13,4.811552812039142646e-01,4.811552812039240345e-01,3.024000000000000000e+09,1.000000000000000000e+00
2.737500000000000133e-05,1.470000000000000000e+02,2.000000000000000000e+00,3.175225353957553586e-13,4.811552812039132654e-01,4.811552812039229798e-01,3.024000000000000000e+09,1.000000000000000000e+00
2.741666666666666788e-05,1.470000000000000000e+02,2.000000000000000000e+00,3.175225353957553586e-13,4.811552812039122107e-01,4.811552812039219806e-01,3.024000000000000000e+09,1.000000000000000000e+00
2.745833333333333443e-05,1.470000000000000000e+02,2.000000000000000000e+00,3.175225353957553586e-13,4.811552812039112115e-01,4.811552812039209259e-01,3.024000000000000000e+09,1.000000000000000000e+00
2.750000000000000098e-05,1.470000000000000000e+02,2.000000000000000000e+00,3.175225353957553586e-13,4.811552812039101568e-01,4.811552812039199267e-01,3.024000000000000000e+09,1.000000000000000000e+00
2.754166666666666753e-05,1.470000000000000000e+02,2.000000000000000000e+00,3.175225353957553586e-13,4.811552812039091576e-01,4.811552812039188720e-01,3.024000000000000000e+09,1.000000000000000000e+00
2.758333333333333408e-05,1.470000000000000000e+02,2.000000000000000000e+00,3.175225353957553586e-13,4.811552812039081028e-01,4.811552812039178728e-01,3.024000000000000000e+09,1.000000000000000000e+00
2.762500000000000063e-05,1.470000000000000000e+02,2.000000000000000000e+00,3.175225353957553586e-13,4.811552812039071036e-01,4.811552812039168181e-01,3.024000000000000000e+09,1.000000000000000000e+00
2.766666666666666718e-05,1.470000000000000000e+02,2.000000000000000000e+00,3.175225353957553586e-13,4.811552812039060489e-01,4.811552812039158189e-01,3.024000000000000000e+09,1.000000000000000000e+00
2.770833333333333373e-05,1.470000000000000000e+02,2.000000000000000000e+00,3.175225353957553586e-13,4.811552812039050497e-01,4.811552812039148197e-01,3.024000000000000000e+09,1.000000000000000000e+00
2.775000000000000028e-05,1.470000000000000000e+02,2.000000000000000000e+00,3.175225353957553586e-13,4.811552812039039950e-01,4.811552812039137650e-01,3.024000000000000000e+09,1.000000000000000000e+00
2.779166666666666683e-05,1.470000000000000000e+02,2.000000000000000000e+00,3.175225353957553586e-13,4.811552812039029403e-01,4.811552812039127103e-01,3.024000000000000000e+09,1.000000000000000000e+00
2.783333333333333338e-05,1.470000000000000000e+02,2.000000000000000000e+00,3.175225353957553586e-13,4.811552812039019411e-01,4.811552812039117111e-01,3.024000000000000000e+09,1.000000000000000000e+00
2.787499999999999993e-05,1.470000000000000000e+02,2.000000000000000000e+00,3.175225353957553586e-13,4.811552812039009419e-01,4.811552812039106564e-01,3.023999999999999523e+09,1.000000000000000000e+00
2.791666666666666648e-05,1.470000000000000000e+02,2.000000000000000000e+00,3.175225353957553586e-13,4.811552812038998872e-01,4.811552812039096017e-01,3.023999999999999523e+09,1.000000000000000000e+00
2.795833333333333303e-05,1.470000000000000000e+02,2.000000000000000000e+00,3.175225353957553586e-13,4.811552812038988325e-01,4.811552812039086024e-01,3.023999999999999523e+09,1.000000000000000000e+00
2.799999999999999958e-05,1.470000000000000000e+02,2.000000000000000000e+00,3.175225353957553586e-13,4.811552812038978333e-01,4.811552812039076032e-01,3.023999999999999523e+09,1.000000000000000000e+00
2.804166666666666613e-05,1.470000000000000000e+02,2.000000000000000000e+00,3.175225353957553586e-13,4.811552812038968341e-01,4.811552812039065485e-01,3.023999999999999523e+09,1.000000000000000000e+00
2.808333333333333268e-05,1.470000000000000000e+02,2.000000000000000000e+00,3.175225353957553586e-13,4.811552812038957794e-01,4.811552812039055493e-01,3.023999999999999523e+09,1.000000000000000000e+00
2.812499999999999923e-05,1.470000000000000000e+02,2.000000000000000000e+00,3.175225353957553586e-13,4.811552812038947802e-01,4.811552812039044946e-01,3.023999999999999523e+09,1.000000000000000000e+00
2.816666666666666578e-05,1.470000000000000000e+02,2.000000000000000000e+00,3.175225353957553586e-13,4.811552812038937255e-01,4.811552812039034954e-01,3.023999999999999523e+09,1.000000000000000000e+00
2.820833333333333233e-05,1.470000000000000000e+02,2.000000000000000000e+00,3.175225353957553586e-13,4.811552812038927263e-01,4.811552812039024407e-01,3.023999999999999523e+09,1.000000000000000000e+00
2.824999999999999888e-05,1.470000000000000000e+02,2.000000000000000000e+00,3.175225353957553586e-13,4.811552812038916715e-01,4.811552812039014415e-01,3.023999999999999523e+09,1.000000000000000000e+00
2.829166666666666543e-05,1.470000000000000000e+02,2.000000000000000000e+00,3.175225353957553586e-13,4.811552812038906723e-01,4.811552812039003868e-01,3.023999999999999523e+09,1.000000000000000000e+00
2.833333333333333198e-05,1.470000000000000000e+02,2.000000000000000000e+00,3.175225353957553586e-13,4.811552812038896176e-01,4.811552812038993876e-01,3.023999999999999523e+09,1.000000000000000000e+00
2.837499999999999853e-05,1.470000000000000000e+02,2.000000000000000000e+00,3.175225353957553586e-13,4.811552812038886184e-01,4.811552812038983329e-01,3.023999999999999523e+09,1.000000000000000000e+00
2.841666666666666508e-05,1.470000000000000000e+02,2.000000000000000000e+00,3.175225353957553586e-13,4.811552812038875637e-01,4.811552812038973337e-01,3.023999999999999523e+09,1.000000000000000000e+00
2.845833333333333502e-05,1.470000000000000000e+02,2.000000000000000000e+00,3.175225353957553586e-13,4.811552812038865090e-01,4.811552812038962790e-01,3.023999999999999523e+09,1.000000000000000000e+00
2.850000000000000157e-05,1.470000000000000000e+02,2.000000000000000000e+00,3.175225353957553586e-13,4.811552812038855098e-01,4.811552812038952798e-01,3.023999999999999523e+09,1.000000000000000000e+00
2.854166666666666812e-05,1.470000000000000000e+02,2.000000000000000000e+00,3.175225353957553586e-13,4.811552812038845106e-01,4.811552812038942251e-01,3.023999999999999523e+09,1.000000000000000000e+00
2.858333333333333467e-05,1.470000000000000000e+02,2.000000000000000000e+00,3.175225353957553586e-13,4.811552812038834559e-01,4.811552812038931703e-01,3.023999999999999523e+09,1.000000000000000000e+00
2.862500000000000122e-05,1.470000000000000000e+02,2.000000000000000000e+00,9.014885995252331174e-14,4.811552812038824012e-01,4.811552812038921711e-01,3.023999999999999523e+09,1.000000000000000000e+00
2.866666666666666777e-05,1.470000000000000000e+02,2.000000000000000000e+00,-1.372248154907087351e-13,4.811552812038863980e-01,4.811552812038916160e-01,3.023999999999999523e+09,1.000000000000000000e+00
2.870833333333333432e-05,1.470000000000000000e+02,2.000000000000000000e+00,-1.372248154907087351e-13,4.811552812038925597e-01,4.811552812038916715e-01,3.023999999999999523e+09,1.000000000000000000e+00
2.875000000000000087e-05,1.470000000000000000e+02,2.000000000000000000e+00,-1.372248154907087351e-13,4.811552812038950577e-01,4.811552812038919491e-01,3.023999999999999523e+09,1.000000000000000000e+00
2.879166666666666742e-05,1.470000000000000000e+02,2.000000000000000000e+00,-1.372248154907087351e-13,4.811552812038961680e-01,4.811552812038923932e-01,3.023999999999999523e+09,1.000000000000000000e+00
2.883333333333333397e-05,1.470000000000000000e+02,2.000000000000000000e+00,-1.372248154907087351e-13,4.811552812038968341e-01,4.811552812038927818e-01,3.023999999999999523e+09,1.000000000000000000e+00
2.887500000000000052e-05,1.470000000000000000e+02,2.000000000000000000e+00,-1.372248154907087351e-13,4.811552812038973892e-01,4.811552812038932259e-01,3.023999999999999523e+09,1.000000000000000000e+00
2.891666666666666707e-05,1.470000000000000000e+02,2.000000000000000000e+00,-1.372248154907087351e-13,4.811552812038978888e-01,4.811552812038936700e-01,3.023999999999999523e+09,1.000000000000000000e+00
2.895833333333333362e-05,1.470000000000000000e+02,2.000000000000000000e+00,-1.372248154907087351e-13,4.811552812038983329e-01,4.811552812038941140e-01,3.023999999999999523e+09,1.000000000000000000e+00
2.900000000000000017e-05,1.470000000000000000e+02,2.000000000000000000e+00,-1.372248154907087351e-13,4.811552812038987770e-01,4.811552812038945581e-01,3.023999999999999523e+09,1.000000000000000000e+00
2.904166666666666672e-05,1.470000000000000000e+02,2.000000000000000000e+00,-1.372248154907087351e-13,4.811552812038992211e-01,4.811552812038950577e-01,3.023999999999999523e+09,1.000000000000000000e+00
2.908333333333333327e-05,1.470000000000000000e+02,2.000000000000000000e+00,-1.372248154907087351e-13,4.811552812038996652e-01,4.811552812038955018e-01,3.023999999999999523e+09,1.000000000000000000e+00
2.912499999999999982e-05,1.470000000000000000e+02,2.000000000000000000e+00,-1.372248154907087351e-13,4.811552812039001648e-01,4.811552812038959459e-01,3.023999999999999523e+09,1.000000000000000000e+00
2.916666666666666637e-05,1.470000000000000000e+02,2.000000000000000000e+00,-1.372248154907087351e-13,4.811552812039006088e-01,4.811552812038963900e-01,3.023999999999999523e+09,1.000000000000000000e+00
2.920833333333333292e-05,1.470000000000000000e+02,2.000000000000000000e+00,-1.372248154907087351e-13,4.811552812039010529e-01,4.811552812038968341e-01,3.023999999999999523e+09,1.000000000000000000e+00
2.924999999999999947e-05,1.470000000000000000e+02,2.000000000000000000e+00,-1.372248154907087351e-13,4.811552812039014970e-01,4.811552812038972782e-01,3.023999999999999523e+09,1.000000000000000000e+00
2.929166666666666602e-05,1.470000000000000000e+02,2.000000000000000000e+00,-1.372248154907087351e-13,4.811552812039019411e-01,4.811552812038977223e-01,3.024000000000000000e+09,1.000000000000000000e+00
2.933333333333333257e-05,1.470000000000000000e+02,2.000000000000000000e+00,-1.372248154907087351e-13,4.811552812039023852e-01,4.811552812038981664e-01,3.024000000000000000e+09,1.000000000000000000e+00
2.937499999999999912e-05,1.470000000000000000e+02,2.000000000000000000e+00,-1.372248154907087351e-13,4.811552812039028293e-01,4.811552812038986104e-01,3.024000000000000000e+09,1.000000000000000000e+00
2.941666666666666567e-05,1.470000000000000000e+02,2.000000000000000000e+00,-1.372248154907087351e-13,4.811552812039032734e-01,4.811552812038990545e-01,3.024000000000000000e+09,1.000000000000000000e+00
2.945833333333333222e-05,1.470000000000000000e+02,2.000000000000000000e+00,-1.372248154907087351e-13,4.811552812039037175e-01,4.811552812038994986e-01,3.024000000000000000e+09,1.000000000000000000e+00
2.949999999999999877e-05,1.470000000000000000e+02,2.000000000000000000e+00,-1.372248154907087351e-13,4.811552812039041616e-01,4.811552812038999427e-01,3.024000000000000000e+09,1.000000000000000000e+00
2.954166666666666532e-05,1.470000000000000000e+02,2.000000000000000000e+00,-1.372248154907087351e-13,4.811552812039046056e-01,4.811552812039003868e-01,3.024000000000000000e+09,1.000000000000000000e+00
2.958333333333333187e-05,1.470000000000000000e+02,2.000000000000000000e+00,-1.372248154907087351e-13,4.811552812039050497e-01,4.811552812039008309e-01,3.024000000000000000e+09,1.000000000000000000e+00
2.962499999999999842e-05,1.470000000000000000e+02,2.000000000000000000e+00,-1.372248154907087351e-13,4.811552812039054938e-01,4.811552812039012750e-01,3.024000000000000000e+09,1.000000000000000000e+00
2.966666666666666836e-05,1.470000000000000000e+02,2.000000000000000000e+00,-1.372248154907087351e-13,4.811552812039059379e-01,4.811552812039017191e-01,3.024000000000000000e+09,1.000000000000000000e+00
2.970833333333333491e-05,1.470000000000000000e+02,2.000000000000000000e+00,-1.372248154907087351e-13,4.811552812039063820e-01,4.811552812039021632e-01,3.024000000000000000e+09,1.000000000000000000e+00
2.975000000000000146e-05,1.470000000000000000e+02,2.000000000000000000e+00,-1.372248154907087351e-13,4.811552812039068261e-01,4.811552812039026072e-01,3.024000000000000000e+09,1.000000000000000000e+00
2.979166666666666801e-05,1.470000000000000000e+02,2.000000000000000000e+00,-1.372248154907087351e-13,4.811552812039072702e-01,4.811552812039030513e-01,3.024000000000000000e+09,1.000000000000000000e+00
2.983333333333333456e-05,1.470000000000000000e+02,2.000000000000000000e+00,-1.372248154907087351e-13,4.811552812039077143e-01,4.811552812039034954e-01,3.024000000000000000e+09,1.000000000000000000e+00
2.987500000000000111e-05,1.470000000000000000e+02,2.000000000000000000e+00,-1.372248154907087351e-13,4.811552812039081584e-01,4.811552812039039395e-01,3.024000000000000000e+09,1.000000000000000000e+00
2.991666666666666766e-05,1.470000000000000000e+02,2.000000000000000000e+00,-1.372248154907087351e-13,4.811552812039086024e-01,4.811552812039043836e-01,3.024000000000000000e+09,1.000000000000000000e+00
2.995833333333333421e-05,1.470000000000000000e+02,2.000000000000000000e+00,-1.372248154907087351e-13,4.811552812039090465e-01,4.811552812039048277e-01,3.024000000000000000e+09,1.000000000000000000e+00
3.000000000000000076e-05,1.470000000000000000e+02,2.000000000000000000e+00,-1.372248154907087351e-13,4.811552812039094906e-01,4.811552812039052718e-01,3.024000000000000000e+09,1.000000000000000000e+00
3.004166666666666731e-05,1.470000000000000000e+02,2.000000000000000000e+00,-1.372248154907087351e-13,4.811552812039099347e-01,4.811552812039057159e-01,3.024000000000000000e+09,1.000000000000000000e+00
3.008333333333333386e-05,1.470000000000000000e+02,2.000000000000000000e+00,-1.372248154907087351e-13,4.811552812039103788e-01,4.811552812039061600e-01,3.024000000000000000e+09,1.000000000000000000e+00
3.012500000000000041e-05,1.470000000000000000e+02,2.000000000000000000e+00,-1.372248154907087351e-13,4.811552812039108229e-01,4.811552812039066040e-01,3.024000000000000000e+09,1.000000000000000000e+00
3.016666666666666696e-05,1.470000000000000000e+02,2.000000000000000000e+00,-1.372248154907087351e-13,4.811552812039112670e-01,4.811552812039070481e-01,3.024000000000000000e+09,1.000000000000000000e+00
3.020833333333333351e-05,1.470000000000000000e+02,2.000000000000000000e+00,-1.372248154907087351e-13,4.811552812039117111e-01,4.811552812039074922e-01,3.024000000000000000e+09,1.000000000000000000e+00
3.025000000000000006e-05,1.470000000000000000e+02,2.000000000000000000e+00,-1.372248154907087351e-13,4.811552812039121552e-01,4.811552812039079363e-01,3.024000000000000000e+09,1.000000000000000000e+00
3.029166666666666661e-05,1.470000000000000000e+02,2.000000000000000000e+00,-1.372248154907087351e-13,4.811552812039125993e-01,4.811552812039083804e-01,3.024000000000000000e+09,1.000000000000000000e+00
3.033333333333333316e-05,1.470000000000000000e+02,2.000000000000000000e+00,-1.372248154907087351e-13,4.811552812039130433e-01,4.811552812039088245e-01,3.024000000000000000e+09,1.000000000000000000e+00
3.037499999999999971e-05,1.470000000000000000e+02,2.000000000000000000e+00,-1.372248154907087351e-13,4.811552812039134874e-01,4.811552812039092686e-01,3.024000000000000000e+09,1.000000000000000000e+00
3.041666666666666626e-05,1.470000000000000000e+02,2.000000000000000000e+00,-1.372248154907087351e-13,4.811552812039139315e-01,4.811552812039097127e-01,3.024000000000000000e+09,1.000000000000000000e+00
3.045833333333333281e-05,1.470000000000000000e+02,2.000000000000000000e+00,-1.372248154907087351e-13,4.811552812039143756e-01,4.811552812039101568e-01,3.024000000000000000e+09,1.000000000000000000e+00
3.049999999999999936e-05,1.470000000000000000e+02,2.000000000000000000e+00,-1.372248154907087351e-13,4.811552812039148197e-01,4.811552812039106009e-01,3.024000000000000000e+09,1.000000000000000000e+00
3.054166666666666591e-05,1.470000000000000000e+02,2.000000000000000000e+00,-1.372248154907087351e-13,4.811552812039152638e-01,4.811552812039110449e-01,3.024000000000000000e+09,1.000000000000000000e+00
3.058333333333333585e-05,1.470000000000000000e+02,2.000000000000000000e+00,-1.372248154907087351e-13,4.811552812039157079e-01,4.811552812039114890e-01,3.024000000000000000e+09,1.000000000000000000e+00
3.062499999999999901e-05,1.470000000000000000e+02,2.000000000000000000e+00,-1.372248154907087351e-13,4.811552812039161520e-01,4.811552812039119331e-01,3.024000000000000000e+09,1.000000000000000000e+00
3.066666666666666895e-05,1.470000000000000000e+02,2.000000000000000000e+00,-1.372248154907087351e-13,4.811552812039165961e-01,4.811552812039123772e-01,3.024000000000000000e+09,1.000000000000000000e+00
3.070833333333333211e-05,1.470000000000000000e+02,2.000000000000000000e+00,-1.372248154907087351e-13,4.811552812039170401e-01,4.811552812039128213e-01,3.024000000000000000e+09,1.000000000000000000e+00
3.075000000000000205e-05,1.470000000000000000e+02,2.000000000000000000e+00,-1.372248154907087351e-13,4.811552812039174842e-01,4.811552812039132654e-01,3.024000000000000000e+09,1.000000000000000000e+00
3.079166666666666521e-05,1.470000000000000000e+02,2.000000000000000000e+00,-1.372248154907087351e-13,4.811552812039179283e-01,4.811552812039137095e-01,3.024000000000000000e+09,1.000000000000000000e+00
3.083333333333333515e-05,1.470000000000000000e+02,2.000000000000000000e+00,-1.372248154907087351e-13,4.811552812039183724e-01,4.811552812039141536e-01,3.024000000000000000e+09,1.000000000000000000e+00
3.087499999999999831e-05,1.470000000000000000e+02,2.000000000000000000e+00,-1.372248154907087351e-13,4.811552812039188165e-01,4.811552812039145977e-01,3.024000000000000000e+09,1.000000000000000000e+00
3.091666666666666825e-05,1.470000000000000000e+02,2.000000000000000000e+00,-1.372248154907087351e-13,4.811552812039192606e-01,4.811552812039150417e-01,3.024000000000000000e+09,1.000000000000000000e+00
3.095833333333333141e-05,1.470000000000000000e+02,2.000000000000000000e+00,-1.372248154907087351e-13,4.811552812039197047e-01,4.811552812039154858e-01,3.024000000000000000e+09,1.000000000000000000e+00
3.100000000000000135e-05,1.470000000000000000e+02,2.000000000000000000e+00,-1.372248154907087351e-13,4.811552812039201488e-01,4.811552812039159299e-01,3.024000000000000000e+09,1.000000000000000000e+00
3.104166666666666451e-05,1.470000000000000000e+02,2.000000000000000000e+00,-1.372248154907087351e-13,4.811552812039205929e-01,4.811552812039163740e-01,3.024000000000000000e+09,1.000000000000000000e+00
3.108333333333333445e-05,1.470000000000000000e+02,2.000000000000000000e+00,-1.372248154907087351e-13,4.811552812039210369e-01,4.811552812039168181e-01,3.024000000000000000e+09,1.000000000000000000e+00
3.112499999999999761e-05,1.470000000000000000e+02,2.000000000000000000e+00,-1.372248154907087351e-13,4.811552812039214810e-01,4.811552812039172622e-01,3.024000000000000000e+09,1.000000000000000000e+00
3.116666666666666755e-05,1.470000000000000000e+02,2.000000000000000000e+00,-1.372248154907087351e-13,4.811552812039219251e-01,4.811552812039177063e-01,3.024000000000000000e+09,1.000000000000000000e+00
3.120833333333333071e-05,1.470000000000000000e+02,2.000000000000000000e+00,-1.372248154907087351e-13,4.811552812039223692e-01,4.811552812039181504e-01,3.024000000000000000e+09,1.000000000000000000e+00
3.125000000000000065e-05,1.470000000000000000e+02,2.000000000000000000e+00,-1.372248154907087351e-13,4.811552812039228133e-01,4.811552812039185945e-01,3.024000000000000000e+09,1.000000000000000000e+00
3.129166666666666381e-05,1.470000000000000000e+02,2.000000000000000000e+00,-1.372248154907087351e-13,4.811552812039232574e-01,4.811552812039190385e-01,3.024000000000000000e+09,1.000000000000000000e+00
3.133333333333333375e-05,1.470000000000000000e+02,2.000000000000000000e+00,-1.372248154907087351e-13,4.811552812039237015e-01,4.811552812039194826e-01,3.024000000000000000e+09,1.000000000000000000e+00
3.137499999999999691e-05,1.470000000000000000e+02,2.000000000000000000e+00,-1.372248154907087351e-13,4.811552812039241456e-01,4.811552812039199267e-01,3.024000000000000000e+09,1.000000000000000000e+00
3.141666666666666685e-05,1.470000000000000000e+02,2.000000000000000000e+00,-1.372248154907087351e-13,4.811552812039245897e-01,4.811552812039203708e-01,3.024000000000000000e+09,1.000000000000000000e+00
3.145833333333333001e-05,1.470000000000000000e+02,2.000000000000000000e+00,-1.372248154907087351e-13,4.811552812039250893e-01,4.811552812039208149e-01,3.024000000000000000e+09,1.000000000000000000e+00
3.149999999999999995e-05,1.470000000000000000e+02,2.000000000000000000e+00,-1.372248154907087351e-13,4.811552812039255334e-01,4.811552812039213145e-01,3.024000000000000000e+09,1.000000000000000000e+00
3.154166666666666989e-05,1.470000000000000000e+02,2.000000000000000000e+00,-1.372248154907087351e-13,4.811552812039259774e-01,4.811552812039217586e-01,3.024000000000000477e+09,1.000000000000000000e+00
3.158333333333333305e-05,1.470000000000000000e+02,2.000000000000000000e+00,-1.372248154907087351e-13,4.811552812039264215e-01,4.811552812039222027e-01,3.024000000000000477e+09,1.000000000000000000e+00
3.162500000000000299e-05,1.470000000000000000e+02,2.000000000000000000e+00,-1.372248154907087351e-13,4.811552812039268656e-01,4.811552812039226468e-01,3.024000000000000477e+09,1.000000000000000000e+00
3.166666666666666615e-05,1.470000000000000000e+02,2.000000000000000000e+00,-1.372248154907087351e-13,4.811552812039273097e-01,4.811552812039230909e-01,3.024000000000000477e+09,1.000000000000000000e+00
3.170833333333333609e-05,1.470000000000000000e+02,2.000000000000000000e+00,-1.372248154907087351e-13,4.811552812039277538e-01,4.811552812039235349e-01,3.024000000000000477e+09,1.000000000000000000e+00
3.174999999999999925e-05,1.470000000000000000e+02,2.000000000000000000e+00,-1.372248154907087351e-13,4.811552812039281979e-01,4.811552812039239790e-01,3.024000000000000477e+09,1.000000000000000000e+00
3.179166666666666919e-05,1.470000000000000000e+02,2.000000000000000000e+00,-1.372248154907087351e-13,4.811552812039286420e-01,4.811552812039244231e-01,3.024000000000000477e+09,1.000000000000000000e+00
3.183333333333333235e-05,1.470000000000000000e+02,2.000000000000000000e+00,-1.372248154907087351e-13,4.811552812039290861e-01,4.811552812039248672e-01,3.024000000000000477e+09,1.000000000000000000e+00
3.187500000000000229e-05,1.470000000000000000e+02,2.000000000000000000e+00,-1.372248154907087351e-13,4.811552812039295302e-01,4.811552812039253113e-01,3.024000000000000477e+09,1.000000000000000000e+00
3.191666666666666545e-05,1.470000000000000000e+02,2.000000000000000000e+00,-1.372248154907087351e-13,4.811552812039299742e-01,4.811552812039257554e-01,3.024000000000000477e+09,1.000000000000000000e+00
3.195833333333333539e-05,1.470000000000000000e+02,2.000000000000000000e+00,-1.372248154907087351e-13,4.811552812039304183e-01,4.811552812039261995e-01,3.024000000000000477e+09,1.000000000000000000e+00
3.199999999999999855e-05,1.470000000000000000e+02,2.000000000000000000e+00,-1.372248154907087351e-13,4.811552812039308624e-01,4.811552812039266436e-01,3.024000000000000477e+09,1.000000000000000000e+00
3.204166666666666849e-05,1.470000000000000000e+02,2.000000000000000000e+00,-1.372248154907087351e-13,4.811552812039313065e-01,4.811552812039270877e-01,3.024000000000000477e+09,1.000000000000000000e+00
3.208333333333333165e-05,1.470000000000000000e+02,2.000000000000000000e+00,-1.372248154907087351e-13,4.811552812039317506e-01,4.811552812039275318e-01,3.024000000000000477e+09,1.000000000000000000e+00
3.212500000000000159e-05,1.470000000000000000e+02,2.000000000000000000e+00,-1.372248154907087351e-13,4.811552812039321947e-01,4.811552812039279758e-01,3.024000000000000477e+09,1.000000000000000000e+00
3.216666666666666475e-05,1.470000000000000000e+02,2.000000000000000000e+00,-1.372248154907087351e-13,4.811552812039326388e-01,4.811552812039284199e-01,3.024000000000000477e+09,1.000000000000000000e+00
3.220833333333333469e-05,1.470000000000000000e+02,2.000000000000000000e+00,-1.372248154907087351e-13,4.811552812039330829e-01,4.811552812039288640e-01,3.024000000000000477e+09,1.000000000000000000e+00
3.224999999999999785e-05,1.470000000000000000e+02,2.000000000000000000e+00,-1.372248154907087351e-13,4.811552812039335270e-01,4.811552812039293081e-01,3.024000000000000477e+09,1.000000000000000000e+00
3.229166666666666779e-05,1.470000000000000000e+02,2.000000000000000000e+00,-1.372248154907087351e-13,4.811552812039339710e-01,4.811552812039297522e-01,3.024000000000000477e+09,1.000000000000000000e+00
3.233333333333333095e-05,1.470000000000000000e+02,2.000000000000000000e+00,-1.372248154907087351e-13,4.811552812039344151e-01,4.811552812039301963e-01,3.024000000000000477e+09,1.000000000000000000e+00
3.237500000000000089e-05,1.470000000000000000e+02,2.000000000000000000e+00,-1.372248154907087351e-13,4.811552812039348592e-01,4.811552812039306404e-01,3.024000000000000477e+09,1.000000000000000000e+00
3.241666666666666405e-05,1.470000000000000000e+02,2.000000000000000000e+00,-1.372248154907087351e-13,4.811552812039353033e-01,4.811552812039310845e-01,3.024000000000000477e+09,1.000000000000000000e+00
3.245833333333333399e-05,1.470000000000000000e+02,2.000000000000000000e+00,-1.372248154907087351e-13,4.811552812039357474e-01,4.811552812039315286e-01,3.024000000000000477e+09,1.000000000000000000e+00
3.249999999999999715e-05,1.470000000000000000e+02,2.000000000000000000e+00,-1.372248154907087351e-13,4.811552812039361915e-01,4.811552812039319726e-01,3.024000000000000477e+09,1.000000000000000000e+00
3.254166666666666709e-05,1.470000000000000000e+02,2.000000000000000000e+00,-1.372248154907087351e-13,4.811552812039366356e-01,4.811552812039324167e-01,3.024000000000000477e+09,1.000000000000000000e+00
3.258333333333333025e-05,1.470000000000000000e+02,2.000000000000000000e+00,-1.372248154907087351e-13,4.811552812039370797e-01,4.811552812039328608e-01,3.024000000000000477e+09,1.000000000000000000e+00
3.262500000000000019e-05,1.470000000000000000e+02,2.000000000000000000e+00,-1.372248154907087351e-13,4.811552812039375238e-01,4.811552812039333049e-01,3.024000000000000477e+09,1.000000000000000000e+00
3.266666666666666335e-05,1.470000000000000000e+02,2.000000000000000000e+00,-1.372248154907087351e-13,4.811552812039379678e-01,4.811552812039337490e-01,3.024000000000000477e+09,1.000000000000000000e+00
3.270833333333333329e-05,1.470000000000000000e+02,2.000000000000000000e+00,-1.372248154907087351e-13,4.811552812039384119e-01,4.811552812039341931e-01,3.024000000000000477e+09,1.000000000000000000e+00
3.275000000000000323e-05,1.470000000000000000e+02,2.000000000000000000e+00,-1.372248154907087351e-13,4.811552812039388560e-01,4.811552812039346372e-01,3.024000000000000477e+09,1.000000000000000000e+00
3.279166666666666639e-05,1.470000000000000000e+02,2.000000000000000000e+00,-1.372248154907087351e-13,4.811552812039393001e-01,4.811552812039350813e-01,3.024000000000000477e+09,1.000000000000000000e+00
3.283333333333333633e-05,1.470000000000000000e+02,2.000000000000000000e+00,-1.372248154907087351e-13,4.811552812039397442e-01,4.811552812039355254e-01,3.024000000000000477e+09,1.000000000000000000e+00
3.287499999999999949e-05,1.470000000000000000e+02,2.000000000000000000e+00,-1.372248154907087351e-13,4.811552812039401883e-01,4.811552812039359694e-01,3.024000000000000477e+09,1.000000000000000000e+00
3.291666666666666943e-05,1.470000000000000000e+02,2.000000000000000000e+00,-1.372248154907087351e-13,4.811552812039406879e-01,4.811552812039364135e-01,3.024000000000000477e+09,1.000000000000000000e+00
3.295833333333333259e-05,1.470000000000000000e+02,2.000000000000000000e+00,-1.372248154907087351e-13,4.811552812039411320e-01,4.811552812039369131e-01,3.024000000000000477e+09,1.000000000000000000e+00
3.300000000000000253e-05,1.470000000000000000e+02,2.000000000000000000e+00,-1.372248154907087351e-13,4.811552812039415761e-01,4.811552812039373572e-01,3.024000000000000477e+09,1.000000000000000000e+00
3.304166666666666569e-05,1.470000000000000000e+02,2.000000000000000000e+00,-1.372248154907087351e-13,4.811552812039420202e-01,4.811552812039378013e-01,3.024000000000000477e+09,1.000000000000000000e+00
3.308333333333333563e-05,1.470000000000000000e+02,2.000000000000000000e+00,-1.372248154907087351e-13,4.811552812039424643e-01,4.811552812039382454e-01,3.024000000000000477e+09,1.000000000000000000e+00
3.312499999999999879e-05,1.470000000000000000e+02,2.000000000000000000e+00,-1.372248154907087351e-13,4.811552812039429083e-01,4.811552812039386895e-01,3.024000000000000477e+09,1.000000000000000000e+00
3.316666666666666873e-05,1.470000000000000000e+02,2.000000000000000000e+00,-1.372248154907087351e-13,4.811552812039433524e-01,4.811552812039391336e-01,3.024000000000000477e+09,1.000000000000000000e+00
3.320833333333333189e-05,1.470000000000000000e+02,2.000000000000000000e+00,-1.372248154907087351e-13,4.811552812039437965e-01,4.811552812039395777e-01,3.024000000000000477e+09,1.000000000000000000e+00
3.325000000000000183e-05,1.470000000000000000e+02,2.000000000000000000e+00,-1.372248154907087351e-13,4.811552812039442406e-01,4.811552812039400218e-01,3.024000000000000477e+09,1.000000000000000000e+00
3.329166666666666499e-05,1.470000000000000000e+02,2.000000000000000000e+00,-1.372248154907087351e-13,4.811552812039446847e-01,4.811552812039404659e-01,3.024000000000000477e+09,1.000000000000000000e+00
3.333333333333333493e-05,1.470000000000000000e+02,2.000000000000000000e+00,-1.372248154907087351e-13,4.811552812039451288e-01,4.811552812039409099e-01,3.024000000000000477e+09,1.000000000000000000e+00
3.337499999999999809e-05,1.470000000000000000e+02,2.000000000000000000e+00,-1.372248154907087351e-13,4.811552812039455729e-01,4.811552812039413540e-01,3.024000000000000477e+09,1.000000000000000000e+00
3.341666666666666803e-05,1.470000000000000000e+02,2.000000000000000000e+00,-1.372248154907087351e-13,4.811552812039460170e-01,4.811552812039417981e-01,3.024000000000000477e+09,1.000000000000000000e+00
3.345833333333333119e-05,1.470000000000000000e+02,2.000000000000000000e+00,-1.372248154907087351e-13,4.811552812039464611e-01,4.811552812039422422e-01,3.024000000000000477e+09,1.000000000000000000e+00
3.350000000000000113e-05,1.470000000000000000e+02,2.000000000000000000e+00,-1.372248154907087351e-13,4.811552812039469051e-01,4.811552812039426863e-01,3.024000000000000477e+09,1.000000000000000000e+00
3.354166666666666429e-05,1.470000000000000000e+02,2.000000000000000000e+00,-1.372248154907087351e-13,4.811552812039473492e-01,4.811552812039431304e-01,3.024000000000000477e+09,1.000000000000000000e+00
3.358333333333333423e-05,1.470000000000000000e+02,2.000000000000000000e+00,-1.372248154907087351e-13,4.811552812039477933e-01,4.811552812039435745e-01,3.024000000000000477e+09,1.000000000000000000e+00
3.362499999999999739e-05,1.470000000000000000e+02,2.000000000000000000e+00,-1.372248154907087351e-13,4.811552812039482374e-01,4.811552812039440186e-01,3.024000000000000477e+09,1.000000000000000000e+00
3.366666666666666733e-05,1.470000000000000000e+02,2.000000000000000000e+00,-1.372248154907087351e-13,4.811552812039486815e-01,4.811552812039444627e-01,3.024000000000000477e+09,1.000000000000000000e+00
3.370833333333333049e-05,1.470000000000000000e+02,2.000000000000000000e+00,-1.372248154907087351e-13,4.811552812039491256e-01,4.811552812039449067e-01,3.024000000000000477e+09,1.000000000000000000e+00
3.375000000000000043e-05,1.470000000000000000e+02,2.000000000000000000e+00,-1.372248154907087351e-13,4.811552812039495697e-01,4.811552812039453508e-01,3.024000000000000954e+09,1.000000000000000000e+00
3.379166666666666359e-05,1.470000000000000000e+02,2.000000000000000000e+00,-1.372248154907087351e-13,4.811552812039500138e-01,4.811552812039457949e-01,3.024000000000000954e+09,1.000000000000000000e+00
3.383333333333333353e-05,1.470000000000000000e+02,2.000000000000000000e+00,-1.372248154907087351e-13,4.811552812039504579e-01,4.811552812039462390e-01,3.024000000000000954e+09,1.000000000000000000e+00
3.387499999999999669e-05,1.470000000000000000e+02,2.000000000000000000e+00,-1.372248154907087351e-13,4.811552812039509019e-01,4.811552812039466831e-01,3.024000000000000954e+09,1.000000000000000000e+00
3.391666666666666663e-05,1.470000000000000000e+02,2.000000000000000000e+00,-1.372248154907087351e-13,4.811552812039513460e-01,4.811552812039471272e-01,3.024000000000000954e+09,1.000000000000000000e+00
3.395833333333333657e-05,1.470000000000000000e+02,2.000000000000000000e+00,-1.372248154907087351e-13,4.811552812039517901e-01,4.811552812039475713e-01,3.024000000000000954e+09,1.000000000000000000e+00
3.399999999999999973e-05,1.470000000000000000e+02,2.000000000000000000e+00,9.014885995252331174e-14,4.811552812039522342e-01,4.811552812039480154e-01,3.024000000000000954e+09,1.000000000000000000e+00
3.404166666666666967e-05,1.470000000000000000e+02,2.000000000000000000e+00,3.175225353957553586e-13,4.811552812039476823e-01,4.811552812039480154e-01,3.024000000000000477e+09,1.000000000000000000e+00
3.408333333333333283e-05,1.470000000000000000e+02,2.000000000000000000e+00,3.175225353957553586e-13,4.811552812039409099e-01,4.811552812039473492e-01,3.024000000000000477e+09,1.000000000000000000e+00
3.412500000000000277e-05,1.470000000000000000e+02,2.000000000000000000e+00,3.175225353957553586e-13,4.811552812039378568e-01,4.811552812039464611e-01,3.024000000000000477e+09,1.000000000000000000e+00
3.416666666666666593e-05,1.470000000000000000e+02,2.000000000000000000e+00,3.175225353957553586e-13,4.811552812039361360e-01,4.811552812039454619e-01,3.024000000000000477e+09,1.000000000000000000e+00
3.420833333333333587e-05,1.470000000000000000e+02,2.000000000000000000e+00,3.175225353957553586e-13,4.811552812039348592e-01,4.811552812039444627e-01,3.024000000000000477e+09,1.000000000000000000e+00
3.424999999999999903e-05,1.470000000000000000e+02,2.000000000000000000e+00,3.175225353957553586e-13,4.811552812039337490e-01,4.811552812039434635e-01,3.024000000000000477e+09,1.000000000000000000e+00
3.429166666666666897e-05,1.470000000000000000e+02,2.000000000000000000e+00,3.175225353957553586e-13,4.811552812039326943e-01,4.811552812039424643e-01,3.024000000000000477e+09,1.000000000000000000e+00
3.433333333333333213e-05,1.470000000000000000e+02,2.000000000000000000e+00,3.175225353957553586e-13,4.811552812039316951e-01,4.811552812039414095e-01,3.024000000000000477e+09,1.000000000000000000e+00
3.437500000000000207e-05,1.470000000000000000e+02,2.000000000000000000e+00,3.175225353957553586e-13,4.811552812039306404e-01,4.811552812039404103e-01,3.024000000000000477e+09,1.000000000000000000e+00
3.441666666666666523e-05,1.470000000000000000e+02,2.000000000000000000e+00,3.175225353957553586e-13,4.811552812039296412e-01,4.811552812039393556e-01,3.024000000000000477e+09,1.000000000000000000e+00
3.445833333333333517e-05,1.470000000000000000e+02,2.000000000000000000e+00,3.175225353957553586e-13,4.811552812039285865e-01,4.811552812039383564e-01,3.024000000000000477e+09,1.000000000000000000e+00
3.449999999999999833e-05,1.470000000000000000e+02,2.000000000000000000e+00,3.175225353957553586e-13,4.811552812039275873e-01,4.811552812039373017e-01,3.024000000000000477e+09,1.000000000000000000e+00
3.454166666666666827e-05,1.470000000000000000e+02,2.000000000000000000e+00,3.175225353957553586e-13,4.811552812039265326e-01,4.811552812039363025e-01,3.024000000000000477e+09,1.000000000000000000e+00
3.458333333333333143e-05,1.470000000000000000e+02,2.000000000000000000e+00,3.175225353957553586e-13,4.811552812039255334e-01,4.811552812039352478e-01,3.024000000000000000e+09,1.000000000000000000e+00
3.462500000000000137e-05,1.470000000000000000e+02,2.000000000000000000e+00,3.175225353957553586e-13,4.811552812039244786e-01,4.811552812039342486e-01,3.024000000000000000e+09,1.000000000000000000e+00
3.466666666666666453e-05,1.470000000000000000e+02,2.000000000000000000e+00,3.175225353957553586e-13,4.811552812039234794e-01,4.811552812039331939e-01,3.024000000000000000e+09,1.000000000000000000e+00
3.470833333333333447e-05,1.470000000000000000e+02,2.000000000000000000e+00,3.175225353957553586e-13,4.811552812039224247e-01,4.811552812039321392e-01,3.024000000000000000e+09,1.000000000000000000e+00
3.474999999999999763e-05,1.470000000000000000e+02,2.000000000000000000e+00,3.175225353957553586e-13,4.811552812039213700e-01,4.811552812039311400e-01,3.024000000000000000e+09,1.000000000000000000e+00
3.479166666666666757e-05,1.470000000000000000e+02,2.000000000000000000e+00,3.175225353957553586e-13,4.811552812039203708e-01,4.811552812039301408e-01,3.024000000000000000e+09,1.000000000000000000e+00
3.483333333333333073e-05,1.470000000000000000e+02,2.000000000000000000e+00,3.175225353957553586e-13,4.811552812039193716e-01,4.811552812039290861e-01,3.024000000000000000e+09,1.000000000000000000e+00
3.487500000000000067e-05,1.470000000000000000e+02,2.000000000000000000e+00,3.175225353957553586e-13,4.811552812039183169e-01,4.811552812039280869e-01,3.024000000000000000e+09,1.000000000000000000e+00
3.491666666666666383e-05,1.470000000000000000e+02,2.000000000000000000e+00,3.175225353957553586e-13,4.811552812039173177e-01,4.811552812039270322e-01,3.024000000000000000e+09,1.000000000000000000e+00
3.495833333333333377e-05,1.470000000000000000e+02,2.000000000000000000e+00,3.175225353957553586e-13,4.811552812039162630e-01,4.811552812039260330e-01,3.024000000000000000e+09,1.000000000000000000e+00
3.499999999999999693e-05,1.470000000000000000e+02,2.000000000000000000e+00,3.175225353957553586e-13,4.811552812039152638e-01,4.811552812039249782e-01,3.024000000000000000e+09,1.000000000000000000e+00
3.504166666666666687e-05,1.470000000000000000e+02,2.000000000000000000e+00,3.175225353957553586e-13,4.811552812039142091e-01,4.811552812039239790e-01,3.024000000000000000e+09,1.000000000000000000e+00
3.508333333333333003e-05,1.470000000000000000e+02,2.000000000000000000e+00,3.175225353957553586e-13,4.811552812039132099e-01,4.811552812039229243e-01,3.024000000000000000e+09,1.000000000000000000e+00
3.512499999999999997e-05,1.470000000000000000e+02,2.000000000000000000e+00,3.175225353957553586e-13,4.811552812039121552e-01,4.811552812039219251e-01,3.024000000000000000e+09,1.000000000000000000e+00
3.516666666666666991e-05,1.470000000000000000e+02,2.000000000000000000e+00,3.175225353957553586e-13,4.811552812039111560e-01,4.811552812039208704e-01,3.024000000000000000e+09,1.000000000000000000e+00
3.520833333333333307e-05,1.470000000000000000e+02,2.000000000000000000e+00,3.175225353957553586e-13,4.811552812039101013e-01,4.811552812039198712e-01,3.024000000000000000e+09,1.000000000000000000e+00
3.525000000000000301e-05,1.470000000000000000e+02,2.000000000000000000e+00,3.175225353957553586e-13,4.811552812039091021e-01,4.811552812039188165e-01,3.024000000000000000e+09,1.000000000000000000e+00
3.529166666666666617e-05,1.470000000000000000e+02,2.000000000000000000e+00,3.175225353957553586e-13,4.811552812039080473e-01,4.811552812039178173e-01,3.024000000000000000e+09,1.000000000000000000e+00
3.533333333333333611e-05,1.470000000000000000e+02,2.000000000000000000e+00,3.175225353957553586e-13,4.811552812039070481e-01,4.811552812039167626e-01,3.024000000000000000e+09,1.000000000000000000e+00
3.537499999999999927e-05,1.470000000000000000e+02,2.000000000000000000e+00,3.175225353957553586e-13,4.811552812039059934e-01,4.811552812039157079e-01,3.024000000000000000e+09,1.000000000000000000e+00
3.541666666666666921e-05,1.470000000000000000e+02,2.000000000000000000e+00,3.175225353957553586e-13,4.811552812039049387e-01,4.811552812039147087e-01,3.024000000000000000e+09,1.000000000000000000e+00
3.545833333333333237e-05,1.470000000000000000e+02,2.000000000000000000e+00,3.175225353957553586e-13,4.811552812039039395e-01,4.811552812039137095e-01,3.024000000000000000e+09,1.000000000000000000e+00
3.550000000000000231e-05,1.470000000000000000e+02,2.000000000000000000e+00,3.175225353957553586e-13,4.811552812039029403e-01,4.811552812039126548e-01,3.024000000000000000e+09,1.000000000000000000e+00
3.554166666666666547e-05,1.470000000000000000e+02,2.000000000000000000e+00,3.175225353957553586e-13,4.811552812039018856e-01,4.811552812039116001e-01,3.024000000000000000e+09,1.000000000000000000e+00
3.558333333333333541e-05,1.470000000000000000e+02,2.000000000000000000e+00,3.175225353957553586e-13,4.811552812039008309e-01,4.811552812039106009e-01,3.023999999999999523e+09,1.000000000000000000e+00
3.562499999999999857e-05,1.470000000000000000e+02,2.000000000000000000e+00,3.175225353957553586e-13,4.811552812038998317e-01,4.811552812039096017e-01,3.023999999999999523e+09,1.000000000000000000e+00
3.566666666666666851e-05,1.470000000000000000e+02,2.000000000000000000e+00,3.175225353957553586e-13,4.811552812038988325e-01,4.811552812039085469e-01,3.023999999999999523e+09,1.000000000000000000e+00
3.570833333333333167e-05,1.470000000000000000e+02,2.000000000000000000e+00,3.175225353957553586e-13,4.811552812038977778e-01,4.811552812039075477e-01,3.023999999999999523e+09,1.000000000000000000e+00
3.575000000000000161e-05,1.470000000000000000e+02,2.000000000000000000e+00,3.175225353957553586e-13,4.811552812038967786e-01,4.811552812039064930e-01,3.023999999999999523e+09,1.000000000000000000e+00
3.579166666666666477e-05,1.470000000000000000e+02,2.000000000000000000e+00,3.175225353957553586e-13,4.811552812038957239e-01,4.811552812039054938e-01,3.023999999999999523e+09,1.000000000000000000e+00
3.583333333333333471e-05,1.470000000000000000e+02,2.000000000000000000e+00,3.175225353957553586e-13,4.811552812038947247e-01,4.811552812039044391e-01,3.023999999999999523e+09,1.000000000000000000e+00
3.587499999999999787e-05,1.470000000000000000e+02,2.000000000000000000e+00,3.175225353957553586e-13,4.811552812038936700e-01,4.811552812039034399e-01,3.023999999999999523e+09,1.000000000000000000e+00
3.591666666666666781e-05,1.470000000000000000e+02,2.000000000000000000e+00,3.175225353957553586e-13,4.811552812038926152e-01,4.811552812039023852e-01,3.023999999999999523e+09,1.000000000000000000e+00
3.595833333333333097e-05,1.470000000000000000e+02,2.000000000000000000e+00,3.175225353957553586e-13,4.811552812038916160e-01,4.811552812039013860e-01,3.023999999999999523e+09,1.000000000000000000e+00
3.600000000000000091e-05,1.470000000000000000e+02,2.000000000000000000e+00,3.175225353957553586e-13,4.811552812038906168e-01,4.811552812039003313e-01,3.023999999999999523e+09,1.000000000000000000e+00
3.604166666666666407e-05,1.470000000000000000e+02,2.000000000000000000e+00,3.175225353957553586e-13,4.811552812038895621e-01,4.811552812038992766e-01,3.023999999999999523e+09,1.000000000000000000e+00
3.608333333333333401e-05,1.470000000000000000e+02,2.000000000000000000e+00,3.175225353957553586e-13,4.811552812038885074e-01,4.811552812038982774e-01,3.023999999999999523e+09,1.000000000000000000e+00
3.612499999999999717e-05,1.470000000000000000e+02,2.000000000000000000e+00,3.175225353957553586e-13,4.811552812038875082e-01,4.811552812038972782e-01,3.023999999999999523e+09,1.000000000000000000e+00
3.616666666666666711e-05,1.470000000000000000e+02,2.000000000000000000e+00,3.175225353957553586e-13,4.811552812038865090e-01,4.811552812038962235e-01,3.023999999999999523e+09,1.000000000000000000e+00
3.620833333333333027e-05,1.470000000000000000e+02,2.000000000000000000e+00,3.175225353957553586e-13,4.811552812038854543e-01,4.811552812038951688e-01,3.023999999999999523e+09,1.000000000000000000e+00
3.625000000000000021e-05,1.470000000000000000e+02,2.000000000000000000e+00,3.175225353957553586e-13,4.811552812038843996e-01,4.811552812038941696e-01,3.023999999999999523e+09,1.000000000000000000e+00
3.629166666666666337e-05,1.470000000000000000e+02,2.000000000000000000e+00,3.175225353957553586e-13,4.811552812038834004e-01,4.811552812038931703e-01,3.023999999999999523e+09,1.000000000000000000e+00
3.633333333333333331e-05,1.470000000000000000e+02,2.000000000000000000e+00,9.014885995252331174e-14,4.811552812038823457e-01,4.811552812038921156e-01,3.023999999999999523e+09,1.000000000000000000e+00
3.637500000000000325e-05,1.470000000000000000e+02,2.000000000000000000e+00,-1.372248154907087351e-13,4.811552812038863425e-01,4.811552812038915605e-01,3.023999999999999523e+09,1.000000000000000000e+00
3.641666666666666641e-05,1.470000000000000000e+02,2.000000000000000000e+00,-1.372248154907087351e-13,4.811552812038925042e-01,4.811552812038916160e-01,3.023999999999999523e+09,1.000000000000000000e+00
3.645833333333333635e-05,1.470000000000000000e+02,2.000000000000000000e+00,-1.372248154907087351e-13,4.811552812038949467e-01,4.811552812038919491e-01,3.023999999999999523e+09,1.000000000000000000e+00
3.649999999999999951e-05,1.470000000000000000e+02,2.000000000000000000e+00,-1.372248154907087351e-13,4.811552812038961124e-01,4.811552812038923377e-01,3.023999999999999523e+09,1.000000000000000000e+00
3.654166666666666945e-05,1.470000000000000000e+02,2.000000000000000000e+00,-1.372248154907087351e-13,4.811552812038968341e-01,4.811552812038927263e-01,3.023999999999999523e+09,1.000000000000000000e+00
3.658333333333333261e-05,1.470000000000000000e+02,2.000000000000000000e+00,-1.372248154907087351e-13,4.811552812038973892e-01,4.811552812038931703e-01,3.023999999999999523e+09,1.000000000000000000e+00
3.662500000000000255e-05,1.470000000000000000e+02,2.000000000000000000e+00,-1.372248154907087351e-13,4.811552812038978333e-01,4.811552812038936144e-01,3.023999999999999523e+09,1.000000000000000000e+00
3.666666666666666571e-05,1.470000000000000000e+02,2.000000000000000000e+00,-1.372248154907087351e-13,4.811552812038982774e-01,4.811552812038940585e-01,3.023999999999999523e+09,1.000000000000000000e+00
3.670833333333333565e-05,1.470000000000000000e+02,2.000000000000000000e+00,-1.372248154907087351e-13,4.811552812038987215e-01,4.811552812038945026e-01,3.023999999999999523e+09,1.000000000000000000e+00
3.674999999999999881e-05,1.470000000000000000e+02,2.000000000000000000e+00,-1.372248154907087351e-13,4.811552812038991656e-01,4.811552812038949467e-01,3.023999999999999523e+09,1.000000000000000000e+00
3.679166666666666875e-05,1.470000000000000000e+02,2.000000000000000000e+00,-1.372248154907087351e-13,4.811552812038996652e-01,4.811552812038954463e-01,3.023999999999999523e+09,1.000000000000000000e+00
3.683333333333333191e-05,1.470000000000000000e+02,2.000000000000000000e+00,-1.372248154907087351e-13,4.811552812039001092e-01,4.811552812038958904e-01,3.023999999999999523e+09,1.000000000000000000e+00
3.687500000000000185e-05,1.470000000000000000e+02,2.000000000000000000e+00,-1.372248154907087351e-13,4.811552812039005533e-01,4.811552812038963345e-01,3.023999999999999523e+09,1.000000000000000000e+00
3.691666666666666501e-05,1.470000000000000000e+02,2.000000000000000000e+00,-1.372248154907087351e-13,4.811552812039009974e-01,4.811552812038967786e-01,3.023999999999999523e+09,1.000000000000000000e+00
3.695833333333333495e-05,1.470000000000000000e+02,2.000000000000000000e+00,-1.372248154907087351e-13,4.811552812039014415e-01,4.811552812038972227e-01,3.023999999999999523e+09,1.000000000000000000e+00
3.699999999999999811e-05,1.470000000000000000e+02,2.000000000000000000e+00,-1.372248154907087351e-13,4.811552812039018856e-01,4.811552812038976668e-01,3.024000000000000000e+09,1.000000000000000000e+00
3.704166666666666805e-05,1.470000000000000000e+02,2.000000000000000000e+00,-1.372248154907087351e-13,4.811552812039023297e-01,4.811552812038981108e-01,3.024000000000000000e+09,1.000000000000000000e+00
3.708333333333333121e-05,1.470000000000000000e+02,2.000000000000000000e+00,-1.372248154907087351e-13,4.811552812039027738e-01,4.811552812038985549e-01,3.024000000000000000e+09,1.000000000000000000e+00
3.712500000000000115e-05,1.470000000000000000e+02,2.000000000000000000e+00,-1.372248154907087351e-13,4.811552812039032179e-01,4.811552812038989990e-01,3.024000000000000000e+09,1.000000000000000000e+00
3.716666666666666431e-05,1.470000000000000000e+02,2.000000000000000000e+00,-1.372248154907087351e-13,4.811552812039036620e-01,4.811552812038994431e-01,3.024000000000000000e+09,1.000000000000000000e+00
3.720833333333333425e-05,1.470000000000000000e+02,2.000000000000000000e+00,-1.372248154907087351e-13,4.811552812039041060e-01,4.811552812038998872e-01,3.024000000000000000e+09,1.000000000000000000e+00
3.724999999999999741e-05,1.470000000000000000e+02,2.000000000000000000e+00,-1.372248154907087351e-13,4.811552812039045501e-01,4.811552812039003313e-01,3.024000000000000000e+09,1.000000000000000000e+00
3.729166666666666735e-05,1.470000000000000000e+02,2.000000000000000000e+00,-1.372248154907087351e-13,4.811552812039049942e-01,4.811552812039007754e-01,3.024000000000000000e+09,1.000000000000000000e+00
3.733333333333333051e-05,1.470000000000000000e+02,2.000000000000000000e+00,-1.372248154907087351e-13,4.811552812039054383e-01,4.811552812039012195e-01,3.024000000000000000e+09,1.000000000000000000e+00
3.737500000000000045e-05,1.470000000000000000e+02,2.000000000000000000e+00,-1.372248154907087351e-13,4.811552812039058824e-01,4.811552812039016636e-01,3.024000000000000000e+09,1.000000000000000000e+00
3.741666666666666361e-05,1.470000000000000000e+02,2.000000000000000000e+00,-1.372248154907087351e-13,4.811552812039063265e-01,4.811552812039021076e-01,3.024000000000000000e+09,1.000000000000000000e+00
3.745833333333333355e-05,1.470000000000000000e+02,2.000000000000000000e+00,-1.372248154907087351e-13,4.811552812039067706e-01,4.811552812039025517e-01,3.024000000000000000e+09,1.000000000000000000e+00
3.749999999999999671e-05,1.470000000000000000e+02,2.000000000000000000e+00,-1.372248154907087351e-13,4.811552812039072147e-01,4.811552812039029958e-01,3.024000000000000000e+09,1.000000000000000000e+00
3.754166666666666665e-05,1.470000000000000000e+02,2.000000000000000000e+00,-1.372248154907087351e-13,4.811552812039076588e-01,4.811552812039034399e-01,3.024000000000000000e+09,1.000000000000000000e+00
3.758333333333333659e-05,1.470000000000000000e+02,2.000000000000000000e+00,-1.372248154907087351e-13,4.811552812039081028e-01,4.811552812039038840e-01,3.024000000000000000e+09,1.000000000000000000e+00
3.762499999999999975e-05,1.470000000000000000e+02,2.000000000000000000e+00,-1.372248154907087351e-13,4.811552812039085469e-01,4.811552812039043281e-01,3.024000000000000000e+09,1.000000000000000000e+00
3.766666666666666969e-05,1.470000000000000000e+02,2.000000000000000000e+00,-1.372248154907087351e-13,4.811552812039089910e-01,4.811552812039047722e-01,3.024000000000000000e+09,1.000000000000000000e+00
3.770833333333333285e-05,1.470000000000000000e+02,2.000000000000000000e+00,-1.372248154907087351e-13,4.811552812039094351e-01,4.811552812039052163e-01,3.024000000000000000e+09,1.000000000000000000e+00
3.775000000000000279e-05,1.470000000000000000e+02,2.000000000000000000e+00,-1.372248154907087351e-13,4.811552812039098792e-01,4.811552812039056604e-01,3.024000000000000000e+09,1.000000000000000000e+00
3.779166666666666595e-05,1.470000000000000000e+02,2.000000000000000000e+00,-1.372248154907087351e-13,4.811552812039103233e-01,4.811552812039061044e-01,3.024000000000000000e+09,1.000000000000000000e+00
3.783333333333333589e-05,1.470000000000000000e+02,2.000000000000000000e+00,-1.372248154907087351e-13,4.811552812039107674e-01,4.811552812039065485e-01,3.024000000000000000e+09,1.000000000000000000e+00
3.787499999999999905e-05,1.470000000000000000e+02,2.000000000000000000e+00,-1.372248154907087351e-13,4.811552812039112115e-01,4.811552812039069926e-01,3.024000000000000000e+09,1.000000000000000000e+00
3.791666666666666899e-05,1.470000000000000000e+02,2.000000000000000000e+00,-1.372248154907087351e-13,4.811552812039116556e-01,4.811552812039074367e-01,3.024000000000000000e+09,1.000000000000000000e+00
3.795833333333333215e-05,1.470000000000000000e+02,2.000000000000000000e+00,-1.372248154907087351e-13,4.811552812039120997e-01,4.811552812039078808e-01,3.024000000000000000e+09,1.000000000000000000e+00
3.800000000000000209e-05,1.470000000000000000e+02,2.000000000000000000e+00,-1.372248154907087351e-13,4.811552812039125437e-01,4.811552812039083249e-01,3.024000000000000000e+09,1.000000000000000000e+00
3.804166666666666525e-05,1.470000000000000000e+02,2.000000000000000000e+00,-1.372248154907087351e-13,4.811552812039129878e-01,4.811552812039087690e-01,3.024000000000000000e+09,1.000000000000000000e+00
3.808333333333333519e-05,1.470000000000000000e+02,2.000000000000000000e+00,-1.372248154907087351e-13,4.811552812039134319e-01,4.811552812039092131e-01,3.024000000000000000e+09,1.000000000000000000e+00
3.812499999999999835e-05,1.470000000000000000e+02,2.000000000000000000e+00,-1.372248154907087351e-13,4.811552812039138760e-01,4.811552812039096572e-01,3.024000000000000000e+09,1.000000000000000000e+00
3.816666666666666829e-05,1.470000000000000000e+02,2.000000000000000000e+00,-1.372248154907087351e-13,4.811552812039143201e-01,4.811552812039101013e-01,3.024000000000000000e+09,1.000000000000000000e+00
3.820833333333333145e-05,1.470000000000000000e+02,2.000000000000000000e+00,-1.372248154907087351e-13,4.811552812039148197e-01,4.811552812039105453e-01,3.024000000000000000e+09,1.000000000000000000e+00
3.825000000000000139e-05,1.470000000000000000e+02,2.000000000000000000e+00,-1.372248154907087351e-13,4.811552812039152638e-01,4.811552812039110449e-01,3.024000000000000000e+09,1.000000000000000000e+00
3.829166666666666455e-05,1.470000000000000000e+02,2.000000000000000000e+00,-1.372248154907087351e-13,4.811552812039157079e-01,4.811552812039114890e-01,3.024000000000000000e+09,1.000000000000000000e+00
3.833333333333333449e-05,1.470000000000000000e+02,2.000000000000000000e+00,-1.372248154907087351e-13,4.811552812039161520e-01,4.811552812039119331e-01,3.024000000000000000e+09,1.000000000000000000e+00
3.837499999999999765e-05,1.470000000000000000e+02,2.000000000000000000e+00,-1.372248154907087351e-13,4.811552812039165961e-01,4.811552812039123772e-01,3.024000000000000000e+09,1.000000000000000000e+00
3.841666666666666759e-05,1.470000000000000000e+02,2.000000000000000000e+00,-1.372248154907087351e-13,4.811552812039170401e-01,4.811552812039128213e-01,3.024000000000000000e+09,1.000000000000000000e+00
3.845833333333333075e-05,1.470000000000000000e+02,2.000000000000000000e+00,-1.372248154907087351e-13,4.811552812039174842e-01,4.811552812039132654e-01,3.024000000000000000e+09,1.000000000000000000e+00
3.850000000000000069e-05,1.470000000000000000e+02,2.000000000000000000e+00,-1.372248154907087351e-13,4.811552812039179283e-01,4.811552812039137095e-01,3.024000000000000000e+09,1.000000000000000000e+00
3.854166666666666385e-05,1.470000000000000000e+02,2.000000000000000000e+00,-1.372248154907087351e-13,4.811552812039183724e-01,4.811552812039141536e-01,3.024000000000000000e+09,1.000000000000000000e+00
3.858333333333333379e-05,1.470000000000000000e+02,2.000000000000000000e+00,-1.372248154907087351e-13,4.811552812039188165e-01,4.811552812039145977e-01,3.024000000000000000e+09,1.000000000000000000e+00
3.862499999999999696e-05,1.470000000000000000e+02,2.000000000000000000e+00,-1.372248154907087351e-13,4.811552812039192606e-01,4.811552812039150417e-01,3.024000000000000000e+09,1.000000000000000000e+00
3.866666666666666689e-05,1.470000000000000000e+02,2.000000000000000000e+00,-1.372248154907087351e-13,4.811552812039197047e-01,4.811552812039154858e-01,3.024000000000000000e+09,1.000000000000000000e+00
3.870833333333333006e-05,1.470000000000000000e+02,2.000000000000000000e+00,-1.372248154907087351e-13,4.811552812039201488e-01,4.811552812039159299e-01,3.024000000000000000e+09,1.000000000000000000e+00
3.874999999999999999e-05,1.470000000000000000e+02,2.000000000000000000e+00,-1.372248154907087351e-13,4.811552812039205929e-01,4.811552812039163740e-01,3.024000000000000000e+09,1.000000000000000000e+00
3.879166666666666993e-05,1.470000000000000000e+02,2.000000000000000000e+00,-1.372248154907087351e-13,4.811552812039210369e-01,4.811552812039168181e-01,3.024000000000000000e+09,1.000000000000000000e+00
3.883333333333333309e-05,1.470000000000000000e+02,2.000000000000000000e+00,-1.372248154907087351e-13,4.811552812039214810e-01,4.811552812039172622e-01,3.024000000000000000e+09,1.000000000000000000e+00
3.887500000000000303e-05,1.470000000000000000e+02,2.000000000000000000e+00,-1.372248154907087351e-13,4.811552812039219251e-01,4.811552812039177063e-01,3.024000000000000000e+09,1.000000000000000000e+00
3.891666666666666619e-05,1.470000000000000000e+02,2.000000000000000000e+00,-1.372248154907087351e-13,4.811552812039223692e-01,4.811552812039181504e-01,3.024000000000000000e+09,1.000000000000000000e+00
3.895833333333333613e-05,1.470000000000000000e+02,2.000000000000000000e+00,-1.372248154907087351e-13,4.811552812039228133e-01,4.811552812039185945e-01,3.024000000000000000e+09,1.000000000000000000e+00
3.899999999999999929e-05,1.470000000000000000e+02,2.000000000000000000e+00,-1.372248154907087351e-13,4.811552812039232574e-01,4.811552812039190385e-01,3.024000000000000000e+09,1.000000000000000000e+00
3.904166666666666923e-05,1.470000000000000000e+02,2.000000000000000000e+00,-1.372248154907087351e-13,4.811552812039237015e-01,4.811552812039194826e-01,3.024000000000000000e+09,1.000000000000000000e+00
3.908333333333333239e-05,1.470000000000000000e+02,2.000000000000000000e+00,-1.372248154907087351e-13,4.811552812039241456e-01,4.811552812039199267e-01,3.024000000000000000e+09,1.000000000000000000e+00
3.912500000000000233e-05,1.470000000000000000e+02,2.000000000000000000e+00,-1.372248154907087351e-13,4.811552812039245897e-01,4.811552812039203708e-01,3.024000000000000000e+09,1.000000000000000000e+00
3.916666666666666549e-05,1.470000000000000000e+02,2.000000000000000000e+00,-1.372248154907087351e-13,4.811552812039250338e-01,4.811552812039208149e-01,3.024000000000000000e+09,1.000000000000000000e+00
3.920833333333333543e-05,1.470000000000000000e+02,2.000000000000000000e+00,-1.372248154907087351e-13,4.811552812039254778e-01,4.811552812039212590e-01,3.024000000000000000e+09,1.000000000000000000e+00
3.924999999999999859e-05,1.470000000000000000e+02,2.000000000000000000e+00,-1.372248154907087351e-13,4.811552812039259219e-01,4.811552812039217031e-01,3.024000000000000477e+09,1.000000000000000000e+00
3.929166666666666853e-05,1.470000000000000000e+02,2.000000000000000000e+00,-1.372248154907087351e-13,4.811552812039263660e-01,4.811552812039221472e-01,3.024000000000000477e+09,1.000000000000000000e+00
3.933333333333333169e-05,1.470000000000000000e+02,2.000000000000000000e+00,-1.372248154907087351e-13,4.811552812039268101e-01,4.811552812039225913e-01,3.024000000000000477e+09,1.000000000000000000e+00
3.937500000000000163e-05,1.470000000000000000e+02,2.000000000000000000e+00,-1.372248154907087351e-13,4.811552812039272542e-01,4.811552812039230353e-01,3.024000000000000477e+09,1.000000000000000000e+00
3.941666666666666479e-05,1.470000000000000000e+02,2.000000000000000000e+00,-1.372248154907087351e-13,4.811552812039276983e-01,4.811552812039234794e-01,3.024000000000000477e+09,1.000000000000000000e+00
3.945833333333333473e-05,1.470000000000000000e+02,2.000000000000000000e+00,-1.372248154907087351e-13,4.811552812039281424e-01,4.811552812039239235e-01,3.024000000000000477e+09,1.000000000000000000e+00
3.949999999999999789e-05,1.470000000000000000e+02,2.000000000000000000e+00,-1.372248154907087351e-13,4.811552812039285865e-01,4.811552812039243676e-01,3.024000000000000477e+09,1.000000000000000000e+00
3.954166666666666783e-05,1.470000000000000000e+02,2.000000000000000000e+00,-1.372248154907087351e-13,4.811552812039290306e-01,4.811552812039248117e-01,3.024000000000000477e+09,1.000000000000000000e+00
3.958333333333333100e-05,1.470000000000000000e+02,2.000000000000000000e+00,-1.372248154907087351e-13,4.811552812039294746e-01,4.811552812039252558e-01,3.024000000000000477e+09,1.000000000000000000e+00
3.962500000000000093e-05,1.470000000000000000e+02,2.000000000000000000e+00,-1.372248154907087351e-13,4.811552812039299187e-01,4.811552812039256999e-01,3.024000000000000477e+09,1.000000000000000000e+00
3.966666666666666410e-05,1.470000000000000000e+02,2.000000000000000000e+00,-1.372248154907087351e-13,4.811552812039303628e-01,4.811552812039261440e-01,3.024000000000000477e+09,1.000000000000000000e+00
3.970833333333333403e-05,1.470000000000000000e+02,2.000000000000000000e+00,-1.372248154907087351e-13,4.811552812039308069e-01,4.811552812039265881e-01,3.024000000000000477e+09,1.000000000000000000e+00
3.974999999999999720e-05,1.470000000000000000e+02,2.000000000000000000e+00,-1.372248154907087351e-13,4.811552812039312510e-01,4.811552812039270322e-01,3.024000000000000477e+09,1.000000000000000000e+00
3.979166666666666713e-05,1.470000000000000000e+02,2.000000000000000000e+00,-1.372248154907087351e-13,4.811552812039316951e-01,4.811552812039274762e-01,3.024000000000000477e+09,1.000000000000000000e+00
3.983333333333333030e-05,1.470000000000000000e+02,2.000000000000000000e+00,-1.372248154907087351e-13,4.811552812039321392e-01,4.811552812039279203e-01,3.024000000000000477e+09,1.000000000000000000e+00
3.987500000000000023e-05,1.470000000000000000e+02,2.000000000000000000e+00,-1.372248154907087351e-13,4.811552812039325833e-01,4.811552812039283644e-01,3.024000000000000477e+09,1.000000000000000000e+00
3.991666666666666340e-05,1.470000000000000000e+02,2.000000000000000000e+00,-1.372248154907087351e-13,4.811552812039330274e-01,4.811552812039288085e-01,3.024000000000000477e+09,1.000000000000000000e+00
3.995833333333333333e-05,1.470000000000000000e+02,2.000000000000000000e+00,-1.372248154907087351e-13,4.811552812039334714e-01,4.811552812039292526e-01,3.024000000000000477e+09,1.000000000000000000e+00
